source,model,input_variant,condition,policy,threshold,threshold_infinite,calibration_nonseptic_people,nonseptic_patients,septic_patients,patient_false_alert_rate,patient_false_alert_rate_count,patient_false_alert_rate_ci_low,patient_false_alert_rate_ci_high,window6_sensitivity,window6_sensitivity_count,window6_sensitivity_ci_low,window6_sensitivity_ci_high,first6_sensitivity,first6_sensitivity_count,first6_sensitivity_ci_low,first6_sensitivity_ci_high,early_first_fraction,early_first_fraction_count,early_first_fraction_ci_low,early_first_fraction_ci_high,window12_sensitivity,window12_sensitivity_count,window12_sensitivity_ci_low,window12_sensitivity_ci_high,first12_sensitivity,first12_sensitivity_count,first12_sensitivity_ci_low,first12_sensitivity_ci_high,any_positive_alert_fraction,any_positive_alert_fraction_count,any_positive_alert_fraction_ci_low,any_positive_alert_fraction_ci_high,nonseptic_alerts,nonseptic_hours,nonseptic_alerts_per_admission,nonseptic_alerts_per_100_hours,septic_alerts,septic_hours,septic_alerts_per_admission,septic_alerts_per_100_hours,first_alert_lead_median,first_alert_lead_p25,first_alert_lead_p75,alerted_positive_patients
A,logistic,native_numeric,source_hourly,hourly,0.0175243187331984,False,187,444,17,0.26126126126126126,116,0.22097923734914493,0.30475728424506293,0.29411764705882354,5,0.10313551437032002,0.5595827187543372,0.11764705882352941,2,0.014579316840302493,0.36440916210125024,0.23529411764705882,4,0.06810774043735666,0.4989932732045801,0.35294117647058826,6,0.14209748311022094,0.6167163365565971,0.17647058823529413,3,0.037985068070626,0.43431787284428397,0.35294117647058826,6,0.14209748311022094,0.6167163365565971,3063,19094,6.898648648648648,16.04168848853043,50,551,2.9411764705882355,9.074410163339383,12.0,6.5,48.25,6
A,logistic,native_numeric,source_hourly,single,0.0175243187331984,False,187,444,17,0.26126126126126126,116,0.22097923734914493,0.30475728424506293,0.11764705882352941,2,0.014579316840302493,0.36440916210125024,0.11764705882352941,2,0.014579316840302493,0.36440916210125024,0.23529411764705882,4,0.06810774043735666,0.4989932732045801,0.17647058823529413,3,0.037985068070626,0.43431787284428397,0.17647058823529413,3,0.037985068070626,0.43431787284428397,0.35294117647058826,6,0.14209748311022094,0.6167163365565971,116,19094,0.26126126126126126,0.6075206871268461,6,551,0.35294117647058826,1.0889292196007259,12.0,6.5,48.25,6
A,logistic,native_numeric,source_hourly,silence4,0.0175243187331984,False,187,444,17,0.26126126126126126,116,0.22097923734914493,0.30475728424506293,0.29411764705882354,5,0.10313551437032002,0.5595827187543372,0.11764705882352941,2,0.014579316840302493,0.36440916210125024,0.23529411764705882,4,0.06810774043735666,0.4989932732045801,0.35294117647058826,6,0.14209748311022094,0.6167163365565971,0.17647058823529413,3,0.037985068070626,0.43431787284428397,0.35294117647058826,6,0.14209748311022094,0.6167163365565971,976,19094,2.1981981981981984,5.111553367550016,20,551,1.1764705882352942,3.629764065335753,12.0,6.5,48.25,6
A,logistic,native_numeric,source_hourly,silence6,0.0175243187331984,False,187,444,17,0.26126126126126126,116,0.22097923734914493,0.30475728424506293,0.29411764705882354,5,0.10313551437032002,0.5595827187543372,0.11764705882352941,2,0.014579316840302493,0.36440916210125024,0.23529411764705882,4,0.06810774043735666,0.4989932732045801,0.35294117647058826,6,0.14209748311022094,0.6167163365565971,0.17647058823529413,3,0.037985068070626,0.43431787284428397,0.35294117647058826,6,0.14209748311022094,0.6167163365565971,711,19094,1.6013513513513513,3.7236828323033415,18,551,1.0588235294117647,3.266787658802178,12.0,6.5,48.25,6
A,logistic,native_numeric,source_hourly,three_of_five,0.0175243187331984,False,187,444,17,0.18018018018018017,80,0.1455364614307477,0.21915033149696633,0.11764705882352941,2,0.014579316840302493,0.36440916210125024,0.058823529411764705,1,0.0014881743912666346,0.2868893966672207,0.11764705882352941,2,0.014579316840302493,0.36440916210125024,0.11764705882352941,2,0.014579316840302493,0.36440916210125024,0.058823529411764705,1,0.0014881743912666346,0.2868893966672207,0.17647058823529413,3,0.037985068070626,0.43431787284428397,2824,19094,6.36036036036036,14.789986383157013,38,551,2.235294117647059,6.896551724137931,47.0,24.5,60.0,3
A,logistic,native_numeric,source_patient,hourly,0.033675748624532,False,187,444,17,0.14414414414414414,64,0.11281072498108043,0.18030888367933287,0.058823529411764705,1,0.0014881743912666346,0.2868893966672207,0.058823529411764705,1,0.0014881743912666346,0.2868893966672207,0.17647058823529413,3,0.037985068070626,0.43431787284428397,0.11764705882352941,2,0.014579316840302493,0.36440916210125024,0.11764705882352941,2,0.014579316840302493,0.36440916210125024,0.23529411764705882,4,0.06810774043735666,0.4989932732045801,1242,19094,2.7972972972972974,6.5046611500995075,5,551,0.29411764705882354,0.9074410163339383,16.5,8.75,29.25,4
A,logistic,native_numeric,source_patient,single,0.033675748624532,False,187,444,17,0.14414414414414414,64,0.11281072498108043,0.18030888367933287,0.058823529411764705,1,0.0014881743912666346,0.2868893966672207,0.058823529411764705,1,0.0014881743912666346,0.2868893966672207,0.17647058823529413,3,0.037985068070626,0.43431787284428397,0.11764705882352941,2,0.014579316840302493,0.36440916210125024,0.11764705882352941,2,0.014579316840302493,0.36440916210125024,0.23529411764705882,4,0.06810774043735666,0.4989932732045801,64,19094,0.14414414414414414,0.3351838273803289,4,551,0.23529411764705882,0.7259528130671506,16.5,8.75,29.25,4
A,logistic,native_numeric,source_patient,silence4,0.033675748624532,False,187,444,17,0.14414414414414414,64,0.11281072498108043,0.18030888367933287,0.058823529411764705,1,0.0014881743912666346,0.2868893966672207,0.058823529411764705,1,0.0014881743912666346,0.2868893966672207,0.17647058823529413,3,0.037985068070626,0.43431787284428397,0.11764705882352941,2,0.014579316840302493,0.36440916210125024,0.11764705882352941,2,0.014579316840302493,0.36440916210125024,0.23529411764705882,4,0.06810774043735666,0.4989932732045801,394,19094,0.8873873873873874,2.06347543731015,5,551,0.29411764705882354,0.9074410163339383,16.5,8.75,29.25,4
A,logistic,native_numeric,source_patient,silence6,0.033675748624532,False,187,444,17,0.14414414414414414,64,0.11281072498108043,0.18030888367933287,0.058823529411764705,1,0.0014881743912666346,0.2868893966672207,0.058823529411764705,1,0.0014881743912666346,0.2868893966672207,0.17647058823529413,3,0.037985068070626,0.43431787284428397,0.11764705882352941,2,0.014579316840302493,0.36440916210125024,0.11764705882352941,2,0.014579316840302493,0.36440916210125024,0.23529411764705882,4,0.06810774043735666,0.4989932732045801,293,19094,0.6599099099099099,1.5345134597255683,4,551,0.23529411764705882,0.7259528130671506,16.5,8.75,29.25,4
A,logistic,native_numeric,source_patient,three_of_five,0.033675748624532,False,187,444,17,0.08783783783783784,39,0.06320655417203537,0.11812072146445184,0.0,0,0.0,0.19506432296909318,0.0,0,0.0,0.19506432296909318,0.0,0,0.0,0.19506432296909318,0.0,0,0.0,0.19506432296909318,0.0,0,0.0,0.19506432296909318,0.0,0,0.0,0.19506432296909318,1141,19094,2.56981981981982,5.975699172514926,0,551,0.0,0.0,,,,0
A,logistic,native_numeric,local_patient,hourly,0.046246096159623086,False,187,444,17,0.0990990990990991,44,0.07293193269403381,0.130748794152471,0.058823529411764705,1,0.0014881743912666346,0.2868893966672207,0.058823529411764705,1,0.0014881743912666346,0.2868893966672207,0.058823529411764705,1,0.0014881743912666346,0.2868893966672207,0.058823529411764705,1,0.0014881743912666346,0.2868893966672207,0.058823529411764705,1,0.0014881743912666346,0.2868893966672207,0.11764705882352941,2,0.014579316840302493,0.36440916210125024,844,19094,1.9009009009009008,4.420236723578087,3,551,0.17647058823529413,0.5444646098003629,26.5,14.25,38.75,2
A,logistic,native_numeric,local_patient,single,0.046246096159623086,False,187,444,17,0.0990990990990991,44,0.07293193269403381,0.130748794152471,0.058823529411764705,1,0.0014881743912666346,0.2868893966672207,0.058823529411764705,1,0.0014881743912666346,0.2868893966672207,0.058823529411764705,1,0.0014881743912666346,0.2868893966672207,0.058823529411764705,1,0.0014881743912666346,0.2868893966672207,0.058823529411764705,1,0.0014881743912666346,0.2868893966672207,0.11764705882352941,2,0.014579316840302493,0.36440916210125024,44,19094,0.0990990990990991,0.2304388813239761,2,551,0.11764705882352941,0.3629764065335753,26.5,14.25,38.75,2
A,logistic,native_numeric,local_patient,silence4,0.046246096159623086,False,187,444,17,0.0990990990990991,44,0.07293193269403381,0.130748794152471,0.058823529411764705,1,0.0014881743912666346,0.2868893966672207,0.058823529411764705,1,0.0014881743912666346,0.2868893966672207,0.058823529411764705,1,0.0014881743912666346,0.2868893966672207,0.058823529411764705,1,0.0014881743912666346,0.2868893966672207,0.058823529411764705,1,0.0014881743912666346,0.2868893966672207,0.11764705882352941,2,0.014579316840302493,0.36440916210125024,263,19094,0.5923423423423423,1.377396040641039,3,551,0.17647058823529413,0.5444646098003629,26.5,14.25,38.75,2
A,logistic,native_numeric,local_patient,silence6,0.046246096159623086,False,187,444,17,0.0990990990990991,44,0.07293193269403381,0.130748794152471,0.058823529411764705,1,0.0014881743912666346,0.2868893966672207,0.058823529411764705,1,0.0014881743912666346,0.2868893966672207,0.058823529411764705,1,0.0014881743912666346,0.2868893966672207,0.058823529411764705,1,0.0014881743912666346,0.2868893966672207,0.058823529411764705,1,0.0014881743912666346,0.2868893966672207,0.11764705882352941,2,0.014579316840302493,0.36440916210125024,193,19094,0.4346846846846847,1.0107887294438043,2,551,0.11764705882352941,0.3629764065335753,26.5,14.25,38.75,2
A,logistic,native_numeric,local_patient,three_of_five,0.03647176496356994,False,187,444,17,0.07657657657657657,34,0.053611972036940146,0.10536605568350363,0.0,0,0.0,0.19506432296909318,0.0,0,0.0,0.19506432296909318,0.0,0,0.0,0.19506432296909318,0.0,0,0.0,0.19506432296909318,0.0,0,0.0,0.19506432296909318,0.0,0,0.0,0.19506432296909318,1029,19094,2.3175675675675675,5.38912747459935,0,551,0.0,0.0,,,,0
A,logistic,mask_ambiguous_units,source_hourly,hourly,0.0175243187331984,False,187,444,17,0.19594594594594594,87,0.1600297154207389,0.23597031374170926,0.11764705882352941,2,0.014579316840302493,0.36440916210125024,0.11764705882352941,2,0.014579316840302493,0.36440916210125024,0.17647058823529413,3,0.037985068070626,0.43431787284428397,0.23529411764705882,4,0.06810774043735666,0.4989932732045801,0.17647058823529413,3,0.037985068070626,0.43431787284428397,0.29411764705882354,5,0.10313551437032002,0.5595827187543372,1950,19094,4.391891891891892,10.212632240494397,23,551,1.3529411764705883,4.174228675136116,11.0,5.0,51.0,5
A,logistic,mask_ambiguous_units,source_hourly,single,0.0175243187331984,False,187,444,17,0.19594594594594594,87,0.1600297154207389,0.23597031374170926,0.11764705882352941,2,0.014579316840302493,0.36440916210125024,0.11764705882352941,2,0.014579316840302493,0.36440916210125024,0.17647058823529413,3,0.037985068070626,0.43431787284428397,0.17647058823529413,3,0.037985068070626,0.43431787284428397,0.17647058823529413,3,0.037985068070626,0.43431787284428397,0.29411764705882354,5,0.10313551437032002,0.5595827187543372,87,19094,0.19594594594594594,0.4556405153451346,5,551,0.29411764705882354,0.9074410163339383,11.0,5.0,51.0,5
A,logistic,mask_ambiguous_units,source_hourly,silence4,0.0175243187331984,False,187,444,17,0.19594594594594594,87,0.1600297154207389,0.23597031374170926,0.11764705882352941,2,0.014579316840302493,0.36440916210125024,0.11764705882352941,2,0.014579316840302493,0.36440916210125024,0.17647058823529413,3,0.037985068070626,0.43431787284428397,0.23529411764705882,4,0.06810774043735666,0.4989932732045801,0.17647058823529413,3,0.037985068070626,0.43431787284428397,0.29411764705882354,5,0.10313551437032002,0.5595827187543372,635,19094,1.4301801801801801,3.325652037289201,12,551,0.7058823529411765,2.1778584392014517,11.0,5.0,51.0,5
A,logistic,mask_ambiguous_units,source_hourly,silence6,0.0175243187331984,False,187,444,17,0.19594594594594594,87,0.1600297154207389,0.23597031374170926,0.11764705882352941,2,0.014579316840302493,0.36440916210125024,0.11764705882352941,2,0.014579316840302493,0.36440916210125024,0.17647058823529413,3,0.037985068070626,0.43431787284428397,0.23529411764705882,4,0.06810774043735666,0.4989932732045801,0.17647058823529413,3,0.037985068070626,0.43431787284428397,0.29411764705882354,5,0.10313551437032002,0.5595827187543372,469,19094,1.0563063063063063,2.4562689850214725,10,551,0.5882352941176471,1.8148820326678765,11.0,5.0,51.0,5
A,logistic,mask_ambiguous_units,source_hourly,three_of_five,0.0175243187331984,False,187,444,17,0.13963963963963963,62,0.10876510294769161,0.17540937403953705,0.058823529411764705,1,0.0014881743912666346,0.2868893966672207,0.0,0,0.0,0.19506432296909318,0.11764705882352941,2,0.014579316840302493,0.36440916210125024,0.058823529411764705,1,0.0014881743912666346,0.2868893966672207,0.0,0,0.0,0.19506432296909318,0.11764705882352941,2,0.014579316840302493,0.36440916210125024,1773,19094,3.9932432432432434,9.285639467895674,16,551,0.9411764705882353,2.9038112522686026,35.5,29.75,41.25,2
A,logistic,mask_ambiguous_units,source_patient,hourly,0.033675748624532,False,187,444,17,0.10135135135135136,45,0.0748908650025786,0.13326095494033488,0.0,0,0.0,0.19506432296909318,0.0,0,0.0,0.19506432296909318,0.058823529411764705,1,0.0014881743912666346,0.2868893966672207,0.0,0,0.0,0.19506432296909318,0.0,0,0.0,0.19506432296909318,0.058823529411764705,1,0.0014881743912666346,0.2868893966672207,869,19094,1.9572072072072073,4.551167906148528,2,551,0.11764705882352941,0.3629764065335753,51.0,51.0,51.0,1
A,logistic,mask_ambiguous_units,source_patient,single,0.033675748624532,False,187,444,17,0.10135135135135136,45,0.0748908650025786,0.13326095494033488,0.0,0,0.0,0.19506432296909318,0.0,0,0.0,0.19506432296909318,0.058823529411764705,1,0.0014881743912666346,0.2868893966672207,0.0,0,0.0,0.19506432296909318,0.0,0,0.0,0.19506432296909318,0.058823529411764705,1,0.0014881743912666346,0.2868893966672207,45,19094,0.10135135135135136,0.23567612862679377,1,551,0.058823529411764705,0.18148820326678766,51.0,51.0,51.0,1
A,logistic,mask_ambiguous_units,source_patient,silence4,0.033675748624532,False,187,444,17,0.10135135135135136,45,0.0748908650025786,0.13326095494033488,0.0,0,0.0,0.19506432296909318,0.0,0,0.0,0.19506432296909318,0.058823529411764705,1,0.0014881743912666346,0.2868893966672207,0.0,0,0.0,0.19506432296909318,0.0,0,0.0,0.19506432296909318,0.058823529411764705,1,0.0014881743912666346,0.2868893966672207,270,19094,0.6081081081081081,1.4140567717607626,2,551,0.11764705882352941,0.3629764065335753,51.0,51.0,51.0,1
A,logistic,mask_ambiguous_units,source_patient,silence6,0.033675748624532,False,187,444,17,0.10135135135135136,45,0.0748908650025786,0.13326095494033488,0.0,0,0.0,0.19506432296909318,0.0,0,0.0,0.19506432296909318,0.058823529411764705,1,0.0014881743912666346,0.2868893966672207,0.0,0,0.0,0.19506432296909318,0.0,0,0.0,0.19506432296909318,0.058823529411764705,1,0.0014881743912666346,0.2868893966672207,200,19094,0.45045045045045046,1.0474494605635278,1,551,0.058823529411764705,0.18148820326678766,51.0,51.0,51.0,1
A,logistic,mask_ambiguous_units,source_patient,three_of_five,0.033675748624532,False,187,444,17,0.06306306306306306,28,0.04231037528101836,0.08985652770905626,0.0,0,0.0,0.19506432296909318,0.0,0,0.0,0.19506432296909318,0.0,0,0.0,0.19506432296909318,0.0,0,0.0,0.19506432296909318,0.0,0,0.0,0.19506432296909318,0.0,0,0.0,0.19506432296909318,794,19094,1.7882882882882882,4.1583743584372055,0,551,0.0,0.0,,,,0
A,logistic,mask_ambiguous_units,local_patient,hourly,0.03572926056297192,False,187,444,17,0.09684684684684684,43,0.07097742584576755,0.12823233209140938,0.0,0,0.0,0.19506432296909318,0.0,0,0.0,0.19506432296909318,0.058823529411764705,1,0.0014881743912666346,0.2868893966672207,0.0,0,0.0,0.19506432296909318,0.0,0,0.0,0.19506432296909318,0.058823529411764705,1,0.0014881743912666346,0.2868893966672207,824,19094,1.8558558558558558,4.315491777521735,2,551,0.11764705882352941,0.3629764065335753,51.0,51.0,51.0,1
A,logistic,mask_ambiguous_units,local_patient,single,0.03572926056297192,False,187,444,17,0.09684684684684684,43,0.07097742584576755,0.12823233209140938,0.0,0,0.0,0.19506432296909318,0.0,0,0.0,0.19506432296909318,0.058823529411764705,1,0.0014881743912666346,0.2868893966672207,0.0,0,0.0,0.19506432296909318,0.0,0,0.0,0.19506432296909318,0.058823529411764705,1,0.0014881743912666346,0.2868893966672207,43,19094,0.09684684684684684,0.22520163402115848,1,551,0.058823529411764705,0.18148820326678766,51.0,51.0,51.0,1
A,logistic,mask_ambiguous_units,local_patient,silence4,0.03572926056297192,False,187,444,17,0.09684684684684684,43,0.07097742584576755,0.12823233209140938,0.0,0,0.0,0.19506432296909318,0.0,0,0.0,0.19506432296909318,0.058823529411764705,1,0.0014881743912666346,0.2868893966672207,0.0,0,0.0,0.19506432296909318,0.0,0,0.0,0.19506432296909318,0.058823529411764705,1,0.0014881743912666346,0.2868893966672207,255,19094,0.5743243243243243,1.335498062218498,2,551,0.11764705882352941,0.3629764065335753,51.0,51.0,51.0,1
A,logistic,mask_ambiguous_units,local_patient,silence6,0.03572926056297192,False,187,444,17,0.09684684684684684,43,0.07097742584576755,0.12823233209140938,0.0,0,0.0,0.19506432296909318,0.0,0,0.0,0.19506432296909318,0.058823529411764705,1,0.0014881743912666346,0.2868893966672207,0.0,0,0.0,0.19506432296909318,0.0,0,0.0,0.19506432296909318,0.058823529411764705,1,0.0014881743912666346,0.2868893966672207,188,19094,0.42342342342342343,0.9846024929297161,1,551,0.058823529411764705,0.18148820326678766,51.0,51.0,51.0,1
A,logistic,mask_ambiguous_units,local_patient,three_of_five,0.023395398882001175,False,187,444,17,0.10585585585585586,47,0.078821488752087,0.13827286409152795,0.0,0,0.0,0.19506432296909318,0.0,0,0.0,0.19506432296909318,0.058823529411764705,1,0.0014881743912666346,0.2868893966672207,0.0,0,0.0,0.19506432296909318,0.0,0,0.0,0.19506432296909318,0.058823529411764705,1,0.0014881743912666346,0.2868893966672207,1172,19094,2.6396396396396398,6.138053838902273,4,551,0.23529411764705882,0.7259528130671506,20.0,20.0,20.0,1
A,hgb,native_numeric,source_hourly,hourly,0.0139771849320761,False,187,444,17,0.38513513513513514,171,0.3396424414878205,0.4321690632383674,0.4117647058823529,7,0.18443696178394667,0.6707528460532426,0.23529411764705882,4,0.06810774043735666,0.4989932732045801,0.23529411764705882,4,0.06810774043735666,0.4989932732045801,0.47058823529411764,8,0.22983268726599038,0.7218816996688935,0.29411764705882354,5,0.10313551437032002,0.5595827187543372,0.47058823529411764,8,0.22983268726599038,0.7218816996688935,5821,19094,13.11036036036036,30.48601654970148,131,551,7.705882352941177,23.77495462794918,7.0,4.5,44.5,8
A,hgb,native_numeric,source_hourly,single,0.0139771849320761,False,187,444,17,0.38513513513513514,171,0.3396424414878205,0.4321690632383674,0.23529411764705882,4,0.06810774043735666,0.4989932732045801,0.23529411764705882,4,0.06810774043735666,0.4989932732045801,0.23529411764705882,4,0.06810774043735666,0.4989932732045801,0.29411764705882354,5,0.10313551437032002,0.5595827187543372,0.29411764705882354,5,0.10313551437032002,0.5595827187543372,0.47058823529411764,8,0.22983268726599038,0.7218816996688935,171,19094,0.38513513513513514,0.8955692887818163,8,551,0.47058823529411764,1.4519056261343013,7.0,4.5,44.5,8
A,hgb,native_numeric,source_hourly,silence4,0.0139771849320761,False,187,444,17,0.38513513513513514,171,0.3396424414878205,0.4321690632383674,0.4117647058823529,7,0.18443696178394667,0.6707528460532426,0.23529411764705882,4,0.06810774043735666,0.4989932732045801,0.23529411764705882,4,0.06810774043735666,0.4989932732045801,0.47058823529411764,8,0.22983268726599038,0.7218816996688935,0.29411764705882354,5,0.10313551437032002,0.5595827187543372,0.47058823529411764,8,0.22983268726599038,0.7218816996688935,1587,19094,3.574324324324324,8.311511469571593,37,551,2.176470588235294,6.715063520871143,7.0,4.5,44.5,8
A,hgb,native_numeric,source_hourly,silence6,0.0139771849320761,False,187,444,17,0.38513513513513514,171,0.3396424414878205,0.4321690632383674,0.4117647058823529,7,0.18443696178394667,0.6707528460532426,0.23529411764705882,4,0.06810774043735666,0.4989932732045801,0.23529411764705882,4,0.06810774043735666,0.4989932732045801,0.47058823529411764,8,0.22983268726599038,0.7218816996688935,0.29411764705882354,5,0.10313551437032002,0.5595827187543372,0.47058823529411764,8,0.22983268726599038,0.7218816996688935,1107,19094,2.4932432432432434,5.797632764219126,28,551,1.6470588235294117,5.081669691470054,7.0,4.5,44.5,8
A,hgb,native_numeric,source_hourly,three_of_five,0.0139771849320761,False,187,444,17,0.3400900900900901,151,0.296092398555479,0.38623522661880433,0.4117647058823529,7,0.18443696178394667,0.6707528460532426,0.17647058823529413,3,0.037985068070626,0.43431787284428397,0.23529411764705882,4,0.06810774043735666,0.4989932732045801,0.4117647058823529,7,0.18443696178394667,0.6707528460532426,0.23529411764705882,4,0.06810774043735666,0.4989932732045801,0.4117647058823529,7,0.18443696178394667,0.6707528460532426,5469,19094,12.317567567567568,28.642505499109667,120,551,7.0588235294117645,21.77858439201452,7.0,3.0,40.5,7
A,hgb,native_numeric,source_patient,hourly,0.0357463317979515,False,187,444,17,0.2747747747747748,122,0.233746505850873,0.3188334823266706,0.17647058823529413,3,0.037985068070626,0.43431787284428397,0.0,0,0.0,0.19506432296909318,0.17647058823529413,3,0.037985068070626,0.43431787284428397,0.17647058823529413,3,0.037985068070626,0.43431787284428397,0.0,0,0.0,0.19506432296909318,0.17647058823529413,3,0.037985068070626,0.43431787284428397,4356,19094,9.81081081081081,22.813449251073635,92,551,5.411764705882353,16.696914700544465,30.0,27.5,37.0,3
A,hgb,native_numeric,source_patient,single,0.0357463317979515,False,187,444,17,0.2747747747747748,122,0.233746505850873,0.3188334823266706,0.0,0,0.0,0.19506432296909318,0.0,0,0.0,0.19506432296909318,0.17647058823529413,3,0.037985068070626,0.43431787284428397,0.0,0,0.0,0.19506432296909318,0.0,0,0.0,0.19506432296909318,0.17647058823529413,3,0.037985068070626,0.43431787284428397,122,19094,0.2747747747747748,0.638944170943752,3,551,0.17647058823529413,0.5444646098003629,30.0,27.5,37.0,3
A,hgb,native_numeric,source_patient,silence4,0.0357463317979515,False,187,444,17,0.2747747747747748,122,0.233746505850873,0.3188334823266706,0.17647058823529413,3,0.037985068070626,0.43431787284428397,0.0,0,0.0,0.19506432296909318,0.17647058823529413,3,0.037985068070626,0.43431787284428397,0.17647058823529413,3,0.037985068070626,0.43431787284428397,0.0,0,0.0,0.19506432296909318,0.17647058823529413,3,0.037985068070626,0.43431787284428397,1170,19094,2.635135135135135,6.127579344296637,25,551,1.4705882352941178,4.537205081669692,30.0,27.5,37.0,3
A,hgb,native_numeric,source_patient,silence6,0.0357463317979515,False,187,444,17,0.2747747747747748,122,0.233746505850873,0.3188334823266706,0.17647058823529413,3,0.037985068070626,0.43431787284428397,0.0,0,0.0,0.19506432296909318,0.17647058823529413,3,0.037985068070626,0.43431787284428397,0.17647058823529413,3,0.037985068070626,0.43431787284428397,0.0,0,0.0,0.19506432296909318,0.17647058823529413,3,0.037985068070626,0.43431787284428397,808,19094,1.8198198198198199,4.231695820676652,17,551,1.0,3.0852994555353903,30.0,27.5,37.0,3
A,hgb,native_numeric,source_patient,three_of_five,0.0357463317979515,False,187,444,17,0.25675675675675674,114,0.21673445904004487,0.30005432677092386,0.17647058823529413,3,0.037985068070626,0.43431787284428397,0.0,0,0.0,0.19506432296909318,0.17647058823529413,3,0.037985068070626,0.43431787284428397,0.17647058823529413,3,0.037985068070626,0.43431787284428397,0.0,0,0.0,0.19506432296909318,0.17647058823529413,3,0.037985068070626,0.43431787284428397,4118,19094,9.274774774774775,21.566984393003036,87,551,5.117647058823529,15.789473684210526,28.0,25.5,35.0,3
A,hgb,native_numeric,local_patient,hourly,0.20293656222917558,False,187,444,17,0.0945945945945946,42,0.06902748312496075,0.12571143720356795,0.058823529411764705,1,0.0014881743912666346,0.2868893966672207,0.058823529411764705,1,0.0014881743912666346,0.2868893966672207,0.0,0,0.0,0.19506432296909318,0.058823529411764705,1,0.0014881743912666346,0.2868893966672207,0.058823529411764705,1,0.0014881743912666346,0.2868893966672207,0.058823529411764705,1,0.0014881743912666346,0.2868893966672207,495,19094,1.114864864864865,2.5924374148947313,6,551,0.35294117647058826,1.0889292196007259,6.0,6.0,6.0,1
A,hgb,native_numeric,local_patient,single,0.20293656222917558,False,187,444,17,0.0945945945945946,42,0.06902748312496075,0.12571143720356795,0.058823529411764705,1,0.0014881743912666346,0.2868893966672207,0.058823529411764705,1,0.0014881743912666346,0.2868893966672207,0.0,0,0.0,0.19506432296909318,0.058823529411764705,1,0.0014881743912666346,0.2868893966672207,0.058823529411764705,1,0.0014881743912666346,0.2868893966672207,0.058823529411764705,1,0.0014881743912666346,0.2868893966672207,42,19094,0.0945945945945946,0.21996438671834084,1,551,0.058823529411764705,0.18148820326678766,6.0,6.0,6.0,1
A,hgb,native_numeric,local_patient,silence4,0.20293656222917558,False,187,444,17,0.0945945945945946,42,0.06902748312496075,0.12571143720356795,0.058823529411764705,1,0.0014881743912666346,0.2868893966672207,0.058823529411764705,1,0.0014881743912666346,0.2868893966672207,0.0,0,0.0,0.19506432296909318,0.058823529411764705,1,0.0014881743912666346,0.2868893966672207,0.058823529411764705,1,0.0014881743912666346,0.2868893966672207,0.058823529411764705,1,0.0014881743912666346,0.2868893966672207,183,19094,0.41216216216216217,0.958416256415628,2,551,0.11764705882352941,0.3629764065335753,6.0,6.0,6.0,1
A,hgb,native_numeric,local_patient,silence6,0.20293656222917558,False,187,444,17,0.0945945945945946,42,0.06902748312496075,0.12571143720356795,0.058823529411764705,1,0.0014881743912666346,0.2868893966672207,0.058823529411764705,1,0.0014881743912666346,0.2868893966672207,0.0,0,0.0,0.19506432296909318,0.058823529411764705,1,0.0014881743912666346,0.2868893966672207,0.058823529411764705,1,0.0014881743912666346,0.2868893966672207,0.058823529411764705,1,0.0014881743912666346,0.2868893966672207,130,19094,0.2927927927927928,0.6808421493662931,1,551,0.058823529411764705,0.18148820326678766,6.0,6.0,6.0,1
A,hgb,native_numeric,local_patient,three_of_five,0.16022355087317552,False,187,444,17,0.08783783783783784,39,0.06320655417203537,0.11812072146445184,0.058823529411764705,1,0.0014881743912666346,0.2868893966672207,0.058823529411764705,1,0.0014881743912666346,0.2868893966672207,0.0,0,0.0,0.19506432296909318,0.058823529411764705,1,0.0014881743912666346,0.2868893966672207,0.058823529411764705,1,0.0014881743912666346,0.2868893966672207,0.058823529411764705,1,0.0014881743912666346,0.2868893966672207,709,19094,1.5968468468468469,3.713208337697706,4,551,0.23529411764705882,0.7259528130671506,4.0,4.0,4.0,1
A,hgb,mask_ambiguous_units,source_hourly,hourly,0.0139771849320761,False,187,444,17,0.3738738738738739,166,0.32871551117393194,0.4207248750129573,0.29411764705882354,5,0.10313551437032002,0.5595827187543372,0.11764705882352941,2,0.014579316840302493,0.36440916210125024,0.23529411764705882,4,0.06810774043735666,0.4989932732045801,0.35294117647058826,6,0.14209748311022094,0.6167163365565971,0.17647058823529413,3,0.037985068070626,0.43431787284428397,0.35294117647058826,6,0.14209748311022094,0.6167163365565971,5570,19094,12.545045045045045,29.17146747669425,121,551,7.117647058823529,21.960072595281307,18.5,4.25,39.5,6
A,hgb,mask_ambiguous_units,source_hourly,single,0.0139771849320761,False,187,444,17,0.3738738738738739,166,0.32871551117393194,0.4207248750129573,0.11764705882352941,2,0.014579316840302493,0.36440916210125024,0.11764705882352941,2,0.014579316840302493,0.36440916210125024,0.23529411764705882,4,0.06810774043735666,0.4989932732045801,0.17647058823529413,3,0.037985068070626,0.43431787284428397,0.17647058823529413,3,0.037985068070626,0.43431787284428397,0.35294117647058826,6,0.14209748311022094,0.6167163365565971,166,19094,0.3738738738738739,0.869383052267728,6,551,0.35294117647058826,1.0889292196007259,18.5,4.25,39.5,6
A,hgb,mask_ambiguous_units,source_hourly,silence4,0.0139771849320761,False,187,444,17,0.3738738738738739,166,0.32871551117393194,0.4207248750129573,0.29411764705882354,5,0.10313551437032002,0.5595827187543372,0.11764705882352941,2,0.014579316840302493,0.36440916210125024,0.23529411764705882,4,0.06810774043735666,0.4989932732045801,0.35294117647058826,6,0.14209748311022094,0.6167163365565971,0.17647058823529413,3,0.037985068070626,0.43431787284428397,0.35294117647058826,6,0.14209748311022094,0.6167163365565971,1519,19094,3.421171171171171,7.955378652979994,35,551,2.0588235294117645,6.352087114337568,18.5,4.25,39.5,6
A,hgb,mask_ambiguous_units,source_hourly,silence6,0.0139771849320761,False,187,444,17,0.3738738738738739,166,0.32871551117393194,0.4207248750129573,0.29411764705882354,5,0.10313551437032002,0.5595827187543372,0.11764705882352941,2,0.014579316840302493,0.36440916210125024,0.23529411764705882,4,0.06810774043735666,0.4989932732045801,0.35294117647058826,6,0.14209748311022094,0.6167163365565971,0.17647058823529413,3,0.037985068070626,0.43431787284428397,0.35294117647058826,6,0.14209748311022094,0.6167163365565971,1057,19094,2.380630630630631,5.5357703990782445,25,551,1.4705882352941178,4.537205081669692,18.5,4.25,39.5,6
A,hgb,mask_ambiguous_units,source_hourly,three_of_five,0.0139771849320761,False,187,444,17,0.32657657657657657,145,0.2831118734022398,0.372370951487023,0.23529411764705882,4,0.06810774043735666,0.4989932732045801,0.058823529411764705,1,0.0014881743912666346,0.2868893966672207,0.17647058823529413,3,0.037985068070626,0.43431787284428397,0.23529411764705882,4,0.06810774043735666,0.4989932732045801,0.058823529411764705,1,0.0014881743912666346,0.2868893966672207,0.23529411764705882,4,0.06810774043735666,0.4989932732045801,5240,19094,11.801801801801801,27.443175866764427,109,551,6.411764705882353,19.782214156079856,31.0,20.5,37.75,4
A,hgb,mask_ambiguous_units,source_patient,hourly,0.0357463317979515,False,187,444,17,0.26576576576576577,118,0.2252295645320212,0.30945473737104034,0.17647058823529413,3,0.037985068070626,0.43431787284428397,0.0,0,0.0,0.19506432296909318,0.17647058823529413,3,0.037985068070626,0.43431787284428397,0.17647058823529413,3,0.037985068070626,0.43431787284428397,0.0,0,0.0,0.19506432296909318,0.17647058823529413,3,0.037985068070626,0.43431787284428397,4198,19094,9.454954954954955,21.98596417722845,93,551,5.470588235294118,16.878402903811253,30.0,27.5,37.0,3
A,hgb,mask_ambiguous_units,source_patient,single,0.0357463317979515,False,187,444,17,0.26576576576576577,118,0.2252295645320212,0.30945473737104034,0.0,0,0.0,0.19506432296909318,0.0,0,0.0,0.19506432296909318,0.17647058823529413,3,0.037985068070626,0.43431787284428397,0.0,0,0.0,0.19506432296909318,0.0,0,0.0,0.19506432296909318,0.17647058823529413,3,0.037985068070626,0.43431787284428397,118,19094,0.26576576576576577,0.6179951817324814,3,551,0.17647058823529413,0.5444646098003629,30.0,27.5,37.0,3
A,hgb,mask_ambiguous_units,source_patient,silence4,0.0357463317979515,False,187,444,17,0.26576576576576577,118,0.2252295645320212,0.30945473737104034,0.17647058823529413,3,0.037985068070626,0.43431787284428397,0.0,0,0.0,0.19506432296909318,0.17647058823529413,3,0.037985068070626,0.43431787284428397,0.17647058823529413,3,0.037985068070626,0.43431787284428397,0.0,0,0.0,0.19506432296909318,0.17647058823529413,3,0.037985068070626,0.43431787284428397,1127,19094,2.5382882882882885,5.902377710275479,25,551,1.4705882352941178,4.537205081669692,30.0,27.5,37.0,3
A,hgb,mask_ambiguous_units,source_patient,silence6,0.0357463317979515,False,187,444,17,0.26576576576576577,118,0.2252295645320212,0.30945473737104034,0.17647058823529413,3,0.037985068070626,0.43431787284428397,0.0,0,0.0,0.19506432296909318,0.17647058823529413,3,0.037985068070626,0.43431787284428397,0.17647058823529413,3,0.037985068070626,0.43431787284428397,0.0,0,0.0,0.19506432296909318,0.17647058823529413,3,0.037985068070626,0.43431787284428397,780,19094,1.7567567567567568,4.085052896197759,18,551,1.0588235294117647,3.266787658802178,30.0,27.5,37.0,3
A,hgb,mask_ambiguous_units,source_patient,three_of_five,0.0357463317979515,False,187,444,17,0.24774774774774774,110,0.20826193484270472,0.2906315215985249,0.17647058823529413,3,0.037985068070626,0.43431787284428397,0.0,0,0.0,0.19506432296909318,0.17647058823529413,3,0.037985068070626,0.43431787284428397,0.17647058823529413,3,0.037985068070626,0.43431787284428397,0.0,0,0.0,0.19506432296909318,0.17647058823529413,3,0.037985068070626,0.43431787284428397,3976,19094,8.954954954954955,20.823295276002934,87,551,5.117647058823529,15.789473684210526,28.0,25.5,35.0,3
A,hgb,mask_ambiguous_units,local_patient,hourly,0.18095381513704883,False,187,444,17,0.08783783783783784,39,0.06320655417203537,0.11812072146445184,0.058823529411764705,1,0.0014881743912666346,0.2868893966672207,0.058823529411764705,1,0.0014881743912666346,0.2868893966672207,0.0,0,0.0,0.19506432296909318,0.058823529411764705,1,0.0014881743912666346,0.2868893966672207,0.058823529411764705,1,0.0014881743912666346,0.2868893966672207,0.058823529411764705,1,0.0014881743912666346,0.2868893966672207,553,19094,1.2454954954954955,2.8961977584581544,6,551,0.35294117647058826,1.0889292196007259,6.0,6.0,6.0,1
A,hgb,mask_ambiguous_units,local_patient,single,0.18095381513704883,False,187,444,17,0.08783783783783784,39,0.06320655417203537,0.11812072146445184,0.058823529411764705,1,0.0014881743912666346,0.2868893966672207,0.058823529411764705,1,0.0014881743912666346,0.2868893966672207,0.0,0,0.0,0.19506432296909318,0.058823529411764705,1,0.0014881743912666346,0.2868893966672207,0.058823529411764705,1,0.0014881743912666346,0.2868893966672207,0.058823529411764705,1,0.0014881743912666346,0.2868893966672207,39,19094,0.08783783783783784,0.20425264480988792,1,551,0.058823529411764705,0.18148820326678766,6.0,6.0,6.0,1
A,hgb,mask_ambiguous_units,local_patient,silence4,0.18095381513704883,False,187,444,17,0.08783783783783784,39,0.06320655417203537,0.11812072146445184,0.058823529411764705,1,0.0014881743912666346,0.2868893966672207,0.058823529411764705,1,0.0014881743912666346,0.2868893966672207,0.0,0,0.0,0.19506432296909318,0.058823529411764705,1,0.0014881743912666346,0.2868893966672207,0.058823529411764705,1,0.0014881743912666346,0.2868893966672207,0.058823529411764705,1,0.0014881743912666346,0.2868893966672207,191,19094,0.43018018018018017,1.000314234838169,2,551,0.11764705882352941,0.3629764065335753,6.0,6.0,6.0,1
A,hgb,mask_ambiguous_units,local_patient,silence6,0.18095381513704883,False,187,444,17,0.08783783783783784,39,0.06320655417203537,0.11812072146445184,0.058823529411764705,1,0.0014881743912666346,0.2868893966672207,0.058823529411764705,1,0.0014881743912666346,0.2868893966672207,0.0,0,0.0,0.19506432296909318,0.058823529411764705,1,0.0014881743912666346,0.2868893966672207,0.058823529411764705,1,0.0014881743912666346,0.2868893966672207,0.058823529411764705,1,0.0014881743912666346,0.2868893966672207,137,19094,0.30855855855855857,0.7175028804860165,1,551,0.058823529411764705,0.18148820326678766,6.0,6.0,6.0,1
A,hgb,mask_ambiguous_units,local_patient,three_of_five,0.15083038544152277,False,187,444,17,0.08558558558558559,38,0.06127643030015051,0.11558061681575313,0.058823529411764705,1,0.0014881743912666346,0.2868893966672207,0.058823529411764705,1,0.0014881743912666346,0.2868893966672207,0.0,0,0.0,0.19506432296909318,0.058823529411764705,1,0.0014881743912666346,0.2868893966672207,0.058823529411764705,1,0.0014881743912666346,0.2868893966672207,0.058823529411764705,1,0.0014881743912666346,0.2868893966672207,775,19094,1.7454954954954955,4.05886665968367,4,551,0.23529411764705882,0.7259528130671506,4.0,4.0,4.0,1
A,hgb_no_observation_features,native_numeric,source_hourly,hourly,0.0197045330648678,False,187,444,17,0.1554054054054054,69,0.12297150144093634,0.19251177885165166,0.11764705882352941,2,0.014579316840302493,0.36440916210125024,0.058823529411764705,1,0.0014881743912666346,0.2868893966672207,0.058823529411764705,1,0.0014881743912666346,0.2868893966672207,0.11764705882352941,2,0.014579316840302493,0.36440916210125024,0.11764705882352941,2,0.014579316840302493,0.36440916210125024,0.11764705882352941,2,0.014579316840302493,0.36440916210125024,1129,19094,2.5427927927927927,5.912852204881115,10,551,0.5882352941176471,1.8148820326678765,5.0,3.0,7.0,2
A,hgb_no_observation_features,native_numeric,source_hourly,single,0.0197045330648678,False,187,444,17,0.1554054054054054,69,0.12297150144093634,0.19251177885165166,0.058823529411764705,1,0.0014881743912666346,0.2868893966672207,0.058823529411764705,1,0.0014881743912666346,0.2868893966672207,0.058823529411764705,1,0.0014881743912666346,0.2868893966672207,0.11764705882352941,2,0.014579316840302493,0.36440916210125024,0.11764705882352941,2,0.014579316840302493,0.36440916210125024,0.11764705882352941,2,0.014579316840302493,0.36440916210125024,69,19094,0.1554054054054054,0.3613700638944171,2,551,0.11764705882352941,0.3629764065335753,5.0,3.0,7.0,2
A,hgb_no_observation_features,native_numeric,source_hourly,silence4,0.0197045330648678,False,187,444,17,0.1554054054054054,69,0.12297150144093634,0.19251177885165166,0.11764705882352941,2,0.014579316840302493,0.36440916210125024,0.058823529411764705,1,0.0014881743912666346,0.2868893966672207,0.058823529411764705,1,0.0014881743912666346,0.2868893966672207,0.11764705882352941,2,0.014579316840302493,0.36440916210125024,0.11764705882352941,2,0.014579316840302493,0.36440916210125024,0.11764705882352941,2,0.014579316840302493,0.36440916210125024,381,19094,0.8581081081081081,1.9953912223735204,4,551,0.23529411764705882,0.7259528130671506,5.0,3.0,7.0,2
A,hgb_no_observation_features,native_numeric,source_hourly,silence6,0.0197045330648678,False,187,444,17,0.1554054054054054,69,0.12297150144093634,0.19251177885165166,0.11764705882352941,2,0.014579316840302493,0.36440916210125024,0.058823529411764705,1,0.0014881743912666346,0.2868893966672207,0.058823529411764705,1,0.0014881743912666346,0.2868893966672207,0.11764705882352941,2,0.014579316840302493,0.36440916210125024,0.11764705882352941,2,0.014579316840302493,0.36440916210125024,0.11764705882352941,2,0.014579316840302493,0.36440916210125024,279,19094,0.6283783783783784,1.4611919974861214,3,551,0.17647058823529413,0.5444646098003629,5.0,3.0,7.0,2
A,hgb_no_observation_features,native_numeric,source_hourly,three_of_five,0.0197045330648678,False,187,444,17,0.08108108108108109,36,0.057432571711661384,0.11048456143169662,0.058823529411764705,1,0.0014881743912666346,0.2868893966672207,0.0,0,0.0,0.19506432296909318,0.058823529411764705,1,0.0014881743912666346,0.2868893966672207,0.058823529411764705,1,0.0014881743912666346,0.2868893966672207,0.058823529411764705,1,0.0014881743912666346,0.2868893966672207,0.058823529411764705,1,0.0014881743912666346,0.2868893966672207,1014,19094,2.2837837837837838,5.310568765057086,7,551,0.4117647058823529,1.2704174228675136,7.0,7.0,7.0,1
A,hgb_no_observation_features,native_numeric,source_patient,hourly,0.0407457893577934,False,187,444,17,0.0518018018018018,23,0.03311766513620005,0.07671677434791899,0.058823529411764705,1,0.0014881743912666346,0.2868893966672207,0.0,0,0.0,0.19506432296909318,0.058823529411764705,1,0.0014881743912666346,0.2868893966672207,0.058823529411764705,1,0.0014881743912666346,0.2868893966672207,0.058823529411764705,1,0.0014881743912666346,0.2868893966672207,0.058823529411764705,1,0.0014881743912666346,0.2868893966672207,196,19094,0.44144144144144143,1.0265004713522572,7,551,0.4117647058823529,1.2704174228675136,9.0,9.0,9.0,1
A,hgb_no_observation_features,native_numeric,source_patient,single,0.0407457893577934,False,187,444,17,0.0518018018018018,23,0.03311766513620005,0.07671677434791899,0.0,0,0.0,0.19506432296909318,0.0,0,0.0,0.19506432296909318,0.058823529411764705,1,0.0014881743912666346,0.2868893966672207,0.058823529411764705,1,0.0014881743912666346,0.2868893966672207,0.058823529411764705,1,0.0014881743912666346,0.2868893966672207,0.058823529411764705,1,0.0014881743912666346,0.2868893966672207,23,19094,0.0518018018018018,0.1204566879648057,1,551,0.058823529411764705,0.18148820326678766,9.0,9.0,9.0,1
A,hgb_no_observation_features,native_numeric,source_patient,silence4,0.0407457893577934,False,187,444,17,0.0518018018018018,23,0.03311766513620005,0.07671677434791899,0.058823529411764705,1,0.0014881743912666346,0.2868893966672207,0.0,0,0.0,0.19506432296909318,0.058823529411764705,1,0.0014881743912666346,0.2868893966672207,0.058823529411764705,1,0.0014881743912666346,0.2868893966672207,0.058823529411764705,1,0.0014881743912666346,0.2868893966672207,0.058823529411764705,1,0.0014881743912666346,0.2868893966672207,84,19094,0.1891891891891892,0.4399287734366817,2,551,0.11764705882352941,0.3629764065335753,9.0,9.0,9.0,1
A,hgb_no_observation_features,native_numeric,source_patient,silence6,0.0407457893577934,False,187,444,17,0.0518018018018018,23,0.03311766513620005,0.07671677434791899,0.058823529411764705,1,0.0014881743912666346,0.2868893966672207,0.0,0,0.0,0.19506432296909318,0.058823529411764705,1,0.0014881743912666346,0.2868893966672207,0.058823529411764705,1,0.0014881743912666346,0.2868893966672207,0.058823529411764705,1,0.0014881743912666346,0.2868893966672207,0.058823529411764705,1,0.0014881743912666346,0.2868893966672207,64,19094,0.14414414414414414,0.3351838273803289,2,551,0.11764705882352941,0.3629764065335753,9.0,9.0,9.0,1
A,hgb_no_observation_features,native_numeric,source_patient,three_of_five,0.0407457893577934,False,187,444,17,0.03153153153153153,14,0.017343656330719,0.05233904068213419,0.058823529411764705,1,0.0014881743912666346,0.2868893966672207,0.0,0,0.0,0.19506432296909318,0.058823529411764705,1,0.0014881743912666346,0.2868893966672207,0.058823529411764705,1,0.0014881743912666346,0.2868893966672207,0.058823529411764705,1,0.0014881743912666346,0.2868893966672207,0.058823529411764705,1,0.0014881743912666346,0.2868893966672207,153,19094,0.34459459459459457,0.8012988373310987,7,551,0.4117647058823529,1.2704174228675136,7.0,7.0,7.0,1
A,hgb_no_observation_features,native_numeric,local_patient,hourly,0.02224648012155141,False,187,444,17,0.13063063063063063,58,0.10070831360327642,0.16557656559407222,0.11764705882352941,2,0.014579316840302493,0.36440916210125024,0.058823529411764705,1,0.0014881743912666346,0.2868893966672207,0.058823529411764705,1,0.0014881743912666346,0.2868893966672207,0.11764705882352941,2,0.014579316840302493,0.36440916210125024,0.11764705882352941,2,0.014579316840302493,0.36440916210125024,0.11764705882352941,2,0.014579316840302493,0.36440916210125024,923,19094,2.078828828828829,4.833979260500681,9,551,0.5294117647058824,1.633393829401089,5.0,3.0,7.0,2
A,hgb_no_observation_features,native_numeric,local_patient,single,0.02224648012155141,False,187,444,17,0.13063063063063063,58,0.10070831360327642,0.16557656559407222,0.058823529411764705,1,0.0014881743912666346,0.2868893966672207,0.058823529411764705,1,0.0014881743912666346,0.2868893966672207,0.058823529411764705,1,0.0014881743912666346,0.2868893966672207,0.11764705882352941,2,0.014579316840302493,0.36440916210125024,0.11764705882352941,2,0.014579316840302493,0.36440916210125024,0.11764705882352941,2,0.014579316840302493,0.36440916210125024,58,19094,0.13063063063063063,0.3037603435634231,2,551,0.11764705882352941,0.3629764065335753,5.0,3.0,7.0,2
A,hgb_no_observation_features,native_numeric,local_patient,silence4,0.02224648012155141,False,187,444,17,0.13063063063063063,58,0.10070831360327642,0.16557656559407222,0.11764705882352941,2,0.014579316840302493,0.36440916210125024,0.058823529411764705,1,0.0014881743912666346,0.2868893966672207,0.058823529411764705,1,0.0014881743912666346,0.2868893966672207,0.11764705882352941,2,0.014579316840302493,0.36440916210125024,0.11764705882352941,2,0.014579316840302493,0.36440916210125024,0.11764705882352941,2,0.014579316840302493,0.36440916210125024,311,19094,0.7004504504504504,1.6287839111762858,3,551,0.17647058823529413,0.5444646098003629,5.0,3.0,7.0,2
A,hgb_no_observation_features,native_numeric,local_patient,silence6,0.02224648012155141,False,187,444,17,0.13063063063063063,58,0.10070831360327642,0.16557656559407222,0.11764705882352941,2,0.014579316840302493,0.36440916210125024,0.058823529411764705,1,0.0014881743912666346,0.2868893966672207,0.058823529411764705,1,0.0014881743912666346,0.2868893966672207,0.11764705882352941,2,0.014579316840302493,0.36440916210125024,0.11764705882352941,2,0.014579316840302493,0.36440916210125024,0.11764705882352941,2,0.014579316840302493,0.36440916210125024,229,19094,0.5157657657657657,1.1993296323452394,3,551,0.17647058823529413,0.5444646098003629,5.0,3.0,7.0,2
A,hgb_no_observation_features,native_numeric,local_patient,three_of_five,0.014864018668219802,False,187,444,17,0.13963963963963963,62,0.10876510294769161,0.17540937403953705,0.17647058823529413,3,0.037985068070626,0.43431787284428397,0.058823529411764705,1,0.0014881743912666346,0.2868893966672207,0.11764705882352941,2,0.014579316840302493,0.36440916210125024,0.17647058823529413,3,0.037985068070626,0.43431787284428397,0.17647058823529413,3,0.037985068070626,0.43431787284428397,0.17647058823529413,3,0.037985068070626,0.43431787284428397,1547,19094,3.484234234234234,8.102021577458888,15,551,0.8823529411764706,2.722323049001815,7.0,5.5,7.5,3
A,hgb_no_observation_features,mask_ambiguous_units,source_hourly,hourly,0.0197045330648678,False,187,444,17,0.12387387387387387,55,0.09469786222699406,0.15817047730315167,0.058823529411764705,1,0.0014881743912666346,0.2868893966672207,0.0,0,0.0,0.19506432296909318,0.058823529411764705,1,0.0014881743912666346,0.2868893966672207,0.058823529411764705,1,0.0014881743912666346,0.2868893966672207,0.058823529411764705,1,0.0014881743912666346,0.2868893966672207,0.058823529411764705,1,0.0014881743912666346,0.2868893966672207,622,19094,1.4009009009009008,3.2575678223525717,4,551,0.23529411764705882,0.7259528130671506,9.0,9.0,9.0,1
A,hgb_no_observation_features,mask_ambiguous_units,source_hourly,single,0.0197045330648678,False,187,444,17,0.12387387387387387,55,0.09469786222699406,0.15817047730315167,0.0,0,0.0,0.19506432296909318,0.0,0,0.0,0.19506432296909318,0.058823529411764705,1,0.0014881743912666346,0.2868893966672207,0.058823529411764705,1,0.0014881743912666346,0.2868893966672207,0.058823529411764705,1,0.0014881743912666346,0.2868893966672207,0.058823529411764705,1,0.0014881743912666346,0.2868893966672207,55,19094,0.12387387387387387,0.28804860165497015,1,551,0.058823529411764705,0.18148820326678766,9.0,9.0,9.0,1
A,hgb_no_observation_features,mask_ambiguous_units,source_hourly,silence4,0.0197045330648678,False,187,444,17,0.12387387387387387,55,0.09469786222699406,0.15817047730315167,0.058823529411764705,1,0.0014881743912666346,0.2868893966672207,0.0,0,0.0,0.19506432296909318,0.058823529411764705,1,0.0014881743912666346,0.2868893966672207,0.058823529411764705,1,0.0014881743912666346,0.2868893966672207,0.058823529411764705,1,0.0014881743912666346,0.2868893966672207,0.058823529411764705,1,0.0014881743912666346,0.2868893966672207,234,19094,0.527027027027027,1.2255158688593275,2,551,0.11764705882352941,0.3629764065335753,9.0,9.0,9.0,1
A,hgb_no_observation_features,mask_ambiguous_units,source_hourly,silence6,0.0197045330648678,False,187,444,17,0.12387387387387387,55,0.09469786222699406,0.15817047730315167,0.0,0,0.0,0.19506432296909318,0.0,0,0.0,0.19506432296909318,0.058823529411764705,1,0.0014881743912666346,0.2868893966672207,0.058823529411764705,1,0.0014881743912666346,0.2868893966672207,0.058823529411764705,1,0.0014881743912666346,0.2868893966672207,0.058823529411764705,1,0.0014881743912666346,0.2868893966672207,181,19094,0.40765765765765766,0.9479417618099927,1,551,0.058823529411764705,0.18148820326678766,9.0,9.0,9.0,1
A,hgb_no_observation_features,mask_ambiguous_units,source_hourly,three_of_five,0.0197045330648678,False,187,444,17,0.060810810810810814,27,0.040453486685033915,0.08724603350444628,0.058823529411764705,1,0.0014881743912666346,0.2868893966672207,0.0,0,0.0,0.19506432296909318,0.058823529411764705,1,0.0014881743912666346,0.2868893966672207,0.058823529411764705,1,0.0014881743912666346,0.2868893966672207,0.058823529411764705,1,0.0014881743912666346,0.2868893966672207,0.058823529411764705,1,0.0014881743912666346,0.2868893966672207,522,19094,1.1756756756756757,2.7338430920708077,4,551,0.23529411764705882,0.7259528130671506,7.0,7.0,7.0,1
A,hgb_no_observation_features,mask_ambiguous_units,source_patient,hourly,0.0407457893577934,False,187,444,17,0.03153153153153153,14,0.017343656330719,0.05233904068213419,0.0,0,0.0,0.19506432296909318,0.0,0,0.0,0.19506432296909318,0.058823529411764705,1,0.0014881743912666346,0.2868893966672207,0.058823529411764705,1,0.0014881743912666346,0.2868893966672207,0.058823529411764705,1,0.0014881743912666346,0.2868893966672207,0.058823529411764705,1,0.0014881743912666346,0.2868893966672207,60,19094,0.13513513513513514,0.31423483816905834,1,551,0.058823529411764705,0.18148820326678766,9.0,9.0,9.0,1
A,hgb_no_observation_features,mask_ambiguous_units,source_patient,single,0.0407457893577934,False,187,444,17,0.03153153153153153,14,0.017343656330719,0.05233904068213419,0.0,0,0.0,0.19506432296909318,0.0,0,0.0,0.19506432296909318,0.058823529411764705,1,0.0014881743912666346,0.2868893966672207,0.058823529411764705,1,0.0014881743912666346,0.2868893966672207,0.058823529411764705,1,0.0014881743912666346,0.2868893966672207,0.058823529411764705,1,0.0014881743912666346,0.2868893966672207,14,19094,0.03153153153153153,0.07332146223944695,1,551,0.058823529411764705,0.18148820326678766,9.0,9.0,9.0,1
A,hgb_no_observation_features,mask_ambiguous_units,source_patient,silence4,0.0407457893577934,False,187,444,17,0.03153153153153153,14,0.017343656330719,0.05233904068213419,0.0,0,0.0,0.19506432296909318,0.0,0,0.0,0.19506432296909318,0.058823529411764705,1,0.0014881743912666346,0.2868893966672207,0.058823529411764705,1,0.0014881743912666346,0.2868893966672207,0.058823529411764705,1,0.0014881743912666346,0.2868893966672207,0.058823529411764705,1,0.0014881743912666346,0.2868893966672207,31,19094,0.06981981981981981,0.1623546663873468,1,551,0.058823529411764705,0.18148820326678766,9.0,9.0,9.0,1
A,hgb_no_observation_features,mask_ambiguous_units,source_patient,silence6,0.0407457893577934,False,187,444,17,0.03153153153153153,14,0.017343656330719,0.05233904068213419,0.0,0,0.0,0.19506432296909318,0.0,0,0.0,0.19506432296909318,0.058823529411764705,1,0.0014881743912666346,0.2868893966672207,0.058823529411764705,1,0.0014881743912666346,0.2868893966672207,0.058823529411764705,1,0.0014881743912666346,0.2868893966672207,0.058823529411764705,1,0.0014881743912666346,0.2868893966672207,23,19094,0.0518018018018018,0.1204566879648057,1,551,0.058823529411764705,0.18148820326678766,9.0,9.0,9.0,1
A,hgb_no_observation_features,mask_ambiguous_units,source_patient,three_of_five,0.0407457893577934,False,187,444,17,0.01126126126126126,5,0.0036663325499439584,0.026083166539378137,0.0,0,0.0,0.19506432296909318,0.0,0,0.0,0.19506432296909318,0.0,0,0.0,0.19506432296909318,0.0,0,0.0,0.19506432296909318,0.0,0,0.0,0.19506432296909318,0.0,0,0.0,0.19506432296909318,39,19094,0.08783783783783784,0.20425264480988792,0,551,0.0,0.0,,,,0
A,hgb_no_observation_features,mask_ambiguous_units,local_patient,hourly,0.01784122688663219,False,187,444,17,0.15090090090090091,67,0.1188994327925078,0.18763824326392056,0.058823529411764705,1,0.0014881743912666346,0.2868893966672207,0.0,0,0.0,0.19506432296909318,0.058823529411764705,1,0.0014881743912666346,0.2868893966672207,0.058823529411764705,1,0.0014881743912666346,0.2868893966672207,0.058823529411764705,1,0.0014881743912666346,0.2868893966672207,0.058823529411764705,1,0.0014881743912666346,0.2868893966672207,788,19094,1.7747747747747749,4.1269508746203,7,551,0.4117647058823529,1.2704174228675136,9.0,9.0,9.0,1
A,hgb_no_observation_features,mask_ambiguous_units,local_patient,single,0.01784122688663219,False,187,444,17,0.15090090090090091,67,0.1188994327925078,0.18763824326392056,0.0,0,0.0,0.19506432296909318,0.0,0,0.0,0.19506432296909318,0.058823529411764705,1,0.0014881743912666346,0.2868893966672207,0.058823529411764705,1,0.0014881743912666346,0.2868893966672207,0.058823529411764705,1,0.0014881743912666346,0.2868893966672207,0.058823529411764705,1,0.0014881743912666346,0.2868893966672207,67,19094,0.15090090090090091,0.3508955692887818,1,551,0.058823529411764705,0.18148820326678766,9.0,9.0,9.0,1
A,hgb_no_observation_features,mask_ambiguous_units,local_patient,silence4,0.01784122688663219,False,187,444,17,0.15090090090090091,67,0.1188994327925078,0.18763824326392056,0.058823529411764705,1,0.0014881743912666346,0.2868893966672207,0.0,0,0.0,0.19506432296909318,0.058823529411764705,1,0.0014881743912666346,0.2868893966672207,0.058823529411764705,1,0.0014881743912666346,0.2868893966672207,0.058823529411764705,1,0.0014881743912666346,0.2868893966672207,0.058823529411764705,1,0.0014881743912666346,0.2868893966672207,300,19094,0.6756756756756757,1.5711741908452916,2,551,0.11764705882352941,0.3629764065335753,9.0,9.0,9.0,1
A,hgb_no_observation_features,mask_ambiguous_units,local_patient,silence6,0.01784122688663219,False,187,444,17,0.15090090090090091,67,0.1188994327925078,0.18763824326392056,0.058823529411764705,1,0.0014881743912666346,0.2868893966672207,0.0,0,0.0,0.19506432296909318,0.058823529411764705,1,0.0014881743912666346,0.2868893966672207,0.058823529411764705,1,0.0014881743912666346,0.2868893966672207,0.058823529411764705,1,0.0014881743912666346,0.2868893966672207,0.058823529411764705,1,0.0014881743912666346,0.2868893966672207,226,19094,0.509009009009009,1.1836178904367864,2,551,0.11764705882352941,0.3629764065335753,9.0,9.0,9.0,1
A,hgb_no_observation_features,mask_ambiguous_units,local_patient,three_of_five,0.010851149088402793,False,187,444,17,0.17117117117117117,76,0.13729962773940704,0.20949450380460194,0.23529411764705882,4,0.06810774043735666,0.4989932732045801,0.17647058823529413,3,0.037985068070626,0.43431787284428397,0.17647058823529413,3,0.037985068070626,0.43431787284428397,0.29411764705882354,5,0.10313551437032002,0.5595827187543372,0.29411764705882354,5,0.10313551437032002,0.5595827187543372,0.35294117647058826,6,0.14209748311022094,0.6167163365565971,1719,19094,3.8716216216216215,9.002828113543522,17,551,1.0,3.0852994555353903,5.5,2.5,10.0,6
B,logistic,native_numeric,source_hourly,hourly,0.0109817525734817,False,187,444,17,0.11261261261261261,50,0.08474755644114151,0.14576137728178148,0.058823529411764705,1,0.0014881743912666346,0.2868893966672207,0.0,0,0.0,0.19506432296909318,0.058823529411764705,1,0.0014881743912666346,0.2868893966672207,0.058823529411764705,1,0.0014881743912666346,0.2868893966672207,0.0,0,0.0,0.19506432296909318,0.058823529411764705,1,0.0014881743912666346,0.2868893966672207,792,19094,1.7837837837837838,4.1478998638315705,2,551,0.11764705882352941,0.3629764065335753,14.0,14.0,14.0,1
B,logistic,native_numeric,source_hourly,single,0.0109817525734817,False,187,444,17,0.11261261261261261,50,0.08474755644114151,0.14576137728178148,0.0,0,0.0,0.19506432296909318,0.0,0,0.0,0.19506432296909318,0.058823529411764705,1,0.0014881743912666346,0.2868893966672207,0.0,0,0.0,0.19506432296909318,0.0,0,0.0,0.19506432296909318,0.058823529411764705,1,0.0014881743912666346,0.2868893966672207,50,19094,0.11261261261261261,0.26186236514088196,1,551,0.058823529411764705,0.18148820326678766,14.0,14.0,14.0,1
B,logistic,native_numeric,source_hourly,silence4,0.0109817525734817,False,187,444,17,0.11261261261261261,50,0.08474755644114151,0.14576137728178148,0.058823529411764705,1,0.0014881743912666346,0.2868893966672207,0.0,0,0.0,0.19506432296909318,0.058823529411764705,1,0.0014881743912666346,0.2868893966672207,0.058823529411764705,1,0.0014881743912666346,0.2868893966672207,0.0,0,0.0,0.19506432296909318,0.058823529411764705,1,0.0014881743912666346,0.2868893966672207,268,19094,0.6036036036036037,1.4035822771551272,2,551,0.11764705882352941,0.3629764065335753,14.0,14.0,14.0,1
B,logistic,native_numeric,source_hourly,silence6,0.0109817525734817,False,187,444,17,0.11261261261261261,50,0.08474755644114151,0.14576137728178148,0.058823529411764705,1,0.0014881743912666346,0.2868893966672207,0.0,0,0.0,0.19506432296909318,0.058823529411764705,1,0.0014881743912666346,0.2868893966672207,0.058823529411764705,1,0.0014881743912666346,0.2868893966672207,0.0,0,0.0,0.19506432296909318,0.058823529411764705,1,0.0014881743912666346,0.2868893966672207,204,19094,0.4594594594594595,1.0683984497747985,2,551,0.11764705882352941,0.3629764065335753,14.0,14.0,14.0,1
B,logistic,native_numeric,source_hourly,three_of_five,0.0109817525734817,False,187,444,17,0.04954954954954955,22,0.03130940706943397,0.07406011166164214,0.0,0,0.0,0.19506432296909318,0.0,0,0.0,0.19506432296909318,0.0,0,0.0,0.19506432296909318,0.0,0,0.0,0.19506432296909318,0.0,0,0.0,0.19506432296909318,0.0,0,0.0,0.19506432296909318,692,19094,1.5585585585585586,3.624175133549806,0,551,0.0,0.0,,,,0
B,logistic,native_numeric,source_patient,hourly,0.0238446492374886,False,187,444,17,0.0518018018018018,23,0.03311766513620005,0.07671677434791899,0.0,0,0.0,0.19506432296909318,0.0,0,0.0,0.19506432296909318,0.0,0,0.0,0.19506432296909318,0.0,0,0.0,0.19506432296909318,0.0,0,0.0,0.19506432296909318,0.0,0,0.0,0.19506432296909318,284,19094,0.6396396396396397,1.4873782340002095,0,551,0.0,0.0,,,,0
B,logistic,native_numeric,source_patient,single,0.0238446492374886,False,187,444,17,0.0518018018018018,23,0.03311766513620005,0.07671677434791899,0.0,0,0.0,0.19506432296909318,0.0,0,0.0,0.19506432296909318,0.0,0,0.0,0.19506432296909318,0.0,0,0.0,0.19506432296909318,0.0,0,0.0,0.19506432296909318,0.0,0,0.0,0.19506432296909318,23,19094,0.0518018018018018,0.1204566879648057,0,551,0.0,0.0,,,,0
B,logistic,native_numeric,source_patient,silence4,0.0238446492374886,False,187,444,17,0.0518018018018018,23,0.03311766513620005,0.07671677434791899,0.0,0,0.0,0.19506432296909318,0.0,0,0.0,0.19506432296909318,0.0,0,0.0,0.19506432296909318,0.0,0,0.0,0.19506432296909318,0.0,0,0.0,0.19506432296909318,0.0,0,0.0,0.19506432296909318,108,19094,0.24324324324324326,0.565622708704305,0,551,0.0,0.0,,,,0
B,logistic,native_numeric,source_patient,silence6,0.0238446492374886,False,187,444,17,0.0518018018018018,23,0.03311766513620005,0.07671677434791899,0.0,0,0.0,0.19506432296909318,0.0,0,0.0,0.19506432296909318,0.0,0,0.0,0.19506432296909318,0.0,0,0.0,0.19506432296909318,0.0,0,0.0,0.19506432296909318,0.0,0,0.0,0.19506432296909318,86,19094,0.19369369369369369,0.45040326804231695,0,551,0.0,0.0,,,,0
B,logistic,native_numeric,source_patient,three_of_five,0.0238446492374886,False,187,444,17,0.018018018018018018,8,0.007810196144939938,0.03519282793794365,0.0,0,0.0,0.19506432296909318,0.0,0,0.0,0.19506432296909318,0.0,0,0.0,0.19506432296909318,0.0,0,0.0,0.19506432296909318,0.0,0,0.0,0.19506432296909318,0.0,0,0.0,0.19506432296909318,234,19094,0.527027027027027,1.2255158688593275,0,551,0.0,0.0,,,,0
B,logistic,native_numeric,local_patient,hourly,0.01547640532957269,False,187,444,17,0.08108108108108109,36,0.057432571711661384,0.11048456143169662,0.0,0,0.0,0.19506432296909318,0.0,0,0.0,0.19506432296909318,0.058823529411764705,1,0.0014881743912666346,0.2868893966672207,0.0,0,0.0,0.19506432296909318,0.0,0,0.0,0.19506432296909318,0.058823529411764705,1,0.0014881743912666346,0.2868893966672207,549,19094,1.2364864864864864,2.875248769246884,1,551,0.058823529411764705,0.18148820326678766,14.0,14.0,14.0,1
B,logistic,native_numeric,local_patient,single,0.01547640532957269,False,187,444,17,0.08108108108108109,36,0.057432571711661384,0.11048456143169662,0.0,0,0.0,0.19506432296909318,0.0,0,0.0,0.19506432296909318,0.058823529411764705,1,0.0014881743912666346,0.2868893966672207,0.0,0,0.0,0.19506432296909318,0.0,0,0.0,0.19506432296909318,0.058823529411764705,1,0.0014881743912666346,0.2868893966672207,36,19094,0.08108108108108109,0.188540902901435,1,551,0.058823529411764705,0.18148820326678766,14.0,14.0,14.0,1
B,logistic,native_numeric,local_patient,silence4,0.01547640532957269,False,187,444,17,0.08108108108108109,36,0.057432571711661384,0.11048456143169662,0.0,0,0.0,0.19506432296909318,0.0,0,0.0,0.19506432296909318,0.058823529411764705,1,0.0014881743912666346,0.2868893966672207,0.0,0,0.0,0.19506432296909318,0.0,0,0.0,0.19506432296909318,0.058823529411764705,1,0.0014881743912666346,0.2868893966672207,188,19094,0.42342342342342343,0.9846024929297161,1,551,0.058823529411764705,0.18148820326678766,14.0,14.0,14.0,1
B,logistic,native_numeric,local_patient,silence6,0.01547640532957269,False,187,444,17,0.08108108108108109,36,0.057432571711661384,0.11048456143169662,0.0,0,0.0,0.19506432296909318,0.0,0,0.0,0.19506432296909318,0.058823529411764705,1,0.0014881743912666346,0.2868893966672207,0.0,0,0.0,0.19506432296909318,0.0,0,0.0,0.19506432296909318,0.058823529411764705,1,0.0014881743912666346,0.2868893966672207,144,19094,0.32432432432432434,0.75416361160574,1,551,0.058823529411764705,0.18148820326678766,14.0,14.0,14.0,1
B,logistic,native_numeric,local_patient,three_of_five,0.009287388065473511,False,187,444,17,0.060810810810810814,27,0.040453486685033915,0.08724603350444628,0.0,0,0.0,0.19506432296909318,0.0,0,0.0,0.19506432296909318,0.0,0,0.0,0.19506432296909318,0.0,0,0.0,0.19506432296909318,0.0,0,0.0,0.19506432296909318,0.0,0,0.0,0.19506432296909318,797,19094,1.795045045045045,4.174086100345658,0,551,0.0,0.0,,,,0
B,logistic,mask_ambiguous_units,source_hourly,hourly,0.0109817525734817,False,187,444,17,0.10585585585585586,47,0.078821488752087,0.13827286409152795,0.058823529411764705,1,0.0014881743912666346,0.2868893966672207,0.0,0,0.0,0.19506432296909318,0.058823529411764705,1,0.0014881743912666346,0.2868893966672207,0.058823529411764705,1,0.0014881743912666346,0.2868893966672207,0.0,0,0.0,0.19506432296909318,0.058823529411764705,1,0.0014881743912666346,0.2868893966672207,691,19094,1.5563063063063063,3.6189378862469885,2,551,0.11764705882352941,0.3629764065335753,14.0,14.0,14.0,1
B,logistic,mask_ambiguous_units,source_hourly,single,0.0109817525734817,False,187,444,17,0.10585585585585586,47,0.078821488752087,0.13827286409152795,0.0,0,0.0,0.19506432296909318,0.0,0,0.0,0.19506432296909318,0.058823529411764705,1,0.0014881743912666346,0.2868893966672207,0.0,0,0.0,0.19506432296909318,0.0,0,0.0,0.19506432296909318,0.058823529411764705,1,0.0014881743912666346,0.2868893966672207,47,19094,0.10585585585585586,0.24615062323242903,1,551,0.058823529411764705,0.18148820326678766,14.0,14.0,14.0,1
B,logistic,mask_ambiguous_units,source_hourly,silence4,0.0109817525734817,False,187,444,17,0.10585585585585586,47,0.078821488752087,0.13827286409152795,0.058823529411764705,1,0.0014881743912666346,0.2868893966672207,0.0,0,0.0,0.19506432296909318,0.058823529411764705,1,0.0014881743912666346,0.2868893966672207,0.058823529411764705,1,0.0014881743912666346,0.2868893966672207,0.0,0,0.0,0.19506432296909318,0.058823529411764705,1,0.0014881743912666346,0.2868893966672207,239,19094,0.5382882882882883,1.2517021053734156,2,551,0.11764705882352941,0.3629764065335753,14.0,14.0,14.0,1
B,logistic,mask_ambiguous_units,source_hourly,silence6,0.0109817525734817,False,187,444,17,0.10585585585585586,47,0.078821488752087,0.13827286409152795,0.058823529411764705,1,0.0014881743912666346,0.2868893966672207,0.0,0,0.0,0.19506432296909318,0.058823529411764705,1,0.0014881743912666346,0.2868893966672207,0.058823529411764705,1,0.0014881743912666346,0.2868893966672207,0.0,0,0.0,0.19506432296909318,0.058823529411764705,1,0.0014881743912666346,0.2868893966672207,185,19094,0.4166666666666667,0.9688907510212632,2,551,0.11764705882352941,0.3629764065335753,14.0,14.0,14.0,1
B,logistic,mask_ambiguous_units,source_hourly,three_of_five,0.0109817525734817,False,187,444,17,0.04279279279279279,19,0.025957540915269695,0.06602150439585835,0.0,0,0.0,0.19506432296909318,0.0,0,0.0,0.19506432296909318,0.0,0,0.0,0.19506432296909318,0.0,0,0.0,0.19506432296909318,0.0,0,0.0,0.19506432296909318,0.0,0,0.0,0.19506432296909318,588,19094,1.3243243243243243,3.0795014140567716,0,551,0.0,0.0,,,,0
B,logistic,mask_ambiguous_units,source_patient,hourly,0.0238446492374886,False,187,444,17,0.04954954954954955,22,0.03130940706943397,0.07406011166164214,0.0,0,0.0,0.19506432296909318,0.0,0,0.0,0.19506432296909318,0.0,0,0.0,0.19506432296909318,0.0,0,0.0,0.19506432296909318,0.0,0,0.0,0.19506432296909318,0.0,0,0.0,0.19506432296909318,202,19094,0.45495495495495497,1.057923955169163,0,551,0.0,0.0,,,,0
B,logistic,mask_ambiguous_units,source_patient,single,0.0238446492374886,False,187,444,17,0.04954954954954955,22,0.03130940706943397,0.07406011166164214,0.0,0,0.0,0.19506432296909318,0.0,0,0.0,0.19506432296909318,0.0,0,0.0,0.19506432296909318,0.0,0,0.0,0.19506432296909318,0.0,0,0.0,0.19506432296909318,0.0,0,0.0,0.19506432296909318,22,19094,0.04954954954954955,0.11521944066198805,0,551,0.0,0.0,,,,0
B,logistic,mask_ambiguous_units,source_patient,silence4,0.0238446492374886,False,187,444,17,0.04954954954954955,22,0.03130940706943397,0.07406011166164214,0.0,0,0.0,0.19506432296909318,0.0,0,0.0,0.19506432296909318,0.0,0,0.0,0.19506432296909318,0.0,0,0.0,0.19506432296909318,0.0,0,0.0,0.19506432296909318,0.0,0,0.0,0.19506432296909318,91,19094,0.20495495495495494,0.47658950455640514,0,551,0.0,0.0,,,,0
B,logistic,mask_ambiguous_units,source_patient,silence6,0.0238446492374886,False,187,444,17,0.04954954954954955,22,0.03130940706943397,0.07406011166164214,0.0,0,0.0,0.19506432296909318,0.0,0,0.0,0.19506432296909318,0.0,0,0.0,0.19506432296909318,0.0,0,0.0,0.19506432296909318,0.0,0,0.0,0.19506432296909318,0.0,0,0.0,0.19506432296909318,72,19094,0.16216216216216217,0.37708180580287,0,551,0.0,0.0,,,,0
B,logistic,mask_ambiguous_units,source_patient,three_of_five,0.0238446492374886,False,187,444,17,0.018018018018018018,8,0.007810196144939938,0.03519282793794365,0.0,0,0.0,0.19506432296909318,0.0,0,0.0,0.19506432296909318,0.0,0,0.0,0.19506432296909318,0.0,0,0.0,0.19506432296909318,0.0,0,0.0,0.19506432296909318,0.0,0,0.0,0.19506432296909318,141,19094,0.31756756756756754,0.7384518696972872,0,551,0.0,0.0,,,,0
B,logistic,mask_ambiguous_units,local_patient,hourly,0.016310952668188442,False,187,444,17,0.06756756756756757,30,0.04604847969685901,0.09505426900014288,0.0,0,0.0,0.19506432296909318,0.0,0,0.0,0.19506432296909318,0.058823529411764705,1,0.0014881743912666346,0.2868893966672207,0.0,0,0.0,0.19506432296909318,0.0,0,0.0,0.19506432296909318,0.058823529411764705,1,0.0014881743912666346,0.2868893966672207,452,19094,1.018018018018018,2.367235780873573,1,551,0.058823529411764705,0.18148820326678766,14.0,14.0,14.0,1
B,logistic,mask_ambiguous_units,local_patient,single,0.016310952668188442,False,187,444,17,0.06756756756756757,30,0.04604847969685901,0.09505426900014288,0.0,0,0.0,0.19506432296909318,0.0,0,0.0,0.19506432296909318,0.058823529411764705,1,0.0014881743912666346,0.2868893966672207,0.0,0,0.0,0.19506432296909318,0.0,0,0.0,0.19506432296909318,0.058823529411764705,1,0.0014881743912666346,0.2868893966672207,30,19094,0.06756756756756757,0.15711741908452917,1,551,0.058823529411764705,0.18148820326678766,14.0,14.0,14.0,1
B,logistic,mask_ambiguous_units,local_patient,silence4,0.016310952668188442,False,187,444,17,0.06756756756756757,30,0.04604847969685901,0.09505426900014288,0.0,0,0.0,0.19506432296909318,0.0,0,0.0,0.19506432296909318,0.058823529411764705,1,0.0014881743912666346,0.2868893966672207,0.0,0,0.0,0.19506432296909318,0.0,0,0.0,0.19506432296909318,0.058823529411764705,1,0.0014881743912666346,0.2868893966672207,160,19094,0.36036036036036034,0.8379595684508222,1,551,0.058823529411764705,0.18148820326678766,14.0,14.0,14.0,1
B,logistic,mask_ambiguous_units,local_patient,silence6,0.016310952668188442,False,187,444,17,0.06756756756756757,30,0.04604847969685901,0.09505426900014288,0.0,0,0.0,0.19506432296909318,0.0,0,0.0,0.19506432296909318,0.058823529411764705,1,0.0014881743912666346,0.2868893966672207,0.0,0,0.0,0.19506432296909318,0.0,0,0.0,0.19506432296909318,0.058823529411764705,1,0.0014881743912666346,0.2868893966672207,122,19094,0.2747747747747748,0.638944170943752,1,551,0.058823529411764705,0.18148820326678766,14.0,14.0,14.0,1
B,logistic,mask_ambiguous_units,local_patient,three_of_five,0.007423107780074829,False,187,444,17,0.06531531531531531,29,0.044175504993635,0.09245915082883534,0.0,0,0.0,0.19506432296909318,0.0,0,0.0,0.19506432296909318,0.0,0,0.0,0.19506432296909318,0.0,0,0.0,0.19506432296909318,0.0,0,0.0,0.19506432296909318,0.0,0,0.0,0.19506432296909318,849,19094,1.912162162162162,4.446422960092176,0,551,0.0,0.0,,,,0
B,hgb,native_numeric,source_hourly,hourly,0.0076662747879024,False,187,444,17,0.3918918918918919,174,0.34621085900831383,0.4390233563020518,0.47058823529411764,8,0.22983268726599038,0.7218816996688935,0.23529411764705882,4,0.06810774043735666,0.4989932732045801,0.23529411764705882,4,0.06810774043735666,0.4989932732045801,0.47058823529411764,8,0.22983268726599038,0.7218816996688935,0.29411764705882354,5,0.10313551437032002,0.5595827187543372,0.47058823529411764,8,0.22983268726599038,0.7218816996688935,6509,19094,14.65990990990991,34.08924269404001,168,551,9.882352941176471,30.490018148820326,7.0,3.0,32.75,8
B,hgb,native_numeric,source_hourly,single,0.0076662747879024,False,187,444,17,0.3918918918918919,174,0.34621085900831383,0.4390233563020518,0.23529411764705882,4,0.06810774043735666,0.4989932732045801,0.23529411764705882,4,0.06810774043735666,0.4989932732045801,0.23529411764705882,4,0.06810774043735666,0.4989932732045801,0.29411764705882354,5,0.10313551437032002,0.5595827187543372,0.29411764705882354,5,0.10313551437032002,0.5595827187543372,0.47058823529411764,8,0.22983268726599038,0.7218816996688935,174,19094,0.3918918918918919,0.9112810306902692,8,551,0.47058823529411764,1.4519056261343013,7.0,3.0,32.75,8
B,hgb,native_numeric,source_hourly,silence4,0.0076662747879024,False,187,444,17,0.3918918918918919,174,0.34621085900831383,0.4390233563020518,0.47058823529411764,8,0.22983268726599038,0.7218816996688935,0.23529411764705882,4,0.06810774043735666,0.4989932732045801,0.23529411764705882,4,0.06810774043735666,0.4989932732045801,0.47058823529411764,8,0.22983268726599038,0.7218816996688935,0.29411764705882354,5,0.10313551437032002,0.5595827187543372,0.47058823529411764,8,0.22983268726599038,0.7218816996688935,1774,19094,3.9954954954954953,9.290876715198491,48,551,2.823529411764706,8.711433756805807,7.0,3.0,32.75,8
B,hgb,native_numeric,source_hourly,silence6,0.0076662747879024,False,187,444,17,0.3918918918918919,174,0.34621085900831383,0.4390233563020518,0.47058823529411764,8,0.22983268726599038,0.7218816996688935,0.23529411764705882,4,0.06810774043735666,0.4989932732045801,0.23529411764705882,4,0.06810774043735666,0.4989932732045801,0.47058823529411764,8,0.22983268726599038,0.7218816996688935,0.29411764705882354,5,0.10313551437032002,0.5595827187543372,0.47058823529411764,8,0.22983268726599038,0.7218816996688935,1234,19094,2.779279279279279,6.462763171676967,34,551,2.0,6.170598911070781,7.0,3.0,32.75,8
B,hgb,native_numeric,source_hourly,three_of_five,0.0076662747879024,False,187,444,17,0.32882882882882886,146,0.2852724798403881,0.37468446450497883,0.35294117647058826,6,0.14209748311022094,0.6167163365565971,0.17647058823529413,3,0.037985068070626,0.43431787284428397,0.17647058823529413,3,0.037985068070626,0.43431787284428397,0.35294117647058826,6,0.14209748311022094,0.6167163365565971,0.17647058823529413,3,0.037985068070626,0.43431787284428397,0.35294117647058826,6,0.14209748311022094,0.6167163365565971,6183,19094,13.925675675675675,32.38190007332146,154,551,9.058823529411764,27.9491833030853,12.0,1.5,50.25,6
B,hgb,native_numeric,source_patient,hourly,0.0203461802777819,False,187,444,17,0.2747747747747748,122,0.233746505850873,0.3188334823266706,0.23529411764705882,4,0.06810774043735666,0.4989932732045801,0.058823529411764705,1,0.0014881743912666346,0.2868893966672207,0.17647058823529413,3,0.037985068070626,0.43431787284428397,0.23529411764705882,4,0.06810774043735666,0.4989932732045801,0.11764705882352941,2,0.014579316840302493,0.36440916210125024,0.23529411764705882,4,0.06810774043735666,0.4989932732045801,3641,19094,8.20045045045045,19.068817429559022,84,551,4.9411764705882355,15.245009074410163,28.5,9.25,52.75,4
B,hgb,native_numeric,source_patient,single,0.0203461802777819,False,187,444,17,0.2747747747747748,122,0.233746505850873,0.3188334823266706,0.058823529411764705,1,0.0014881743912666346,0.2868893966672207,0.058823529411764705,1,0.0014881743912666346,0.2868893966672207,0.17647058823529413,3,0.037985068070626,0.43431787284428397,0.11764705882352941,2,0.014579316840302493,0.36440916210125024,0.11764705882352941,2,0.014579316840302493,0.36440916210125024,0.23529411764705882,4,0.06810774043735666,0.4989932732045801,122,19094,0.2747747747747748,0.638944170943752,4,551,0.23529411764705882,0.7259528130671506,28.5,9.25,52.75,4
B,hgb,native_numeric,source_patient,silence4,0.0203461802777819,False,187,444,17,0.2747747747747748,122,0.233746505850873,0.3188334823266706,0.23529411764705882,4,0.06810774043735666,0.4989932732045801,0.058823529411764705,1,0.0014881743912666346,0.2868893966672207,0.17647058823529413,3,0.037985068070626,0.43431787284428397,0.23529411764705882,4,0.06810774043735666,0.4989932732045801,0.11764705882352941,2,0.014579316840302493,0.36440916210125024,0.23529411764705882,4,0.06810774043735666,0.4989932732045801,1061,19094,2.3896396396396398,5.556719388289515,24,551,1.411764705882353,4.3557168784029034,28.5,9.25,52.75,4
B,hgb,native_numeric,source_patient,silence6,0.0203461802777819,False,187,444,17,0.2747747747747748,122,0.233746505850873,0.3188334823266706,0.23529411764705882,4,0.06810774043735666,0.4989932732045801,0.058823529411764705,1,0.0014881743912666346,0.2868893966672207,0.17647058823529413,3,0.037985068070626,0.43431787284428397,0.23529411764705882,4,0.06810774043735666,0.4989932732045801,0.11764705882352941,2,0.014579316840302493,0.36440916210125024,0.23529411764705882,4,0.06810774043735666,0.4989932732045801,760,19094,1.7117117117117118,3.980307950141406,18,551,1.0588235294117647,3.266787658802178,28.5,9.25,52.75,4
B,hgb,native_numeric,source_patient,three_of_five,0.0203461802777819,False,187,444,17,0.22522522522522523,100,0.18718500257948253,0.2669710751050476,0.17647058823529413,3,0.037985068070626,0.43431787284428397,0.058823529411764705,1,0.0014881743912666346,0.2868893966672207,0.17647058823529413,3,0.037985068070626,0.43431787284428397,0.17647058823529413,3,0.037985068070626,0.43431787284428397,0.11764705882352941,2,0.014579316840302493,0.36440916210125024,0.23529411764705882,4,0.06810774043735666,0.4989932732045801,3372,19094,7.594594594594595,17.65999790510108,76,551,4.470588235294118,13.793103448275861,25.5,5.75,50.75,4
B,hgb,native_numeric,local_patient,hourly,0.10268622759079725,False,187,444,17,0.08333333333333333,37,0.05935170268904096,0.11303529299773665,0.0,0,0.0,0.19506432296909318,0.0,0,0.0,0.19506432296909318,0.058823529411764705,1,0.0014881743912666346,0.2868893966672207,0.0,0,0.0,0.19506432296909318,0.0,0,0.0,0.19506432296909318,0.058823529411764705,1,0.0014881743912666346,0.2868893966672207,518,19094,1.1666666666666667,2.7128941028595372,24,551,1.411764705882353,4.3557168784029034,51.0,51.0,51.0,1
B,hgb,native_numeric,local_patient,single,0.10268622759079725,False,187,444,17,0.08333333333333333,37,0.05935170268904096,0.11303529299773665,0.0,0,0.0,0.19506432296909318,0.0,0,0.0,0.19506432296909318,0.058823529411764705,1,0.0014881743912666346,0.2868893966672207,0.0,0,0.0,0.19506432296909318,0.0,0,0.0,0.19506432296909318,0.058823529411764705,1,0.0014881743912666346,0.2868893966672207,37,19094,0.08333333333333333,0.19377815020425265,1,551,0.058823529411764705,0.18148820326678766,51.0,51.0,51.0,1
B,hgb,native_numeric,local_patient,silence4,0.10268622759079725,False,187,444,17,0.08333333333333333,37,0.05935170268904096,0.11303529299773665,0.0,0,0.0,0.19506432296909318,0.0,0,0.0,0.19506432296909318,0.058823529411764705,1,0.0014881743912666346,0.2868893966672207,0.0,0,0.0,0.19506432296909318,0.0,0,0.0,0.19506432296909318,0.058823529411764705,1,0.0014881743912666346,0.2868893966672207,180,19094,0.40540540540540543,0.9427045145071751,7,551,0.4117647058823529,1.2704174228675136,51.0,51.0,51.0,1
B,hgb,native_numeric,local_patient,silence6,0.10268622759079725,False,187,444,17,0.08333333333333333,37,0.05935170268904096,0.11303529299773665,0.0,0,0.0,0.19506432296909318,0.0,0,0.0,0.19506432296909318,0.058823529411764705,1,0.0014881743912666346,0.2868893966672207,0.0,0,0.0,0.19506432296909318,0.0,0,0.0,0.19506432296909318,0.058823529411764705,1,0.0014881743912666346,0.2868893966672207,141,19094,0.31756756756756754,0.7384518696972872,5,551,0.29411764705882354,0.9074410163339383,51.0,51.0,51.0,1
B,hgb,native_numeric,local_patient,three_of_five,0.07411274351487301,False,187,444,17,0.09234234234234234,41,0.06708225143047208,0.12318597029039781,0.0,0,0.0,0.19506432296909318,0.0,0,0.0,0.19506432296909318,0.058823529411764705,1,0.0014881743912666346,0.2868893966672207,0.0,0,0.0,0.19506432296909318,0.0,0,0.0,0.19506432296909318,0.058823529411764705,1,0.0014881743912666346,0.2868893966672207,780,19094,1.7567567567567568,4.085052896197759,32,551,1.8823529411764706,5.807622504537205,50.0,50.0,50.0,1
B,hgb,mask_ambiguous_units,source_hourly,hourly,0.0076662747879024,False,187,444,17,0.38738738738738737,172,0.34183089915846626,0.43445483930302525,0.47058823529411764,8,0.22983268726599038,0.7218816996688935,0.29411764705882354,5,0.10313551437032002,0.5595827187543372,0.17647058823529413,3,0.037985068070626,0.43431787284428397,0.47058823529411764,8,0.22983268726599038,0.7218816996688935,0.29411764705882354,5,0.10313551437032002,0.5595827187543372,0.47058823529411764,8,0.22983268726599038,0.7218816996688935,6461,19094,14.551801801801801,33.83785482350476,168,551,9.882352941176471,30.490018148820326,4.0,2.75,32.75,8
B,hgb,mask_ambiguous_units,source_hourly,single,0.0076662747879024,False,187,444,17,0.38738738738738737,172,0.34183089915846626,0.43445483930302525,0.29411764705882354,5,0.10313551437032002,0.5595827187543372,0.29411764705882354,5,0.10313551437032002,0.5595827187543372,0.17647058823529413,3,0.037985068070626,0.43431787284428397,0.29411764705882354,5,0.10313551437032002,0.5595827187543372,0.29411764705882354,5,0.10313551437032002,0.5595827187543372,0.47058823529411764,8,0.22983268726599038,0.7218816996688935,172,19094,0.38738738738738737,0.9008065360846339,8,551,0.47058823529411764,1.4519056261343013,4.0,2.75,32.75,8
B,hgb,mask_ambiguous_units,source_hourly,silence4,0.0076662747879024,False,187,444,17,0.38738738738738737,172,0.34183089915846626,0.43445483930302525,0.47058823529411764,8,0.22983268726599038,0.7218816996688935,0.29411764705882354,5,0.10313551437032002,0.5595827187543372,0.17647058823529413,3,0.037985068070626,0.43431787284428397,0.47058823529411764,8,0.22983268726599038,0.7218816996688935,0.29411764705882354,5,0.10313551437032002,0.5595827187543372,0.47058823529411764,8,0.22983268726599038,0.7218816996688935,1764,19094,3.972972972972973,9.238504242170315,47,551,2.764705882352941,8.52994555353902,4.0,2.75,32.75,8
B,hgb,mask_ambiguous_units,source_hourly,silence6,0.0076662747879024,False,187,444,17,0.38738738738738737,172,0.34183089915846626,0.43445483930302525,0.47058823529411764,8,0.22983268726599038,0.7218816996688935,0.29411764705882354,5,0.10313551437032002,0.5595827187543372,0.17647058823529413,3,0.037985068070626,0.43431787284428397,0.47058823529411764,8,0.22983268726599038,0.7218816996688935,0.29411764705882354,5,0.10313551437032002,0.5595827187543372,0.47058823529411764,8,0.22983268726599038,0.7218816996688935,1225,19094,2.759009009009009,6.4156279459516075,33,551,1.9411764705882353,5.9891107078039925,4.0,2.75,32.75,8
B,hgb,mask_ambiguous_units,source_hourly,three_of_five,0.0076662747879024,False,187,444,17,0.3333333333333333,148,0.28959708735150197,0.37930811297920536,0.35294117647058826,6,0.14209748311022094,0.6167163365565971,0.17647058823529413,3,0.037985068070626,0.43431787284428397,0.17647058823529413,3,0.037985068070626,0.43431787284428397,0.35294117647058826,6,0.14209748311022094,0.6167163365565971,0.17647058823529413,3,0.037985068070626,0.43431787284428397,0.35294117647058826,6,0.14209748311022094,0.6167163365565971,6149,19094,13.8490990990991,32.20383366502566,154,551,9.058823529411764,27.9491833030853,12.0,1.5,50.25,6
B,hgb,mask_ambiguous_units,source_patient,hourly,0.0203461802777819,False,187,444,17,0.2635135135135135,117,0.2231037131145449,0.307106693196451,0.23529411764705882,4,0.06810774043735666,0.4989932732045801,0.058823529411764705,1,0.0014881743912666346,0.2868893966672207,0.17647058823529413,3,0.037985068070626,0.43431787284428397,0.23529411764705882,4,0.06810774043735666,0.4989932732045801,0.11764705882352941,2,0.014579316840302493,0.36440916210125024,0.23529411764705882,4,0.06810774043735666,0.4989932732045801,3588,19094,8.08108108108108,18.79124332250969,83,551,4.882352941176471,15.063520871143377,28.5,9.25,52.75,4
B,hgb,mask_ambiguous_units,source_patient,single,0.0203461802777819,False,187,444,17,0.2635135135135135,117,0.2231037131145449,0.307106693196451,0.058823529411764705,1,0.0014881743912666346,0.2868893966672207,0.058823529411764705,1,0.0014881743912666346,0.2868893966672207,0.17647058823529413,3,0.037985068070626,0.43431787284428397,0.11764705882352941,2,0.014579316840302493,0.36440916210125024,0.11764705882352941,2,0.014579316840302493,0.36440916210125024,0.23529411764705882,4,0.06810774043735666,0.4989932732045801,117,19094,0.2635135135135135,0.6127579344296638,4,551,0.23529411764705882,0.7259528130671506,28.5,9.25,52.75,4
B,hgb,mask_ambiguous_units,source_patient,silence4,0.0203461802777819,False,187,444,17,0.2635135135135135,117,0.2231037131145449,0.307106693196451,0.23529411764705882,4,0.06810774043735666,0.4989932732045801,0.058823529411764705,1,0.0014881743912666346,0.2868893966672207,0.17647058823529413,3,0.037985068070626,0.43431787284428397,0.23529411764705882,4,0.06810774043735666,0.4989932732045801,0.11764705882352941,2,0.014579316840302493,0.36440916210125024,0.23529411764705882,4,0.06810774043735666,0.4989932732045801,1051,19094,2.3671171171171173,5.504346915261339,24,551,1.411764705882353,4.3557168784029034,28.5,9.25,52.75,4
B,hgb,mask_ambiguous_units,source_patient,silence6,0.0203461802777819,False,187,444,17,0.2635135135135135,117,0.2231037131145449,0.307106693196451,0.23529411764705882,4,0.06810774043735666,0.4989932732045801,0.058823529411764705,1,0.0014881743912666346,0.2868893966672207,0.17647058823529413,3,0.037985068070626,0.43431787284428397,0.23529411764705882,4,0.06810774043735666,0.4989932732045801,0.11764705882352941,2,0.014579316840302493,0.36440916210125024,0.23529411764705882,4,0.06810774043735666,0.4989932732045801,747,19094,1.6824324324324325,3.912223735204776,18,551,1.0588235294117647,3.266787658802178,28.5,9.25,52.75,4
B,hgb,mask_ambiguous_units,source_patient,three_of_five,0.0203461802777819,False,187,444,17,0.21621621621621623,96,0.17879854014983296,0.25746302451583,0.17647058823529413,3,0.037985068070626,0.43431787284428397,0.058823529411764705,1,0.0014881743912666346,0.2868893966672207,0.17647058823529413,3,0.037985068070626,0.43431787284428397,0.17647058823529413,3,0.037985068070626,0.43431787284428397,0.11764705882352941,2,0.014579316840302493,0.36440916210125024,0.23529411764705882,4,0.06810774043735666,0.4989932732045801,3314,19094,7.463963963963964,17.356237561537657,75,551,4.411764705882353,13.611615245009075,25.5,5.75,50.75,4
B,hgb,mask_ambiguous_units,local_patient,hourly,0.10205336786728718,False,187,444,17,0.08558558558558559,38,0.06127643030015051,0.11558061681575313,0.0,0,0.0,0.19506432296909318,0.0,0,0.0,0.19506432296909318,0.058823529411764705,1,0.0014881743912666346,0.2868893966672207,0.0,0,0.0,0.19506432296909318,0.0,0,0.0,0.19506432296909318,0.058823529411764705,1,0.0014881743912666346,0.2868893966672207,502,19094,1.1306306306306306,2.6290981460144547,24,551,1.411764705882353,4.3557168784029034,51.0,51.0,51.0,1
B,hgb,mask_ambiguous_units,local_patient,single,0.10205336786728718,False,187,444,17,0.08558558558558559,38,0.06127643030015051,0.11558061681575313,0.0,0,0.0,0.19506432296909318,0.0,0,0.0,0.19506432296909318,0.058823529411764705,1,0.0014881743912666346,0.2868893966672207,0.0,0,0.0,0.19506432296909318,0.0,0,0.0,0.19506432296909318,0.058823529411764705,1,0.0014881743912666346,0.2868893966672207,38,19094,0.08558558558558559,0.19901539750707029,1,551,0.058823529411764705,0.18148820326678766,51.0,51.0,51.0,1
B,hgb,mask_ambiguous_units,local_patient,silence4,0.10205336786728718,False,187,444,17,0.08558558558558559,38,0.06127643030015051,0.11558061681575313,0.0,0,0.0,0.19506432296909318,0.0,0,0.0,0.19506432296909318,0.058823529411764705,1,0.0014881743912666346,0.2868893966672207,0.0,0,0.0,0.19506432296909318,0.0,0,0.0,0.19506432296909318,0.058823529411764705,1,0.0014881743912666346,0.2868893966672207,172,19094,0.38738738738738737,0.9008065360846339,7,551,0.4117647058823529,1.2704174228675136,51.0,51.0,51.0,1
B,hgb,mask_ambiguous_units,local_patient,silence6,0.10205336786728718,False,187,444,17,0.08558558558558559,38,0.06127643030015051,0.11558061681575313,0.0,0,0.0,0.19506432296909318,0.0,0,0.0,0.19506432296909318,0.058823529411764705,1,0.0014881743912666346,0.2868893966672207,0.0,0,0.0,0.19506432296909318,0.0,0,0.0,0.19506432296909318,0.058823529411764705,1,0.0014881743912666346,0.2868893966672207,136,19094,0.3063063063063063,0.7122656331831989,5,551,0.29411764705882354,0.9074410163339383,51.0,51.0,51.0,1
B,hgb,mask_ambiguous_units,local_patient,three_of_five,0.079284314771001,False,187,444,17,0.08108108108108109,36,0.057432571711661384,0.11048456143169662,0.0,0,0.0,0.19506432296909318,0.0,0,0.0,0.19506432296909318,0.058823529411764705,1,0.0014881743912666346,0.2868893966672207,0.0,0,0.0,0.19506432296909318,0.0,0,0.0,0.19506432296909318,0.058823529411764705,1,0.0014881743912666346,0.2868893966672207,673,19094,1.5157657657657657,3.524667434796271,30,551,1.7647058823529411,5.44464609800363,49.0,49.0,49.0,1
B,hgb_no_observation_features,native_numeric,source_hourly,hourly,0.0110760222106053,False,187,444,17,0.1554054054054054,69,0.12297150144093634,0.19251177885165166,0.058823529411764705,1,0.0014881743912666346,0.2868893966672207,0.058823529411764705,1,0.0014881743912666346,0.2868893966672207,0.11764705882352941,2,0.014579316840302493,0.36440916210125024,0.11764705882352941,2,0.014579316840302493,0.36440916210125024,0.058823529411764705,1,0.0014881743912666346,0.2868893966672207,0.17647058823529413,3,0.037985068070626,0.43431787284428397,1655,19094,3.7274774774774775,8.667644286163192,35,551,2.0588235294117645,6.352087114337568,41.0,23.5,46.0,3
B,hgb_no_observation_features,native_numeric,source_hourly,single,0.0110760222106053,False,187,444,17,0.1554054054054054,69,0.12297150144093634,0.19251177885165166,0.058823529411764705,1,0.0014881743912666346,0.2868893966672207,0.058823529411764705,1,0.0014881743912666346,0.2868893966672207,0.11764705882352941,2,0.014579316840302493,0.36440916210125024,0.058823529411764705,1,0.0014881743912666346,0.2868893966672207,0.058823529411764705,1,0.0014881743912666346,0.2868893966672207,0.17647058823529413,3,0.037985068070626,0.43431787284428397,69,19094,0.1554054054054054,0.3613700638944171,3,551,0.17647058823529413,0.5444646098003629,41.0,23.5,46.0,3
B,hgb_no_observation_features,native_numeric,source_hourly,silence4,0.0110760222106053,False,187,444,17,0.1554054054054054,69,0.12297150144093634,0.19251177885165166,0.058823529411764705,1,0.0014881743912666346,0.2868893966672207,0.058823529411764705,1,0.0014881743912666346,0.2868893966672207,0.11764705882352941,2,0.014579316840302493,0.36440916210125024,0.11764705882352941,2,0.014579316840302493,0.36440916210125024,0.058823529411764705,1,0.0014881743912666346,0.2868893966672207,0.17647058823529413,3,0.037985068070626,0.43431787284428397,503,19094,1.132882882882883,2.6343353933172726,13,551,0.7647058823529411,2.3593466424682394,41.0,23.5,46.0,3
B,hgb_no_observation_features,native_numeric,source_hourly,silence6,0.0110760222106053,False,187,444,17,0.1554054054054054,69,0.12297150144093634,0.19251177885165166,0.058823529411764705,1,0.0014881743912666346,0.2868893966672207,0.058823529411764705,1,0.0014881743912666346,0.2868893966672207,0.11764705882352941,2,0.014579316840302493,0.36440916210125024,0.11764705882352941,2,0.014579316840302493,0.36440916210125024,0.058823529411764705,1,0.0014881743912666346,0.2868893966672207,0.17647058823529413,3,0.037985068070626,0.43431787284428397,365,19094,0.8220720720720721,1.9115952655284383,9,551,0.5294117647058824,1.633393829401089,41.0,23.5,46.0,3
B,hgb_no_observation_features,native_numeric,source_hourly,three_of_five,0.0110760222106053,False,187,444,17,0.13288288288288289,59,0.10271805258201878,0.16803913716080104,0.0,0,0.0,0.19506432296909318,0.0,0,0.0,0.19506432296909318,0.058823529411764705,1,0.0014881743912666346,0.2868893966672207,0.058823529411764705,1,0.0014881743912666346,0.2868893966672207,0.0,0,0.0,0.19506432296909318,0.058823529411764705,1,0.0014881743912666346,0.2868893966672207,1553,19094,3.4977477477477477,8.133445061275793,34,551,2.0,6.170598911070781,49.0,49.0,49.0,1
B,hgb_no_observation_features,native_numeric,source_patient,hourly,0.0267247098859803,False,187,444,17,0.05855855855855856,26,0.038605272125020136,0.08462726915087848,0.0,0,0.0,0.19506432296909318,0.0,0,0.0,0.19506432296909318,0.058823529411764705,1,0.0014881743912666346,0.2868893966672207,0.0,0,0.0,0.19506432296909318,0.0,0,0.0,0.19506432296909318,0.058823529411764705,1,0.0014881743912666346,0.2868893966672207,548,19094,1.2342342342342343,2.870011521944066,2,551,0.11764705882352941,0.3629764065335753,42.0,42.0,42.0,1
B,hgb_no_observation_features,native_numeric,source_patient,single,0.0267247098859803,False,187,444,17,0.05855855855855856,26,0.038605272125020136,0.08462726915087848,0.0,0,0.0,0.19506432296909318,0.0,0,0.0,0.19506432296909318,0.058823529411764705,1,0.0014881743912666346,0.2868893966672207,0.0,0,0.0,0.19506432296909318,0.0,0,0.0,0.19506432296909318,0.058823529411764705,1,0.0014881743912666346,0.2868893966672207,26,19094,0.05855855855855856,0.1361684298732586,1,551,0.058823529411764705,0.18148820326678766,42.0,42.0,42.0,1
B,hgb_no_observation_features,native_numeric,source_patient,silence4,0.0267247098859803,False,187,444,17,0.05855855855855856,26,0.038605272125020136,0.08462726915087848,0.0,0,0.0,0.19506432296909318,0.0,0,0.0,0.19506432296909318,0.058823529411764705,1,0.0014881743912666346,0.2868893966672207,0.0,0,0.0,0.19506432296909318,0.0,0,0.0,0.19506432296909318,0.058823529411764705,1,0.0014881743912666346,0.2868893966672207,165,19094,0.3716216216216216,0.8641458049649104,2,551,0.11764705882352941,0.3629764065335753,42.0,42.0,42.0,1
B,hgb_no_observation_features,native_numeric,source_patient,silence6,0.0267247098859803,False,187,444,17,0.05855855855855856,26,0.038605272125020136,0.08462726915087848,0.0,0,0.0,0.19506432296909318,0.0,0,0.0,0.19506432296909318,0.058823529411764705,1,0.0014881743912666346,0.2868893966672207,0.0,0,0.0,0.19506432296909318,0.0,0,0.0,0.19506432296909318,0.058823529411764705,1,0.0014881743912666346,0.2868893966672207,121,19094,0.2725225225225225,0.6337069236409343,1,551,0.058823529411764705,0.18148820326678766,42.0,42.0,42.0,1
B,hgb_no_observation_features,native_numeric,source_patient,three_of_five,0.0267247098859803,False,187,444,17,0.04279279279279279,19,0.025957540915269695,0.06602150439585835,0.0,0,0.0,0.19506432296909318,0.0,0,0.0,0.19506432296909318,0.0,0,0.0,0.19506432296909318,0.0,0,0.0,0.19506432296909318,0.0,0,0.0,0.19506432296909318,0.0,0,0.0,0.19506432296909318,507,19094,1.1418918918918919,2.655284382528543,0,551,0.0,0.0,,,,0
B,hgb_no_observation_features,native_numeric,local_patient,hourly,0.019356919643851347,False,187,444,17,0.09009009009009009,40,0.06514188659589162,0.12065578386939442,0.0,0,0.0,0.19506432296909318,0.0,0,0.0,0.19506432296909318,0.058823529411764705,1,0.0014881743912666346,0.2868893966672207,0.0,0,0.0,0.19506432296909318,0.0,0,0.0,0.19506432296909318,0.058823529411764705,1,0.0014881743912666346,0.2868893966672207,782,19094,1.7612612612612613,4.095527390803394,14,551,0.8235294117647058,2.540834845735027,49.0,49.0,49.0,1
B,hgb_no_observation_features,native_numeric,local_patient,single,0.019356919643851347,False,187,444,17,0.09009009009009009,40,0.06514188659589162,0.12065578386939442,0.0,0,0.0,0.19506432296909318,0.0,0,0.0,0.19506432296909318,0.058823529411764705,1,0.0014881743912666346,0.2868893966672207,0.0,0,0.0,0.19506432296909318,0.0,0,0.0,0.19506432296909318,0.058823529411764705,1,0.0014881743912666346,0.2868893966672207,40,19094,0.09009009009009009,0.20948989211270555,1,551,0.058823529411764705,0.18148820326678766,49.0,49.0,49.0,1
B,hgb_no_observation_features,native_numeric,local_patient,silence4,0.019356919643851347,False,187,444,17,0.09009009009009009,40,0.06514188659589162,0.12065578386939442,0.0,0,0.0,0.19506432296909318,0.0,0,0.0,0.19506432296909318,0.058823529411764705,1,0.0014881743912666346,0.2868893966672207,0.0,0,0.0,0.19506432296909318,0.0,0,0.0,0.19506432296909318,0.058823529411764705,1,0.0014881743912666346,0.2868893966672207,243,19094,0.5472972972972973,1.2726510945846863,7,551,0.4117647058823529,1.2704174228675136,49.0,49.0,49.0,1
B,hgb_no_observation_features,native_numeric,local_patient,silence6,0.019356919643851347,False,187,444,17,0.09009009009009009,40,0.06514188659589162,0.12065578386939442,0.0,0,0.0,0.19506432296909318,0.0,0,0.0,0.19506432296909318,0.058823529411764705,1,0.0014881743912666346,0.2868893966672207,0.0,0,0.0,0.19506432296909318,0.0,0,0.0,0.19506432296909318,0.058823529411764705,1,0.0014881743912666346,0.2868893966672207,175,19094,0.39414414414414417,0.9165182779930868,6,551,0.35294117647058826,1.0889292196007259,49.0,49.0,49.0,1
B,hgb_no_observation_features,native_numeric,local_patient,three_of_five,0.013443299680241685,False,187,444,17,0.0945945945945946,42,0.06902748312496075,0.12571143720356795,0.0,0,0.0,0.19506432296909318,0.0,0,0.0,0.19506432296909318,0.058823529411764705,1,0.0014881743912666346,0.2868893966672207,0.058823529411764705,1,0.0014881743912666346,0.2868893966672207,0.0,0,0.0,0.19506432296909318,0.058823529411764705,1,0.0014881743912666346,0.2868893966672207,1208,19094,2.720720720720721,6.326594741803708,27,551,1.588235294117647,4.900181488203267,49.0,49.0,49.0,1
B,hgb_no_observation_features,mask_ambiguous_units,source_hourly,hourly,0.0110760222106053,False,187,444,17,0.13963963963963963,62,0.10876510294769161,0.17540937403953705,0.17647058823529413,3,0.037985068070626,0.43431787284428397,0.11764705882352941,2,0.014579316840302493,0.36440916210125024,0.17647058823529413,3,0.037985068070626,0.43431787284428397,0.23529411764705882,4,0.06810774043735666,0.4989932732045801,0.17647058823529413,3,0.037985068070626,0.43431787284428397,0.29411764705882354,5,0.10313551437032002,0.5595827187543372,1369,19094,3.0833333333333335,7.169791557557348,36,551,2.1176470588235294,6.533575317604356,10.0,6.0,41.0,5
B,hgb_no_observation_features,mask_ambiguous_units,source_hourly,single,0.0110760222106053,False,187,444,17,0.13963963963963963,62,0.10876510294769161,0.17540937403953705,0.11764705882352941,2,0.014579316840302493,0.36440916210125024,0.11764705882352941,2,0.014579316840302493,0.36440916210125024,0.17647058823529413,3,0.037985068070626,0.43431787284428397,0.17647058823529413,3,0.037985068070626,0.43431787284428397,0.17647058823529413,3,0.037985068070626,0.43431787284428397,0.29411764705882354,5,0.10313551437032002,0.5595827187543372,62,19094,0.13963963963963963,0.3247093327746936,5,551,0.29411764705882354,0.9074410163339383,10.0,6.0,41.0,5
B,hgb_no_observation_features,mask_ambiguous_units,source_hourly,silence4,0.0110760222106053,False,187,444,17,0.13963963963963963,62,0.10876510294769161,0.17540937403953705,0.17647058823529413,3,0.037985068070626,0.43431787284428397,0.11764705882352941,2,0.014579316840302493,0.36440916210125024,0.17647058823529413,3,0.037985068070626,0.43431787284428397,0.17647058823529413,3,0.037985068070626,0.43431787284428397,0.17647058823529413,3,0.037985068070626,0.43431787284428397,0.29411764705882354,5,0.10313551437032002,0.5595827187543372,425,19094,0.9572072072072072,2.2258301036974966,15,551,0.8823529411764706,2.722323049001815,10.0,6.0,41.0,5
B,hgb_no_observation_features,mask_ambiguous_units,source_hourly,silence6,0.0110760222106053,False,187,444,17,0.13963963963963963,62,0.10876510294769161,0.17540937403953705,0.17647058823529413,3,0.037985068070626,0.43431787284428397,0.11764705882352941,2,0.014579316840302493,0.36440916210125024,0.17647058823529413,3,0.037985068070626,0.43431787284428397,0.17647058823529413,3,0.037985068070626,0.43431787284428397,0.17647058823529413,3,0.037985068070626,0.43431787284428397,0.29411764705882354,5,0.10313551437032002,0.5595827187543372,308,19094,0.6936936936936937,1.613072169267833,12,551,0.7058823529411765,2.1778584392014517,10.0,6.0,41.0,5
B,hgb_no_observation_features,mask_ambiguous_units,source_hourly,three_of_five,0.0110760222106053,False,187,444,17,0.11036036036036036,49,0.08276832980754825,0.14326897966616645,0.058823529411764705,1,0.0014881743912666346,0.2868893966672207,0.058823529411764705,1,0.0014881743912666346,0.2868893966672207,0.058823529411764705,1,0.0014881743912666346,0.2868893966672207,0.11764705882352941,2,0.014579316840302493,0.36440916210125024,0.058823529411764705,1,0.0014881743912666346,0.2868893966672207,0.11764705882352941,2,0.014579316840302493,0.36440916210125024,1286,19094,2.8963963963963963,6.7351000314234835,33,551,1.9411764705882353,5.9891107078039925,27.5,16.75,38.25,2
B,hgb_no_observation_features,mask_ambiguous_units,source_patient,hourly,0.0267247098859803,False,187,444,17,0.06306306306306306,28,0.04231037528101836,0.08985652770905626,0.058823529411764705,1,0.0014881743912666346,0.2868893966672207,0.058823529411764705,1,0.0014881743912666346,0.2868893966672207,0.0,0,0.0,0.19506432296909318,0.058823529411764705,1,0.0014881743912666346,0.2868893966672207,0.058823529411764705,1,0.0014881743912666346,0.2868893966672207,0.058823529411764705,1,0.0014881743912666346,0.2868893966672207,442,19094,0.9954954954954955,2.3148633078453966,1,551,0.058823529411764705,0.18148820326678766,6.0,6.0,6.0,1
B,hgb_no_observation_features,mask_ambiguous_units,source_patient,single,0.0267247098859803,False,187,444,17,0.06306306306306306,28,0.04231037528101836,0.08985652770905626,0.058823529411764705,1,0.0014881743912666346,0.2868893966672207,0.058823529411764705,1,0.0014881743912666346,0.2868893966672207,0.0,0,0.0,0.19506432296909318,0.058823529411764705,1,0.0014881743912666346,0.2868893966672207,0.058823529411764705,1,0.0014881743912666346,0.2868893966672207,0.058823529411764705,1,0.0014881743912666346,0.2868893966672207,28,19094,0.06306306306306306,0.1466429244788939,1,551,0.058823529411764705,0.18148820326678766,6.0,6.0,6.0,1
B,hgb_no_observation_features,mask_ambiguous_units,source_patient,silence4,0.0267247098859803,False,187,444,17,0.06306306306306306,28,0.04231037528101836,0.08985652770905626,0.058823529411764705,1,0.0014881743912666346,0.2868893966672207,0.058823529411764705,1,0.0014881743912666346,0.2868893966672207,0.0,0,0.0,0.19506432296909318,0.058823529411764705,1,0.0014881743912666346,0.2868893966672207,0.058823529411764705,1,0.0014881743912666346,0.2868893966672207,0.058823529411764705,1,0.0014881743912666346,0.2868893966672207,143,19094,0.32207207207207206,0.7489263643029224,1,551,0.058823529411764705,0.18148820326678766,6.0,6.0,6.0,1
B,hgb_no_observation_features,mask_ambiguous_units,source_patient,silence6,0.0267247098859803,False,187,444,17,0.06306306306306306,28,0.04231037528101836,0.08985652770905626,0.058823529411764705,1,0.0014881743912666346,0.2868893966672207,0.058823529411764705,1,0.0014881743912666346,0.2868893966672207,0.0,0,0.0,0.19506432296909318,0.058823529411764705,1,0.0014881743912666346,0.2868893966672207,0.058823529411764705,1,0.0014881743912666346,0.2868893966672207,0.058823529411764705,1,0.0014881743912666346,0.2868893966672207,108,19094,0.24324324324324326,0.565622708704305,1,551,0.058823529411764705,0.18148820326678766,6.0,6.0,6.0,1
B,hgb_no_observation_features,mask_ambiguous_units,source_patient,three_of_five,0.0267247098859803,False,187,444,17,0.04504504504504504,20,0.02772849553932874,0.06871324138621528,0.0,0,0.0,0.19506432296909318,0.0,0,0.0,0.19506432296909318,0.0,0,0.0,0.19506432296909318,0.0,0,0.0,0.19506432296909318,0.0,0,0.0,0.19506432296909318,0.0,0,0.0,0.19506432296909318,391,19094,0.8806306306306306,2.047763695401697,0,551,0.0,0.0,,,,0
B,hgb_no_observation_features,mask_ambiguous_units,local_patient,hourly,0.017351773700722436,False,187,444,17,0.09684684684684684,43,0.07097742584576755,0.12823233209140938,0.11764705882352941,2,0.014579316840302493,0.36440916210125024,0.11764705882352941,2,0.014579316840302493,0.36440916210125024,0.058823529411764705,1,0.0014881743912666346,0.2868893966672207,0.11764705882352941,2,0.014579316840302493,0.36440916210125024,0.11764705882352941,2,0.014579316840302493,0.36440916210125024,0.17647058823529413,3,0.037985068070626,0.43431787284428397,750,19094,1.6891891891891893,3.927935477113229,13,551,0.7647058823529411,2.3593466424682394,6.0,6.0,27.5,3
B,hgb_no_observation_features,mask_ambiguous_units,local_patient,single,0.017351773700722436,False,187,444,17,0.09684684684684684,43,0.07097742584576755,0.12823233209140938,0.11764705882352941,2,0.014579316840302493,0.36440916210125024,0.11764705882352941,2,0.014579316840302493,0.36440916210125024,0.058823529411764705,1,0.0014881743912666346,0.2868893966672207,0.11764705882352941,2,0.014579316840302493,0.36440916210125024,0.11764705882352941,2,0.014579316840302493,0.36440916210125024,0.17647058823529413,3,0.037985068070626,0.43431787284428397,43,19094,0.09684684684684684,0.22520163402115848,3,551,0.17647058823529413,0.5444646098003629,6.0,6.0,27.5,3
B,hgb_no_observation_features,mask_ambiguous_units,local_patient,silence4,0.017351773700722436,False,187,444,17,0.09684684684684684,43,0.07097742584576755,0.12823233209140938,0.11764705882352941,2,0.014579316840302493,0.36440916210125024,0.11764705882352941,2,0.014579316840302493,0.36440916210125024,0.058823529411764705,1,0.0014881743912666346,0.2868893966672207,0.11764705882352941,2,0.014579316840302493,0.36440916210125024,0.11764705882352941,2,0.014579316840302493,0.36440916210125024,0.17647058823529413,3,0.037985068070626,0.43431787284428397,231,19094,0.5202702702702703,1.2098041269508746,8,551,0.47058823529411764,1.4519056261343013,6.0,6.0,27.5,3
B,hgb_no_observation_features,mask_ambiguous_units,local_patient,silence6,0.017351773700722436,False,187,444,17,0.09684684684684684,43,0.07097742584576755,0.12823233209140938,0.11764705882352941,2,0.014579316840302493,0.36440916210125024,0.11764705882352941,2,0.014579316840302493,0.36440916210125024,0.058823529411764705,1,0.0014881743912666346,0.2868893966672207,0.11764705882352941,2,0.014579316840302493,0.36440916210125024,0.11764705882352941,2,0.014579316840302493,0.36440916210125024,0.17647058823529413,3,0.037985068070626,0.43431787284428397,171,19094,0.38513513513513514,0.8955692887818163,7,551,0.4117647058823529,1.2704174228675136,6.0,6.0,27.5,3
B,hgb_no_observation_features,mask_ambiguous_units,local_patient,three_of_five,0.011126929504228153,False,187,444,17,0.11036036036036036,49,0.08276832980754825,0.14326897966616645,0.058823529411764705,1,0.0014881743912666346,0.2868893966672207,0.058823529411764705,1,0.0014881743912666346,0.2868893966672207,0.058823529411764705,1,0.0014881743912666346,0.2868893966672207,0.11764705882352941,2,0.014579316840302493,0.36440916210125024,0.058823529411764705,1,0.0014881743912666346,0.2868893966672207,0.11764705882352941,2,0.014579316840302493,0.36440916210125024,1274,19094,2.869369369369369,6.672253063789672,32,551,1.8823529411764706,5.807622504537205,27.0,16.0,38.0,2
