source,model,test_site,transfer,condition,anchor,calibration_site,alpha,policy,threshold,threshold_infinite,nonseptic_patients,septic_patients,patient_false_alert_rate,patient_false_alert_rate_count,patient_false_alert_rate_ci_low,patient_false_alert_rate_ci_high,window6_sensitivity,window6_sensitivity_count,window6_sensitivity_ci_low,window6_sensitivity_ci_high,first6_sensitivity,first6_sensitivity_count,first6_sensitivity_ci_low,first6_sensitivity_ci_high,early_first_fraction,early_first_fraction_count,early_first_fraction_ci_low,early_first_fraction_ci_high,window12_sensitivity,window12_sensitivity_count,window12_sensitivity_ci_low,window12_sensitivity_ci_high,first12_sensitivity,first12_sensitivity_count,first12_sensitivity_ci_low,first12_sensitivity_ci_high,any_positive_alert_fraction,any_positive_alert_fraction_count,any_positive_alert_fraction_ci_low,any_positive_alert_fraction_ci_high,nonseptic_alerts,nonseptic_hours,nonseptic_alerts_per_admission,nonseptic_alerts_per_100_hours,septic_alerts,septic_hours,septic_alerts_per_admission,septic_alerts_per_100_hours,first_alert_lead_median,first_alert_lead_p25,first_alert_lead_p75,alerted_positive_patients,calibration_nonseptic_patients,structurally_ineligible_calibration_patients
A,logistic,A,False,fixed,source_hourly,A,,hourly,0.0175243187331984,False,3422,260,0.2969023962594974,1016,0.28162696516455105,0.31252556769320056,0.6653846153846154,173,0.604466056622284,0.7224819548179295,0.08846153846153847,23,0.056904529930987525,0.12977798138132213,0.6230769230769231,162,0.5611129270417319,0.6822002676484111,0.6807692307692308,177,0.6203551380772118,0.7370045743373173,0.16538461538461538,43,0.12234990109197903,0.21623487296439486,0.7115384615384616,185,0.6523459801135634,0.7658350955050589,11742,112566,3.4313267095265925,10.431213687969725,7554,15363,29.053846153846155,49.170083967975,40.0,15.0,81.0,185,,
A,logistic,A,False,fixed,source_hourly,A,,single,0.0175243187331984,False,3422,260,0.2969023962594974,1016,0.28162696516455105,0.31252556769320056,0.08846153846153847,23,0.056904529930987525,0.12977798138132213,0.08846153846153847,23,0.056904529930987525,0.12977798138132213,0.6230769230769231,162,0.5611129270417319,0.6822002676484111,0.16538461538461538,43,0.12234990109197903,0.21623487296439486,0.16538461538461538,43,0.12234990109197903,0.21623487296439486,0.7115384615384616,185,0.6523459801135634,0.7658350955050589,1016,112566,0.2969023962594974,0.9025815965744541,185,15363,0.7115384615384616,1.2041918896048949,40.0,15.0,81.0,185,,
A,logistic,A,False,fixed,source_hourly,A,,silence4,0.0175243187331984,False,3422,260,0.2969023962594974,1016,0.28162696516455105,0.31252556769320056,0.6576923076923077,171,0.5965469654346667,0.715194981847082,0.08846153846153847,23,0.056904529930987525,0.12977798138132213,0.6230769230769231,162,0.5611129270417319,0.6822002676484111,0.676923076923077,176,0.6163764124146457,0.7333804315529406,0.16538461538461538,43,0.12234990109197903,0.21623487296439486,0.7115384615384616,185,0.6523459801135634,0.7658350955050589,4163,112566,1.2165400350672122,3.6982747899010358,2205,15363,8.48076923076923,14.352665495020505,40.0,15.0,81.0,185,,
A,logistic,A,False,fixed,source_hourly,A,,silence6,0.0175243187331984,False,3422,260,0.2969023962594974,1016,0.28162696516455105,0.31252556769320056,0.6307692307692307,164,0.568959215254796,0.6895605530172073,0.08846153846153847,23,0.056904529930987525,0.12977798138132213,0.6230769230769231,162,0.5611129270417319,0.6822002676484111,0.676923076923077,176,0.6163764124146457,0.7333804315529406,0.16538461538461538,43,0.12234990109197903,0.21623487296439486,0.7115384615384616,185,0.6523459801135634,0.7658350955050589,3136,112566,0.9164231443600234,2.7859211484817794,1535,15363,5.903846153846154,9.991538111046019,40.0,15.0,81.0,185,,
A,logistic,A,False,fixed,source_hourly,A,,three_of_five,0.0175243187331984,False,3422,260,0.20309760374050262,695,0.18973042403450044,0.21697398739263513,0.5961538461538461,155,0.5337726094818985,0.6563169106773853,0.11923076923076924,31,0.08246688793679892,0.16495333355235722,0.5,130,0.43760437692222265,0.5623956230777774,0.6153846153846154,160,0.553282234585166,0.6748242958704112,0.15384615384615385,40,0.11224074569560184,0.20354868002733872,0.6192307692307693,161,0.5571956427531601,0.6785142306880214,10189,112566,2.9774985388661603,9.051578629426292,7267,15363,27.95,47.301959252750116,37.0,13.0,82.0,161,,
A,logistic,A,False,fixed,source_patient,A,,hourly,0.033675748624532,False,3422,260,0.11104617182933957,380,0.10070881792092527,0.12205321753526233,0.4269230769230769,111,0.3660164389730295,0.48951499541929333,0.08076923076923077,21,0.05069164834563968,0.12081507516255137,0.4153846153846154,108,0.3548329910904955,0.4778879014180541,0.45384615384615384,118,0.39223958019113875,0.5165168457675833,0.11153846153846154,29,0.07598371413376193,0.15624806677190298,0.49615384615384617,129,0.4338043349454073,0.55859201932062,2307,112566,0.67416715371128,2.0494643142689624,3681,15363,14.157692307692308,23.9601640304628,38.0,13.0,80.0,129,,
A,logistic,A,False,fixed,source_patient,A,,single,0.033675748624532,False,3422,260,0.11104617182933957,380,0.10070881792092527,0.12205321753526233,0.08076923076923077,21,0.05069164834563968,0.12081507516255137,0.08076923076923077,21,0.05069164834563968,0.12081507516255137,0.4153846153846154,108,0.3548329910904955,0.4778879014180541,0.11153846153846154,29,0.07598371413376193,0.15624806677190298,0.11153846153846154,29,0.07598371413376193,0.15624806677190298,0.49615384615384617,129,0.4338043349454073,0.55859201932062,380,112566,0.11104617182933957,0.33757973100225647,129,15363,0.49615384615384617,0.8396797500488186,38.0,13.0,80.0,129,,
A,logistic,A,False,fixed,source_patient,A,,silence4,0.033675748624532,False,3422,260,0.11104617182933957,380,0.10070881792092527,0.12205321753526233,0.4230769230769231,110,0.36228492044904886,0.48564298685845386,0.08076923076923077,21,0.05069164834563968,0.12081507516255137,0.4153846153846154,108,0.3548329910904955,0.4778879014180541,0.45384615384615384,118,0.39223958019113875,0.5165168457675833,0.11153846153846154,29,0.07598371413376193,0.15624806677190298,0.49615384615384617,129,0.4338043349454073,0.55859201932062,971,112566,0.28375219170075977,0.8626050494820816,1182,15363,4.546153846153846,7.693809802772896,38.0,13.0,80.0,129,,
A,logistic,A,False,fixed,source_patient,A,,silence6,0.033675748624532,False,3422,260,0.11104617182933957,380,0.10070881792092527,0.12205321753526233,0.4076923076923077,106,0.347395969811679,0.47011796530427746,0.08076923076923077,21,0.05069164834563968,0.12081507516255137,0.4153846153846154,108,0.3548329910904955,0.4778879014180541,0.45384615384615384,118,0.39223958019113875,0.5165168457675833,0.11153846153846154,29,0.07598371413376193,0.15624806677190298,0.49615384615384617,129,0.4338043349454073,0.55859201932062,784,112566,0.22910578609000584,0.6964802871204449,860,15363,3.3076923076923075,5.5978650003254575,38.0,13.0,80.0,129,,
A,logistic,A,False,fixed,source_patient,A,,three_of_five,0.033675748624532,False,3422,260,0.05347749853886616,183,0.04617760606968357,0.0615516061058889,0.35,91,0.2921087149368635,0.411355530794629,0.05384615384615385,14,0.029747358573078628,0.08869513158163991,0.3230769230769231,84,0.26661956844705936,0.38362358758535425,0.36923076923076925,96,0.3104394469827926,0.43104078474520396,0.09230769230769231,24,0.060041087107546756,0.13423091478953855,0.3769230769230769,98,0.3177997323515889,0.43888707295826807,1722,112566,0.5032144944476914,1.52976920206812,3410,15363,13.115384615384615,22.19618564082536,38.5,14.5,76.5,98,,
A,logistic,A,False,fixed,target_patient_all,A,,hourly,0.033675748624532,False,3422,260,0.11104617182933957,380,0.10070881792092527,0.12205321753526233,0.4269230769230769,111,0.3660164389730295,0.48951499541929333,0.08076923076923077,21,0.05069164834563968,0.12081507516255137,0.4153846153846154,108,0.3548329910904955,0.4778879014180541,0.45384615384615384,118,0.39223958019113875,0.5165168457675833,0.11153846153846154,29,0.07598371413376193,0.15624806677190298,0.49615384615384617,129,0.4338043349454073,0.55859201932062,2307,112566,0.67416715371128,2.0494643142689624,3681,15363,14.157692307692308,23.9601640304628,38.0,13.0,80.0,129,,
A,logistic,A,False,fixed,target_patient_all,A,,single,0.033675748624532,False,3422,260,0.11104617182933957,380,0.10070881792092527,0.12205321753526233,0.08076923076923077,21,0.05069164834563968,0.12081507516255137,0.08076923076923077,21,0.05069164834563968,0.12081507516255137,0.4153846153846154,108,0.3548329910904955,0.4778879014180541,0.11153846153846154,29,0.07598371413376193,0.15624806677190298,0.11153846153846154,29,0.07598371413376193,0.15624806677190298,0.49615384615384617,129,0.4338043349454073,0.55859201932062,380,112566,0.11104617182933957,0.33757973100225647,129,15363,0.49615384615384617,0.8396797500488186,38.0,13.0,80.0,129,,
A,logistic,A,False,fixed,target_patient_all,A,,silence4,0.033675748624532,False,3422,260,0.11104617182933957,380,0.10070881792092527,0.12205321753526233,0.4230769230769231,110,0.36228492044904886,0.48564298685845386,0.08076923076923077,21,0.05069164834563968,0.12081507516255137,0.4153846153846154,108,0.3548329910904955,0.4778879014180541,0.45384615384615384,118,0.39223958019113875,0.5165168457675833,0.11153846153846154,29,0.07598371413376193,0.15624806677190298,0.49615384615384617,129,0.4338043349454073,0.55859201932062,971,112566,0.28375219170075977,0.8626050494820816,1182,15363,4.546153846153846,7.693809802772896,38.0,13.0,80.0,129,,
A,logistic,A,False,fixed,target_patient_all,A,,silence6,0.033675748624532,False,3422,260,0.11104617182933957,380,0.10070881792092527,0.12205321753526233,0.4076923076923077,106,0.347395969811679,0.47011796530427746,0.08076923076923077,21,0.05069164834563968,0.12081507516255137,0.4153846153846154,108,0.3548329910904955,0.4778879014180541,0.45384615384615384,118,0.39223958019113875,0.5165168457675833,0.11153846153846154,29,0.07598371413376193,0.15624806677190298,0.49615384615384617,129,0.4338043349454073,0.55859201932062,784,112566,0.22910578609000584,0.6964802871204449,860,15363,3.3076923076923075,5.5978650003254575,38.0,13.0,80.0,129,,
A,logistic,A,False,fixed,target_patient_all,A,,three_of_five,0.033675748624532,False,3422,260,0.05347749853886616,183,0.04617760606968357,0.0615516061058889,0.35,91,0.2921087149368635,0.411355530794629,0.05384615384615385,14,0.029747358573078628,0.08869513158163991,0.3230769230769231,84,0.26661956844705936,0.38362358758535425,0.36923076923076925,96,0.3104394469827926,0.43104078474520396,0.09230769230769231,24,0.060041087107546756,0.13423091478953855,0.3769230769230769,98,0.3177997323515889,0.43888707295826807,1722,112566,0.5032144944476914,1.52976920206812,3410,15363,13.115384615384615,22.19618564082536,38.5,14.5,76.5,98,,
A,logistic,A,False,fixed,source_sensitivity80,A,,hourly,0.0154078789969933,False,3422,260,0.34365867913500875,1176,0.32773933486696843,0.35984558263157856,0.7076923076923077,184,0.6483310300349016,0.7622475451291513,0.07307692307692308,19,0.04456804841474121,0.11176801216837896,0.6884615384615385,179,0.6283257402334612,0.744239586781918,0.7307692307692307,190,0.6724931928110037,0.783699528977546,0.16923076923076924,44,0.12573744988780175,0.22044624449447225,0.7615384615384615,198,0.7049958640465166,0.8120119219758741,15018,112566,4.3886616014026885,13.34150631629444,8369,15363,32.18846153846154,54.47503742758576,38.5,15.0,79.0,198,,
A,logistic,A,False,fixed,source_sensitivity80,A,,single,0.0154078789969933,False,3422,260,0.34365867913500875,1176,0.32773933486696843,0.35984558263157856,0.07307692307692308,19,0.04456804841474121,0.11176801216837896,0.07307692307692308,19,0.04456804841474121,0.11176801216837896,0.6884615384615385,179,0.6283257402334612,0.744239586781918,0.16923076923076924,44,0.12573744988780175,0.22044624449447225,0.16923076923076924,44,0.12573744988780175,0.22044624449447225,0.7615384615384615,198,0.7049958640465166,0.8120119219758741,1176,112566,0.34365867913500875,1.0447204306806674,198,15363,0.7615384615384615,1.2888107791446983,38.5,15.0,79.0,198,,
A,logistic,A,False,fixed,source_sensitivity80,A,,silence4,0.0154078789969933,False,3422,260,0.34365867913500875,1176,0.32773933486696843,0.35984558263157856,0.6923076923076923,180,0.63231770216692,0.7478503679121942,0.07307692307692308,19,0.04456804841474121,0.11176801216837896,0.6884615384615385,179,0.6283257402334612,0.744239586781918,0.7269230769230769,189,0.6684538888729656,0.7801366252490791,0.16923076923076924,44,0.12573744988780175,0.22044624449447225,0.7615384615384615,198,0.7049958640465166,0.8120119219758741,5168,112566,1.5102279368790181,4.591084341630688,2387,15363,9.180769230769231,15.537329948577751,38.5,15.0,79.0,198,,
A,logistic,A,False,fixed,source_sensitivity80,A,,silence6,0.0154078789969933,False,3422,260,0.34365867913500875,1176,0.32773933486696843,0.35984558263157856,0.6807692307692308,177,0.6203551380772118,0.7370045743373173,0.07307692307692308,19,0.04456804841474121,0.11176801216837896,0.6884615384615385,179,0.6283257402334612,0.744239586781918,0.7230769230769231,188,0.664419577870804,0.7765686654760942,0.16923076923076924,44,0.12573744988780175,0.22044624449447225,0.7615384615384615,198,0.7049958640465166,0.8120119219758741,3866,112566,1.1297486849795442,3.4344295790913777,1670,15363,6.423076923076923,10.870272733190133,38.5,15.0,79.0,198,,
A,logistic,A,False,fixed,source_sensitivity80,A,,three_of_five,0.0154078789969933,False,3422,260,0.25073056691992984,858,0.23628019845813242,0.2656080160274452,0.65,169,0.588644469205371,0.7078912850631365,0.11153846153846154,29,0.07598371413376193,0.15624806677190298,0.5769230769230769,150,0.5143570131415461,0.6377150795509512,0.676923076923077,176,0.6163764124146457,0.7333804315529406,0.17692307692307693,46,0.1325378370352357,0.2288443282079319,0.6884615384615385,179,0.6283257402334612,0.744239586781918,13208,112566,3.859731151373466,11.733560755467904,8089,15363,31.111538461538462,52.65247672980538,35.0,12.0,78.5,179,,
A,logistic,A,False,fixed,probability_0_5,A,,hourly,0.5,False,3422,260,0.0,0,0.0,0.0010774084985517767,0.0,0,0.0,0.01408782258025218,0.0,0,0.0,0.01408782258025218,0.0,0,0.0,0.01408782258025218,0.0,0,0.0,0.01408782258025218,0.0,0,0.0,0.01408782258025218,0.0,0,0.0,0.01408782258025218,0,112566,0.0,0.0,0,15363,0.0,0.0,,,,0,,
A,logistic,A,False,fixed,probability_0_5,A,,single,0.5,False,3422,260,0.0,0,0.0,0.0010774084985517767,0.0,0,0.0,0.01408782258025218,0.0,0,0.0,0.01408782258025218,0.0,0,0.0,0.01408782258025218,0.0,0,0.0,0.01408782258025218,0.0,0,0.0,0.01408782258025218,0.0,0,0.0,0.01408782258025218,0,112566,0.0,0.0,0,15363,0.0,0.0,,,,0,,
A,logistic,A,False,fixed,probability_0_5,A,,silence4,0.5,False,3422,260,0.0,0,0.0,0.0010774084985517767,0.0,0,0.0,0.01408782258025218,0.0,0,0.0,0.01408782258025218,0.0,0,0.0,0.01408782258025218,0.0,0,0.0,0.01408782258025218,0.0,0,0.0,0.01408782258025218,0.0,0,0.0,0.01408782258025218,0,112566,0.0,0.0,0,15363,0.0,0.0,,,,0,,
A,logistic,A,False,fixed,probability_0_5,A,,silence6,0.5,False,3422,260,0.0,0,0.0,0.0010774084985517767,0.0,0,0.0,0.01408782258025218,0.0,0,0.0,0.01408782258025218,0.0,0,0.0,0.01408782258025218,0.0,0,0.0,0.01408782258025218,0.0,0,0.0,0.01408782258025218,0.0,0,0.0,0.01408782258025218,0,112566,0.0,0.0,0,15363,0.0,0.0,,,,0,,
A,logistic,A,False,fixed,probability_0_5,A,,three_of_five,0.5,False,3422,260,0.0,0,0.0,0.0010774084985517767,0.0,0,0.0,0.01408782258025218,0.0,0,0.0,0.01408782258025218,0.0,0,0.0,0.01408782258025218,0.0,0,0.0,0.01408782258025218,0.0,0,0.0,0.01408782258025218,0.0,0,0.0,0.01408782258025218,0,112566,0.0,0.0,0,15363,0.0,0.0,,,,0,,
A,logistic,A,False,matched_patient,source,A,0.05,hourly,0.044193352099154266,False,3422,260,0.058445353594389245,200,0.050819587163066594,0.06683595387836007,0.3576923076923077,93,0.2994288728629417,0.4192416853428343,0.08076923076923077,21,0.05069164834563968,0.12081507516255137,0.3346153846153846,87,0.2775180451820704,0.3955339433777159,0.4,104,0.3399739850068508,0.4623330562125558,0.1076923076923077,28,0.07276342867941939,0.15187499124978418,0.4153846153846154,108,0.3548329910904955,0.4778879014180541,1046,112566,0.30566919929865577,0.9292326279693691,2479,15363,9.534615384615385,16.136171320705593,30.5,12.0,76.25,108,3422.0,0.0
A,logistic,A,False,matched_patient,source,A,0.05,single,0.044193352099154266,False,3422,260,0.058445353594389245,200,0.050819587163066594,0.06683595387836007,0.08076923076923077,21,0.05069164834563968,0.12081507516255137,0.08076923076923077,21,0.05069164834563968,0.12081507516255137,0.3346153846153846,87,0.2775180451820704,0.3955339433777159,0.1076923076923077,28,0.07276342867941939,0.15187499124978418,0.1076923076923077,28,0.07276342867941939,0.15187499124978418,0.4153846153846154,108,0.3548329910904955,0.4778879014180541,200,112566,0.058445353594389245,0.17767354263276655,108,15363,0.4153846153846154,0.70298769771529,30.5,12.0,76.25,108,3422.0,0.0
A,logistic,A,False,matched_patient,source,A,0.05,silence4,0.044193352099154266,False,3422,260,0.058445353594389245,200,0.050819587163066594,0.06683595387836007,0.35,91,0.2921087149368635,0.411355530794629,0.08076923076923077,21,0.05069164834563968,0.12081507516255137,0.3346153846153846,87,0.2775180451820704,0.3955339433777159,0.39615384615384613,103,0.3362686749540189,0.458434945098219,0.1076923076923077,28,0.07276342867941939,0.15187499124978418,0.4153846153846154,108,0.3548329910904955,0.4778879014180541,447,112566,0.13062536528345997,0.39710036778423324,837,15363,3.2192307692307693,5.448154657293498,30.5,12.0,76.25,108,3422.0,0.0
A,logistic,A,False,matched_patient,source,A,0.05,silence6,0.044193352099154266,False,3422,260,0.058445353594389245,200,0.050819587163066594,0.06683595387836007,0.3269230769230769,85,0.2702480792686763,0.38759798400748785,0.08076923076923077,21,0.05069164834563968,0.12081507516255137,0.3346153846153846,87,0.2775180451820704,0.3955339433777159,0.3923076923076923,102,0.3325671781033015,0.4545330390534974,0.1076923076923077,28,0.07276342867941939,0.15187499124978418,0.4153846153846154,108,0.3548329910904955,0.4778879014180541,366,112566,0.10695499707773232,0.3251425830179628,609,15363,2.3423076923076924,3.9640695176723297,30.5,12.0,76.25,108,3422.0,0.0
A,logistic,A,False,matched_patient,source,A,0.05,three_of_five,0.033520290284229703,False,3422,260,0.05406195207481005,185,0.04672282228569054,0.06217418678471356,0.35384615384615387,92,0.2957667519064858,0.4153006356939544,0.05384615384615385,14,0.029747358573078628,0.08869513158163991,0.3230769230769231,84,0.26661956844705936,0.38362358758535425,0.36923076923076925,96,0.3104394469827926,0.43104078474520396,0.09230769230769231,24,0.060041087107546756,0.13423091478953855,0.3769230769230769,98,0.3177997323515889,0.43888707295826807,1748,112566,0.510812390414962,1.5528667626103796,3428,15363,13.184615384615384,22.313350257111242,38.5,14.5,76.5,98,3422.0,0.0
A,logistic,A,False,matched_patient,source,A,0.1,hourly,0.033675748624532036,False,3422,260,0.11104617182933957,380,0.10070881792092527,0.12205321753526233,0.4269230769230769,111,0.3660164389730295,0.48951499541929333,0.08076923076923077,21,0.05069164834563968,0.12081507516255137,0.4153846153846154,108,0.3548329910904955,0.4778879014180541,0.45384615384615384,118,0.39223958019113875,0.5165168457675833,0.11153846153846154,29,0.07598371413376193,0.15624806677190298,0.49615384615384617,129,0.4338043349454073,0.55859201932062,2307,112566,0.67416715371128,2.0494643142689624,3681,15363,14.157692307692308,23.9601640304628,38.0,13.0,80.0,129,3422.0,0.0
A,logistic,A,False,matched_patient,source,A,0.1,single,0.033675748624532036,False,3422,260,0.11104617182933957,380,0.10070881792092527,0.12205321753526233,0.08076923076923077,21,0.05069164834563968,0.12081507516255137,0.08076923076923077,21,0.05069164834563968,0.12081507516255137,0.4153846153846154,108,0.3548329910904955,0.4778879014180541,0.11153846153846154,29,0.07598371413376193,0.15624806677190298,0.11153846153846154,29,0.07598371413376193,0.15624806677190298,0.49615384615384617,129,0.4338043349454073,0.55859201932062,380,112566,0.11104617182933957,0.33757973100225647,129,15363,0.49615384615384617,0.8396797500488186,38.0,13.0,80.0,129,3422.0,0.0
A,logistic,A,False,matched_patient,source,A,0.1,silence4,0.033675748624532036,False,3422,260,0.11104617182933957,380,0.10070881792092527,0.12205321753526233,0.4230769230769231,110,0.36228492044904886,0.48564298685845386,0.08076923076923077,21,0.05069164834563968,0.12081507516255137,0.4153846153846154,108,0.3548329910904955,0.4778879014180541,0.45384615384615384,118,0.39223958019113875,0.5165168457675833,0.11153846153846154,29,0.07598371413376193,0.15624806677190298,0.49615384615384617,129,0.4338043349454073,0.55859201932062,971,112566,0.28375219170075977,0.8626050494820816,1182,15363,4.546153846153846,7.693809802772896,38.0,13.0,80.0,129,3422.0,0.0
A,logistic,A,False,matched_patient,source,A,0.1,silence6,0.033675748624532036,False,3422,260,0.11104617182933957,380,0.10070881792092527,0.12205321753526233,0.4076923076923077,106,0.347395969811679,0.47011796530427746,0.08076923076923077,21,0.05069164834563968,0.12081507516255137,0.4153846153846154,108,0.3548329910904955,0.4778879014180541,0.45384615384615384,118,0.39223958019113875,0.5165168457675833,0.11153846153846154,29,0.07598371413376193,0.15624806677190298,0.49615384615384617,129,0.4338043349454073,0.55859201932062,784,112566,0.22910578609000584,0.6964802871204449,860,15363,3.3076923076923075,5.5978650003254575,38.0,13.0,80.0,129,3422.0,0.0
A,logistic,A,False,matched_patient,source,A,0.1,three_of_five,0.024877482264594214,False,3422,260,0.11279953243717125,386,0.10238838925764901,0.12387726759791712,0.46153846153846156,120,0.3997645478736393,0.5241990954187925,0.06538461538461539,17,0.038547040160282396,0.10262487074598114,0.4230769230769231,110,0.36228492044904886,0.48564298685845386,0.4653846153846154,121,0.4035324300609536,0.5280348314593853,0.11153846153846154,29,0.07598371413376193,0.15624806677190298,0.48846153846153845,127,0.4262149394356462,0.5509741257922998,4291,112566,1.2539450613676213,3.8119858571860066,5120,15363,19.692307692307693,33.326824187984116,38.0,14.0,79.0,127,3422.0,0.0
A,logistic,A,False,matched_patient,source,A,0.2,hourly,0.022751696794418585,False,3422,260,0.2092343658679135,716,0.19571266326236803,0.22325467100807883,0.5846153846153846,152,0.5221120985819458,0.6451670089095045,0.08461538461538462,22,0.053787639900032665,0.12530640690882933,0.5384615384615384,140,0.4758009045812075,0.6002354521263605,0.6038461538461538,157,0.541565054901781,0.6637313250459811,0.14615384615384616,38,0.1055486183034218,0.19504523475188376,0.6230769230769231,162,0.5611129270417319,0.6822002676484111,6645,112566,1.9418468731735827,5.903203453973669,5952,15363,22.892307692307693,38.74243311853154,38.5,14.0,81.5,162,3422.0,0.0
A,logistic,A,False,matched_patient,source,A,0.2,single,0.022751696794418585,False,3422,260,0.2092343658679135,716,0.19571266326236803,0.22325467100807883,0.08461538461538462,22,0.053787639900032665,0.12530640690882933,0.08461538461538462,22,0.053787639900032665,0.12530640690882933,0.5384615384615384,140,0.4758009045812075,0.6002354521263605,0.14615384615384616,38,0.1055486183034218,0.19504523475188376,0.14615384615384616,38,0.1055486183034218,0.19504523475188376,0.6230769230769231,162,0.5611129270417319,0.6822002676484111,716,112566,0.2092343658679135,0.6360712826253042,162,15363,0.6230769230769231,1.054481546572935,38.5,14.0,81.5,162,3422.0,0.0
A,logistic,A,False,matched_patient,source,A,0.2,silence4,0.022751696794418585,False,3422,260,0.2092343658679135,716,0.19571266326236803,0.22325467100807883,0.5576923076923077,145,0.49503357852818486,0.6190207640581498,0.08461538461538462,22,0.053787639900032665,0.12530640690882933,0.5384615384615384,140,0.4758009045812075,0.6002354521263605,0.6,156,0.5376669437874442,0.6600260149931492,0.14615384615384616,38,0.1055486183034218,0.19504523475188376,0.6230769230769231,162,0.5611129270417319,0.6822002676484111,2518,112566,0.7358270017533606,2.236909901746531,1784,15363,6.861538461538461,11.612315303000717,38.5,14.0,81.5,162,3422.0,0.0
A,logistic,A,False,matched_patient,source,A,0.2,silence6,0.022751696794418585,False,3422,260,0.2092343658679135,716,0.19571266326236803,0.22325467100807883,0.5423076923076923,141,0.4796402310129818,0.6039997377608028,0.08461538461538462,22,0.053787639900032665,0.12530640690882933,0.5384615384615384,140,0.4758009045812075,0.6002354521263605,0.6,156,0.5376669437874442,0.6600260149931492,0.14615384615384616,38,0.1055486183034218,0.19504523475188376,0.6230769230769231,162,0.5611129270417319,0.6822002676484111,1936,112566,0.5657510227936879,1.7198798926851802,1259,15363,4.842307692307692,8.195013994662501,38.5,14.0,81.5,162,3422.0,0.0
A,logistic,A,False,matched_patient,source,A,0.2,three_of_five,0.017437939812115905,False,3422,260,0.2048509643483343,701,0.1914391480276612,0.21876895488224316,0.5961538461538461,155,0.5337726094818985,0.6563169106773853,0.11538461538461539,30,0.0792184100032875,0.16060732012943613,0.5038461538461538,131,0.44140798067938003,0.5661956650545927,0.6153846153846154,160,0.553282234585166,0.6748242958704112,0.15384615384615385,40,0.11224074569560184,0.20354868002733872,0.6192307692307693,161,0.5571956427531601,0.6785142306880214,10271,112566,3.0014611338398596,9.124424781905727,7304,15363,28.092307692307692,47.542797630671096,37.0,13.0,82.0,161,3422.0,0.0
A,logistic,A,False,matched_patient,local,A,0.05,hourly,0.044193352099154266,False,3422,260,0.058445353594389245,200,0.050819587163066594,0.06683595387836007,0.3576923076923077,93,0.2994288728629417,0.4192416853428343,0.08076923076923077,21,0.05069164834563968,0.12081507516255137,0.3346153846153846,87,0.2775180451820704,0.3955339433777159,0.4,104,0.3399739850068508,0.4623330562125558,0.1076923076923077,28,0.07276342867941939,0.15187499124978418,0.4153846153846154,108,0.3548329910904955,0.4778879014180541,1046,112566,0.30566919929865577,0.9292326279693691,2479,15363,9.534615384615385,16.136171320705593,30.5,12.0,76.25,108,3422.0,0.0
A,logistic,A,False,matched_patient,local,A,0.05,single,0.044193352099154266,False,3422,260,0.058445353594389245,200,0.050819587163066594,0.06683595387836007,0.08076923076923077,21,0.05069164834563968,0.12081507516255137,0.08076923076923077,21,0.05069164834563968,0.12081507516255137,0.3346153846153846,87,0.2775180451820704,0.3955339433777159,0.1076923076923077,28,0.07276342867941939,0.15187499124978418,0.1076923076923077,28,0.07276342867941939,0.15187499124978418,0.4153846153846154,108,0.3548329910904955,0.4778879014180541,200,112566,0.058445353594389245,0.17767354263276655,108,15363,0.4153846153846154,0.70298769771529,30.5,12.0,76.25,108,3422.0,0.0
A,logistic,A,False,matched_patient,local,A,0.05,silence4,0.044193352099154266,False,3422,260,0.058445353594389245,200,0.050819587163066594,0.06683595387836007,0.35,91,0.2921087149368635,0.411355530794629,0.08076923076923077,21,0.05069164834563968,0.12081507516255137,0.3346153846153846,87,0.2775180451820704,0.3955339433777159,0.39615384615384613,103,0.3362686749540189,0.458434945098219,0.1076923076923077,28,0.07276342867941939,0.15187499124978418,0.4153846153846154,108,0.3548329910904955,0.4778879014180541,447,112566,0.13062536528345997,0.39710036778423324,837,15363,3.2192307692307693,5.448154657293498,30.5,12.0,76.25,108,3422.0,0.0
A,logistic,A,False,matched_patient,local,A,0.05,silence6,0.044193352099154266,False,3422,260,0.058445353594389245,200,0.050819587163066594,0.06683595387836007,0.3269230769230769,85,0.2702480792686763,0.38759798400748785,0.08076923076923077,21,0.05069164834563968,0.12081507516255137,0.3346153846153846,87,0.2775180451820704,0.3955339433777159,0.3923076923076923,102,0.3325671781033015,0.4545330390534974,0.1076923076923077,28,0.07276342867941939,0.15187499124978418,0.4153846153846154,108,0.3548329910904955,0.4778879014180541,366,112566,0.10695499707773232,0.3251425830179628,609,15363,2.3423076923076924,3.9640695176723297,30.5,12.0,76.25,108,3422.0,0.0
A,logistic,A,False,matched_patient,local,A,0.05,three_of_five,0.033520290284229703,False,3422,260,0.05406195207481005,185,0.04672282228569054,0.06217418678471356,0.35384615384615387,92,0.2957667519064858,0.4153006356939544,0.05384615384615385,14,0.029747358573078628,0.08869513158163991,0.3230769230769231,84,0.26661956844705936,0.38362358758535425,0.36923076923076925,96,0.3104394469827926,0.43104078474520396,0.09230769230769231,24,0.060041087107546756,0.13423091478953855,0.3769230769230769,98,0.3177997323515889,0.43888707295826807,1748,112566,0.510812390414962,1.5528667626103796,3428,15363,13.184615384615384,22.313350257111242,38.5,14.5,76.5,98,3422.0,0.0
A,logistic,A,False,matched_patient,local,A,0.1,hourly,0.033675748624532036,False,3422,260,0.11104617182933957,380,0.10070881792092527,0.12205321753526233,0.4269230769230769,111,0.3660164389730295,0.48951499541929333,0.08076923076923077,21,0.05069164834563968,0.12081507516255137,0.4153846153846154,108,0.3548329910904955,0.4778879014180541,0.45384615384615384,118,0.39223958019113875,0.5165168457675833,0.11153846153846154,29,0.07598371413376193,0.15624806677190298,0.49615384615384617,129,0.4338043349454073,0.55859201932062,2307,112566,0.67416715371128,2.0494643142689624,3681,15363,14.157692307692308,23.9601640304628,38.0,13.0,80.0,129,3422.0,0.0
A,logistic,A,False,matched_patient,local,A,0.1,single,0.033675748624532036,False,3422,260,0.11104617182933957,380,0.10070881792092527,0.12205321753526233,0.08076923076923077,21,0.05069164834563968,0.12081507516255137,0.08076923076923077,21,0.05069164834563968,0.12081507516255137,0.4153846153846154,108,0.3548329910904955,0.4778879014180541,0.11153846153846154,29,0.07598371413376193,0.15624806677190298,0.11153846153846154,29,0.07598371413376193,0.15624806677190298,0.49615384615384617,129,0.4338043349454073,0.55859201932062,380,112566,0.11104617182933957,0.33757973100225647,129,15363,0.49615384615384617,0.8396797500488186,38.0,13.0,80.0,129,3422.0,0.0
A,logistic,A,False,matched_patient,local,A,0.1,silence4,0.033675748624532036,False,3422,260,0.11104617182933957,380,0.10070881792092527,0.12205321753526233,0.4230769230769231,110,0.36228492044904886,0.48564298685845386,0.08076923076923077,21,0.05069164834563968,0.12081507516255137,0.4153846153846154,108,0.3548329910904955,0.4778879014180541,0.45384615384615384,118,0.39223958019113875,0.5165168457675833,0.11153846153846154,29,0.07598371413376193,0.15624806677190298,0.49615384615384617,129,0.4338043349454073,0.55859201932062,971,112566,0.28375219170075977,0.8626050494820816,1182,15363,4.546153846153846,7.693809802772896,38.0,13.0,80.0,129,3422.0,0.0
A,logistic,A,False,matched_patient,local,A,0.1,silence6,0.033675748624532036,False,3422,260,0.11104617182933957,380,0.10070881792092527,0.12205321753526233,0.4076923076923077,106,0.347395969811679,0.47011796530427746,0.08076923076923077,21,0.05069164834563968,0.12081507516255137,0.4153846153846154,108,0.3548329910904955,0.4778879014180541,0.45384615384615384,118,0.39223958019113875,0.5165168457675833,0.11153846153846154,29,0.07598371413376193,0.15624806677190298,0.49615384615384617,129,0.4338043349454073,0.55859201932062,784,112566,0.22910578609000584,0.6964802871204449,860,15363,3.3076923076923075,5.5978650003254575,38.0,13.0,80.0,129,3422.0,0.0
A,logistic,A,False,matched_patient,local,A,0.1,three_of_five,0.024877482264594214,False,3422,260,0.11279953243717125,386,0.10238838925764901,0.12387726759791712,0.46153846153846156,120,0.3997645478736393,0.5241990954187925,0.06538461538461539,17,0.038547040160282396,0.10262487074598114,0.4230769230769231,110,0.36228492044904886,0.48564298685845386,0.4653846153846154,121,0.4035324300609536,0.5280348314593853,0.11153846153846154,29,0.07598371413376193,0.15624806677190298,0.48846153846153845,127,0.4262149394356462,0.5509741257922998,4291,112566,1.2539450613676213,3.8119858571860066,5120,15363,19.692307692307693,33.326824187984116,38.0,14.0,79.0,127,3422.0,0.0
A,logistic,A,False,matched_patient,local,A,0.2,hourly,0.022751696794418585,False,3422,260,0.2092343658679135,716,0.19571266326236803,0.22325467100807883,0.5846153846153846,152,0.5221120985819458,0.6451670089095045,0.08461538461538462,22,0.053787639900032665,0.12530640690882933,0.5384615384615384,140,0.4758009045812075,0.6002354521263605,0.6038461538461538,157,0.541565054901781,0.6637313250459811,0.14615384615384616,38,0.1055486183034218,0.19504523475188376,0.6230769230769231,162,0.5611129270417319,0.6822002676484111,6645,112566,1.9418468731735827,5.903203453973669,5952,15363,22.892307692307693,38.74243311853154,38.5,14.0,81.5,162,3422.0,0.0
A,logistic,A,False,matched_patient,local,A,0.2,single,0.022751696794418585,False,3422,260,0.2092343658679135,716,0.19571266326236803,0.22325467100807883,0.08461538461538462,22,0.053787639900032665,0.12530640690882933,0.08461538461538462,22,0.053787639900032665,0.12530640690882933,0.5384615384615384,140,0.4758009045812075,0.6002354521263605,0.14615384615384616,38,0.1055486183034218,0.19504523475188376,0.14615384615384616,38,0.1055486183034218,0.19504523475188376,0.6230769230769231,162,0.5611129270417319,0.6822002676484111,716,112566,0.2092343658679135,0.6360712826253042,162,15363,0.6230769230769231,1.054481546572935,38.5,14.0,81.5,162,3422.0,0.0
A,logistic,A,False,matched_patient,local,A,0.2,silence4,0.022751696794418585,False,3422,260,0.2092343658679135,716,0.19571266326236803,0.22325467100807883,0.5576923076923077,145,0.49503357852818486,0.6190207640581498,0.08461538461538462,22,0.053787639900032665,0.12530640690882933,0.5384615384615384,140,0.4758009045812075,0.6002354521263605,0.6,156,0.5376669437874442,0.6600260149931492,0.14615384615384616,38,0.1055486183034218,0.19504523475188376,0.6230769230769231,162,0.5611129270417319,0.6822002676484111,2518,112566,0.7358270017533606,2.236909901746531,1784,15363,6.861538461538461,11.612315303000717,38.5,14.0,81.5,162,3422.0,0.0
A,logistic,A,False,matched_patient,local,A,0.2,silence6,0.022751696794418585,False,3422,260,0.2092343658679135,716,0.19571266326236803,0.22325467100807883,0.5423076923076923,141,0.4796402310129818,0.6039997377608028,0.08461538461538462,22,0.053787639900032665,0.12530640690882933,0.5384615384615384,140,0.4758009045812075,0.6002354521263605,0.6,156,0.5376669437874442,0.6600260149931492,0.14615384615384616,38,0.1055486183034218,0.19504523475188376,0.6230769230769231,162,0.5611129270417319,0.6822002676484111,1936,112566,0.5657510227936879,1.7198798926851802,1259,15363,4.842307692307692,8.195013994662501,38.5,14.0,81.5,162,3422.0,0.0
A,logistic,A,False,matched_patient,local,A,0.2,three_of_five,0.017437939812115905,False,3422,260,0.2048509643483343,701,0.1914391480276612,0.21876895488224316,0.5961538461538461,155,0.5337726094818985,0.6563169106773853,0.11538461538461539,30,0.0792184100032875,0.16060732012943613,0.5038461538461538,131,0.44140798067938003,0.5661956650545927,0.6153846153846154,160,0.553282234585166,0.6748242958704112,0.15384615384615385,40,0.11224074569560184,0.20354868002733872,0.6192307692307693,161,0.5571956427531601,0.6785142306880214,10271,112566,3.0014611338398596,9.124424781905727,7304,15363,28.092307692307692,47.542797630671096,37.0,13.0,82.0,161,3422.0,0.0
A,logistic,B,True,fixed,source_hourly,A,,hourly,0.0175243187331984,False,3473,154,0.2142240138209041,744,0.2006798812519239,0.22825089320991146,0.4675324675324675,72,0.38679507150221737,0.5495431939115534,0.045454545454545456,7,0.018467719055790442,0.09140937878400023,0.512987012987013,79,0.43122054381353164,0.5942441941058156,0.5324675324675324,82,0.45045680608844646,0.6132049284977826,0.12987012987012986,20,0.08116628783198608,0.19342644996192487,0.5584415584415584,86,0.4762897957283101,0.6383007924239325,10012,110910,2.882810250503887,9.027139121810476,3962,10467,25.727272727272727,37.85229769752556,38.0,14.0,95.5,86,,
A,logistic,B,True,fixed,source_hourly,A,,single,0.0175243187331984,False,3473,154,0.2142240138209041,744,0.2006798812519239,0.22825089320991146,0.045454545454545456,7,0.018467719055790442,0.09140937878400023,0.045454545454545456,7,0.018467719055790442,0.09140937878400023,0.512987012987013,79,0.43122054381353164,0.5942441941058156,0.12987012987012986,20,0.08116628783198608,0.19342644996192487,0.12987012987012986,20,0.08116628783198608,0.19342644996192487,0.5584415584415584,86,0.4762897957283101,0.6383007924239325,744,110910,0.2142240138209041,0.6708141736543143,86,10467,0.5584415584415584,0.8216298843985861,38.0,14.0,95.5,86,,
A,logistic,B,True,fixed,source_hourly,A,,silence4,0.0175243187331984,False,3473,154,0.2142240138209041,744,0.2006798812519239,0.22825089320991146,0.461038961038961,71,0.38050119184962744,0.5431047961980957,0.045454545454545456,7,0.018467719055790442,0.09140937878400023,0.512987012987013,79,0.43122054381353164,0.5942441941058156,0.5324675324675324,82,0.45045680608844646,0.6132049284977826,0.12987012987012986,20,0.08116628783198608,0.19342644996192487,0.5584415584415584,86,0.4762897957283101,0.6383007924239325,3408,110910,0.9812841923409157,3.072761698674601,1149,10467,7.461038961038961,10.977357408999714,38.0,14.0,95.5,86,,
A,logistic,B,True,fixed,source_hourly,A,,silence6,0.0175243187331984,False,3473,154,0.2142240138209041,744,0.2006798812519239,0.22825089320991146,0.461038961038961,71,0.38050119184962744,0.5431047961980957,0.045454545454545456,7,0.018467719055790442,0.09140937878400023,0.512987012987013,79,0.43122054381353164,0.5942441941058156,0.525974025974026,81,0.44403158016120214,0.6068978453508936,0.12987012987012986,20,0.08116628783198608,0.19342644996192487,0.5584415584415584,86,0.4762897957283101,0.6383007924239325,2540,110910,0.7313561762165275,2.2901451627445675,803,10467,5.214285714285714,7.67173019967517,38.0,14.0,95.5,86,,
A,logistic,B,True,fixed,source_hourly,A,,three_of_five,0.0175243187331984,False,3473,154,0.1569248488338612,545,0.14497656440637802,0.16945368346276293,0.42207792207792205,65,0.3430179137753327,0.504195448528607,0.06493506493506493,10,0.03157543125795952,0.11617453295680899,0.38961038961038963,60,0.31215650056199007,0.471398485219634,0.44155844155844154,68,0.36169920757606755,0.5237102042716899,0.11038961038961038,17,0.06563574862508902,0.1708546283593505,0.45454545454545453,70,0.37422055558671313,0.536653193318123,9039,110910,2.6026490066225167,8.149851230727617,3896,10467,25.2987012987013,37.221744530428964,37.5,13.25,109.25,70,,
A,logistic,B,True,fixed,source_patient,A,,hourly,0.033675748624532,False,3473,154,0.08580477972934063,298,0.07669768123307026,0.09561597975388066,0.2922077922077922,45,0.2217880099113866,0.3708153671084596,0.06493506493506493,10,0.03157543125795952,0.11617453295680899,0.2727272727272727,42,0.20415797281954284,0.3502619759486091,0.3116883116883117,48,0.2395759600949048,0.39121372219875233,0.11038961038961038,17,0.06563574862508902,0.1708546283593505,0.33766233766233766,52,0.2635243083216708,0.41818408426253373,2799,110910,0.8059314713504175,2.5236678387882066,2136,10467,13.87012987012987,20.406993407853253,48.0,7.0,117.5,52,,
A,logistic,B,True,fixed,source_patient,A,,single,0.033675748624532,False,3473,154,0.08580477972934063,298,0.07669768123307026,0.09561597975388066,0.06493506493506493,10,0.03157543125795952,0.11617453295680899,0.06493506493506493,10,0.03157543125795952,0.11617453295680899,0.2727272727272727,42,0.20415797281954284,0.3502619759486091,0.11038961038961038,17,0.06563574862508902,0.1708546283593505,0.11038961038961038,17,0.06563574862508902,0.1708546283593505,0.33766233766233766,52,0.2635243083216708,0.41818408426253373,298,110910,0.08580477972934063,0.2686863222432603,52,10467,0.33766233766233766,0.49679946498519156,48.0,7.0,117.5,52,,
A,logistic,B,True,fixed,source_patient,A,,silence4,0.033675748624532,False,3473,154,0.08580477972934063,298,0.07669768123307026,0.09561597975388066,0.2662337662337662,41,0.1983181158915165,0.3433747638293647,0.06493506493506493,10,0.03157543125795952,0.11617453295680899,0.2727272727272727,42,0.20415797281954284,0.3502619759486091,0.3051948051948052,47,0.23362965834909935,0.3844309682697452,0.11038961038961038,17,0.06563574862508902,0.1708546283593505,0.33766233766233766,52,0.2635243083216708,0.41818408426253373,1056,110910,0.30405989058450905,0.9521233432512848,649,10467,4.214285714285714,6.2004394764497945,48.0,7.0,117.5,52,,
A,logistic,B,True,fixed,source_patient,A,,silence6,0.033675748624532,False,3473,154,0.08580477972934063,298,0.07669768123307026,0.09561597975388066,0.2532467532467532,39,0.18669620766506584,0.3295437977884982,0.06493506493506493,10,0.03157543125795952,0.11617453295680899,0.2727272727272727,42,0.20415797281954284,0.3502619759486091,0.3116883116883117,48,0.2395759600949048,0.39121372219875233,0.11038961038961038,17,0.06563574862508902,0.1708546283593505,0.33766233766233766,52,0.2635243083216708,0.41818408426253373,806,110910,0.23207601497264613,0.7267153547921739,461,10467,2.9935064935064934,4.404318333811025,48.0,7.0,117.5,52,,
A,logistic,B,True,fixed,source_patient,A,,three_of_five,0.033675748624532,False,3473,154,0.04750935790382954,165,0.04067417192703961,0.05511853325273915,0.23376623376623376,36,0.16941534126280763,0.3086489710130154,0.05194805194805195,8,0.022691322331244903,0.09979076774374385,0.21428571428571427,33,0.15233090617553913,0.28756294741307853,0.24675324675324675,38,0.18091511907589453,0.32259913971264986,0.07142857142857142,11,0.03619427133597008,0.12421014584494618,0.2662337662337662,41,0.1983181158915165,0.3433747638293647,2396,110910,0.6898934638640944,2.1603101613921196,2075,10467,13.474025974025974,19.824209420082163,42.0,11.0,117.0,41,,
A,logistic,B,True,fixed,target_patient_all,B,,hourly,0.0300171546558245,False,3473,154,0.10394471638353009,361,0.09398733962555708,0.11457426419812447,0.3181818181818182,49,0.24553884568577197,0.39798015651019436,0.06493506493506493,10,0.03157543125795952,0.11617453295680899,0.3116883116883117,48,0.2395759600949048,0.39121372219875233,0.33766233766233766,52,0.2635243083216708,0.41818408426253373,0.12987012987012986,20,0.08116628783198608,0.19342644996192487,0.37662337662337664,58,0.2999103500803708,0.45818207013910356,3593,110910,1.0345522602936943,3.239563610134343,2432,10467,15.792207792207792,23.234928823922804,42.5,7.25,114.25,58,,
A,logistic,B,True,fixed,target_patient_all,B,,single,0.0300171546558245,False,3473,154,0.10394471638353009,361,0.09398733962555708,0.11457426419812447,0.06493506493506493,10,0.03157543125795952,0.11617453295680899,0.06493506493506493,10,0.03157543125795952,0.11617453295680899,0.3116883116883117,48,0.2395759600949048,0.39121372219875233,0.12987012987012986,20,0.08116628783198608,0.19342644996192487,0.12987012987012986,20,0.08116628783198608,0.19342644996192487,0.37662337662337664,58,0.2999103500803708,0.45818207013910356,361,110910,0.10394471638353009,0.32548913533495627,58,10467,0.37662337662337664,0.5541224801757906,42.5,7.25,114.25,58,,
A,logistic,B,True,fixed,target_patient_all,B,,silence4,0.0300171546558245,False,3473,154,0.10394471638353009,361,0.09398733962555708,0.11457426419812447,0.3051948051948052,47,0.23362965834909935,0.3844309682697452,0.06493506493506493,10,0.03157543125795952,0.11617453295680899,0.3116883116883117,48,0.2395759600949048,0.39121372219875233,0.33766233766233766,52,0.2635243083216708,0.41818408426253373,0.12987012987012986,20,0.08116628783198608,0.19342644996192487,0.37662337662337664,58,0.2999103500803708,0.45818207013910356,1335,110910,0.3843938957673481,1.2036786583716528,729,10467,4.733766233766234,6.964746345657781,42.5,7.25,114.25,58,,
A,logistic,B,True,fixed,target_patient_all,B,,silence6,0.0300171546558245,False,3473,154,0.10394471638353009,361,0.09398733962555708,0.11457426419812447,0.2857142857142857,44,0.2158933144462354,0.36398190617625525,0.06493506493506493,10,0.03157543125795952,0.11617453295680899,0.3116883116883117,48,0.2395759600949048,0.39121372219875233,0.33766233766233766,52,0.2635243083216708,0.41818408426253373,0.12987012987012986,20,0.08116628783198608,0.19342644996192487,0.37662337662337664,58,0.2999103500803708,0.45818207013910356,1020,110910,0.2936942124964008,0.9196645929131728,519,10467,3.3701298701298703,4.958440813986816,42.5,7.25,114.25,58,,
A,logistic,B,True,fixed,target_patient_all,B,,three_of_five,0.0300171546558245,False,3473,154,0.05845090699683271,203,0.050879228403866925,0.06677605175754309,0.2532467532467532,39,0.18669620766506584,0.3295437977884982,0.05194805194805195,8,0.022691322331244903,0.09979076774374385,0.23376623376623376,36,0.16941534126280763,0.3086489710130154,0.2662337662337662,41,0.1983181158915165,0.3433747638293647,0.07792207792207792,12,0.04091098735376322,0.13215791655397827,0.2857142857142857,44,0.2158933144462354,0.36398190617625525,3068,110910,0.883386121508782,2.76620683437021,2346,10467,15.233766233766234,22.413298939524218,49.0,10.75,120.75,44,,
A,logistic,B,True,fixed,source_sensitivity80,A,,hourly,0.0154078789969933,False,3473,154,0.23668298301180535,822,0.22262917845731073,0.25118138482327906,0.5064935064935064,78,0.4248347001162074,0.5878976719830555,0.05844155844155844,9,0.027068461258342454,0.10803957445511275,0.5454545454545454,84,0.46334680668187694,0.6257794444132868,0.5844155844155844,90,0.5023364772452834,0.6631820267815618,0.14935064935064934,23,0.09709247614920305,0.21562493393266466,0.6038961038961039,93,0.5220144545331564,0.6816990915912942,12221,110910,3.518859775410308,11.018844107835182,4365,10467,28.344155844155843,41.70249355116079,39.0,13.0,103.0,93,,
A,logistic,B,True,fixed,source_sensitivity80,A,,single,0.0154078789969933,False,3473,154,0.23668298301180535,822,0.22262917845731073,0.25118138482327906,0.05844155844155844,9,0.027068461258342454,0.10803957445511275,0.05844155844155844,9,0.027068461258342454,0.10803957445511275,0.5454545454545454,84,0.46334680668187694,0.6257794444132868,0.14935064935064934,23,0.09709247614920305,0.21562493393266466,0.14935064935064934,23,0.09709247614920305,0.21562493393266466,0.6038961038961039,93,0.5220144545331564,0.6816990915912942,822,110910,0.23668298301180535,0.7411414660535569,93,10467,0.6038961038961039,0.8885067354542849,39.0,13.0,103.0,93,,
A,logistic,B,True,fixed,source_sensitivity80,A,,silence4,0.0154078789969933,False,3473,154,0.23668298301180535,822,0.22262917845731073,0.25118138482327906,0.5,77,0.418461961567171,0.5815380384328289,0.05844155844155844,9,0.027068461258342454,0.10803957445511275,0.5454545454545454,84,0.46334680668187694,0.6257794444132868,0.5844155844155844,90,0.5023364772452834,0.6631820267815618,0.14935064935064934,23,0.09709247614920305,0.21562493393266466,0.6038961038961039,93,0.5220144545331564,0.6816990915912942,4057,110910,1.1681543334293119,3.657920836714453,1252,10467,8.12987012987013,11.961402503104997,39.0,13.0,103.0,93,,
A,logistic,B,True,fixed,source_sensitivity80,A,,silence6,0.0154078789969933,False,3473,154,0.23668298301180535,822,0.22262917845731073,0.25118138482327906,0.4805194805194805,74,0.39942240822170416,0.5623805006127327,0.05844155844155844,9,0.027068461258342454,0.10803957445511275,0.5454545454545454,84,0.46334680668187694,0.6257794444132868,0.5714285714285714,88,0.48928617890864684,0.6507685124831213,0.14935064935064934,23,0.09709247614920305,0.21562493393266466,0.6038961038961039,93,0.5220144545331564,0.6816990915912942,3011,110910,0.8669737978692773,2.7148138130015327,876,10467,5.688311688311688,8.369160217827458,39.0,13.0,103.0,93,,
A,logistic,B,True,fixed,source_sensitivity80,A,,three_of_five,0.0154078789969933,False,3473,154,0.18197523754678951,632,0.1692713505316804,0.195216811910447,0.461038961038961,71,0.38050119184962744,0.5431047961980957,0.06493506493506493,10,0.03157543125795952,0.11617453295680899,0.42207792207792205,65,0.3430179137753327,0.504195448528607,0.474025974025974,73,0.39310215464910636,0.5559684198387979,0.1038961038961039,16,0.06056196521313005,0.16323424514689489,0.487012987012987,75,0.4057558058941844,0.5687794561864683,11160,110910,3.2133602073135616,10.062212604814714,4280,10467,27.792207792207794,40.89041750262731,39.0,15.5,106.5,75,,
A,logistic,B,True,fixed,probability_0_5,B,,hourly,0.5,False,3473,154,0.0,0,0.0,0.0010615954675015737,0.0,0,0.0,0.023669148372542772,0.0,0,0.0,0.023669148372542772,0.0,0,0.0,0.023669148372542772,0.0,0,0.0,0.023669148372542772,0.0,0,0.0,0.023669148372542772,0.0,0,0.0,0.023669148372542772,0,110910,0.0,0.0,0,10467,0.0,0.0,,,,0,,
A,logistic,B,True,fixed,probability_0_5,B,,single,0.5,False,3473,154,0.0,0,0.0,0.0010615954675015737,0.0,0,0.0,0.023669148372542772,0.0,0,0.0,0.023669148372542772,0.0,0,0.0,0.023669148372542772,0.0,0,0.0,0.023669148372542772,0.0,0,0.0,0.023669148372542772,0.0,0,0.0,0.023669148372542772,0,110910,0.0,0.0,0,10467,0.0,0.0,,,,0,,
A,logistic,B,True,fixed,probability_0_5,B,,silence4,0.5,False,3473,154,0.0,0,0.0,0.0010615954675015737,0.0,0,0.0,0.023669148372542772,0.0,0,0.0,0.023669148372542772,0.0,0,0.0,0.023669148372542772,0.0,0,0.0,0.023669148372542772,0.0,0,0.0,0.023669148372542772,0.0,0,0.0,0.023669148372542772,0,110910,0.0,0.0,0,10467,0.0,0.0,,,,0,,
A,logistic,B,True,fixed,probability_0_5,B,,silence6,0.5,False,3473,154,0.0,0,0.0,0.0010615954675015737,0.0,0,0.0,0.023669148372542772,0.0,0,0.0,0.023669148372542772,0.0,0,0.0,0.023669148372542772,0.0,0,0.0,0.023669148372542772,0.0,0,0.0,0.023669148372542772,0.0,0,0.0,0.023669148372542772,0,110910,0.0,0.0,0,10467,0.0,0.0,,,,0,,
A,logistic,B,True,fixed,probability_0_5,B,,three_of_five,0.5,False,3473,154,0.0,0,0.0,0.0010615954675015737,0.0,0,0.0,0.023669148372542772,0.0,0,0.0,0.023669148372542772,0.0,0,0.0,0.023669148372542772,0.0,0,0.0,0.023669148372542772,0.0,0,0.0,0.023669148372542772,0.0,0,0.0,0.023669148372542772,0,110910,0.0,0.0,0,10467,0.0,0.0,,,,0,,
A,logistic,B,True,matched_patient,source,A,0.05,hourly,0.044193352099154266,False,3473,154,0.05038871292830406,175,0.04335088651484505,0.05819506066804078,0.22727272727272727,35,0.16369783754955586,0.3016423503885779,0.05844155844155844,9,0.027068461258342454,0.10803957445511275,0.21428571428571427,33,0.15233090617553913,0.28756294741307853,0.24025974025974026,37,0.17515463972983172,0.3156343759716255,0.07792207792207792,12,0.04091098735376322,0.13215791655397827,0.2727272727272727,42,0.20415797281954284,0.3502619759486091,1414,110910,0.4071408004606968,1.2749075827247318,1599,10467,10.383116883116884,15.27658354829464,41.5,7.75,102.25,42,3422.0,0.0
A,logistic,B,True,matched_patient,source,A,0.05,single,0.044193352099154266,False,3473,154,0.05038871292830406,175,0.04335088651484505,0.05819506066804078,0.05844155844155844,9,0.027068461258342454,0.10803957445511275,0.05844155844155844,9,0.027068461258342454,0.10803957445511275,0.21428571428571427,33,0.15233090617553913,0.28756294741307853,0.07792207792207792,12,0.04091098735376322,0.13215791655397827,0.07792207792207792,12,0.04091098735376322,0.13215791655397827,0.2727272727272727,42,0.20415797281954284,0.3502619759486091,175,110910,0.05038871292830406,0.1577855919213777,42,10467,0.2727272727272727,0.40126110633419315,41.5,7.75,102.25,42,3422.0,0.0
A,logistic,B,True,matched_patient,source,A,0.05,silence4,0.044193352099154266,False,3473,154,0.05038871292830406,175,0.04335088651484505,0.05819506066804078,0.21428571428571427,33,0.15233090617553913,0.28756294741307853,0.05844155844155844,9,0.027068461258342454,0.10803957445511275,0.21428571428571427,33,0.15233090617553913,0.28756294741307853,0.24025974025974026,37,0.17515463972983172,0.3156343759716255,0.07792207792207792,12,0.04091098735376322,0.13215791655397827,0.2727272727272727,42,0.20415797281954284,0.3502619759486091,555,110910,0.15980420385833574,0.5004057343792264,488,10467,3.168831168831169,4.662271902168721,41.5,7.75,102.25,42,3422.0,0.0
A,logistic,B,True,matched_patient,source,A,0.05,silence6,0.044193352099154266,False,3473,154,0.05038871292830406,175,0.04335088651484505,0.05819506066804078,0.22077922077922077,34,0.1580027887957706,0.2946138970908247,0.05844155844155844,9,0.027068461258342454,0.10803957445511275,0.21428571428571427,33,0.15233090617553913,0.28756294741307853,0.24025974025974026,37,0.17515463972983172,0.3156343759716255,0.07792207792207792,12,0.04091098735376322,0.13215791655397827,0.2727272727272727,42,0.20415797281954284,0.3502619759486091,435,110910,0.12525194356464153,0.39220989991885313,351,10467,2.279220779220779,3.353396388650043,41.5,7.75,102.25,42,3422.0,0.0
A,logistic,B,True,matched_patient,source,A,0.05,three_of_five,0.033520290284229703,False,3473,154,0.047797293406276996,166,0.04094153070014993,0.055426496129453176,0.23376623376623376,36,0.16941534126280763,0.3086489710130154,0.05194805194805195,8,0.022691322331244903,0.09979076774374385,0.21428571428571427,33,0.15233090617553913,0.28756294741307853,0.24675324675324675,38,0.18091511907589453,0.32259913971264986,0.07142857142857142,11,0.03619427133597008,0.12421014584494618,0.2662337662337662,41,0.1983181158915165,0.3433747638293647,2418,110910,0.6962280449179383,2.1801460643765216,2083,10467,13.525974025974026,19.90064010700296,42.0,11.0,117.0,41,3422.0,0.0
A,logistic,B,True,matched_patient,source,A,0.1,hourly,0.033675748624532036,False,3473,154,0.08580477972934063,298,0.07669768123307026,0.09561597975388066,0.2922077922077922,45,0.2217880099113866,0.3708153671084596,0.06493506493506493,10,0.03157543125795952,0.11617453295680899,0.2727272727272727,42,0.20415797281954284,0.3502619759486091,0.3116883116883117,48,0.2395759600949048,0.39121372219875233,0.11038961038961038,17,0.06563574862508902,0.1708546283593505,0.33766233766233766,52,0.2635243083216708,0.41818408426253373,2799,110910,0.8059314713504175,2.5236678387882066,2136,10467,13.87012987012987,20.406993407853253,48.0,7.0,117.5,52,3422.0,0.0
A,logistic,B,True,matched_patient,source,A,0.1,single,0.033675748624532036,False,3473,154,0.08580477972934063,298,0.07669768123307026,0.09561597975388066,0.06493506493506493,10,0.03157543125795952,0.11617453295680899,0.06493506493506493,10,0.03157543125795952,0.11617453295680899,0.2727272727272727,42,0.20415797281954284,0.3502619759486091,0.11038961038961038,17,0.06563574862508902,0.1708546283593505,0.11038961038961038,17,0.06563574862508902,0.1708546283593505,0.33766233766233766,52,0.2635243083216708,0.41818408426253373,298,110910,0.08580477972934063,0.2686863222432603,52,10467,0.33766233766233766,0.49679946498519156,48.0,7.0,117.5,52,3422.0,0.0
A,logistic,B,True,matched_patient,source,A,0.1,silence4,0.033675748624532036,False,3473,154,0.08580477972934063,298,0.07669768123307026,0.09561597975388066,0.2662337662337662,41,0.1983181158915165,0.3433747638293647,0.06493506493506493,10,0.03157543125795952,0.11617453295680899,0.2727272727272727,42,0.20415797281954284,0.3502619759486091,0.3051948051948052,47,0.23362965834909935,0.3844309682697452,0.11038961038961038,17,0.06563574862508902,0.1708546283593505,0.33766233766233766,52,0.2635243083216708,0.41818408426253373,1056,110910,0.30405989058450905,0.9521233432512848,649,10467,4.214285714285714,6.2004394764497945,48.0,7.0,117.5,52,3422.0,0.0
A,logistic,B,True,matched_patient,source,A,0.1,silence6,0.033675748624532036,False,3473,154,0.08580477972934063,298,0.07669768123307026,0.09561597975388066,0.2532467532467532,39,0.18669620766506584,0.3295437977884982,0.06493506493506493,10,0.03157543125795952,0.11617453295680899,0.2727272727272727,42,0.20415797281954284,0.3502619759486091,0.3116883116883117,48,0.2395759600949048,0.39121372219875233,0.11038961038961038,17,0.06563574862508902,0.1708546283593505,0.33766233766233766,52,0.2635243083216708,0.41818408426253373,806,110910,0.23207601497264613,0.7267153547921739,461,10467,2.9935064935064934,4.404318333811025,48.0,7.0,117.5,52,3422.0,0.0
A,logistic,B,True,matched_patient,source,A,0.1,three_of_five,0.024877482264594214,False,3473,154,0.08753239274402534,304,0.07833944705745739,0.09742637890222083,0.33116883116883117,51,0.2575132730410363,0.41146509885234017,0.06493506493506493,10,0.03157543125795952,0.11617453295680899,0.3051948051948052,47,0.23362965834909935,0.3844309682697452,0.35064935064935066,54,0.2755928694053313,0.431576169522941,0.1038961038961039,16,0.06056196521313005,0.16323424514689489,0.37012987012987014,57,0.29380888897459106,0.4515524522412256,4657,110910,1.3409156348977829,4.198900009016319,2980,10467,19.350649350649352,28.470430877997515,41.0,10.0,112.0,57,3422.0,0.0
A,logistic,B,True,matched_patient,source,A,0.2,hourly,0.022751696794418585,False,3473,154,0.15922833285344082,553,0.14720633378439144,0.1718269320079874,0.4025974025974026,62,0.3244593664335884,0.48455866737256753,0.045454545454545456,7,0.018467719055790442,0.09140937878400023,0.44155844155844154,68,0.36169920757606755,0.5237102042716899,0.44805194805194803,69,0.367953209537656,0.5301883450588181,0.11688311688311688,18,0.07076359466897236,0.178424551200866,0.487012987012987,75,0.4057558058941844,0.5687794561864683,6357,110910,1.830405989058451,5.731674330538274,3280,10467,21.2987012987013,31.336581637527466,31.0,15.0,101.5,75,3422.0,0.0
A,logistic,B,True,matched_patient,source,A,0.2,single,0.022751696794418585,False,3473,154,0.15922833285344082,553,0.14720633378439144,0.1718269320079874,0.045454545454545456,7,0.018467719055790442,0.09140937878400023,0.045454545454545456,7,0.018467719055790442,0.09140937878400023,0.44155844155844154,68,0.36169920757606755,0.5237102042716899,0.11688311688311688,18,0.07076359466897236,0.178424551200866,0.11688311688311688,18,0.07076359466897236,0.178424551200866,0.487012987012987,75,0.4057558058941844,0.5687794561864683,553,110910,0.15922833285344082,0.49860247047155354,75,10467,0.487012987012987,0.7165376898824878,31.0,15.0,101.5,75,3422.0,0.0
A,logistic,B,True,matched_patient,source,A,0.2,silence4,0.022751696794418585,False,3473,154,0.15922833285344082,553,0.14720633378439144,0.1718269320079874,0.38961038961038963,60,0.31215650056199007,0.471398485219634,0.045454545454545456,7,0.018467719055790442,0.09140937878400023,0.44155844155844154,68,0.36169920757606755,0.5237102042716899,0.44805194805194803,69,0.367953209537656,0.5301883450588181,0.11688311688311688,18,0.07076359466897236,0.178424551200866,0.487012987012987,75,0.4057558058941844,0.5687794561864683,2270,110910,0.6536135905557156,2.0467045352087276,963,10467,6.253246753246753,9.200343938091144,31.0,15.0,101.5,75,3422.0,0.0
A,logistic,B,True,matched_patient,source,A,0.2,silence6,0.022751696794418585,False,3473,154,0.15922833285344082,553,0.14720633378439144,0.1718269320079874,0.37012987012987014,57,0.29380888897459106,0.4515524522412256,0.045454545454545456,7,0.018467719055790442,0.09140937878400023,0.44155844155844154,68,0.36169920757606755,0.5237102042716899,0.44805194805194803,69,0.367953209537656,0.5301883450588181,0.11688311688311688,18,0.07076359466897236,0.178424551200866,0.487012987012987,75,0.4057558058941844,0.5687794561864683,1695,110910,0.48805067664843077,1.5282661617527724,673,10467,4.37012987012987,6.429731537212191,31.0,15.0,101.5,75,3422.0,0.0
A,logistic,B,True,matched_patient,source,A,0.2,three_of_five,0.017437939812115905,False,3473,154,0.15836452634609846,550,0.1463700638757166,0.17093706996346,0.43506493506493504,67,0.35545861076495344,0.5172187167507608,0.06493506493506493,10,0.03157543125795952,0.11617453295680899,0.3961038961038961,61,0.3183009084087059,0.4779855454668436,0.44805194805194803,69,0.367953209537656,0.5301883450588181,0.11688311688311688,18,0.07076359466897236,0.178424551200866,0.461038961038961,71,0.38050119184962744,0.5431047961980957,9135,110910,2.6302908148574717,8.236407898295916,3916,10467,25.428571428571427,37.41282124773097,37.0,12.5,105.5,71,3422.0,0.0
A,logistic,B,True,matched_patient,local,B,0.05,hourly,0.04221489188214793,False,3473,154,0.05614742297725309,195,0.0487236077731768,0.06432897231706648,0.24025974025974026,37,0.17515463972983172,0.3156343759716255,0.05844155844155844,9,0.027068461258342454,0.10803957445511275,0.23376623376623376,36,0.16941534126280763,0.3086489710130154,0.2662337662337662,41,0.1983181158915165,0.3433747638293647,0.09090909090909091,14,0.05059551791712918,0.14782552221879086,0.2922077922077922,45,0.2217880099113866,0.3708153671084596,1616,110910,0.46530377195508205,1.4570372373996934,1675,10467,10.876623376623376,16.002675074042227,40.0,7.0,104.0,45,3495.0,0.0
A,logistic,B,True,matched_patient,local,B,0.05,single,0.04221489188214793,False,3473,154,0.05614742297725309,195,0.0487236077731768,0.06432897231706648,0.05844155844155844,9,0.027068461258342454,0.10803957445511275,0.05844155844155844,9,0.027068461258342454,0.10803957445511275,0.23376623376623376,36,0.16941534126280763,0.3086489710130154,0.09090909090909091,14,0.05059551791712918,0.14782552221879086,0.09090909090909091,14,0.05059551791712918,0.14782552221879086,0.2922077922077922,45,0.2217880099113866,0.3708153671084596,195,110910,0.05614742297725309,0.17581823099810656,45,10467,0.2922077922077922,0.4299226139294927,40.0,7.0,104.0,45,3495.0,0.0
A,logistic,B,True,matched_patient,local,B,0.05,silence4,0.04221489188214793,False,3473,154,0.05614742297725309,195,0.0487236077731768,0.06432897231706648,0.22077922077922077,34,0.1580027887957706,0.2946138970908247,0.05844155844155844,9,0.027068461258342454,0.10803957445511275,0.23376623376623376,36,0.16941534126280763,0.3086489710130154,0.2662337662337662,41,0.1983181158915165,0.3433747638293647,0.09090909090909091,14,0.05059551791712918,0.14782552221879086,0.2922077922077922,45,0.2217880099113866,0.3708153671084596,633,110910,0.18226317304923698,0.570733026778469,510,10467,3.311688311688312,4.872456291200917,40.0,7.0,104.0,45,3495.0,0.0
A,logistic,B,True,matched_patient,local,B,0.05,silence6,0.04221489188214793,False,3473,154,0.05614742297725309,195,0.0487236077731768,0.06432897231706648,0.22727272727272727,35,0.16369783754955586,0.3016423503885779,0.05844155844155844,9,0.027068461258342454,0.10803957445511275,0.23376623376623376,36,0.16941534126280763,0.3086489710130154,0.2662337662337662,41,0.1983181158915165,0.3433747638293647,0.09090909090909091,14,0.05059551791712918,0.14782552221879086,0.2922077922077922,45,0.2217880099113866,0.3708153671084596,500,110910,0.14396775122372588,0.450815976918222,368,10467,2.3896103896103895,3.5158115983567404,40.0,7.0,104.0,45,3495.0,0.0
A,logistic,B,True,matched_patient,local,B,0.05,three_of_five,0.03208750843604687,False,3473,154,0.05125251943564642,178,0.04415521158565454,0.059116718634847895,0.24025974025974026,37,0.17515463972983172,0.3156343759716255,0.05194805194805195,8,0.022691322331244903,0.09979076774374385,0.22077922077922077,34,0.1580027887957706,0.2946138970908247,0.2532467532467532,39,0.18669620766506584,0.3295437977884982,0.07792207792207792,12,0.04091098735376322,0.13215791655397827,0.2727272727272727,42,0.20415797281954284,0.3502619759486091,2655,110910,0.7644687589979845,2.3938328374357587,2201,10467,14.292207792207792,21.02799273908474,43.0,10.25,117.0,42,3495.0,0.0
A,logistic,B,True,matched_patient,local,B,0.1,hourly,0.030017154655824503,False,3473,154,0.10394471638353009,361,0.09398733962555708,0.11457426419812447,0.3181818181818182,49,0.24553884568577197,0.39798015651019436,0.06493506493506493,10,0.03157543125795952,0.11617453295680899,0.3116883116883117,48,0.2395759600949048,0.39121372219875233,0.33766233766233766,52,0.2635243083216708,0.41818408426253373,0.12987012987012986,20,0.08116628783198608,0.19342644996192487,0.37662337662337664,58,0.2999103500803708,0.45818207013910356,3593,110910,1.0345522602936943,3.239563610134343,2432,10467,15.792207792207792,23.234928823922804,42.5,7.25,114.25,58,3495.0,0.0
A,logistic,B,True,matched_patient,local,B,0.1,single,0.030017154655824503,False,3473,154,0.10394471638353009,361,0.09398733962555708,0.11457426419812447,0.06493506493506493,10,0.03157543125795952,0.11617453295680899,0.06493506493506493,10,0.03157543125795952,0.11617453295680899,0.3116883116883117,48,0.2395759600949048,0.39121372219875233,0.12987012987012986,20,0.08116628783198608,0.19342644996192487,0.12987012987012986,20,0.08116628783198608,0.19342644996192487,0.37662337662337664,58,0.2999103500803708,0.45818207013910356,361,110910,0.10394471638353009,0.32548913533495627,58,10467,0.37662337662337664,0.5541224801757906,42.5,7.25,114.25,58,3495.0,0.0
A,logistic,B,True,matched_patient,local,B,0.1,silence4,0.030017154655824503,False,3473,154,0.10394471638353009,361,0.09398733962555708,0.11457426419812447,0.3051948051948052,47,0.23362965834909935,0.3844309682697452,0.06493506493506493,10,0.03157543125795952,0.11617453295680899,0.3116883116883117,48,0.2395759600949048,0.39121372219875233,0.33766233766233766,52,0.2635243083216708,0.41818408426253373,0.12987012987012986,20,0.08116628783198608,0.19342644996192487,0.37662337662337664,58,0.2999103500803708,0.45818207013910356,1335,110910,0.3843938957673481,1.2036786583716528,729,10467,4.733766233766234,6.964746345657781,42.5,7.25,114.25,58,3495.0,0.0
A,logistic,B,True,matched_patient,local,B,0.1,silence6,0.030017154655824503,False,3473,154,0.10394471638353009,361,0.09398733962555708,0.11457426419812447,0.2857142857142857,44,0.2158933144462354,0.36398190617625525,0.06493506493506493,10,0.03157543125795952,0.11617453295680899,0.3116883116883117,48,0.2395759600949048,0.39121372219875233,0.33766233766233766,52,0.2635243083216708,0.41818408426253373,0.12987012987012986,20,0.08116628783198608,0.19342644996192487,0.37662337662337664,58,0.2999103500803708,0.45818207013910356,1020,110910,0.2936942124964008,0.9196645929131728,519,10467,3.3701298701298703,4.958440813986816,42.5,7.25,114.25,58,3495.0,0.0
A,logistic,B,True,matched_patient,local,B,0.1,three_of_five,0.02285997577549335,False,3473,154,0.10596026490066225,368,0.09591481339726493,0.11667436419697648,0.35714285714285715,55,0.2816499759891693,0.43824966402838245,0.05844155844155844,9,0.027068461258342454,0.10803957445511275,0.3181818181818182,49,0.24553884568577197,0.39798015651019436,0.37012987012987014,57,0.29380888897459106,0.4515524522412256,0.09090909090909091,14,0.05059551791712918,0.14782552221879086,0.37662337662337664,58,0.2999103500803708,0.45818207013910356,5601,110910,1.6127267492081774,5.050040573437923,3190,10467,20.714285714285715,30.476736409668483,45.0,16.25,112.0,58,3495.0,0.0
A,logistic,B,True,matched_patient,local,B,0.2,hourly,0.01770300629820588,False,3473,154,0.21307227181111432,740,0.19955585722781563,0.22707339178393274,0.4675324675324675,72,0.38679507150221737,0.5495431939115534,0.045454545454545456,7,0.018467719055790442,0.09140937878400023,0.512987012987013,79,0.43122054381353164,0.5942441941058156,0.5324675324675324,82,0.45045680608844646,0.6132049284977826,0.12987012987012986,20,0.08116628783198608,0.19342644996192487,0.5584415584415584,86,0.4762897957283101,0.6383007924239325,9875,110910,2.843363086668586,8.903615544134885,3940,10467,25.584415584415584,37.64211330849336,38.0,14.0,95.5,86,3495.0,0.0
A,logistic,B,True,matched_patient,local,B,0.2,single,0.01770300629820588,False,3473,154,0.21307227181111432,740,0.19955585722781563,0.22707339178393274,0.045454545454545456,7,0.018467719055790442,0.09140937878400023,0.045454545454545456,7,0.018467719055790442,0.09140937878400023,0.512987012987013,79,0.43122054381353164,0.5942441941058156,0.12987012987012986,20,0.08116628783198608,0.19342644996192487,0.12987012987012986,20,0.08116628783198608,0.19342644996192487,0.5584415584415584,86,0.4762897957283101,0.6383007924239325,740,110910,0.21307227181111432,0.6672076458389685,86,10467,0.5584415584415584,0.8216298843985861,38.0,14.0,95.5,86,3495.0,0.0
A,logistic,B,True,matched_patient,local,B,0.2,silence4,0.01770300629820588,False,3473,154,0.21307227181111432,740,0.19955585722781563,0.22707339178393274,0.461038961038961,71,0.38050119184962744,0.5431047961980957,0.045454545454545456,7,0.018467719055790442,0.09140937878400023,0.512987012987013,79,0.43122054381353164,0.5942441941058156,0.5324675324675324,82,0.45045680608844646,0.6132049284977826,0.12987012987012986,20,0.08116628783198608,0.19342644996192487,0.5584415584415584,86,0.4762897957283101,0.6383007924239325,3371,110910,0.97063057875036,3.0394013163826528,1138,10467,7.3896103896103895,10.872265214483615,38.0,14.0,95.5,86,3495.0,0.0
A,logistic,B,True,matched_patient,local,B,0.2,silence6,0.01770300629820588,False,3473,154,0.21307227181111432,740,0.19955585722781563,0.22707339178393274,0.461038961038961,71,0.38050119184962744,0.5431047961980957,0.045454545454545456,7,0.018467719055790442,0.09140937878400023,0.512987012987013,79,0.43122054381353164,0.5942441941058156,0.525974025974026,81,0.44403158016120214,0.6068978453508936,0.12987012987012986,20,0.08116628783198608,0.19342644996192487,0.5584415584415584,86,0.4762897957283101,0.6383007924239325,2511,110910,0.7230060466455513,2.263997836083311,798,10467,5.181818181818182,7.623961020349671,38.0,14.0,95.5,86,3495.0,0.0
A,logistic,B,True,matched_patient,local,B,0.2,three_of_five,0.01316618308586532,False,3473,154,0.21278433630866686,739,0.1992748762780723,0.22677899140759913,0.5064935064935064,78,0.4248347001162074,0.5878976719830555,0.05844155844155844,9,0.027068461258342454,0.10803957445511275,0.4805194805194805,74,0.39942240822170416,0.5623805006127327,0.5194805194805194,80,0.43761949938726724,0.6005775917782958,0.12987012987012986,20,0.08116628783198608,0.19342644996192487,0.538961038961039,83,0.4568952038019044,0.6194988081503725,14140,110910,4.071408004606968,12.749075827247317,4747,10467,30.824675324675326,45.35205885162893,42.0,13.0,98.5,83,3495.0,0.0
A,hgb,A,False,fixed,source_hourly,A,,hourly,0.0139771849320761,False,3422,260,0.3246639392168323,1111,0.30898450663475835,0.34064348920744897,0.7384615384615385,192,0.6805870458043747,0.79080989192768,0.11153846153846154,29,0.07598371413376193,0.15624806677190298,0.6692307692307692,174,0.608431909892698,0.7261190822013037,0.7576923076923077,197,0.7009140065447756,0.8084921771429588,0.2153846153846154,56,0.16699465554781523,0.2703899882302071,0.7807692307692308,203,0.7254924933335027,0.8295218662633832,11376,112566,3.32437171244886,10.106071104951761,8773,15363,33.74230769230769,57.10473214866888,37.0,10.0,78.0,203,,
A,hgb,A,False,fixed,source_hourly,A,,single,0.0139771849320761,False,3422,260,0.3246639392168323,1111,0.30898450663475835,0.34064348920744897,0.11153846153846154,29,0.07598371413376193,0.15624806677190298,0.11153846153846154,29,0.07598371413376193,0.15624806677190298,0.6692307692307692,174,0.608431909892698,0.7261190822013037,0.2153846153846154,56,0.16699465554781523,0.2703899882302071,0.2153846153846154,56,0.16699465554781523,0.2703899882302071,0.7807692307692308,203,0.7254924933335027,0.8295218662633832,1111,112566,0.3246639392168323,0.9869765293250182,203,15363,0.7807692307692308,1.3213565058907766,37.0,10.0,78.0,203,,
A,hgb,A,False,fixed,source_hourly,A,,silence4,0.0139771849320761,False,3422,260,0.3246639392168323,1111,0.30898450663475835,0.34064348920744897,0.7230769230769231,188,0.664419577870804,0.7765686654760942,0.11153846153846154,29,0.07598371413376193,0.15624806677190298,0.6692307692307692,174,0.608431909892698,0.7261190822013037,0.7538461538461538,196,0.6968377503218184,0.8049667442520922,0.2153846153846154,56,0.16699465554781523,0.2703899882302071,0.7807692307692308,203,0.7254924933335027,0.8295218662633832,3848,112566,1.124488603156049,3.4184389602544285,2378,15363,9.146153846153846,15.478747640434811,37.0,10.0,78.0,203,,
A,hgb,A,False,fixed,source_hourly,A,,silence6,0.0139771849320761,False,3422,260,0.3246639392168323,1111,0.30898450663475835,0.34064348920744897,0.7192307692307692,187,0.6603901963828575,0.7729957154563653,0.11153846153846154,29,0.07598371413376193,0.15624806677190298,0.6692307692307692,174,0.608431909892698,0.7261190822013037,0.7461538461538462,194,0.6887016964158197,0.7978991734107859,0.2153846153846154,56,0.16699465554781523,0.2703899882302071,0.7807692307692308,203,0.7254924933335027,0.8295218662633832,2911,112566,0.8506721215663354,2.586038413019917,1653,15363,6.357692307692307,10.759617262253466,37.0,10.0,78.0,203,,
A,hgb,A,False,fixed,source_hourly,A,,three_of_five,0.0139771849320761,False,3422,260,0.23524254821741672,805,0.22111630110687533,0.24982254132881174,0.6846153846153846,178,0.624338233374927,0.7406243072276576,0.14615384615384616,38,0.1055486183034218,0.19504523475188376,0.5769230769230769,150,0.5143570131415461,0.6377150795509512,0.7076923076923077,184,0.6483310300349016,0.7622475451291513,0.21923076923076923,57,0.1704781337366168,0.2745075066664972,0.7230769230769231,188,0.664419577870804,0.7765686654760942,9803,112566,2.864699006428989,8.708668692145052,8405,15363,32.32692307692308,54.70936666015752,34.5,8.75,77.25,188,,
A,hgb,A,False,fixed,source_patient,A,,hourly,0.0357463317979515,False,3422,260,0.108708357685564,372,0.0984706842118827,0.11961986043397142,0.5,130,0.43760437692222265,0.5623956230777774,0.06923076923076923,18,0.04154374938080101,0.10720931548723328,0.4807692307692308,125,0.4186398066606019,0.5433419768273844,0.5115384615384615,133,0.44902587420770024,0.5737850605643537,0.13076923076923078,34,0.09228944800343739,0.1779171090290837,0.55,143,0.48732968129650733,0.6115174905704333,1863,112566,0.5444184687317358,1.6550290496242204,6083,15363,23.396153846153847,39.595131159278786,34.0,14.0,77.5,143,,
A,hgb,A,False,fixed,source_patient,A,,single,0.0357463317979515,False,3422,260,0.108708357685564,372,0.0984706842118827,0.11961986043397142,0.06923076923076923,18,0.04154374938080101,0.10720931548723328,0.06923076923076923,18,0.04154374938080101,0.10720931548723328,0.4807692307692308,125,0.4186398066606019,0.5433419768273844,0.13076923076923078,34,0.09228944800343739,0.1779171090290837,0.13076923076923078,34,0.09228944800343739,0.1779171090290837,0.55,143,0.48732968129650733,0.6115174905704333,372,112566,0.108708357685564,0.3304727892969458,143,15363,0.55,0.9308077849378377,34.0,14.0,77.5,143,,
A,hgb,A,False,fixed,source_patient,A,,silence4,0.0357463317979515,False,3422,260,0.108708357685564,372,0.0984706842118827,0.11961986043397142,0.49230769230769234,128,0.43000785536719904,0.5547848537721842,0.06923076923076923,18,0.04154374938080101,0.10720931548723328,0.4807692307692308,125,0.4186398066606019,0.5433419768273844,0.5115384615384615,133,0.44902587420770024,0.5737850605643537,0.13076923076923078,34,0.09228944800343739,0.1779171090290837,0.55,143,0.48732968129650733,0.6115174905704333,750,112566,0.21917007597895968,0.6662757848728745,1664,15363,6.4,10.831217861094839,34.0,14.0,77.5,143,,
A,hgb,A,False,fixed,source_patient,A,,silence6,0.0357463317979515,False,3422,260,0.108708357685564,372,0.0984706842118827,0.11961986043397142,0.48846153846153845,127,0.4262149394356462,0.5509741257922998,0.06923076923076923,18,0.04154374938080101,0.10720931548723328,0.4807692307692308,125,0.4186398066606019,0.5433419768273844,0.5115384615384615,133,0.44902587420770024,0.5737850605643537,0.13076923076923078,34,0.09228944800343739,0.1779171090290837,0.55,143,0.48732968129650733,0.6115174905704333,613,112566,0.17913500876680305,0.5445694081694294,1154,15363,4.438461538461539,7.511553732994858,34.0,14.0,77.5,143,,
A,hgb,A,False,fixed,source_patient,A,,three_of_five,0.0357463317979515,False,3422,260,0.058445353594389245,200,0.050819587163066594,0.06683595387836007,0.4423076923076923,115,0.38097923594185035,0.504966421471815,0.07307692307692308,19,0.04456804841474121,0.11176801216837896,0.4,104,0.3399739850068508,0.4623330562125558,0.45,117,0.3884825094295668,0.5126703187034927,0.10384615384615385,27,0.0695582381767777,0.14748746085110562,0.47307692307692306,123,0.41107895925557636,0.5356955546843483,1355,112566,0.39596727060198716,1.2037382513369934,5819,15363,22.380769230769232,37.876716787085854,35.0,15.0,76.0,123,,
A,hgb,A,False,fixed,target_patient_all,A,,hourly,0.0357463317979515,False,3422,260,0.108708357685564,372,0.0984706842118827,0.11961986043397142,0.5,130,0.43760437692222265,0.5623956230777774,0.06923076923076923,18,0.04154374938080101,0.10720931548723328,0.4807692307692308,125,0.4186398066606019,0.5433419768273844,0.5115384615384615,133,0.44902587420770024,0.5737850605643537,0.13076923076923078,34,0.09228944800343739,0.1779171090290837,0.55,143,0.48732968129650733,0.6115174905704333,1863,112566,0.5444184687317358,1.6550290496242204,6083,15363,23.396153846153847,39.595131159278786,34.0,14.0,77.5,143,,
A,hgb,A,False,fixed,target_patient_all,A,,single,0.0357463317979515,False,3422,260,0.108708357685564,372,0.0984706842118827,0.11961986043397142,0.06923076923076923,18,0.04154374938080101,0.10720931548723328,0.06923076923076923,18,0.04154374938080101,0.10720931548723328,0.4807692307692308,125,0.4186398066606019,0.5433419768273844,0.13076923076923078,34,0.09228944800343739,0.1779171090290837,0.13076923076923078,34,0.09228944800343739,0.1779171090290837,0.55,143,0.48732968129650733,0.6115174905704333,372,112566,0.108708357685564,0.3304727892969458,143,15363,0.55,0.9308077849378377,34.0,14.0,77.5,143,,
A,hgb,A,False,fixed,target_patient_all,A,,silence4,0.0357463317979515,False,3422,260,0.108708357685564,372,0.0984706842118827,0.11961986043397142,0.49230769230769234,128,0.43000785536719904,0.5547848537721842,0.06923076923076923,18,0.04154374938080101,0.10720931548723328,0.4807692307692308,125,0.4186398066606019,0.5433419768273844,0.5115384615384615,133,0.44902587420770024,0.5737850605643537,0.13076923076923078,34,0.09228944800343739,0.1779171090290837,0.55,143,0.48732968129650733,0.6115174905704333,750,112566,0.21917007597895968,0.6662757848728745,1664,15363,6.4,10.831217861094839,34.0,14.0,77.5,143,,
A,hgb,A,False,fixed,target_patient_all,A,,silence6,0.0357463317979515,False,3422,260,0.108708357685564,372,0.0984706842118827,0.11961986043397142,0.48846153846153845,127,0.4262149394356462,0.5509741257922998,0.06923076923076923,18,0.04154374938080101,0.10720931548723328,0.4807692307692308,125,0.4186398066606019,0.5433419768273844,0.5115384615384615,133,0.44902587420770024,0.5737850605643537,0.13076923076923078,34,0.09228944800343739,0.1779171090290837,0.55,143,0.48732968129650733,0.6115174905704333,613,112566,0.17913500876680305,0.5445694081694294,1154,15363,4.438461538461539,7.511553732994858,34.0,14.0,77.5,143,,
A,hgb,A,False,fixed,target_patient_all,A,,three_of_five,0.0357463317979515,False,3422,260,0.058445353594389245,200,0.050819587163066594,0.06683595387836007,0.4423076923076923,115,0.38097923594185035,0.504966421471815,0.07307692307692308,19,0.04456804841474121,0.11176801216837896,0.4,104,0.3399739850068508,0.4623330562125558,0.45,117,0.3884825094295668,0.5126703187034927,0.10384615384615385,27,0.0695582381767777,0.14748746085110562,0.47307692307692306,123,0.41107895925557636,0.5356955546843483,1355,112566,0.39596727060198716,1.2037382513369934,5819,15363,22.380769230769232,37.876716787085854,35.0,15.0,76.0,123,,
A,hgb,A,False,fixed,source_sensitivity80,A,,hourly,0.0124913992646948,False,3422,260,0.3609000584453536,1235,0.3447874053615794,0.3772507327376082,0.7615384615384615,198,0.7049958640465166,0.8120119219758741,0.1076923076923077,28,0.07276342867941939,0.15187499124978418,0.6961538461538461,181,0.6363141643386621,0.7514566038205615,0.7846153846153846,204,0.7296100117697929,0.8330053444521848,0.2153846153846154,56,0.16699465554781523,0.2703899882302071,0.8038461538461539,209,0.7502950746013148,0.8503233889966193,13477,112566,3.9383401519579193,11.972531670308975,9196,15363,35.36923076923077,59.858100631387096,37.0,11.0,77.0,209,,
A,hgb,A,False,fixed,source_sensitivity80,A,,single,0.0124913992646948,False,3422,260,0.3609000584453536,1235,0.3447874053615794,0.3772507327376082,0.1076923076923077,28,0.07276342867941939,0.15187499124978418,0.1076923076923077,28,0.07276342867941939,0.15187499124978418,0.6961538461538461,181,0.6363141643386621,0.7514566038205615,0.2153846153846154,56,0.16699465554781523,0.2703899882302071,0.2153846153846154,56,0.16699465554781523,0.2703899882302071,0.8038461538461539,209,0.7502950746013148,0.8503233889966193,1235,112566,0.3609000584453536,1.0971341257573335,209,15363,0.8038461538461539,1.3604113779860705,37.0,11.0,77.0,209,,
A,hgb,A,False,fixed,source_sensitivity80,A,,silence4,0.0124913992646948,False,3422,260,0.3609000584453536,1235,0.3447874053615794,0.3772507327376082,0.75,195,0.6927670081758962,0.8014357140033141,0.1076923076923077,28,0.07276342867941939,0.15187499124978418,0.6961538461538461,181,0.6363141643386621,0.7514566038205615,0.7807692307692308,203,0.7254924933335027,0.8295218662633832,0.2153846153846154,56,0.16699465554781523,0.2703899882302071,0.8038461538461539,209,0.7502950746013148,0.8503233889966193,4471,112566,1.3065458796025715,3.9718920455554962,2484,15363,9.553846153846154,16.16871704745167,37.0,11.0,77.0,209,,
A,hgb,A,False,fixed,source_sensitivity80,A,,silence6,0.0124913992646948,False,3422,260,0.3609000584453536,1235,0.3447874053615794,0.3772507327376082,0.7384615384615385,192,0.6805870458043747,0.79080989192768,0.1076923076923077,28,0.07276342867941939,0.15187499124978418,0.6961538461538461,181,0.6363141643386621,0.7514566038205615,0.7769230769230769,202,0.7213811846284,0.826032066095538,0.2153846153846154,56,0.16699465554781523,0.2703899882302071,0.8038461538461539,209,0.7502950746013148,0.8503233889966193,3359,112566,0.9815897136177674,2.984027148517314,1724,15363,6.630769230769231,11.221766582047778,37.0,11.0,77.0,209,,
A,hgb,A,False,fixed,source_sensitivity80,A,,three_of_five,0.0124913992646948,False,3422,260,0.2653419053185272,908,0.25060841897799613,0.2804773424225374,0.7115384615384616,185,0.6523459801135634,0.7658350955050589,0.14615384615384616,38,0.1055486183034218,0.19504523475188376,0.5961538461538461,155,0.5337726094818985,0.6563169106773853,0.7307692307692307,190,0.6724931928110037,0.783699528977546,0.22692307692307692,59,0.17746393846676908,0.28272402706914257,0.7423076923076923,193,0.6846417346862197,0.794357205989197,11708,112566,3.4213909994155465,10.401009185722154,8792,15363,33.815384615384616,57.22840591030398,35.0,9.0,78.0,193,,
A,hgb,A,False,fixed,probability_0_5,A,,hourly,0.5,False,3422,260,0.0,0,0.0,0.0010774084985517767,0.011538461538461539,3,0.0023858584654653397,0.03334809595182638,0.007692307692307693,2,0.0009329355060647013,0.027509464774955892,0.0038461538461538464,1,9.737144364818687e-05,0.02124194450020736,0.011538461538461539,3,0.0023858584654653397,0.03334809595182638,0.007692307692307693,2,0.0009329355060647013,0.027509464774955892,0.011538461538461539,3,0.0023858584654653397,0.03334809595182638,0,112566,0.0,0.0,18,15363,0.06923076923076923,0.11716461628588166,6.0,4.5,41.5,3,,
A,hgb,A,False,fixed,probability_0_5,A,,single,0.5,False,3422,260,0.0,0,0.0,0.0010774084985517767,0.007692307692307693,2,0.0009329355060647013,0.027509464774955892,0.007692307692307693,2,0.0009329355060647013,0.027509464774955892,0.0038461538461538464,1,9.737144364818687e-05,0.02124194450020736,0.007692307692307693,2,0.0009329355060647013,0.027509464774955892,0.007692307692307693,2,0.0009329355060647013,0.027509464774955892,0.011538461538461539,3,0.0023858584654653397,0.03334809595182638,0,112566,0.0,0.0,3,15363,0.011538461538461539,0.019527436047646944,6.0,4.5,41.5,3,,
A,hgb,A,False,fixed,probability_0_5,A,,silence4,0.5,False,3422,260,0.0,0,0.0,0.0010774084985517767,0.011538461538461539,3,0.0023858584654653397,0.03334809595182638,0.007692307692307693,2,0.0009329355060647013,0.027509464774955892,0.0038461538461538464,1,9.737144364818687e-05,0.02124194450020736,0.011538461538461539,3,0.0023858584654653397,0.03334809595182638,0.007692307692307693,2,0.0009329355060647013,0.027509464774955892,0.011538461538461539,3,0.0023858584654653397,0.03334809595182638,0,112566,0.0,0.0,7,15363,0.026923076923076925,0.04556401744450954,6.0,4.5,41.5,3,,
A,hgb,A,False,fixed,probability_0_5,A,,silence6,0.5,False,3422,260,0.0,0,0.0,0.0010774084985517767,0.011538461538461539,3,0.0023858584654653397,0.03334809595182638,0.007692307692307693,2,0.0009329355060647013,0.027509464774955892,0.0038461538461538464,1,9.737144364818687e-05,0.02124194450020736,0.011538461538461539,3,0.0023858584654653397,0.03334809595182638,0.007692307692307693,2,0.0009329355060647013,0.027509464774955892,0.011538461538461539,3,0.0023858584654653397,0.03334809595182638,0,112566,0.0,0.0,7,15363,0.026923076923076925,0.04556401744450954,6.0,4.5,41.5,3,,
A,hgb,A,False,fixed,probability_0_5,A,,three_of_five,0.5,False,3422,260,0.0,0,0.0,0.0010774084985517767,0.007692307692307693,2,0.0009329355060647013,0.027509464774955892,0.0038461538461538464,1,9.737144364818687e-05,0.02124194450020736,0.0038461538461538464,1,9.737144364818687e-05,0.02124194450020736,0.007692307692307693,2,0.0009329355060647013,0.027509464774955892,0.0038461538461538464,1,9.737144364818687e-05,0.02124194450020736,0.007692307692307693,2,0.0009329355060647013,0.027509464774955892,0,112566,0.0,0.0,12,15363,0.046153846153846156,0.07810974419058778,38.5,20.75,56.25,2,,
A,hgb,A,False,matched_patient,source,A,0.05,hourly,0.05296185871360682,False,3422,260,0.05786090005844535,198,0.05027260083089827,0.06621513066548242,0.41923076923076924,109,0.3585570997895814,0.48176729331433416,0.057692307692307696,15,0.03264595656049222,0.0933703024539803,0.4115384615384615,107,0.3511126092157204,0.4740047970456133,0.43846153846153846,114,0.37723305201505986,0.501109033826971,0.09230769230769231,24,0.060041087107546756,0.13423091478953855,0.46923076923076923,122,0.40730390242786046,0.5318669828505254,783,112566,0.2288135593220339,0.695591919407281,4407,15363,16.95,28.68580355399336,35.5,15.0,73.75,122,3422.0,0.0
A,hgb,A,False,matched_patient,source,A,0.05,single,0.05296185871360682,False,3422,260,0.05786090005844535,198,0.05027260083089827,0.06621513066548242,0.057692307692307696,15,0.03264595656049222,0.0933703024539803,0.057692307692307696,15,0.03264595656049222,0.0933703024539803,0.4115384615384615,107,0.3511126092157204,0.4740047970456133,0.09230769230769231,24,0.060041087107546756,0.13423091478953855,0.09230769230769231,24,0.060041087107546756,0.13423091478953855,0.46923076923076923,122,0.40730390242786046,0.5318669828505254,198,112566,0.05786090005844535,0.17589680720643888,122,15363,0.46923076923076923,0.794115732604309,35.5,15.0,73.75,122,3422.0,0.0
A,hgb,A,False,matched_patient,source,A,0.05,silence4,0.05296185871360682,False,3422,260,0.05786090005844535,198,0.05027260083089827,0.06621513066548242,0.41923076923076924,109,0.3585570997895814,0.48176729331433416,0.057692307692307696,15,0.03264595656049222,0.0933703024539803,0.4115384615384615,107,0.3511126092157204,0.4740047970456133,0.43846153846153846,114,0.37723305201505986,0.501109033826971,0.09230769230769231,24,0.060041087107546756,0.13423091478953855,0.46923076923076923,122,0.40730390242786046,0.5318669828505254,333,112566,0.0973115137346581,0.2958264484835563,1285,15363,4.9423076923076925,8.364251773742108,35.5,15.0,73.75,122,3422.0,0.0
A,hgb,A,False,matched_patient,source,A,0.05,silence6,0.05296185871360682,False,3422,260,0.05786090005844535,198,0.05027260083089827,0.06621513066548242,0.4076923076923077,106,0.347395969811679,0.47011796530427746,0.057692307692307696,15,0.03264595656049222,0.0933703024539803,0.4115384615384615,107,0.3511126092157204,0.4740047970456133,0.43846153846153846,114,0.37723305201505986,0.501109033826971,0.09230769230769231,24,0.060041087107546756,0.13423091478953855,0.46923076923076923,122,0.40730390242786046,0.5318669828505254,281,112566,0.08211572180011689,0.249631327399037,905,15363,3.480769230769231,5.890776541040162,35.5,15.0,73.75,122,3422.0,0.0
A,hgb,A,False,matched_patient,source,A,0.05,three_of_five,0.035957813138885054,False,3422,260,0.05756867329047341,197,0.04999919182444654,0.06590463547840503,0.4423076923076923,115,0.38097923594185035,0.504966421471815,0.07307692307692308,19,0.04456804841474121,0.11176801216837896,0.4,104,0.3399739850068508,0.4623330562125558,0.45,117,0.3884825094295668,0.5126703187034927,0.1076923076923077,28,0.07276342867941939,0.15187499124978418,0.47307692307692306,123,0.41107895925557636,0.5356955546843483,1330,112566,0.38866160140268846,1.1815290585078977,5808,15363,22.338461538461537,37.80511618824448,35.0,15.0,76.0,123,3422.0,0.0
A,hgb,A,False,matched_patient,source,A,0.1,hourly,0.035746331797951565,False,3422,260,0.108708357685564,372,0.0984706842118827,0.11961986043397142,0.5,130,0.43760437692222265,0.5623956230777774,0.06923076923076923,18,0.04154374938080101,0.10720931548723328,0.4807692307692308,125,0.4186398066606019,0.5433419768273844,0.5115384615384615,133,0.44902587420770024,0.5737850605643537,0.13076923076923078,34,0.09228944800343739,0.1779171090290837,0.55,143,0.48732968129650733,0.6115174905704333,1863,112566,0.5444184687317358,1.6550290496242204,6083,15363,23.396153846153847,39.595131159278786,34.0,14.0,77.5,143,3422.0,0.0
A,hgb,A,False,matched_patient,source,A,0.1,single,0.035746331797951565,False,3422,260,0.108708357685564,372,0.0984706842118827,0.11961986043397142,0.06923076923076923,18,0.04154374938080101,0.10720931548723328,0.06923076923076923,18,0.04154374938080101,0.10720931548723328,0.4807692307692308,125,0.4186398066606019,0.5433419768273844,0.13076923076923078,34,0.09228944800343739,0.1779171090290837,0.13076923076923078,34,0.09228944800343739,0.1779171090290837,0.55,143,0.48732968129650733,0.6115174905704333,372,112566,0.108708357685564,0.3304727892969458,143,15363,0.55,0.9308077849378377,34.0,14.0,77.5,143,3422.0,0.0
A,hgb,A,False,matched_patient,source,A,0.1,silence4,0.035746331797951565,False,3422,260,0.108708357685564,372,0.0984706842118827,0.11961986043397142,0.49230769230769234,128,0.43000785536719904,0.5547848537721842,0.06923076923076923,18,0.04154374938080101,0.10720931548723328,0.4807692307692308,125,0.4186398066606019,0.5433419768273844,0.5115384615384615,133,0.44902587420770024,0.5737850605643537,0.13076923076923078,34,0.09228944800343739,0.1779171090290837,0.55,143,0.48732968129650733,0.6115174905704333,750,112566,0.21917007597895968,0.6662757848728745,1664,15363,6.4,10.831217861094839,34.0,14.0,77.5,143,3422.0,0.0
A,hgb,A,False,matched_patient,source,A,0.1,silence6,0.035746331797951565,False,3422,260,0.108708357685564,372,0.0984706842118827,0.11961986043397142,0.48846153846153845,127,0.4262149394356462,0.5509741257922998,0.06923076923076923,18,0.04154374938080101,0.10720931548723328,0.4807692307692308,125,0.4186398066606019,0.5433419768273844,0.5115384615384615,133,0.44902587420770024,0.5737850605643537,0.13076923076923078,34,0.09228944800343739,0.1779171090290837,0.55,143,0.48732968129650733,0.6115174905704333,613,112566,0.17913500876680305,0.5445694081694294,1154,15363,4.438461538461539,7.511553732994858,34.0,14.0,77.5,143,3422.0,0.0
A,hgb,A,False,matched_patient,source,A,0.1,three_of_five,0.02573401047972238,False,3422,260,0.10286382232612508,352,0.09288208966154242,0.11352975162354144,0.5038461538461538,131,0.44140798067938003,0.5661956650545927,0.06153846153846154,16,0.03558022133156904,0.09801264544574158,0.4807692307692308,125,0.4186398066606019,0.5433419768273844,0.5153846153846153,134,0.4528401658890022,0.5775744109703582,0.11923076923076924,31,0.08246688793679892,0.16495333355235722,0.5423076923076923,141,0.4796402310129818,0.6039997377608028,2876,112566,0.8404441846873174,2.554945543059183,6691,15363,25.734615384615385,43.5526915316019,36.0,15.0,76.0,141,3422.0,0.0
A,hgb,A,False,matched_patient,source,A,0.2,hourly,0.021052109612208693,False,3422,260,0.21683226183518411,742,0.20312572239659793,0.2310242880595281,0.6461538461538462,168,0.5846993643060456,0.7042332480935142,0.13076923076923078,34,0.09228944800343739,0.1779171090290837,0.5653846153846154,147,0.5027519926330568,0.6265094830092375,0.6615384615384615,172,0.6005044200648979,0.7188405760137058,0.2,52,0.15312651232813923,0.25385537541191855,0.6961538461538461,181,0.6363141643386621,0.7514566038205615,5538,112566,1.6183518410286382,4.919780395501306,7513,15363,28.896153846153847,48.903209008657164,35.0,10.0,78.0,181,3422.0,0.0
A,hgb,A,False,matched_patient,source,A,0.2,single,0.021052109612208693,False,3422,260,0.21683226183518411,742,0.20312572239659793,0.2310242880595281,0.13076923076923078,34,0.09228944800343739,0.1779171090290837,0.13076923076923078,34,0.09228944800343739,0.1779171090290837,0.5653846153846154,147,0.5027519926330568,0.6265094830092375,0.2,52,0.15312651232813923,0.25385537541191855,0.2,52,0.15312651232813923,0.25385537541191855,0.6961538461538461,181,0.6363141643386621,0.7514566038205615,742,112566,0.21683226183518411,0.659168843167564,181,15363,0.6961538461538461,1.1781553082080323,35.0,10.0,78.0,181,3422.0,0.0
A,hgb,A,False,matched_patient,source,A,0.2,silence4,0.021052109612208693,False,3422,260,0.21683226183518411,742,0.20312572239659793,0.2310242880595281,0.6384615384615384,166,0.5768212915155477,0.6969049520237736,0.13076923076923078,34,0.09228944800343739,0.1779171090290837,0.5653846153846154,147,0.5027519926330568,0.6265094830092375,0.6615384615384615,172,0.6005044200648979,0.7188405760137058,0.2,52,0.15312651232813923,0.25385537541191855,0.6961538461538461,181,0.6363141643386621,0.7514566038205615,2023,112566,0.5911747516072472,1.7971678837304337,2027,15363,7.796153846153846,13.194037622860119,35.0,10.0,78.0,181,3422.0,0.0
A,hgb,A,False,matched_patient,source,A,0.2,silence6,0.021052109612208693,False,3422,260,0.21683226183518411,742,0.20312572239659793,0.2310242880595281,0.6307692307692307,164,0.568959215254796,0.6895605530172073,0.13076923076923078,34,0.09228944800343739,0.1779171090290837,0.5653846153846154,147,0.5027519926330568,0.6265094830092375,0.6576923076923077,171,0.5965469654346667,0.715194981847082,0.2,52,0.15312651232813923,0.25385537541191855,0.6961538461538461,181,0.6363141643386621,0.7514566038205615,1594,112566,0.4658094681472823,1.4160581347831493,1405,15363,5.403846153846154,9.145349215647986,35.0,10.0,78.0,181,3422.0,0.0
A,hgb,A,False,matched_patient,source,A,0.2,three_of_five,0.015536317098869186,False,3422,260,0.20572764465225016,704,0.19229365711217664,0.21966629176985275,0.65,169,0.588644469205371,0.7078912850631365,0.13846153846153847,36,0.09889722943071505,0.18650227666285163,0.5576923076923077,145,0.49503357852818486,0.6190207640581498,0.676923076923077,176,0.6163764124146457,0.7333804315529406,0.20384615384615384,53,0.1565834125095002,0.25799896802704114,0.6961538461538461,181,0.6363141643386621,0.7514566038205615,8110,112566,2.369959088252484,7.204662153758684,8029,15363,30.880769230769232,52.261928008852436,34.0,8.0,71.0,181,3422.0,0.0
A,hgb,A,False,matched_patient,local,A,0.05,hourly,0.05296185871360682,False,3422,260,0.05786090005844535,198,0.05027260083089827,0.06621513066548242,0.41923076923076924,109,0.3585570997895814,0.48176729331433416,0.057692307692307696,15,0.03264595656049222,0.0933703024539803,0.4115384615384615,107,0.3511126092157204,0.4740047970456133,0.43846153846153846,114,0.37723305201505986,0.501109033826971,0.09230769230769231,24,0.060041087107546756,0.13423091478953855,0.46923076923076923,122,0.40730390242786046,0.5318669828505254,783,112566,0.2288135593220339,0.695591919407281,4407,15363,16.95,28.68580355399336,35.5,15.0,73.75,122,3422.0,0.0
A,hgb,A,False,matched_patient,local,A,0.05,single,0.05296185871360682,False,3422,260,0.05786090005844535,198,0.05027260083089827,0.06621513066548242,0.057692307692307696,15,0.03264595656049222,0.0933703024539803,0.057692307692307696,15,0.03264595656049222,0.0933703024539803,0.4115384615384615,107,0.3511126092157204,0.4740047970456133,0.09230769230769231,24,0.060041087107546756,0.13423091478953855,0.09230769230769231,24,0.060041087107546756,0.13423091478953855,0.46923076923076923,122,0.40730390242786046,0.5318669828505254,198,112566,0.05786090005844535,0.17589680720643888,122,15363,0.46923076923076923,0.794115732604309,35.5,15.0,73.75,122,3422.0,0.0
A,hgb,A,False,matched_patient,local,A,0.05,silence4,0.05296185871360682,False,3422,260,0.05786090005844535,198,0.05027260083089827,0.06621513066548242,0.41923076923076924,109,0.3585570997895814,0.48176729331433416,0.057692307692307696,15,0.03264595656049222,0.0933703024539803,0.4115384615384615,107,0.3511126092157204,0.4740047970456133,0.43846153846153846,114,0.37723305201505986,0.501109033826971,0.09230769230769231,24,0.060041087107546756,0.13423091478953855,0.46923076923076923,122,0.40730390242786046,0.5318669828505254,333,112566,0.0973115137346581,0.2958264484835563,1285,15363,4.9423076923076925,8.364251773742108,35.5,15.0,73.75,122,3422.0,0.0
A,hgb,A,False,matched_patient,local,A,0.05,silence6,0.05296185871360682,False,3422,260,0.05786090005844535,198,0.05027260083089827,0.06621513066548242,0.4076923076923077,106,0.347395969811679,0.47011796530427746,0.057692307692307696,15,0.03264595656049222,0.0933703024539803,0.4115384615384615,107,0.3511126092157204,0.4740047970456133,0.43846153846153846,114,0.37723305201505986,0.501109033826971,0.09230769230769231,24,0.060041087107546756,0.13423091478953855,0.46923076923076923,122,0.40730390242786046,0.5318669828505254,281,112566,0.08211572180011689,0.249631327399037,905,15363,3.480769230769231,5.890776541040162,35.5,15.0,73.75,122,3422.0,0.0
A,hgb,A,False,matched_patient,local,A,0.05,three_of_five,0.035957813138885054,False,3422,260,0.05756867329047341,197,0.04999919182444654,0.06590463547840503,0.4423076923076923,115,0.38097923594185035,0.504966421471815,0.07307692307692308,19,0.04456804841474121,0.11176801216837896,0.4,104,0.3399739850068508,0.4623330562125558,0.45,117,0.3884825094295668,0.5126703187034927,0.1076923076923077,28,0.07276342867941939,0.15187499124978418,0.47307692307692306,123,0.41107895925557636,0.5356955546843483,1330,112566,0.38866160140268846,1.1815290585078977,5808,15363,22.338461538461537,37.80511618824448,35.0,15.0,76.0,123,3422.0,0.0
A,hgb,A,False,matched_patient,local,A,0.1,hourly,0.035746331797951565,False,3422,260,0.108708357685564,372,0.0984706842118827,0.11961986043397142,0.5,130,0.43760437692222265,0.5623956230777774,0.06923076923076923,18,0.04154374938080101,0.10720931548723328,0.4807692307692308,125,0.4186398066606019,0.5433419768273844,0.5115384615384615,133,0.44902587420770024,0.5737850605643537,0.13076923076923078,34,0.09228944800343739,0.1779171090290837,0.55,143,0.48732968129650733,0.6115174905704333,1863,112566,0.5444184687317358,1.6550290496242204,6083,15363,23.396153846153847,39.595131159278786,34.0,14.0,77.5,143,3422.0,0.0
A,hgb,A,False,matched_patient,local,A,0.1,single,0.035746331797951565,False,3422,260,0.108708357685564,372,0.0984706842118827,0.11961986043397142,0.06923076923076923,18,0.04154374938080101,0.10720931548723328,0.06923076923076923,18,0.04154374938080101,0.10720931548723328,0.4807692307692308,125,0.4186398066606019,0.5433419768273844,0.13076923076923078,34,0.09228944800343739,0.1779171090290837,0.13076923076923078,34,0.09228944800343739,0.1779171090290837,0.55,143,0.48732968129650733,0.6115174905704333,372,112566,0.108708357685564,0.3304727892969458,143,15363,0.55,0.9308077849378377,34.0,14.0,77.5,143,3422.0,0.0
A,hgb,A,False,matched_patient,local,A,0.1,silence4,0.035746331797951565,False,3422,260,0.108708357685564,372,0.0984706842118827,0.11961986043397142,0.49230769230769234,128,0.43000785536719904,0.5547848537721842,0.06923076923076923,18,0.04154374938080101,0.10720931548723328,0.4807692307692308,125,0.4186398066606019,0.5433419768273844,0.5115384615384615,133,0.44902587420770024,0.5737850605643537,0.13076923076923078,34,0.09228944800343739,0.1779171090290837,0.55,143,0.48732968129650733,0.6115174905704333,750,112566,0.21917007597895968,0.6662757848728745,1664,15363,6.4,10.831217861094839,34.0,14.0,77.5,143,3422.0,0.0
A,hgb,A,False,matched_patient,local,A,0.1,silence6,0.035746331797951565,False,3422,260,0.108708357685564,372,0.0984706842118827,0.11961986043397142,0.48846153846153845,127,0.4262149394356462,0.5509741257922998,0.06923076923076923,18,0.04154374938080101,0.10720931548723328,0.4807692307692308,125,0.4186398066606019,0.5433419768273844,0.5115384615384615,133,0.44902587420770024,0.5737850605643537,0.13076923076923078,34,0.09228944800343739,0.1779171090290837,0.55,143,0.48732968129650733,0.6115174905704333,613,112566,0.17913500876680305,0.5445694081694294,1154,15363,4.438461538461539,7.511553732994858,34.0,14.0,77.5,143,3422.0,0.0
A,hgb,A,False,matched_patient,local,A,0.1,three_of_five,0.02573401047972238,False,3422,260,0.10286382232612508,352,0.09288208966154242,0.11352975162354144,0.5038461538461538,131,0.44140798067938003,0.5661956650545927,0.06153846153846154,16,0.03558022133156904,0.09801264544574158,0.4807692307692308,125,0.4186398066606019,0.5433419768273844,0.5153846153846153,134,0.4528401658890022,0.5775744109703582,0.11923076923076924,31,0.08246688793679892,0.16495333355235722,0.5423076923076923,141,0.4796402310129818,0.6039997377608028,2876,112566,0.8404441846873174,2.554945543059183,6691,15363,25.734615384615385,43.5526915316019,36.0,15.0,76.0,141,3422.0,0.0
A,hgb,A,False,matched_patient,local,A,0.2,hourly,0.021052109612208693,False,3422,260,0.21683226183518411,742,0.20312572239659793,0.2310242880595281,0.6461538461538462,168,0.5846993643060456,0.7042332480935142,0.13076923076923078,34,0.09228944800343739,0.1779171090290837,0.5653846153846154,147,0.5027519926330568,0.6265094830092375,0.6615384615384615,172,0.6005044200648979,0.7188405760137058,0.2,52,0.15312651232813923,0.25385537541191855,0.6961538461538461,181,0.6363141643386621,0.7514566038205615,5538,112566,1.6183518410286382,4.919780395501306,7513,15363,28.896153846153847,48.903209008657164,35.0,10.0,78.0,181,3422.0,0.0
A,hgb,A,False,matched_patient,local,A,0.2,single,0.021052109612208693,False,3422,260,0.21683226183518411,742,0.20312572239659793,0.2310242880595281,0.13076923076923078,34,0.09228944800343739,0.1779171090290837,0.13076923076923078,34,0.09228944800343739,0.1779171090290837,0.5653846153846154,147,0.5027519926330568,0.6265094830092375,0.2,52,0.15312651232813923,0.25385537541191855,0.2,52,0.15312651232813923,0.25385537541191855,0.6961538461538461,181,0.6363141643386621,0.7514566038205615,742,112566,0.21683226183518411,0.659168843167564,181,15363,0.6961538461538461,1.1781553082080323,35.0,10.0,78.0,181,3422.0,0.0
A,hgb,A,False,matched_patient,local,A,0.2,silence4,0.021052109612208693,False,3422,260,0.21683226183518411,742,0.20312572239659793,0.2310242880595281,0.6384615384615384,166,0.5768212915155477,0.6969049520237736,0.13076923076923078,34,0.09228944800343739,0.1779171090290837,0.5653846153846154,147,0.5027519926330568,0.6265094830092375,0.6615384615384615,172,0.6005044200648979,0.7188405760137058,0.2,52,0.15312651232813923,0.25385537541191855,0.6961538461538461,181,0.6363141643386621,0.7514566038205615,2023,112566,0.5911747516072472,1.7971678837304337,2027,15363,7.796153846153846,13.194037622860119,35.0,10.0,78.0,181,3422.0,0.0
A,hgb,A,False,matched_patient,local,A,0.2,silence6,0.021052109612208693,False,3422,260,0.21683226183518411,742,0.20312572239659793,0.2310242880595281,0.6307692307692307,164,0.568959215254796,0.6895605530172073,0.13076923076923078,34,0.09228944800343739,0.1779171090290837,0.5653846153846154,147,0.5027519926330568,0.6265094830092375,0.6576923076923077,171,0.5965469654346667,0.715194981847082,0.2,52,0.15312651232813923,0.25385537541191855,0.6961538461538461,181,0.6363141643386621,0.7514566038205615,1594,112566,0.4658094681472823,1.4160581347831493,1405,15363,5.403846153846154,9.145349215647986,35.0,10.0,78.0,181,3422.0,0.0
A,hgb,A,False,matched_patient,local,A,0.2,three_of_five,0.015536317098869186,False,3422,260,0.20572764465225016,704,0.19229365711217664,0.21966629176985275,0.65,169,0.588644469205371,0.7078912850631365,0.13846153846153847,36,0.09889722943071505,0.18650227666285163,0.5576923076923077,145,0.49503357852818486,0.6190207640581498,0.676923076923077,176,0.6163764124146457,0.7333804315529406,0.20384615384615384,53,0.1565834125095002,0.25799896802704114,0.6961538461538461,181,0.6363141643386621,0.7514566038205615,8110,112566,2.369959088252484,7.204662153758684,8029,15363,30.880769230769232,52.261928008852436,34.0,8.0,71.0,181,3422.0,0.0
A,hgb,B,True,fixed,source_hourly,A,,hourly,0.0139771849320761,False,3473,154,0.2286207889432767,794,0.21474336187438892,0.24295649921883197,0.5584415584415584,86,0.4762897957283101,0.6383007924239325,0.09740259740259741,15,0.05554678626924192,0.1555594165354727,0.551948051948052,85,0.4698116549411819,0.6320467904623439,0.5974025974025974,92,0.5154413326274325,0.6755406335664116,0.15584415584415584,24,0.10247735007166976,0.22295205632731505,0.6493506493506493,100,0.568423830477059,0.7244071305946688,7686,110910,2.2130722718111144,6.929943197186908,5316,10467,34.51948051948052,50.788191458870735,39.0,13.0,105.0,100,,
A,hgb,B,True,fixed,source_hourly,A,,single,0.0139771849320761,False,3473,154,0.2286207889432767,794,0.21474336187438892,0.24295649921883197,0.09740259740259741,15,0.05554678626924192,0.1555594165354727,0.09740259740259741,15,0.05554678626924192,0.1555594165354727,0.551948051948052,85,0.4698116549411819,0.6320467904623439,0.15584415584415584,24,0.10247735007166976,0.22295205632731505,0.15584415584415584,24,0.10247735007166976,0.22295205632731505,0.6493506493506493,100,0.568423830477059,0.7244071305946688,794,110910,0.2286207889432767,0.7158957713461365,100,10467,0.6493506493506493,0.9553835865099838,39.0,13.0,105.0,100,,
A,hgb,B,True,fixed,source_hourly,A,,silence4,0.0139771849320761,False,3473,154,0.2286207889432767,794,0.21474336187438892,0.24295649921883197,0.5454545454545454,84,0.46334680668187694,0.6257794444132868,0.09740259740259741,15,0.05554678626924192,0.1555594165354727,0.551948051948052,85,0.4698116549411819,0.6320467904623439,0.5909090909090909,91,0.508882040286275,0.6693682425136841,0.15584415584415584,24,0.10247735007166976,0.22295205632731505,0.6493506493506493,100,0.568423830477059,0.7244071305946688,2581,110910,0.7431615318168731,2.327112072851862,1427,10467,9.266233766233766,13.633323779497468,39.0,13.0,105.0,100,,
A,hgb,B,True,fixed,source_hourly,A,,silence6,0.0139771849320761,False,3473,154,0.2286207889432767,794,0.21474336187438892,0.24295649921883197,0.5454545454545454,84,0.46334680668187694,0.6257794444132868,0.09740259740259741,15,0.05554678626924192,0.1555594165354727,0.551948051948052,85,0.4698116549411819,0.6320467904623439,0.577922077922078,89,0.495804551471393,0.6569820862246672,0.15584415584415584,24,0.10247735007166976,0.22295205632731505,0.6493506493506493,100,0.568423830477059,0.7244071305946688,1937,110910,0.5577310682407141,1.746461094581192,984,10467,6.3896103896103895,9.400974491258241,39.0,13.0,105.0,100,,
A,hgb,B,True,fixed,source_hourly,A,,three_of_five,0.0139771849320761,False,3473,154,0.1445436222286208,502,0.13300769216407657,0.1566813709342395,0.5,77,0.418461961567171,0.5815380384328289,0.09740259740259741,15,0.05554678626924192,0.1555594165354727,0.461038961038961,71,0.38050119184962744,0.5431047961980957,0.5324675324675324,82,0.45045680608844646,0.6132049284977826,0.14935064935064934,23,0.09709247614920305,0.21562493393266466,0.5584415584415584,86,0.4762897957283101,0.6383007924239325,6514,110910,1.8756118629427008,5.873230547290596,5118,10467,33.23376623376623,48.89653195758097,43.0,12.0,97.75,86,,
A,hgb,B,True,fixed,source_patient,A,,hourly,0.0357463317979515,False,3473,154,0.0751511661387849,261,0.06659970499354659,0.08442572711708218,0.42857142857142855,66,0.34923148751687877,0.5107138210913531,0.05194805194805195,8,0.022691322331244903,0.09979076774374385,0.3961038961038961,61,0.3183009084087059,0.4779855454668436,0.43506493506493504,67,0.35545861076495344,0.5172187167507608,0.09090909090909091,14,0.05059551791712918,0.14782552221879086,0.44805194805194803,69,0.367953209537656,0.5301883450588181,3297,110910,0.9493233515692485,2.9726805517987556,4241,10467,27.538961038961038,40.517817903888414,59.0,20.0,104.0,69,,
A,hgb,B,True,fixed,source_patient,A,,single,0.0357463317979515,False,3473,154,0.0751511661387849,261,0.06659970499354659,0.08442572711708218,0.05194805194805195,8,0.022691322331244903,0.09979076774374385,0.05194805194805195,8,0.022691322331244903,0.09979076774374385,0.3961038961038961,61,0.3183009084087059,0.4779855454668436,0.09090909090909091,14,0.05059551791712918,0.14782552221879086,0.09090909090909091,14,0.05059551791712918,0.14782552221879086,0.44805194805194803,69,0.367953209537656,0.5301883450588181,261,110910,0.0751511661387849,0.23532593995131187,69,10467,0.44805194805194803,0.6592146746918888,59.0,20.0,104.0,69,,
A,hgb,B,True,fixed,source_patient,A,,silence4,0.0357463317979515,False,3473,154,0.0751511661387849,261,0.06659970499354659,0.08442572711708218,0.42207792207792205,65,0.3430179137753327,0.504195448528607,0.05194805194805195,8,0.022691322331244903,0.09979076774374385,0.3961038961038961,61,0.3183009084087059,0.4779855454668436,0.43506493506493504,67,0.35545861076495344,0.5172187167507608,0.09090909090909091,14,0.05059551791712918,0.14782552221879086,0.44805194805194803,69,0.367953209537656,0.5301883450588181,1027,110910,0.29570976101353297,0.9259760165900279,1123,10467,7.292207792207792,10.728957676507118,59.0,20.0,104.0,69,,
A,hgb,B,True,fixed,source_patient,A,,silence6,0.0357463317979515,False,3473,154,0.0751511661387849,261,0.06659970499354659,0.08442572711708218,0.42207792207792205,65,0.3430179137753327,0.504195448528607,0.05194805194805195,8,0.022691322331244903,0.09979076774374385,0.3961038961038961,61,0.3183009084087059,0.4779855454668436,0.43506493506493504,67,0.35545861076495344,0.5172187167507608,0.09090909090909091,14,0.05059551791712918,0.14782552221879086,0.44805194805194803,69,0.367953209537656,0.5301883450588181,753,110910,0.21681543334293119,0.6789288612388423,769,10467,4.9935064935064934,7.346899780261775,59.0,20.0,104.0,69,,
A,hgb,B,True,fixed,source_patient,A,,three_of_five,0.0357463317979515,False,3473,154,0.04232651885977541,147,0.035874615127189494,0.04956241212585899,0.38961038961038963,60,0.31215650056199007,0.471398485219634,0.05844155844155844,9,0.027068461258342454,0.10803957445511275,0.35064935064935066,54,0.2755928694053313,0.431576169522941,0.3961038961038961,61,0.3183009084087059,0.4779855454668436,0.09090909090909091,14,0.05059551791712918,0.14782552221879086,0.4090909090909091,63,0.33063175748631585,0.49111795971372496,2911,110910,0.8381802476245321,2.6246506176178883,4126,10467,26.792207792207794,39.41912677940193,60.0,19.0,97.0,63,,
A,hgb,B,True,fixed,target_patient_all,B,,hourly,0.0269755989922693,False,3473,154,0.10423265188597754,362,0.09426262096484525,0.1148743502834932,0.44805194805194803,69,0.367953209537656,0.5301883450588181,0.05194805194805195,8,0.022691322331244903,0.09979076774374385,0.44805194805194803,69,0.367953209537656,0.5301883450588181,0.461038961038961,71,0.38050119184962744,0.5431047961980957,0.11688311688311688,18,0.07076359466897236,0.178424551200866,0.5,77,0.418461961567171,0.5815380384328289,4093,110910,1.1785200115174201,3.6903795870525653,4525,10467,29.383116883116884,43.23110728957676,45.0,13.0,104.0,77,,
A,hgb,B,True,fixed,target_patient_all,B,,single,0.0269755989922693,False,3473,154,0.10423265188597754,362,0.09426262096484525,0.1148743502834932,0.05194805194805195,8,0.022691322331244903,0.09979076774374385,0.05194805194805195,8,0.022691322331244903,0.09979076774374385,0.44805194805194803,69,0.367953209537656,0.5301883450588181,0.11688311688311688,18,0.07076359466897236,0.178424551200866,0.11688311688311688,18,0.07076359466897236,0.178424551200866,0.5,77,0.418461961567171,0.5815380384328289,362,110910,0.10423265188597754,0.32639076728879274,77,10467,0.5,0.7356453616126875,45.0,13.0,104.0,77,,
A,hgb,B,True,fixed,target_patient_all,B,,silence4,0.0269755989922693,False,3473,154,0.10423265188597754,362,0.09426262096484525,0.1148743502834932,0.43506493506493504,67,0.35545861076495344,0.5172187167507608,0.05194805194805195,8,0.022691322331244903,0.09979076774374385,0.44805194805194803,69,0.367953209537656,0.5301883450588181,0.461038961038961,71,0.38050119184962744,0.5431047961980957,0.11688311688311688,18,0.07076359466897236,0.178424551200866,0.5,77,0.418461961567171,0.5815380384328289,1298,110910,0.3737402821767924,1.1703182760797042,1204,10467,7.818181818181818,11.502818381580205,45.0,13.0,104.0,77,,
A,hgb,B,True,fixed,target_patient_all,B,,silence6,0.0269755989922693,False,3473,154,0.10423265188597754,362,0.09426262096484525,0.1148743502834932,0.43506493506493504,67,0.35545861076495344,0.5172187167507608,0.05194805194805195,8,0.022691322331244903,0.09979076774374385,0.44805194805194803,69,0.367953209537656,0.5301883450588181,0.461038961038961,71,0.38050119184962744,0.5431047961980957,0.11688311688311688,18,0.07076359466897236,0.178424551200866,0.5,77,0.418461961567171,0.5815380384328289,962,110910,0.2769939533544486,0.8673699395906591,830,10467,5.3896103896103895,7.929683768032866,45.0,13.0,104.0,77,,
A,hgb,B,True,fixed,target_patient_all,B,,three_of_five,0.0269755989922693,False,3473,154,0.06046645551396487,210,0.052768209004809136,0.06891445266364285,0.4025974025974026,62,0.3244593664335884,0.48455866737256753,0.05194805194805195,8,0.022691322331244903,0.09979076774374385,0.37662337662337664,58,0.2999103500803708,0.45818207013910356,0.4090909090909091,63,0.33063175748631585,0.49111795971372496,0.09090909090909091,14,0.05059551791712918,0.14782552221879086,0.42857142857142855,66,0.34923148751687877,0.5107138210913531,3563,110910,1.0259141952202706,3.2125146515192498,4361,10467,28.318181818181817,41.66427820770039,61.0,20.0,102.25,66,,
A,hgb,B,True,fixed,source_sensitivity80,A,,hourly,0.0124913992646948,False,3473,154,0.25885401670025915,899,0.2443507570638874,0.2737642801617085,0.5844155844155844,90,0.5023364772452834,0.6631820267815618,0.1038961038961039,16,0.06056196521313005,0.16323424514689489,0.5714285714285714,88,0.48928617890864684,0.6507685124831213,0.6168831168831169,95,0.5352026309685574,0.6939737308154645,0.16233766233766234,25,0.10789697375694772,0.2302460073380077,0.6753246753246753,104,0.5952694666688938,0.7484819629402996,8769,110910,2.5249064209617047,7.906410603191777,5474,10467,35.54545454545455,52.29769752555651,37.0,13.75,103.25,104,,
A,hgb,B,True,fixed,source_sensitivity80,A,,single,0.0124913992646948,False,3473,154,0.25885401670025915,899,0.2443507570638874,0.2737642801617085,0.1038961038961039,16,0.06056196521313005,0.16323424514689489,0.1038961038961039,16,0.06056196521313005,0.16323424514689489,0.5714285714285714,88,0.48928617890864684,0.6507685124831213,0.16233766233766234,25,0.10789697375694772,0.2302460073380077,0.16233766233766234,25,0.10789697375694772,0.2302460073380077,0.6753246753246753,104,0.5952694666688938,0.7484819629402996,899,110910,0.25885401670025915,0.8105671264989631,104,10467,0.6753246753246753,0.9935989299703831,37.0,13.75,103.25,104,,
A,hgb,B,True,fixed,source_sensitivity80,A,,silence4,0.0124913992646948,False,3473,154,0.25885401670025915,899,0.2443507570638874,0.2737642801617085,0.5714285714285714,88,0.48928617890864684,0.6507685124831213,0.1038961038961039,16,0.06056196521313005,0.16323424514689489,0.5714285714285714,88,0.48928617890864684,0.6507685124831213,0.6103896103896104,94,0.528601514780366,0.6878434994380098,0.16233766233766234,25,0.10789697375694772,0.2302460073380077,0.6753246753246753,104,0.5952694666688938,0.7484819629402996,2951,110910,0.8496976677224302,2.660715895771346,1468,10467,9.532467532467532,14.025031049966561,37.0,13.75,103.25,104,,
A,hgb,B,True,fixed,source_sensitivity80,A,,silence6,0.0124913992646948,False,3473,154,0.25885401670025915,899,0.2443507570638874,0.2737642801617085,0.5714285714285714,88,0.48928617890864684,0.6507685124831213,0.1038961038961039,16,0.06056196521313005,0.16323424514689489,0.5714285714285714,88,0.48928617890864684,0.6507685124831213,0.6103896103896104,94,0.528601514780366,0.6878434994380098,0.16233766233766234,25,0.10789697375694772,0.2302460073380077,0.6753246753246753,104,0.5952694666688938,0.7484819629402996,2213,110910,0.6372012669162108,1.9953115138400506,1013,10467,6.577922077922078,9.678035731346135,37.0,13.75,103.25,104,,
A,hgb,B,True,fixed,source_sensitivity80,A,,three_of_five,0.0124913992646948,False,3473,154,0.16671465591707457,579,0.15445922419406358,0.1795338629495955,0.525974025974026,81,0.44403158016120214,0.6068978453508936,0.09740259740259741,15,0.05554678626924192,0.1555594165354727,0.4935064935064935,76,0.41210232801694446,0.5751652998837926,0.5584415584415584,86,0.4762897957283101,0.6383007924239325,0.16233766233766234,25,0.10789697375694772,0.2302460073380077,0.5909090909090909,91,0.508882040286275,0.6693682425136841,7409,110910,2.13331413763317,6.680191145974213,5279,10467,34.27922077922078,50.434699531862044,40.0,11.5,100.5,91,,
A,hgb,B,True,fixed,probability_0_5,B,,hourly,0.5,False,3473,154,0.0005758710048949035,2,6.974826042369914e-05,0.002078679930002868,0.025974025974025976,4,0.007121413829478186,0.06516643280288,0.0,0,0.0,0.023669148372542772,0.05194805194805195,8,0.022691322331244903,0.09979076774374385,0.03896103896103896,6,0.01443004397902957,0.08287046791898188,0.012987012987012988,2,0.0015766753956051492,0.0461244509556018,0.05194805194805195,8,0.022691322331244903,0.09979076774374385,48,110910,0.013820904117477686,0.04327833378414931,70,10467,0.45454545454545453,0.6687685105569886,56.5,21.0,77.0,8,,
A,hgb,B,True,fixed,probability_0_5,B,,single,0.5,False,3473,154,0.0005758710048949035,2,6.974826042369914e-05,0.002078679930002868,0.0,0,0.0,0.023669148372542772,0.0,0,0.0,0.023669148372542772,0.05194805194805195,8,0.022691322331244903,0.09979076774374385,0.012987012987012988,2,0.0015766753956051492,0.0461244509556018,0.012987012987012988,2,0.0015766753956051492,0.0461244509556018,0.05194805194805195,8,0.022691322331244903,0.09979076774374385,2,110910,0.0005758710048949035,0.0018032639076728879,8,10467,0.05194805194805195,0.0764306869207987,56.5,21.0,77.0,8,,
A,hgb,B,True,fixed,probability_0_5,B,,silence4,0.5,False,3473,154,0.0005758710048949035,2,6.974826042369914e-05,0.002078679930002868,0.01948051948051948,3,0.004035510487662671,0.05587298283036054,0.0,0,0.0,0.023669148372542772,0.05194805194805195,8,0.022691322331244903,0.09979076774374385,0.032467532467532464,5,0.010624575174314588,0.074139540815779,0.012987012987012988,2,0.0015766753956051492,0.0461244509556018,0.05194805194805195,8,0.022691322331244903,0.09979076774374385,18,110910,0.005182839044054132,0.016229375169055992,27,10467,0.17532467532467533,0.2579535683576956,56.5,21.0,77.0,8,,
A,hgb,B,True,fixed,probability_0_5,B,,silence6,0.5,False,3473,154,0.0005758710048949035,2,6.974826042369914e-05,0.002078679930002868,0.012987012987012988,2,0.0015766753956051492,0.0461244509556018,0.0,0,0.0,0.023669148372542772,0.05194805194805195,8,0.022691322331244903,0.09979076774374385,0.025974025974025976,4,0.007121413829478186,0.06516643280288,0.012987012987012988,2,0.0015766753956051492,0.0461244509556018,0.05194805194805195,8,0.022691322331244903,0.09979076774374385,13,110910,0.003743161531816873,0.011721215399873771,23,10467,0.14935064935064934,0.21973822489729627,56.5,21.0,77.0,8,,
A,hgb,B,True,fixed,probability_0_5,B,,three_of_five,0.5,False,3473,154,0.0005758710048949035,2,6.974826042369914e-05,0.002078679930002868,0.012987012987012988,2,0.0015766753956051492,0.0461244509556018,0.006493506493506494,1,0.00016438783738584347,0.03564703129069184,0.025974025974025976,4,0.007121413829478186,0.06516643280288,0.01948051948051948,3,0.004035510487662671,0.05587298283036054,0.006493506493506494,1,0.00016438783738584347,0.03564703129069184,0.032467532467532464,5,0.010624575174314588,0.074139540815779,40,110910,0.01151742009789807,0.03606527815345776,55,10467,0.35714285714285715,0.5254609725804911,66.0,23.0,89.0,5,,
A,hgb,B,True,matched_patient,source,A,0.05,hourly,0.05296185871360682,False,3473,154,0.04606968039159228,160,0.03933846583322745,0.05357764024799263,0.37662337662337664,58,0.2999103500803708,0.45818207013910356,0.03896103896103896,6,0.01443004397902957,0.08287046791898188,0.35714285714285715,55,0.2816499759891693,0.43824966402838245,0.38961038961038963,60,0.31215650056199007,0.471398485219634,0.06493506493506493,10,0.03157543125795952,0.11617453295680899,0.3961038961038961,61,0.3183009084087059,0.4779855454668436,2337,110910,0.6729052692196947,2.1071138761157697,3505,10467,22.75974025974026,33.48619470717493,58.0,20.0,99.0,61,3422.0,0.0
A,hgb,B,True,matched_patient,source,A,0.05,single,0.05296185871360682,False,3473,154,0.04606968039159228,160,0.03933846583322745,0.05357764024799263,0.03896103896103896,6,0.01443004397902957,0.08287046791898188,0.03896103896103896,6,0.01443004397902957,0.08287046791898188,0.35714285714285715,55,0.2816499759891693,0.43824966402838245,0.06493506493506493,10,0.03157543125795952,0.11617453295680899,0.06493506493506493,10,0.03157543125795952,0.11617453295680899,0.3961038961038961,61,0.3183009084087059,0.4779855454668436,160,110910,0.04606968039159228,0.14426111261383104,61,10467,0.3961038961038961,0.5827839877710901,58.0,20.0,99.0,61,3422.0,0.0
A,hgb,B,True,matched_patient,source,A,0.05,silence4,0.05296185871360682,False,3473,154,0.04606968039159228,160,0.03933846583322745,0.05357764024799263,0.37662337662337664,58,0.2999103500803708,0.45818207013910356,0.03896103896103896,6,0.01443004397902957,0.08287046791898188,0.35714285714285715,55,0.2816499759891693,0.43824966402838245,0.38961038961038963,60,0.31215650056199007,0.471398485219634,0.06493506493506493,10,0.03157543125795952,0.11617453295680899,0.3961038961038961,61,0.3183009084087059,0.4779855454668436,722,110910,0.20788943276706018,0.6509782706699125,954,10467,6.194805194805195,9.114359415305245,58.0,20.0,99.0,61,3422.0,0.0
A,hgb,B,True,matched_patient,source,A,0.05,silence6,0.05296185871360682,False,3473,154,0.04606968039159228,160,0.03933846583322745,0.05357764024799263,0.37012987012987014,57,0.29380888897459106,0.4515524522412256,0.03896103896103896,6,0.01443004397902957,0.08287046791898188,0.35714285714285715,55,0.2816499759891693,0.43824966402838245,0.38961038961038963,60,0.31215650056199007,0.471398485219634,0.06493506493506493,10,0.03157543125795952,0.11617453295680899,0.3961038961038961,61,0.3183009084087059,0.4779855454668436,533,110910,0.1534696228044918,0.4805698313948246,658,10467,4.2727272727272725,6.286423999235693,58.0,20.0,99.0,61,3422.0,0.0
A,hgb,B,True,matched_patient,source,A,0.05,three_of_five,0.035957813138885054,False,3473,154,0.042038583357327956,146,0.03560873506984276,0.049252983641699416,0.38961038961038963,60,0.31215650056199007,0.471398485219634,0.05844155844155844,9,0.027068461258342454,0.10803957445511275,0.35064935064935066,54,0.2755928694053313,0.431576169522941,0.3961038961038961,61,0.3183009084087059,0.4779855454668436,0.09090909090909091,14,0.05059551791712918,0.14782552221879086,0.4090909090909091,63,0.33063175748631585,0.49111795971372496,2901,110910,0.8353008926000576,2.6156342980795237,4121,10467,26.75974025974026,39.37135760007643,60.0,19.0,97.0,63,3422.0,0.0
A,hgb,B,True,matched_patient,source,A,0.1,hourly,0.035746331797951565,False,3473,154,0.0751511661387849,261,0.06659970499354659,0.08442572711708218,0.42857142857142855,66,0.34923148751687877,0.5107138210913531,0.05194805194805195,8,0.022691322331244903,0.09979076774374385,0.3961038961038961,61,0.3183009084087059,0.4779855454668436,0.43506493506493504,67,0.35545861076495344,0.5172187167507608,0.09090909090909091,14,0.05059551791712918,0.14782552221879086,0.44805194805194803,69,0.367953209537656,0.5301883450588181,3297,110910,0.9493233515692485,2.9726805517987556,4241,10467,27.538961038961038,40.517817903888414,59.0,20.0,104.0,69,3422.0,0.0
A,hgb,B,True,matched_patient,source,A,0.1,single,0.035746331797951565,False,3473,154,0.0751511661387849,261,0.06659970499354659,0.08442572711708218,0.05194805194805195,8,0.022691322331244903,0.09979076774374385,0.05194805194805195,8,0.022691322331244903,0.09979076774374385,0.3961038961038961,61,0.3183009084087059,0.4779855454668436,0.09090909090909091,14,0.05059551791712918,0.14782552221879086,0.09090909090909091,14,0.05059551791712918,0.14782552221879086,0.44805194805194803,69,0.367953209537656,0.5301883450588181,261,110910,0.0751511661387849,0.23532593995131187,69,10467,0.44805194805194803,0.6592146746918888,59.0,20.0,104.0,69,3422.0,0.0
A,hgb,B,True,matched_patient,source,A,0.1,silence4,0.035746331797951565,False,3473,154,0.0751511661387849,261,0.06659970499354659,0.08442572711708218,0.42207792207792205,65,0.3430179137753327,0.504195448528607,0.05194805194805195,8,0.022691322331244903,0.09979076774374385,0.3961038961038961,61,0.3183009084087059,0.4779855454668436,0.43506493506493504,67,0.35545861076495344,0.5172187167507608,0.09090909090909091,14,0.05059551791712918,0.14782552221879086,0.44805194805194803,69,0.367953209537656,0.5301883450588181,1027,110910,0.29570976101353297,0.9259760165900279,1123,10467,7.292207792207792,10.728957676507118,59.0,20.0,104.0,69,3422.0,0.0
A,hgb,B,True,matched_patient,source,A,0.1,silence6,0.035746331797951565,False,3473,154,0.0751511661387849,261,0.06659970499354659,0.08442572711708218,0.42207792207792205,65,0.3430179137753327,0.504195448528607,0.05194805194805195,8,0.022691322331244903,0.09979076774374385,0.3961038961038961,61,0.3183009084087059,0.4779855454668436,0.43506493506493504,67,0.35545861076495344,0.5172187167507608,0.09090909090909091,14,0.05059551791712918,0.14782552221879086,0.44805194805194803,69,0.367953209537656,0.5301883450588181,753,110910,0.21681543334293119,0.6789288612388423,769,10467,4.9935064935064934,7.346899780261775,59.0,20.0,104.0,69,3422.0,0.0
A,hgb,B,True,matched_patient,source,A,0.1,three_of_five,0.02573401047972238,False,3473,154,0.06276993953354448,218,0.054930094684940006,0.07135530846596808,0.4025974025974026,62,0.3244593664335884,0.48455866737256753,0.05194805194805195,8,0.022691322331244903,0.09979076774374385,0.37662337662337664,58,0.2999103500803708,0.45818207013910356,0.4090909090909091,63,0.33063175748631585,0.49111795971372496,0.09090909090909091,14,0.05059551791712918,0.14782552221879086,0.42857142857142855,66,0.34923148751687877,0.5107138210913531,3666,110910,1.0555715519723583,3.3053827427644036,4403,10467,28.59090909090909,42.06553931403459,61.0,20.0,103.25,66,3422.0,0.0
A,hgb,B,True,matched_patient,source,A,0.2,hourly,0.021052109612208693,False,3473,154,0.14224013820904116,494,0.1307840703363072,0.1543019891093805,0.5,77,0.418461961567171,0.5815380384328289,0.09090909090909091,14,0.05059551791712918,0.14782552221879086,0.4675324675324675,72,0.38679507150221737,0.5495431939115534,0.5324675324675324,82,0.45045680608844646,0.6132049284977826,0.14935064935064934,23,0.09709247614920305,0.21562493393266466,0.5584415584415584,86,0.4762897957283101,0.6383007924239325,5075,110910,1.4612726749208178,4.5757821657199536,4821,10467,31.305194805194805,46.05904270564632,41.0,11.25,102.75,86,3422.0,0.0
A,hgb,B,True,matched_patient,source,A,0.2,single,0.021052109612208693,False,3473,154,0.14224013820904116,494,0.1307840703363072,0.1543019891093805,0.09090909090909091,14,0.05059551791712918,0.14782552221879086,0.09090909090909091,14,0.05059551791712918,0.14782552221879086,0.4675324675324675,72,0.38679507150221737,0.5495431939115534,0.14935064935064934,23,0.09709247614920305,0.21562493393266466,0.14935064935064934,23,0.09709247614920305,0.21562493393266466,0.5584415584415584,86,0.4762897957283101,0.6383007924239325,494,110910,0.14224013820904116,0.4454061851952033,86,10467,0.5584415584415584,0.8216298843985861,41.0,11.25,102.75,86,3422.0,0.0
A,hgb,B,True,matched_patient,source,A,0.2,silence4,0.021052109612208693,False,3473,154,0.14224013820904116,494,0.1307840703363072,0.1543019891093805,0.5,77,0.418461961567171,0.5815380384328289,0.09090909090909091,14,0.05059551791712918,0.14782552221879086,0.4675324675324675,72,0.38679507150221737,0.5495431939115534,0.525974025974026,81,0.44403158016120214,0.6068978453508936,0.14935064935064934,23,0.09709247614920305,0.21562493393266466,0.5584415584415584,86,0.4762897957283101,0.6383007924239325,1644,110910,0.4733659660236107,1.4822829321071138,1284,10467,8.337662337662337,12.267125250788192,41.0,11.25,102.75,86,3422.0,0.0
A,hgb,B,True,matched_patient,source,A,0.2,silence6,0.021052109612208693,False,3473,154,0.14224013820904116,494,0.1307840703363072,0.1543019891093805,0.4805194805194805,74,0.39942240822170416,0.5623805006127327,0.09090909090909091,14,0.05059551791712918,0.14782552221879086,0.4675324675324675,72,0.38679507150221737,0.5495431939115534,0.525974025974026,81,0.44403158016120214,0.6068978453508936,0.14935064935064934,23,0.09709247614920305,0.21562493393266466,0.5584415584415584,86,0.4762897957283101,0.6383007924239325,1240,110910,0.35704002303484017,1.1180236227571905,883,10467,5.733766233766234,8.436037068883156,41.0,11.25,102.75,86,3422.0,0.0
A,hgb,B,True,matched_patient,source,A,0.2,three_of_five,0.015536317098869186,False,3473,154,0.12553987906708897,436,0.11469518252973672,0.13701918461572743,0.487012987012987,75,0.4057558058941844,0.5687794561864683,0.09090909090909091,14,0.05059551791712918,0.14782552221879086,0.44805194805194803,69,0.367953209537656,0.5301883450588181,0.5064935064935064,78,0.4248347001162074,0.5878976719830555,0.15584415584415584,24,0.10247735007166976,0.22295205632731505,0.538961038961039,83,0.4568952038019044,0.6194988081503725,5800,110910,1.6700259141952203,5.229465332251375,4928,10467,32.0,47.081303143212,43.0,10.5,97.5,83,3422.0,0.0
A,hgb,B,True,matched_patient,local,B,0.05,hourly,0.04405877545924486,False,3473,154,0.05845090699683271,203,0.050879228403866925,0.06677605175754309,0.4025974025974026,62,0.3244593664335884,0.48455866737256753,0.05194805194805195,8,0.022691322331244903,0.09979076774374385,0.37662337662337664,58,0.2999103500803708,0.45818207013910356,0.4155844155844156,64,0.3368179732184382,0.49766352275471654,0.09090909090909091,14,0.05059551791712918,0.14782552221879086,0.42857142857142855,66,0.34923148751687877,0.5107138210913531,2765,110910,0.7961416642672041,2.4930123523577676,3866,10467,25.103896103896105,36.93512945447597,57.5,17.75,99.25,66,3495.0,0.0
A,hgb,B,True,matched_patient,local,B,0.05,single,0.04405877545924486,False,3473,154,0.05845090699683271,203,0.050879228403866925,0.06677605175754309,0.05194805194805195,8,0.022691322331244903,0.09979076774374385,0.05194805194805195,8,0.022691322331244903,0.09979076774374385,0.37662337662337664,58,0.2999103500803708,0.45818207013910356,0.09090909090909091,14,0.05059551791712918,0.14782552221879086,0.09090909090909091,14,0.05059551791712918,0.14782552221879086,0.42857142857142855,66,0.34923148751687877,0.5107138210913531,203,110910,0.05845090699683271,0.1830312866287981,66,10467,0.42857142857142855,0.6305531670965893,57.5,17.75,99.25,66,3495.0,0.0
A,hgb,B,True,matched_patient,local,B,0.05,silence4,0.04405877545924486,False,3473,154,0.05845090699683271,203,0.050879228403866925,0.06677605175754309,0.4025974025974026,62,0.3244593664335884,0.48455866737256753,0.05194805194805195,8,0.022691322331244903,0.09979076774374385,0.37662337662337664,58,0.2999103500803708,0.45818207013910356,0.4155844155844156,64,0.3368179732184382,0.49766352275471654,0.09090909090909091,14,0.05059551791712918,0.14782552221879086,0.42857142857142855,66,0.34923148751687877,0.5107138210913531,850,110910,0.244745177080334,0.7663871607609773,1041,10467,6.759740259740259,9.945543135568931,57.5,17.75,99.25,66,3495.0,0.0
A,hgb,B,True,matched_patient,local,B,0.05,silence6,0.04405877545924486,False,3473,154,0.05845090699683271,203,0.050879228403866925,0.06677605175754309,0.4025974025974026,62,0.3244593664335884,0.48455866737256753,0.05194805194805195,8,0.022691322331244903,0.09979076774374385,0.37662337662337664,58,0.2999103500803708,0.45818207013910356,0.4155844155844156,64,0.3368179732184382,0.49766352275471654,0.09090909090909091,14,0.05059551791712918,0.14782552221879086,0.42857142857142855,66,0.34923148751687877,0.5107138210913531,627,110910,0.18053556003455226,0.5653232350554503,722,10467,4.688311688311688,6.897869494602083,57.5,17.75,99.25,66,3495.0,0.0
A,hgb,B,True,matched_patient,local,B,0.05,three_of_five,0.02906716004160176,False,3473,154,0.05470774546501583,190,0.047378169916927344,0.06279773535981512,0.4025974025974026,62,0.3244593664335884,0.48455866737256753,0.06493506493506493,10,0.03157543125795952,0.11617453295680899,0.36363636363636365,56,0.28772204196049667,0.44490836908744047,0.4090909090909091,63,0.33063175748631585,0.49111795971372496,0.09090909090909091,14,0.05059551791712918,0.14782552221879086,0.42857142857142855,66,0.34923148751687877,0.5107138210913531,3390,110910,0.9761013532968615,3.056532323505545,4285,10467,27.824675324675326,40.93818668195281,60.0,20.0,98.25,66,3495.0,0.0
A,hgb,B,True,matched_patient,local,B,0.1,hourly,0.026975598992269367,False,3473,154,0.10423265188597754,362,0.09426262096484525,0.1148743502834932,0.44805194805194803,69,0.367953209537656,0.5301883450588181,0.05194805194805195,8,0.022691322331244903,0.09979076774374385,0.44805194805194803,69,0.367953209537656,0.5301883450588181,0.461038961038961,71,0.38050119184962744,0.5431047961980957,0.11688311688311688,18,0.07076359466897236,0.178424551200866,0.5,77,0.418461961567171,0.5815380384328289,4093,110910,1.1785200115174201,3.6903795870525653,4525,10467,29.383116883116884,43.23110728957676,45.0,13.0,104.0,77,3495.0,0.0
A,hgb,B,True,matched_patient,local,B,0.1,single,0.026975598992269367,False,3473,154,0.10423265188597754,362,0.09426262096484525,0.1148743502834932,0.05194805194805195,8,0.022691322331244903,0.09979076774374385,0.05194805194805195,8,0.022691322331244903,0.09979076774374385,0.44805194805194803,69,0.367953209537656,0.5301883450588181,0.11688311688311688,18,0.07076359466897236,0.178424551200866,0.11688311688311688,18,0.07076359466897236,0.178424551200866,0.5,77,0.418461961567171,0.5815380384328289,362,110910,0.10423265188597754,0.32639076728879274,77,10467,0.5,0.7356453616126875,45.0,13.0,104.0,77,3495.0,0.0
A,hgb,B,True,matched_patient,local,B,0.1,silence4,0.026975598992269367,False,3473,154,0.10423265188597754,362,0.09426262096484525,0.1148743502834932,0.43506493506493504,67,0.35545861076495344,0.5172187167507608,0.05194805194805195,8,0.022691322331244903,0.09979076774374385,0.44805194805194803,69,0.367953209537656,0.5301883450588181,0.461038961038961,71,0.38050119184962744,0.5431047961980957,0.11688311688311688,18,0.07076359466897236,0.178424551200866,0.5,77,0.418461961567171,0.5815380384328289,1298,110910,0.3737402821767924,1.1703182760797042,1204,10467,7.818181818181818,11.502818381580205,45.0,13.0,104.0,77,3495.0,0.0
A,hgb,B,True,matched_patient,local,B,0.1,silence6,0.026975598992269367,False,3473,154,0.10423265188597754,362,0.09426262096484525,0.1148743502834932,0.43506493506493504,67,0.35545861076495344,0.5172187167507608,0.05194805194805195,8,0.022691322331244903,0.09979076774374385,0.44805194805194803,69,0.367953209537656,0.5301883450588181,0.461038961038961,71,0.38050119184962744,0.5431047961980957,0.11688311688311688,18,0.07076359466897236,0.178424551200866,0.5,77,0.418461961567171,0.5815380384328289,962,110910,0.2769939533544486,0.8673699395906591,830,10467,5.3896103896103895,7.929683768032866,45.0,13.0,104.0,77,3495.0,0.0
A,hgb,B,True,matched_patient,local,B,0.1,three_of_five,0.017558278849785284,False,3473,154,0.1073999424128995,373,0.09729229146550912,0.11817372704246058,0.45454545454545453,70,0.37422055558671313,0.536653193318123,0.07792207792207792,12,0.04091098735376322,0.13215791655397827,0.42207792207792205,65,0.3430179137753327,0.504195448528607,0.474025974025974,73,0.39310215464910636,0.5559684198387979,0.13636363636363635,21,0.08643472116234327,0.20086414095359145,0.5,77,0.418461961567171,0.5815380384328289,5145,110910,1.4814281600921393,4.638896402488504,4810,10467,31.233766233766232,45.953950511130216,51.0,12.0,98.0,77,3495.0,0.0
A,hgb,B,True,matched_patient,local,B,0.2,hourly,0.015173673206568844,False,3473,154,0.2101929167866398,730,0.19674650187967616,0.2241289345380166,0.551948051948052,85,0.4698116549411819,0.6320467904623439,0.09740259740259741,15,0.05554678626924192,0.1555594165354727,0.551948051948052,85,0.4698116549411819,0.6320467904623439,0.5974025974025974,92,0.5154413326274325,0.6755406335664116,0.16233766233766234,25,0.10789697375694772,0.2302460073380077,0.6493506493506493,100,0.568423830477059,0.7244071305946688,6997,110910,2.0146847106248202,6.3087187809935985,5179,10467,33.62987012987013,49.479315945352056,39.0,12.75,102.5,100,3495.0,0.0
A,hgb,B,True,matched_patient,local,B,0.2,single,0.015173673206568844,False,3473,154,0.2101929167866398,730,0.19674650187967616,0.2241289345380166,0.09740259740259741,15,0.05554678626924192,0.1555594165354727,0.09740259740259741,15,0.05554678626924192,0.1555594165354727,0.551948051948052,85,0.4698116549411819,0.6320467904623439,0.16233766233766234,25,0.10789697375694772,0.2302460073380077,0.16233766233766234,25,0.10789697375694772,0.2302460073380077,0.6493506493506493,100,0.568423830477059,0.7244071305946688,730,110910,0.2101929167866398,0.6581913263006041,100,10467,0.6493506493506493,0.9553835865099838,39.0,12.75,102.5,100,3495.0,0.0
A,hgb,B,True,matched_patient,local,B,0.2,silence4,0.015173673206568844,False,3473,154,0.2101929167866398,730,0.19674650187967616,0.2241289345380166,0.5454545454545454,84,0.46334680668187694,0.6257794444132868,0.09740259740259741,15,0.05554678626924192,0.1555594165354727,0.551948051948052,85,0.4698116549411819,0.6320467904623439,0.5909090909090909,91,0.508882040286275,0.6693682425136841,0.16233766233766234,25,0.10789697375694772,0.2302460073380077,0.6493506493506493,100,0.568423830477059,0.7244071305946688,2344,110910,0.674920817736827,2.113425299792625,1387,10467,9.006493506493506,13.251170344893474,39.0,12.75,102.5,100,3495.0,0.0
A,hgb,B,True,matched_patient,local,B,0.2,silence6,0.015173673206568844,False,3473,154,0.2101929167866398,730,0.19674650187967616,0.2241289345380166,0.5324675324675324,82,0.45045680608844646,0.6132049284977826,0.09740259740259741,15,0.05554678626924192,0.1555594165354727,0.551948051948052,85,0.4698116549411819,0.6320467904623439,0.577922077922078,89,0.495804551471393,0.6569820862246672,0.16233766233766234,25,0.10789697375694772,0.2302460073380077,0.6493506493506493,100,0.568423830477059,0.7244071305946688,1755,110910,0.5053268067952779,1.5823640789829592,960,10467,6.233766233766234,9.171682430495844,39.0,12.75,102.5,100,3495.0,0.0
A,hgb,B,True,matched_patient,local,B,0.2,three_of_five,0.010658684356914508,False,3473,154,0.2052980132450331,713,0.19197294447233476,0.2191210140408144,0.564935064935065,87,0.4827812832492392,0.6445413892350467,0.08441558441558442,13,0.04571442396721059,0.14002715464368143,0.538961038961039,83,0.4568952038019044,0.6194988081503725,0.5909090909090909,91,0.508882040286275,0.6693682425136841,0.16233766233766234,25,0.10789697375694772,0.2302460073380077,0.6233766233766234,96,0.5418179298608965,0.7000896499196292,9001,110910,2.5917074575295134,8.115589216481832,5502,10467,35.72727272727273,52.565204929779306,38.5,11.75,99.5,96,3495.0,0.0
A,hgb_no_observation_features,A,False,fixed,source_hourly,A,,hourly,0.0197045330648678,False,3422,260,0.24693161893629456,845,0.2325584076513037,0.2617384486151496,0.5807692307692308,151,0.5182327066856658,0.6414429002104186,0.057692307692307696,15,0.03264595656049222,0.0933703024539803,0.6153846153846154,160,0.553282234585166,0.6748242958704112,0.6192307692307693,161,0.5571956427531601,0.6785142306880214,0.1423076923076923,37,0.1022176612983699,0.19077885503803618,0.6730769230769231,175,0.6124020159925121,0.7297519207313237,10844,112566,3.168907071887785,9.633459481548602,5788,15363,22.26153846153846,37.674933281260174,37.0,16.5,75.5,175,,
A,hgb_no_observation_features,A,False,fixed,source_hourly,A,,single,0.0197045330648678,False,3422,260,0.24693161893629456,845,0.2325584076513037,0.2617384486151496,0.057692307692307696,15,0.03264595656049222,0.0933703024539803,0.057692307692307696,15,0.03264595656049222,0.0933703024539803,0.6153846153846154,160,0.553282234585166,0.6748242958704112,0.1423076923076923,37,0.1022176612983699,0.19077885503803618,0.1423076923076923,37,0.1022176612983699,0.19077885503803618,0.6730769230769231,175,0.6124020159925121,0.7297519207313237,845,112566,0.24693161893629456,0.7506707176234387,175,15363,0.6730769230769231,1.1391004361127384,37.0,16.5,75.5,175,,
A,hgb_no_observation_features,A,False,fixed,source_hourly,A,,silence4,0.0197045330648678,False,3422,260,0.24693161893629456,845,0.2325584076513037,0.2617384486151496,0.5538461538461539,144,0.49117981992915405,0.6152709416718329,0.057692307692307696,15,0.03264595656049222,0.0933703024539803,0.6153846153846154,160,0.553282234585166,0.6748242958704112,0.6115384615384616,159,0.5493726808936699,0.6711304857372702,0.1423076923076923,37,0.1022176612983699,0.19077885503803618,0.6730769230769231,175,0.6124020159925121,0.7297519207313237,3453,112566,1.0090590298071302,3.0675337135547145,1687,15363,6.4884615384615385,10.980928204126798,37.0,16.5,75.5,175,,
A,hgb_no_observation_features,A,False,fixed,source_hourly,A,,silence6,0.0197045330648678,False,3422,260,0.24693161893629456,845,0.2325584076513037,0.2617384486151496,0.5346153846153846,139,0.47196516854061465,0.5964675699390464,0.057692307692307696,15,0.03264595656049222,0.0933703024539803,0.6153846153846154,160,0.553282234585166,0.6748242958704112,0.6076923076923076,158,0.5454669609465026,0.6674328218966985,0.1423076923076923,37,0.1022176612983699,0.19077885503803618,0.6730769230769231,175,0.6124020159925121,0.7297519207313237,2569,112566,0.7507305669199299,2.282216655117886,1195,15363,4.596153846153846,7.7784286923126995,37.0,16.5,75.5,175,,
A,hgb_no_observation_features,A,False,fixed,source_hourly,A,,three_of_five,0.0197045330648678,False,3422,260,0.18936294564582115,648,0.17635941316437206,0.20289943780924344,0.5038461538461538,131,0.44140798067938003,0.5661956650545927,0.05384615384615385,14,0.029747358573078628,0.08869513158163991,0.5461538461538461,142,0.4834831542324168,0.6077604198088613,0.5423076923076923,141,0.4796402310129818,0.6039997377608028,0.12307692307692308,32,0.0857285695142275,0.16928664425627182,0.6,156,0.5376669437874442,0.6600260149931492,9672,112566,2.826417299824664,8.59229252172059,5498,15363,21.146153846153847,35.78728112998763,38.0,16.0,74.25,156,,
A,hgb_no_observation_features,A,False,fixed,source_patient,A,,hourly,0.0407457893577934,False,3422,260,0.1011104617182934,346,0.09120746807632336,0.11170076931977725,0.3153846153846154,82,0.2593756927723424,0.37566176662507306,0.06538461538461539,17,0.038547040160282396,0.10262487074598114,0.36538461538461536,95,0.3067652485488799,0.4271117327609946,0.36153846153846153,94,0.30309504797622655,0.42317870848445227,0.13076923076923078,34,0.09228944800343739,0.1779171090290837,0.4307692307692308,112,0.36975164202014427,0.4933833316233948,3017,112566,0.8816481589713617,2.6802053906152836,2180,15363,8.384615384615385,14.189936861290112,32.5,10.75,77.5,112,,
A,hgb_no_observation_features,A,False,fixed,source_patient,A,,single,0.0407457893577934,False,3422,260,0.1011104617182934,346,0.09120746807632336,0.11170076931977725,0.06538461538461539,17,0.038547040160282396,0.10262487074598114,0.06538461538461539,17,0.038547040160282396,0.10262487074598114,0.36538461538461536,95,0.3067652485488799,0.4271117327609946,0.13076923076923078,34,0.09228944800343739,0.1779171090290837,0.13076923076923078,34,0.09228944800343739,0.1779171090290837,0.4307692307692308,112,0.36975164202014427,0.4933833316233948,346,112566,0.1011104617182934,0.30737522875468615,112,15363,0.4307692307692308,0.7290242791121526,32.5,10.75,77.5,112,,
A,hgb_no_observation_features,A,False,fixed,source_patient,A,,silence4,0.0407457893577934,False,3422,260,0.1011104617182934,346,0.09120746807632336,0.11170076931977725,0.3153846153846154,82,0.2593756927723424,0.37566176662507306,0.06538461538461539,17,0.038547040160282396,0.10262487074598114,0.36538461538461536,95,0.3067652485488799,0.4271117327609946,0.3576923076923077,93,0.2994288728629417,0.4192416853428343,0.13076923076923078,34,0.09228944800343739,0.1779171090290837,0.4307692307692308,112,0.36975164202014427,0.4933833316233948,1057,112566,0.30888369374634717,0.9390046728141712,713,15363,2.7423076923076923,4.641020633990757,32.5,10.75,77.5,112,,
A,hgb_no_observation_features,A,False,fixed,source_patient,A,,silence6,0.0407457893577934,False,3422,260,0.1011104617182934,346,0.09120746807632336,0.11170076931977725,0.3,78,0.24494175406887167,0.3596848263743174,0.06538461538461539,17,0.038547040160282396,0.10262487074598114,0.36538461538461536,95,0.3067652485488799,0.4271117327609946,0.3576923076923077,93,0.2994288728629417,0.4192416853428343,0.13076923076923078,34,0.09228944800343739,0.1779171090290837,0.4307692307692308,112,0.36975164202014427,0.4933833316233948,812,112566,0.23728813559322035,0.7213545830890322,531,15363,2.042307692307692,3.456356180433509,32.5,10.75,77.5,112,,
A,hgb_no_observation_features,A,False,fixed,source_patient,A,,three_of_five,0.0407457893577934,False,3422,260,0.0663354763296318,227,0.05822443498941625,0.07519666936496792,0.2423076923076923,63,0.19150782285704118,0.29908599345522424,0.07307692307692308,19,0.04456804841474121,0.11176801216837896,0.26153846153846155,68,0.20919010807232002,0.3194129541956254,0.27307692307692305,71,0.21986337475092083,0.33154611112703436,0.11153846153846154,29,0.07598371413376193,0.15624806677190298,0.3346153846153846,87,0.2775180451820704,0.3955339433777159,2554,112566,0.7463471654003506,2.268891139420429,1945,15363,7.480769230769231,12.660287704224436,32.0,8.5,72.5,87,,
A,hgb_no_observation_features,A,False,fixed,target_patient_all,A,,hourly,0.0407457893577934,False,3422,260,0.1011104617182934,346,0.09120746807632336,0.11170076931977725,0.3153846153846154,82,0.2593756927723424,0.37566176662507306,0.06538461538461539,17,0.038547040160282396,0.10262487074598114,0.36538461538461536,95,0.3067652485488799,0.4271117327609946,0.36153846153846153,94,0.30309504797622655,0.42317870848445227,0.13076923076923078,34,0.09228944800343739,0.1779171090290837,0.4307692307692308,112,0.36975164202014427,0.4933833316233948,3017,112566,0.8816481589713617,2.6802053906152836,2180,15363,8.384615384615385,14.189936861290112,32.5,10.75,77.5,112,,
A,hgb_no_observation_features,A,False,fixed,target_patient_all,A,,single,0.0407457893577934,False,3422,260,0.1011104617182934,346,0.09120746807632336,0.11170076931977725,0.06538461538461539,17,0.038547040160282396,0.10262487074598114,0.06538461538461539,17,0.038547040160282396,0.10262487074598114,0.36538461538461536,95,0.3067652485488799,0.4271117327609946,0.13076923076923078,34,0.09228944800343739,0.1779171090290837,0.13076923076923078,34,0.09228944800343739,0.1779171090290837,0.4307692307692308,112,0.36975164202014427,0.4933833316233948,346,112566,0.1011104617182934,0.30737522875468615,112,15363,0.4307692307692308,0.7290242791121526,32.5,10.75,77.5,112,,
A,hgb_no_observation_features,A,False,fixed,target_patient_all,A,,silence4,0.0407457893577934,False,3422,260,0.1011104617182934,346,0.09120746807632336,0.11170076931977725,0.3153846153846154,82,0.2593756927723424,0.37566176662507306,0.06538461538461539,17,0.038547040160282396,0.10262487074598114,0.36538461538461536,95,0.3067652485488799,0.4271117327609946,0.3576923076923077,93,0.2994288728629417,0.4192416853428343,0.13076923076923078,34,0.09228944800343739,0.1779171090290837,0.4307692307692308,112,0.36975164202014427,0.4933833316233948,1057,112566,0.30888369374634717,0.9390046728141712,713,15363,2.7423076923076923,4.641020633990757,32.5,10.75,77.5,112,,
A,hgb_no_observation_features,A,False,fixed,target_patient_all,A,,silence6,0.0407457893577934,False,3422,260,0.1011104617182934,346,0.09120746807632336,0.11170076931977725,0.3,78,0.24494175406887167,0.3596848263743174,0.06538461538461539,17,0.038547040160282396,0.10262487074598114,0.36538461538461536,95,0.3067652485488799,0.4271117327609946,0.3576923076923077,93,0.2994288728629417,0.4192416853428343,0.13076923076923078,34,0.09228944800343739,0.1779171090290837,0.4307692307692308,112,0.36975164202014427,0.4933833316233948,812,112566,0.23728813559322035,0.7213545830890322,531,15363,2.042307692307692,3.456356180433509,32.5,10.75,77.5,112,,
A,hgb_no_observation_features,A,False,fixed,target_patient_all,A,,three_of_five,0.0407457893577934,False,3422,260,0.0663354763296318,227,0.05822443498941625,0.07519666936496792,0.2423076923076923,63,0.19150782285704118,0.29908599345522424,0.07307692307692308,19,0.04456804841474121,0.11176801216837896,0.26153846153846155,68,0.20919010807232002,0.3194129541956254,0.27307692307692305,71,0.21986337475092083,0.33154611112703436,0.11153846153846154,29,0.07598371413376193,0.15624806677190298,0.3346153846153846,87,0.2775180451820704,0.3955339433777159,2554,112566,0.7463471654003506,2.268891139420429,1945,15363,7.480769230769231,12.660287704224436,32.0,8.5,72.5,87,,
A,hgb_no_observation_features,A,False,fixed,source_sensitivity80,A,,hourly,0.011905272801859,False,3422,260,0.40824079485680886,1397,0.3917110834866443,0.4249274778805923,0.7115384615384616,185,0.6523459801135634,0.7658350955050589,0.06538461538461539,17,0.038547040160282396,0.10262487074598114,0.7076923076923077,184,0.6483310300349016,0.7622475451291513,0.7461538461538462,194,0.6887016964158197,0.7978991734107859,0.17692307692307693,46,0.1325378370352357,0.2288443282079319,0.7730769230769231,201,0.7172759729308574,0.8225360615332309,21942,112566,6.412039742840444,19.49256436224082,8590,15363,33.03846153846154,55.91355854976241,40.0,14.0,77.0,201,,
A,hgb_no_observation_features,A,False,fixed,source_sensitivity80,A,,single,0.011905272801859,False,3422,260,0.40824079485680886,1397,0.3917110834866443,0.4249274778805923,0.06538461538461539,17,0.038547040160282396,0.10262487074598114,0.06538461538461539,17,0.038547040160282396,0.10262487074598114,0.7076923076923077,184,0.6483310300349016,0.7622475451291513,0.17692307692307693,46,0.1325378370352357,0.2288443282079319,0.17692307692307693,46,0.1325378370352357,0.2288443282079319,0.7730769230769231,201,0.7172759729308574,0.8225360615332309,1397,112566,0.40824079485680886,1.2410496952898744,201,15363,0.7730769230769231,1.3083382151923453,40.0,14.0,77.0,201,,
A,hgb_no_observation_features,A,False,fixed,source_sensitivity80,A,,silence4,0.011905272801859,False,3422,260,0.40824079485680886,1397,0.3917110834866443,0.4249274778805923,0.6961538461538461,181,0.6363141643386621,0.7514566038205615,0.06538461538461539,17,0.038547040160282396,0.10262487074598114,0.7076923076923077,184,0.6483310300349016,0.7622475451291513,0.7461538461538462,194,0.6887016964158197,0.7978991734107859,0.17692307692307693,46,0.1325378370352357,0.2288443282079319,0.7730769230769231,201,0.7172759729308574,0.8225360615332309,6726,112566,1.9655172413793103,5.975161238739939,2376,15363,9.138461538461538,15.46572934973638,40.0,14.0,77.0,201,,
A,hgb_no_observation_features,A,False,fixed,source_sensitivity80,A,,silence6,0.011905272801859,False,3422,260,0.40824079485680886,1397,0.3917110834866443,0.4249274778805923,0.6846153846153846,178,0.624338233374927,0.7406243072276576,0.06538461538461539,17,0.038547040160282396,0.10262487074598114,0.7076923076923077,184,0.6483310300349016,0.7622475451291513,0.7461538461538462,194,0.6887016964158197,0.7978991734107859,0.17692307692307693,46,0.1325378370352357,0.2288443282079319,0.7730769230769231,201,0.7172759729308574,0.8225360615332309,4885,112566,1.4275277615429574,4.339676278805323,1663,15363,6.3961538461538465,10.824708715745622,40.0,14.0,77.0,201,,
A,hgb_no_observation_features,A,False,fixed,source_sensitivity80,A,,three_of_five,0.011905272801859,False,3422,260,0.32583284628872006,1115,0.31013781340635505,0.3418259924471733,0.6423076923076924,167,0.5807583146571658,0.7005711271370584,0.06923076923076923,18,0.04154374938080101,0.10720931548723328,0.6346153846153846,165,0.5728882672390054,0.6932347514511201,0.6615384615384615,172,0.6005044200648979,0.7188405760137058,0.14615384615384616,38,0.1055486183034218,0.19504523475188376,0.7038461538461539,183,0.6443207786867986,0.75865524381804,19976,112566,5.837521917007598,17.746033438160723,8236,15363,31.676923076923078,53.60932109614008,43.0,16.0,78.5,183,,
A,hgb_no_observation_features,A,False,fixed,probability_0_5,A,,hourly,0.5,False,3422,260,0.0,0,0.0,0.0010774084985517767,0.0,0,0.0,0.01408782258025218,0.0,0,0.0,0.01408782258025218,0.0,0,0.0,0.01408782258025218,0.0,0,0.0,0.01408782258025218,0.0,0,0.0,0.01408782258025218,0.0,0,0.0,0.01408782258025218,0,112566,0.0,0.0,0,15363,0.0,0.0,,,,0,,
A,hgb_no_observation_features,A,False,fixed,probability_0_5,A,,single,0.5,False,3422,260,0.0,0,0.0,0.0010774084985517767,0.0,0,0.0,0.01408782258025218,0.0,0,0.0,0.01408782258025218,0.0,0,0.0,0.01408782258025218,0.0,0,0.0,0.01408782258025218,0.0,0,0.0,0.01408782258025218,0.0,0,0.0,0.01408782258025218,0,112566,0.0,0.0,0,15363,0.0,0.0,,,,0,,
A,hgb_no_observation_features,A,False,fixed,probability_0_5,A,,silence4,0.5,False,3422,260,0.0,0,0.0,0.0010774084985517767,0.0,0,0.0,0.01408782258025218,0.0,0,0.0,0.01408782258025218,0.0,0,0.0,0.01408782258025218,0.0,0,0.0,0.01408782258025218,0.0,0,0.0,0.01408782258025218,0.0,0,0.0,0.01408782258025218,0,112566,0.0,0.0,0,15363,0.0,0.0,,,,0,,
A,hgb_no_observation_features,A,False,fixed,probability_0_5,A,,silence6,0.5,False,3422,260,0.0,0,0.0,0.0010774084985517767,0.0,0,0.0,0.01408782258025218,0.0,0,0.0,0.01408782258025218,0.0,0,0.0,0.01408782258025218,0.0,0,0.0,0.01408782258025218,0.0,0,0.0,0.01408782258025218,0.0,0,0.0,0.01408782258025218,0,112566,0.0,0.0,0,15363,0.0,0.0,,,,0,,
A,hgb_no_observation_features,A,False,fixed,probability_0_5,A,,three_of_five,0.5,False,3422,260,0.0,0,0.0,0.0010774084985517767,0.0,0,0.0,0.01408782258025218,0.0,0,0.0,0.01408782258025218,0.0,0,0.0,0.01408782258025218,0.0,0,0.0,0.01408782258025218,0.0,0,0.0,0.01408782258025218,0.0,0,0.0,0.01408782258025218,0,112566,0.0,0.0,0,15363,0.0,0.0,,,,0,,
A,hgb_no_observation_features,A,False,matched_patient,source,A,0.05,hourly,0.06207450431445178,False,3422,260,0.053185271770894216,182,0.04590509201074205,0.061240222419968474,0.18846153846153846,49,0.14279843675943213,0.24138284993056267,0.06153846153846154,16,0.03558022133156904,0.09801264544574158,0.23076923076923078,60,0.18096603497652733,0.28682324961631334,0.2230769230769231,58,0.17396793390446194,0.27861881537160005,0.1,26,0.06636889065166435,0.14308478602437624,0.2923076923076923,76,0.2377524548708487,0.35166896996509844,1273,112566,0.37200467562828754,1.130892098857559,1027,15363,3.95,6.68489227364447,30.0,8.0,76.5,76,3422.0,0.0
A,hgb_no_observation_features,A,False,matched_patient,source,A,0.05,single,0.06207450431445178,False,3422,260,0.053185271770894216,182,0.04590509201074205,0.061240222419968474,0.06153846153846154,16,0.03558022133156904,0.09801264544574158,0.06153846153846154,16,0.03558022133156904,0.09801264544574158,0.23076923076923078,60,0.18096603497652733,0.28682324961631334,0.1,26,0.06636889065166435,0.14308478602437624,0.1,26,0.06636889065166435,0.14308478602437624,0.2923076923076923,76,0.2377524548708487,0.35166896996509844,182,112566,0.053185271770894216,0.16168292379581756,76,15363,0.2923076923076923,0.49469504654038926,30.0,8.0,76.5,76,3422.0,0.0
A,hgb_no_observation_features,A,False,matched_patient,source,A,0.05,silence4,0.06207450431445178,False,3422,260,0.053185271770894216,182,0.04590509201074205,0.061240222419968474,0.18461538461538463,48,0.1393705002338029,0.23721090361553987,0.06153846153846154,16,0.03558022133156904,0.09801264544574158,0.23076923076923078,60,0.18096603497652733,0.28682324961631334,0.21153846153846154,55,0.16351762237271178,0.2662661421818209,0.1,26,0.06636889065166435,0.14308478602437624,0.2923076923076923,76,0.2377524548708487,0.35166896996509844,460,112566,0.13442431326709525,0.40864914805536307,364,15363,1.4,2.369328907114496,30.0,8.0,76.5,76,3422.0,0.0
A,hgb_no_observation_features,A,False,matched_patient,source,A,0.05,silence6,0.06207450431445178,False,3422,260,0.053185271770894216,182,0.04590509201074205,0.061240222419968474,0.17692307692307693,46,0.1325378370352357,0.2288443282079319,0.06153846153846154,16,0.03558022133156904,0.09801264544574158,0.23076923076923078,60,0.18096603497652733,0.28682324961631334,0.2153846153846154,56,0.16699465554781523,0.2703899882302071,0.1,26,0.06636889065166435,0.14308478602437624,0.2923076923076923,76,0.2377524548708487,0.35166896996509844,373,112566,0.10900058445353594,0.3313611570101096,275,15363,1.0576923076923077,1.7900149710343032,30.0,8.0,76.5,76,3422.0,0.0
A,hgb_no_observation_features,A,False,matched_patient,source,A,0.05,three_of_five,0.04874727705171292,False,3422,260,0.05113968439509059,175,0.04399929570716204,0.05905874823438143,0.17692307692307693,46,0.1325378370352357,0.2288443282079319,0.057692307692307696,15,0.03264595656049222,0.0933703024539803,0.2230769230769231,58,0.17396793390446194,0.27861881537160005,0.2076923076923077,54,0.16004716303415034,0.26213584516883837,0.08461538461538462,22,0.053787639900032665,0.12530640690882933,0.28076923076923077,73,0.22700428454363478,0.33960980361714255,1746,112566,0.5102279368790181,1.551090027184052,1386,15363,5.3307692307692305,9.021675454012888,28.0,8.0,78.0,73,3422.0,0.0
A,hgb_no_observation_features,A,False,matched_patient,source,A,0.1,hourly,0.04074578935779344,False,3422,260,0.1011104617182934,346,0.09120746807632336,0.11170076931977725,0.3153846153846154,82,0.2593756927723424,0.37566176662507306,0.06538461538461539,17,0.038547040160282396,0.10262487074598114,0.36538461538461536,95,0.3067652485488799,0.4271117327609946,0.36153846153846153,94,0.30309504797622655,0.42317870848445227,0.13076923076923078,34,0.09228944800343739,0.1779171090290837,0.4307692307692308,112,0.36975164202014427,0.4933833316233948,3017,112566,0.8816481589713617,2.6802053906152836,2180,15363,8.384615384615385,14.189936861290112,32.5,10.75,77.5,112,3422.0,0.0
A,hgb_no_observation_features,A,False,matched_patient,source,A,0.1,single,0.04074578935779344,False,3422,260,0.1011104617182934,346,0.09120746807632336,0.11170076931977725,0.06538461538461539,17,0.038547040160282396,0.10262487074598114,0.06538461538461539,17,0.038547040160282396,0.10262487074598114,0.36538461538461536,95,0.3067652485488799,0.4271117327609946,0.13076923076923078,34,0.09228944800343739,0.1779171090290837,0.13076923076923078,34,0.09228944800343739,0.1779171090290837,0.4307692307692308,112,0.36975164202014427,0.4933833316233948,346,112566,0.1011104617182934,0.30737522875468615,112,15363,0.4307692307692308,0.7290242791121526,32.5,10.75,77.5,112,3422.0,0.0
A,hgb_no_observation_features,A,False,matched_patient,source,A,0.1,silence4,0.04074578935779344,False,3422,260,0.1011104617182934,346,0.09120746807632336,0.11170076931977725,0.3153846153846154,82,0.2593756927723424,0.37566176662507306,0.06538461538461539,17,0.038547040160282396,0.10262487074598114,0.36538461538461536,95,0.3067652485488799,0.4271117327609946,0.3576923076923077,93,0.2994288728629417,0.4192416853428343,0.13076923076923078,34,0.09228944800343739,0.1779171090290837,0.4307692307692308,112,0.36975164202014427,0.4933833316233948,1057,112566,0.30888369374634717,0.9390046728141712,713,15363,2.7423076923076923,4.641020633990757,32.5,10.75,77.5,112,3422.0,0.0
A,hgb_no_observation_features,A,False,matched_patient,source,A,0.1,silence6,0.04074578935779344,False,3422,260,0.1011104617182934,346,0.09120746807632336,0.11170076931977725,0.3,78,0.24494175406887167,0.3596848263743174,0.06538461538461539,17,0.038547040160282396,0.10262487074598114,0.36538461538461536,95,0.3067652485488799,0.4271117327609946,0.3576923076923077,93,0.2994288728629417,0.4192416853428343,0.13076923076923078,34,0.09228944800343739,0.1779171090290837,0.4307692307692308,112,0.36975164202014427,0.4933833316233948,812,112566,0.23728813559322035,0.7213545830890322,531,15363,2.042307692307692,3.456356180433509,32.5,10.75,77.5,112,3422.0,0.0
A,hgb_no_observation_features,A,False,matched_patient,source,A,0.1,three_of_five,0.032109511836251055,False,3422,260,0.09585037989479836,328,0.0861893332395842,0.10620811434802219,0.3423076923076923,89,0.2848050181529181,0.40345303456533327,0.07307692307692308,19,0.04456804841474121,0.11176801216837896,0.36538461538461536,95,0.3067652485488799,0.4271117327609946,0.38461538461538464,100,0.32517570412958885,0.44671776541483404,0.12307692307692308,32,0.0857285695142275,0.16928664425627182,0.43846153846153846,114,0.37723305201505986,0.501109033826971,4071,112566,1.1896551724137931,3.6165449602899633,3013,15363,11.588461538461539,19.61205493718675,32.0,10.25,73.5,114,3422.0,0.0
A,hgb_no_observation_features,A,False,matched_patient,source,A,0.2,hourly,0.024298661071810636,False,3422,260,0.19988310929281122,684,0.18659879307586708,0.2136821856037315,0.5153846153846153,134,0.4528401658890022,0.5775744109703582,0.06153846153846154,16,0.03558022133156904,0.09801264544574158,0.573076923076923,149,0.5104850045807067,0.6339835610269705,0.5576923076923077,145,0.49503357852818486,0.6190207640581498,0.14615384615384616,38,0.1055486183034218,0.19504523475188376,0.6346153846153846,165,0.5728882672390054,0.6932347514511201,7734,112566,2.260081823495032,6.870635893609083,4613,15363,17.74230769230769,30.026687495931785,37.0,14.0,73.0,165,3422.0,0.0
A,hgb_no_observation_features,A,False,matched_patient,source,A,0.2,single,0.024298661071810636,False,3422,260,0.19988310929281122,684,0.18659879307586708,0.2136821856037315,0.06153846153846154,16,0.03558022133156904,0.09801264544574158,0.06153846153846154,16,0.03558022133156904,0.09801264544574158,0.573076923076923,149,0.5104850045807067,0.6339835610269705,0.14615384615384616,38,0.1055486183034218,0.19504523475188376,0.14615384615384616,38,0.1055486183034218,0.19504523475188376,0.6346153846153846,165,0.5728882672390054,0.6932347514511201,684,112566,0.19988310929281122,0.6076435158040616,165,15363,0.6346153846153846,1.0740089826205819,37.0,14.0,73.0,165,3422.0,0.0
A,hgb_no_observation_features,A,False,matched_patient,source,A,0.2,silence4,0.024298661071810636,False,3422,260,0.19988310929281122,684,0.18659879307586708,0.2136821856037315,0.49615384615384617,129,0.4338043349454073,0.55859201932062,0.06153846153846154,16,0.03558022133156904,0.09801264544574158,0.573076923076923,149,0.5104850045807067,0.6339835610269705,0.5384615384615384,140,0.4758009045812075,0.6002354521263605,0.14615384615384616,38,0.1055486183034218,0.19504523475188376,0.6346153846153846,165,0.5728882672390054,0.6932347514511201,2530,112566,0.739333722969024,2.2475703143044967,1383,15363,5.319230769230769,9.002148017965242,37.0,14.0,73.0,165,3422.0,0.0
A,hgb_no_observation_features,A,False,matched_patient,source,A,0.2,silence6,0.024298661071810636,False,3422,260,0.19988310929281122,684,0.18659879307586708,0.2136821856037315,0.4807692307692308,125,0.4186398066606019,0.5433419768273844,0.06153846153846154,16,0.03558022133156904,0.09801264544574158,0.573076923076923,149,0.5104850045807067,0.6339835610269705,0.5461538461538461,142,0.4834831542324168,0.6077604198088613,0.14615384615384616,38,0.1055486183034218,0.19504523475188376,0.6346153846153846,165,0.5728882672390054,0.6932347514511201,1906,112566,0.5569842197545295,1.6932288612902653,994,15363,3.8230769230769233,6.470090477120354,37.0,14.0,73.0,165,3422.0,0.0
A,hgb_no_observation_features,A,False,matched_patient,source,A,0.2,three_of_five,0.018793165966870688,False,3422,260,0.19754529514903565,676,0.18432209170241923,0.2112873008969594,0.5192307692307693,135,0.4566580231726156,0.5813601933393981,0.06153846153846154,16,0.03558022133156904,0.09801264544574158,0.5461538461538461,142,0.4834831542324168,0.6077604198088613,0.55,143,0.48732968129650733,0.6115174905704333,0.11923076923076924,31,0.08246688793679892,0.16495333355235722,0.6076923076923076,158,0.5454669609465026,0.6674328218966985,10327,112566,3.0178258328462886,9.174173373842901,5739,15363,22.073076923076922,37.3559851591486,39.0,16.0,71.75,158,3422.0,0.0
A,hgb_no_observation_features,A,False,matched_patient,local,A,0.05,hourly,0.06207450431445178,False,3422,260,0.053185271770894216,182,0.04590509201074205,0.061240222419968474,0.18846153846153846,49,0.14279843675943213,0.24138284993056267,0.06153846153846154,16,0.03558022133156904,0.09801264544574158,0.23076923076923078,60,0.18096603497652733,0.28682324961631334,0.2230769230769231,58,0.17396793390446194,0.27861881537160005,0.1,26,0.06636889065166435,0.14308478602437624,0.2923076923076923,76,0.2377524548708487,0.35166896996509844,1273,112566,0.37200467562828754,1.130892098857559,1027,15363,3.95,6.68489227364447,30.0,8.0,76.5,76,3422.0,0.0
A,hgb_no_observation_features,A,False,matched_patient,local,A,0.05,single,0.06207450431445178,False,3422,260,0.053185271770894216,182,0.04590509201074205,0.061240222419968474,0.06153846153846154,16,0.03558022133156904,0.09801264544574158,0.06153846153846154,16,0.03558022133156904,0.09801264544574158,0.23076923076923078,60,0.18096603497652733,0.28682324961631334,0.1,26,0.06636889065166435,0.14308478602437624,0.1,26,0.06636889065166435,0.14308478602437624,0.2923076923076923,76,0.2377524548708487,0.35166896996509844,182,112566,0.053185271770894216,0.16168292379581756,76,15363,0.2923076923076923,0.49469504654038926,30.0,8.0,76.5,76,3422.0,0.0
A,hgb_no_observation_features,A,False,matched_patient,local,A,0.05,silence4,0.06207450431445178,False,3422,260,0.053185271770894216,182,0.04590509201074205,0.061240222419968474,0.18461538461538463,48,0.1393705002338029,0.23721090361553987,0.06153846153846154,16,0.03558022133156904,0.09801264544574158,0.23076923076923078,60,0.18096603497652733,0.28682324961631334,0.21153846153846154,55,0.16351762237271178,0.2662661421818209,0.1,26,0.06636889065166435,0.14308478602437624,0.2923076923076923,76,0.2377524548708487,0.35166896996509844,460,112566,0.13442431326709525,0.40864914805536307,364,15363,1.4,2.369328907114496,30.0,8.0,76.5,76,3422.0,0.0
A,hgb_no_observation_features,A,False,matched_patient,local,A,0.05,silence6,0.06207450431445178,False,3422,260,0.053185271770894216,182,0.04590509201074205,0.061240222419968474,0.17692307692307693,46,0.1325378370352357,0.2288443282079319,0.06153846153846154,16,0.03558022133156904,0.09801264544574158,0.23076923076923078,60,0.18096603497652733,0.28682324961631334,0.2153846153846154,56,0.16699465554781523,0.2703899882302071,0.1,26,0.06636889065166435,0.14308478602437624,0.2923076923076923,76,0.2377524548708487,0.35166896996509844,373,112566,0.10900058445353594,0.3313611570101096,275,15363,1.0576923076923077,1.7900149710343032,30.0,8.0,76.5,76,3422.0,0.0
A,hgb_no_observation_features,A,False,matched_patient,local,A,0.05,three_of_five,0.04874727705171292,False,3422,260,0.05113968439509059,175,0.04399929570716204,0.05905874823438143,0.17692307692307693,46,0.1325378370352357,0.2288443282079319,0.057692307692307696,15,0.03264595656049222,0.0933703024539803,0.2230769230769231,58,0.17396793390446194,0.27861881537160005,0.2076923076923077,54,0.16004716303415034,0.26213584516883837,0.08461538461538462,22,0.053787639900032665,0.12530640690882933,0.28076923076923077,73,0.22700428454363478,0.33960980361714255,1746,112566,0.5102279368790181,1.551090027184052,1386,15363,5.3307692307692305,9.021675454012888,28.0,8.0,78.0,73,3422.0,0.0
A,hgb_no_observation_features,A,False,matched_patient,local,A,0.1,hourly,0.04074578935779344,False,3422,260,0.1011104617182934,346,0.09120746807632336,0.11170076931977725,0.3153846153846154,82,0.2593756927723424,0.37566176662507306,0.06538461538461539,17,0.038547040160282396,0.10262487074598114,0.36538461538461536,95,0.3067652485488799,0.4271117327609946,0.36153846153846153,94,0.30309504797622655,0.42317870848445227,0.13076923076923078,34,0.09228944800343739,0.1779171090290837,0.4307692307692308,112,0.36975164202014427,0.4933833316233948,3017,112566,0.8816481589713617,2.6802053906152836,2180,15363,8.384615384615385,14.189936861290112,32.5,10.75,77.5,112,3422.0,0.0
A,hgb_no_observation_features,A,False,matched_patient,local,A,0.1,single,0.04074578935779344,False,3422,260,0.1011104617182934,346,0.09120746807632336,0.11170076931977725,0.06538461538461539,17,0.038547040160282396,0.10262487074598114,0.06538461538461539,17,0.038547040160282396,0.10262487074598114,0.36538461538461536,95,0.3067652485488799,0.4271117327609946,0.13076923076923078,34,0.09228944800343739,0.1779171090290837,0.13076923076923078,34,0.09228944800343739,0.1779171090290837,0.4307692307692308,112,0.36975164202014427,0.4933833316233948,346,112566,0.1011104617182934,0.30737522875468615,112,15363,0.4307692307692308,0.7290242791121526,32.5,10.75,77.5,112,3422.0,0.0
A,hgb_no_observation_features,A,False,matched_patient,local,A,0.1,silence4,0.04074578935779344,False,3422,260,0.1011104617182934,346,0.09120746807632336,0.11170076931977725,0.3153846153846154,82,0.2593756927723424,0.37566176662507306,0.06538461538461539,17,0.038547040160282396,0.10262487074598114,0.36538461538461536,95,0.3067652485488799,0.4271117327609946,0.3576923076923077,93,0.2994288728629417,0.4192416853428343,0.13076923076923078,34,0.09228944800343739,0.1779171090290837,0.4307692307692308,112,0.36975164202014427,0.4933833316233948,1057,112566,0.30888369374634717,0.9390046728141712,713,15363,2.7423076923076923,4.641020633990757,32.5,10.75,77.5,112,3422.0,0.0
A,hgb_no_observation_features,A,False,matched_patient,local,A,0.1,silence6,0.04074578935779344,False,3422,260,0.1011104617182934,346,0.09120746807632336,0.11170076931977725,0.3,78,0.24494175406887167,0.3596848263743174,0.06538461538461539,17,0.038547040160282396,0.10262487074598114,0.36538461538461536,95,0.3067652485488799,0.4271117327609946,0.3576923076923077,93,0.2994288728629417,0.4192416853428343,0.13076923076923078,34,0.09228944800343739,0.1779171090290837,0.4307692307692308,112,0.36975164202014427,0.4933833316233948,812,112566,0.23728813559322035,0.7213545830890322,531,15363,2.042307692307692,3.456356180433509,32.5,10.75,77.5,112,3422.0,0.0
A,hgb_no_observation_features,A,False,matched_patient,local,A,0.1,three_of_five,0.032109511836251055,False,3422,260,0.09585037989479836,328,0.0861893332395842,0.10620811434802219,0.3423076923076923,89,0.2848050181529181,0.40345303456533327,0.07307692307692308,19,0.04456804841474121,0.11176801216837896,0.36538461538461536,95,0.3067652485488799,0.4271117327609946,0.38461538461538464,100,0.32517570412958885,0.44671776541483404,0.12307692307692308,32,0.0857285695142275,0.16928664425627182,0.43846153846153846,114,0.37723305201505986,0.501109033826971,4071,112566,1.1896551724137931,3.6165449602899633,3013,15363,11.588461538461539,19.61205493718675,32.0,10.25,73.5,114,3422.0,0.0
A,hgb_no_observation_features,A,False,matched_patient,local,A,0.2,hourly,0.024298661071810636,False,3422,260,0.19988310929281122,684,0.18659879307586708,0.2136821856037315,0.5153846153846153,134,0.4528401658890022,0.5775744109703582,0.06153846153846154,16,0.03558022133156904,0.09801264544574158,0.573076923076923,149,0.5104850045807067,0.6339835610269705,0.5576923076923077,145,0.49503357852818486,0.6190207640581498,0.14615384615384616,38,0.1055486183034218,0.19504523475188376,0.6346153846153846,165,0.5728882672390054,0.6932347514511201,7734,112566,2.260081823495032,6.870635893609083,4613,15363,17.74230769230769,30.026687495931785,37.0,14.0,73.0,165,3422.0,0.0
A,hgb_no_observation_features,A,False,matched_patient,local,A,0.2,single,0.024298661071810636,False,3422,260,0.19988310929281122,684,0.18659879307586708,0.2136821856037315,0.06153846153846154,16,0.03558022133156904,0.09801264544574158,0.06153846153846154,16,0.03558022133156904,0.09801264544574158,0.573076923076923,149,0.5104850045807067,0.6339835610269705,0.14615384615384616,38,0.1055486183034218,0.19504523475188376,0.14615384615384616,38,0.1055486183034218,0.19504523475188376,0.6346153846153846,165,0.5728882672390054,0.6932347514511201,684,112566,0.19988310929281122,0.6076435158040616,165,15363,0.6346153846153846,1.0740089826205819,37.0,14.0,73.0,165,3422.0,0.0
A,hgb_no_observation_features,A,False,matched_patient,local,A,0.2,silence4,0.024298661071810636,False,3422,260,0.19988310929281122,684,0.18659879307586708,0.2136821856037315,0.49615384615384617,129,0.4338043349454073,0.55859201932062,0.06153846153846154,16,0.03558022133156904,0.09801264544574158,0.573076923076923,149,0.5104850045807067,0.6339835610269705,0.5384615384615384,140,0.4758009045812075,0.6002354521263605,0.14615384615384616,38,0.1055486183034218,0.19504523475188376,0.6346153846153846,165,0.5728882672390054,0.6932347514511201,2530,112566,0.739333722969024,2.2475703143044967,1383,15363,5.319230769230769,9.002148017965242,37.0,14.0,73.0,165,3422.0,0.0
A,hgb_no_observation_features,A,False,matched_patient,local,A,0.2,silence6,0.024298661071810636,False,3422,260,0.19988310929281122,684,0.18659879307586708,0.2136821856037315,0.4807692307692308,125,0.4186398066606019,0.5433419768273844,0.06153846153846154,16,0.03558022133156904,0.09801264544574158,0.573076923076923,149,0.5104850045807067,0.6339835610269705,0.5461538461538461,142,0.4834831542324168,0.6077604198088613,0.14615384615384616,38,0.1055486183034218,0.19504523475188376,0.6346153846153846,165,0.5728882672390054,0.6932347514511201,1906,112566,0.5569842197545295,1.6932288612902653,994,15363,3.8230769230769233,6.470090477120354,37.0,14.0,73.0,165,3422.0,0.0
A,hgb_no_observation_features,A,False,matched_patient,local,A,0.2,three_of_five,0.018793165966870688,False,3422,260,0.19754529514903565,676,0.18432209170241923,0.2112873008969594,0.5192307692307693,135,0.4566580231726156,0.5813601933393981,0.06153846153846154,16,0.03558022133156904,0.09801264544574158,0.5461538461538461,142,0.4834831542324168,0.6077604198088613,0.55,143,0.48732968129650733,0.6115174905704333,0.11923076923076924,31,0.08246688793679892,0.16495333355235722,0.6076923076923076,158,0.5454669609465026,0.6674328218966985,10327,112566,3.0178258328462886,9.174173373842901,5739,15363,22.073076923076922,37.3559851591486,39.0,16.0,71.75,158,3422.0,0.0
A,hgb_no_observation_features,B,True,fixed,source_hourly,A,,hourly,0.0197045330648678,False,3473,154,0.1540454938093867,535,0.14219064378336896,0.16648583452995222,0.3181818181818182,49,0.24553884568577197,0.39798015651019436,0.07792207792207792,12,0.04091098735376322,0.13215791655397827,0.35064935064935066,54,0.2755928694053313,0.431576169522941,0.33766233766233766,52,0.2635243083216708,0.41818408426253373,0.11038961038961038,17,0.06563574862508902,0.1708546283593505,0.42857142857142855,66,0.34923148751687877,0.5107138210913531,5745,110910,1.6541894615606105,5.179875574790371,2155,10467,13.993506493506494,20.58851628929015,36.0,11.0,115.75,66,,
A,hgb_no_observation_features,B,True,fixed,source_hourly,A,,single,0.0197045330648678,False,3473,154,0.1540454938093867,535,0.14219064378336896,0.16648583452995222,0.07792207792207792,12,0.04091098735376322,0.13215791655397827,0.07792207792207792,12,0.04091098735376322,0.13215791655397827,0.35064935064935066,54,0.2755928694053313,0.431576169522941,0.11038961038961038,17,0.06563574862508902,0.1708546283593505,0.11038961038961038,17,0.06563574862508902,0.1708546283593505,0.42857142857142855,66,0.34923148751687877,0.5107138210913531,535,110910,0.1540454938093867,0.4823730953024975,66,10467,0.42857142857142855,0.6305531670965893,36.0,11.0,115.75,66,,
A,hgb_no_observation_features,B,True,fixed,source_hourly,A,,silence4,0.0197045330648678,False,3473,154,0.1540454938093867,535,0.14219064378336896,0.16648583452995222,0.3116883116883117,48,0.2395759600949048,0.39121372219875233,0.07792207792207792,12,0.04091098735376322,0.13215791655397827,0.35064935064935066,54,0.2755928694053313,0.431576169522941,0.33116883116883117,51,0.2575132730410363,0.41146509885234017,0.11038961038961038,17,0.06563574862508902,0.1708546283593505,0.42857142857142855,66,0.34923148751687877,0.5107138210913531,1928,110910,0.555139648718687,1.7383464069966639,631,10467,4.097402597402597,6.028470430877998,36.0,11.0,115.75,66,,
A,hgb_no_observation_features,B,True,fixed,source_hourly,A,,silence6,0.0197045330648678,False,3473,154,0.1540454938093867,535,0.14219064378336896,0.16648583452995222,0.2987012987012987,46,0.22770023651753876,0.3776316156335383,0.07792207792207792,12,0.04091098735376322,0.13215791655397827,0.35064935064935066,54,0.2755928694053313,0.431576169522941,0.33116883116883117,51,0.2575132730410363,0.41146509885234017,0.11038961038961038,17,0.06563574862508902,0.1708546283593505,0.42857142857142855,66,0.34923148751687877,0.5107138210913531,1475,110910,0.42470486610999136,1.3299071319087548,453,10467,2.9415584415584415,4.327887646890226,36.0,11.0,115.75,66,,
A,hgb_no_observation_features,B,True,fixed,source_hourly,A,,three_of_five,0.0197045330648678,False,3473,154,0.10682407140800461,371,0.09674122997804473,0.11757405191936271,0.2727272727272727,42,0.20415797281954284,0.3502619759486091,0.05194805194805195,8,0.022691322331244903,0.09979076774374385,0.2922077922077922,45,0.2217880099113866,0.3708153671084596,0.2792207792207792,43,0.21001650814787626,0.35713089560858213,0.09090909090909091,14,0.05059551791712918,0.14782552221879086,0.34415584415584416,53,0.2695509125338344,0.4248877065988938,5057,110910,1.4560898358767635,4.559552790550897,2067,10467,13.422077922077921,19.747778733161365,47.0,12.0,116.0,53,,
A,hgb_no_observation_features,B,True,fixed,source_patient,A,,hourly,0.0407457893577934,False,3473,154,0.058162971494385256,202,0.05060958483972006,0.0664703565088166,0.16233766233766234,25,0.10789697375694772,0.2302460073380077,0.032467532467532464,5,0.010624575174314588,0.074139540815779,0.2077922077922078,32,0.14668295710506496,0.28048878625548723,0.18181818181818182,28,0.12434817614954381,0.25194360460297427,0.045454545454545456,7,0.018467719055790442,0.09140937878400023,0.24025974025974026,37,0.17515463972983172,0.3156343759716255,1507,110910,0.4339188021883098,1.358759354431521,862,10467,5.597402597402597,8.23540651571606,54.0,18.0,102.0,37,,
A,hgb_no_observation_features,B,True,fixed,source_patient,A,,single,0.0407457893577934,False,3473,154,0.058162971494385256,202,0.05060958483972006,0.0664703565088166,0.032467532467532464,5,0.010624575174314588,0.074139540815779,0.032467532467532464,5,0.010624575174314588,0.074139540815779,0.2077922077922078,32,0.14668295710506496,0.28048878625548723,0.045454545454545456,7,0.018467719055790442,0.09140937878400023,0.045454545454545456,7,0.018467719055790442,0.09140937878400023,0.24025974025974026,37,0.17515463972983172,0.3156343759716255,202,110910,0.058162971494385256,0.18212965467496167,37,10467,0.24025974025974026,0.353491927008694,54.0,18.0,102.0,37,,
A,hgb_no_observation_features,B,True,fixed,source_patient,A,,silence4,0.0407457893577934,False,3473,154,0.058162971494385256,202,0.05060958483972006,0.0664703565088166,0.16233766233766234,25,0.10789697375694772,0.2302460073380077,0.032467532467532464,5,0.010624575174314588,0.074139540815779,0.2077922077922078,32,0.14668295710506496,0.28048878625548723,0.18181818181818182,28,0.12434817614954381,0.25194360460297427,0.045454545454545456,7,0.018467719055790442,0.09140937878400023,0.24025974025974026,37,0.17515463972983172,0.3156343759716255,561,110910,0.16153181687302046,0.5058155261022451,280,10467,1.8181818181818181,2.6750740422279544,54.0,18.0,102.0,37,,
A,hgb_no_observation_features,B,True,fixed,source_patient,A,,silence6,0.0407457893577934,False,3473,154,0.058162971494385256,202,0.05060958483972006,0.0664703565088166,0.15584415584415584,24,0.10247735007166976,0.22295205632731505,0.032467532467532464,5,0.010624575174314588,0.074139540815779,0.2077922077922078,32,0.14668295710506496,0.28048878625548723,0.18181818181818182,28,0.12434817614954381,0.25194360460297427,0.045454545454545456,7,0.018467719055790442,0.09140937878400023,0.24025974025974026,37,0.17515463972983172,0.3156343759716255,436,110910,0.12553987906708897,0.39311153187268955,203,10467,1.3181818181818181,1.939428680615267,54.0,18.0,102.0,37,,
A,hgb_no_observation_features,B,True,fixed,source_patient,A,,three_of_five,0.0407457893577934,False,3473,154,0.0328246472790095,114,0.027150980157660185,0.03930138353127729,0.11038961038961038,17,0.06563574862508902,0.1708546283593505,0.006493506493506494,1,0.00016438783738584347,0.03564703129069184,0.14285714285714285,22,0.09174423389007917,0.20826292895084628,0.11688311688311688,18,0.07076359466897236,0.178424551200866,0.006493506493506494,1,0.00016438783738584347,0.03564703129069184,0.14935064935064934,23,0.09709247614920305,0.21562493393266466,1251,110910,0.36020731356176217,1.1279415742493915,808,10467,5.246753246753247,7.719499379000669,68.0,27.0,109.0,23,,
A,hgb_no_observation_features,B,True,fixed,target_patient_all,B,,hourly,0.0272149183966697,False,3473,154,0.10480852289087245,364,0.09481325605001653,0.1154744503068023,0.24025974025974026,37,0.17515463972983172,0.3156343759716255,0.05844155844155844,9,0.027068461258342454,0.10803957445511275,0.2727272727272727,42,0.20415797281954284,0.3502619759486091,0.2597402597402597,40,0.19249737247736853,0.3364688501075953,0.07142857142857142,11,0.03619427133597008,0.12421014584494618,0.33116883116883117,51,0.2575132730410363,0.41146509885234017,3286,110910,0.9461560610423265,2.962762600306555,1478,10467,9.597402597402597,14.12056940861756,49.0,15.0,110.5,51,,
A,hgb_no_observation_features,B,True,fixed,target_patient_all,B,,single,0.0272149183966697,False,3473,154,0.10480852289087245,364,0.09481325605001653,0.1154744503068023,0.05844155844155844,9,0.027068461258342454,0.10803957445511275,0.05844155844155844,9,0.027068461258342454,0.10803957445511275,0.2727272727272727,42,0.20415797281954284,0.3502619759486091,0.07142857142857142,11,0.03619427133597008,0.12421014584494618,0.07142857142857142,11,0.03619427133597008,0.12421014584494618,0.33116883116883117,51,0.2575132730410363,0.41146509885234017,364,110910,0.10480852289087245,0.3281940311964656,51,10467,0.33116883116883117,0.48724562912009173,49.0,15.0,110.5,51,,
A,hgb_no_observation_features,B,True,fixed,target_patient_all,B,,silence4,0.0272149183966697,False,3473,154,0.10480852289087245,364,0.09481325605001653,0.1154744503068023,0.22727272727272727,35,0.16369783754955586,0.3016423503885779,0.05844155844155844,9,0.027068461258342454,0.10803957445511275,0.2727272727272727,42,0.20415797281954284,0.3502619759486091,0.2597402597402597,40,0.19249737247736853,0.3364688501075953,0.07142857142857142,11,0.03619427133597008,0.12421014584494618,0.33116883116883117,51,0.2575132730410363,0.41146509885234017,1134,110910,0.3265188597754103,1.0224506356505274,460,10467,2.987012987012987,4.394764497945926,49.0,15.0,110.5,51,,
A,hgb_no_observation_features,B,True,fixed,target_patient_all,B,,silence6,0.0272149183966697,False,3473,154,0.10480852289087245,364,0.09481325605001653,0.1154744503068023,0.23376623376623376,36,0.16941534126280763,0.3086489710130154,0.05844155844155844,9,0.027068461258342454,0.10803957445511275,0.2727272727272727,42,0.20415797281954284,0.3502619759486091,0.2532467532467532,39,0.18669620766506584,0.3295437977884982,0.07142857142857142,11,0.03619427133597008,0.12421014584494618,0.33116883116883117,51,0.2575132730410363,0.41146509885234017,877,110910,0.2525194356464152,0.7907312235145614,333,10467,2.1623376623376624,3.181427343078246,49.0,15.0,110.5,51,,
A,hgb_no_observation_features,B,True,fixed,target_patient_all,B,,three_of_five,0.0272149183966697,False,3473,154,0.06881658508494097,239,0.06061938192884205,0.0777483053040976,0.18831168831168832,29,0.1298913617102031,0.2591189943974714,0.025974025974025976,4,0.007121413829478186,0.06516643280288,0.19480519480519481,30,0.1354622474851656,0.26626767933048573,0.18831168831168832,29,0.1298913617102031,0.2591189943974714,0.032467532467532464,5,0.010624575174314588,0.074139540815779,0.22077922077922077,34,0.1580027887957706,0.2946138970908247,2873,110910,0.827238698531529,2.5903886033721033,1375,10467,8.928571428571429,13.136524314512277,62.5,27.0,110.0,34,,
A,hgb_no_observation_features,B,True,fixed,source_sensitivity80,A,,hourly,0.011905272801859,False,3473,154,0.2640368557443133,917,0.24943569962243073,0.2790362356121416,0.525974025974026,81,0.44403158016120214,0.6068978453508936,0.07792207792207792,12,0.04091098735376322,0.13215791655397827,0.564935064935065,87,0.4827812832492392,0.6445413892350467,0.577922077922078,89,0.495804551471393,0.6569820862246672,0.16233766233766234,25,0.10789697375694772,0.2302460073380077,0.6428571428571429,99,0.5617503359716175,0.7183500240108307,12002,110910,3.455801900374316,10.821386709945001,3628,10467,23.558441558441558,34.66131651858221,32.0,12.5,88.0,99,,
A,hgb_no_observation_features,B,True,fixed,source_sensitivity80,A,,single,0.011905272801859,False,3473,154,0.2640368557443133,917,0.24943569962243073,0.2790362356121416,0.07792207792207792,12,0.04091098735376322,0.13215791655397827,0.07792207792207792,12,0.04091098735376322,0.13215791655397827,0.564935064935065,87,0.4827812832492392,0.6445413892350467,0.16233766233766234,25,0.10789697375694772,0.2302460073380077,0.16233766233766234,25,0.10789697375694772,0.2302460073380077,0.6428571428571429,99,0.5617503359716175,0.7183500240108307,917,110910,0.2640368557443133,0.8267965016680191,99,10467,0.6428571428571429,0.945829750644884,32.0,12.5,88.0,99,,
A,hgb_no_observation_features,B,True,fixed,source_sensitivity80,A,,silence4,0.011905272801859,False,3473,154,0.2640368557443133,917,0.24943569962243073,0.2790362356121416,0.512987012987013,79,0.43122054381353164,0.5942441941058156,0.07792207792207792,12,0.04091098735376322,0.13215791655397827,0.564935064935065,87,0.4827812832492392,0.6445413892350467,0.5714285714285714,88,0.48928617890864684,0.6507685124831213,0.16233766233766234,25,0.10789697375694772,0.2302460073380077,0.6428571428571429,99,0.5617503359716175,0.7183500240108307,3825,110910,1.101353296861503,3.4487422234243983,1053,10467,6.837662337662338,10.06018916595013,32.0,12.5,88.0,99,,
A,hgb_no_observation_features,B,True,fixed,source_sensitivity80,A,,silence6,0.011905272801859,False,3473,154,0.2640368557443133,917,0.24943569962243073,0.2790362356121416,0.4935064935064935,76,0.41210232801694446,0.5751652998837926,0.07792207792207792,12,0.04091098735376322,0.13215791655397827,0.564935064935065,87,0.4827812832492392,0.6445413892350467,0.564935064935065,87,0.4827812832492392,0.6445413892350467,0.16233766233766234,25,0.10789697375694772,0.2302460073380077,0.6428571428571429,99,0.5617503359716175,0.7183500240108307,2831,110910,0.815145407428736,2.5525200613109726,751,10467,4.876623376623376,7.174930734689978,32.0,12.5,88.0,99,,
A,hgb_no_observation_features,B,True,fixed,source_sensitivity80,A,,three_of_five,0.011905272801859,False,3473,154,0.19003743161531816,660,0.17711046040306574,0.2034883334994247,0.4155844155844156,64,0.3368179732184382,0.49766352275471654,0.08441558441558442,13,0.04571442396721059,0.14002715464368143,0.44155844155844154,68,0.36169920757606755,0.5237102042716899,0.44805194805194803,69,0.367953209537656,0.5301883450588181,0.14285714285714285,22,0.09174423389007917,0.20826292895084628,0.525974025974026,81,0.44403158016120214,0.6068978453508936,10819,110910,3.1151742009789807,9.754756108556487,3467,10467,22.51298701298701,33.123148944301136,34.0,12.0,105.0,81,,
A,hgb_no_observation_features,B,True,fixed,probability_0_5,B,,hourly,0.5,False,3473,154,0.0,0,0.0,0.0010615954675015737,0.0,0,0.0,0.023669148372542772,0.0,0,0.0,0.023669148372542772,0.006493506493506494,1,0.00016438783738584347,0.03564703129069184,0.0,0,0.0,0.023669148372542772,0.0,0,0.0,0.023669148372542772,0.006493506493506494,1,0.00016438783738584347,0.03564703129069184,0,110910,0.0,0.0,4,10467,0.025974025974025976,0.03821534346039935,137.0,137.0,137.0,1,,
A,hgb_no_observation_features,B,True,fixed,probability_0_5,B,,single,0.5,False,3473,154,0.0,0,0.0,0.0010615954675015737,0.0,0,0.0,0.023669148372542772,0.0,0,0.0,0.023669148372542772,0.006493506493506494,1,0.00016438783738584347,0.03564703129069184,0.0,0,0.0,0.023669148372542772,0.0,0,0.0,0.023669148372542772,0.006493506493506494,1,0.00016438783738584347,0.03564703129069184,0,110910,0.0,0.0,1,10467,0.006493506493506494,0.009553835865099837,137.0,137.0,137.0,1,,
A,hgb_no_observation_features,B,True,fixed,probability_0_5,B,,silence4,0.5,False,3473,154,0.0,0,0.0,0.0010615954675015737,0.0,0,0.0,0.023669148372542772,0.0,0,0.0,0.023669148372542772,0.006493506493506494,1,0.00016438783738584347,0.03564703129069184,0.0,0,0.0,0.023669148372542772,0.0,0,0.0,0.023669148372542772,0.006493506493506494,1,0.00016438783738584347,0.03564703129069184,0,110910,0.0,0.0,3,10467,0.01948051948051948,0.028661507595299514,137.0,137.0,137.0,1,,
A,hgb_no_observation_features,B,True,fixed,probability_0_5,B,,silence6,0.5,False,3473,154,0.0,0,0.0,0.0010615954675015737,0.0,0,0.0,0.023669148372542772,0.0,0,0.0,0.023669148372542772,0.006493506493506494,1,0.00016438783738584347,0.03564703129069184,0.0,0,0.0,0.023669148372542772,0.0,0,0.0,0.023669148372542772,0.006493506493506494,1,0.00016438783738584347,0.03564703129069184,0,110910,0.0,0.0,3,10467,0.01948051948051948,0.028661507595299514,137.0,137.0,137.0,1,,
A,hgb_no_observation_features,B,True,fixed,probability_0_5,B,,three_of_five,0.5,False,3473,154,0.0,0,0.0,0.0010615954675015737,0.0,0,0.0,0.023669148372542772,0.0,0,0.0,0.023669148372542772,0.0,0,0.0,0.023669148372542772,0.0,0,0.0,0.023669148372542772,0.0,0,0.0,0.023669148372542772,0.0,0,0.0,0.023669148372542772,0,110910,0.0,0.0,0,10467,0.0,0.0,,,,0,,
A,hgb_no_observation_features,B,True,matched_patient,source,A,0.05,hourly,0.06207450431445178,False,3473,154,0.026778001727613014,93,0.021666459521625533,0.03270555751049781,0.11688311688311688,18,0.07076359466897236,0.178424551200866,0.025974025974025976,4,0.007121413829478186,0.06516643280288,0.13636363636363635,21,0.08643472116234327,0.20086414095359145,0.13636363636363635,21,0.08643472116234327,0.20086414095359145,0.03896103896103896,6,0.01443004397902957,0.08287046791898188,0.16233766233766234,25,0.10789697375694772,0.2302460073380077,619,110910,0.17823207601497265,0.5581101794247588,517,10467,3.357142857142857,4.939333142256616,49.0,17.0,102.0,25,3422.0,0.0
A,hgb_no_observation_features,B,True,matched_patient,source,A,0.05,single,0.06207450431445178,False,3473,154,0.026778001727613014,93,0.021666459521625533,0.03270555751049781,0.025974025974025976,4,0.007121413829478186,0.06516643280288,0.025974025974025976,4,0.007121413829478186,0.06516643280288,0.13636363636363635,21,0.08643472116234327,0.20086414095359145,0.03896103896103896,6,0.01443004397902957,0.08287046791898188,0.03896103896103896,6,0.01443004397902957,0.08287046791898188,0.16233766233766234,25,0.10789697375694772,0.2302460073380077,93,110910,0.026778001727613014,0.08385177170678929,25,10467,0.16233766233766234,0.23884589662749595,49.0,17.0,102.0,25,3422.0,0.0
A,hgb_no_observation_features,B,True,matched_patient,source,A,0.05,silence4,0.06207450431445178,False,3473,154,0.026778001727613014,93,0.021666459521625533,0.03270555751049781,0.11688311688311688,18,0.07076359466897236,0.178424551200866,0.025974025974025976,4,0.007121413829478186,0.06516643280288,0.13636363636363635,21,0.08643472116234327,0.20086414095359145,0.13636363636363635,21,0.08643472116234327,0.20086414095359145,0.03896103896103896,6,0.01443004397902957,0.08287046791898188,0.16233766233766234,25,0.10789697375694772,0.2302460073380077,238,110910,0.06852864958249352,0.21458840501307366,166,10467,1.077922077922078,1.585936753606573,49.0,17.0,102.0,25,3422.0,0.0
A,hgb_no_observation_features,B,True,matched_patient,source,A,0.05,silence6,0.06207450431445178,False,3473,154,0.026778001727613014,93,0.021666459521625533,0.03270555751049781,0.09740259740259741,15,0.05554678626924192,0.1555594165354727,0.025974025974025976,4,0.007121413829478186,0.06516643280288,0.13636363636363635,21,0.08643472116234327,0.20086414095359145,0.13636363636363635,21,0.08643472116234327,0.20086414095359145,0.03896103896103896,6,0.01443004397902957,0.08287046791898188,0.16233766233766234,25,0.10789697375694772,0.2302460073380077,189,110910,0.054419809962568386,0.17040843927508792,119,10467,0.7727272727272727,1.1369064679468808,49.0,17.0,102.0,25,3422.0,0.0
A,hgb_no_observation_features,B,True,matched_patient,source,A,0.05,three_of_five,0.04874727705171292,False,3473,154,0.025338324215375754,88,0.020370515434665903,0.03112536928650227,0.09090909090909091,14,0.05059551791712918,0.14782552221879086,0.006493506493506494,1,0.00016438783738584347,0.03564703129069184,0.13636363636363635,21,0.08643472116234327,0.20086414095359145,0.09740259740259741,15,0.05554678626924192,0.1555594165354727,0.006493506493506494,1,0.00016438783738584347,0.03564703129069184,0.14285714285714285,22,0.09174423389007917,0.20826292895084628,864,110910,0.24877627411459832,0.7790100081146876,645,10467,4.188311688311688,6.162224132989396,61.5,25.25,110.5,22,3422.0,0.0
A,hgb_no_observation_features,B,True,matched_patient,source,A,0.1,hourly,0.04074578935779344,False,3473,154,0.058162971494385256,202,0.05060958483972006,0.0664703565088166,0.16233766233766234,25,0.10789697375694772,0.2302460073380077,0.032467532467532464,5,0.010624575174314588,0.074139540815779,0.2077922077922078,32,0.14668295710506496,0.28048878625548723,0.18181818181818182,28,0.12434817614954381,0.25194360460297427,0.045454545454545456,7,0.018467719055790442,0.09140937878400023,0.24025974025974026,37,0.17515463972983172,0.3156343759716255,1507,110910,0.4339188021883098,1.358759354431521,862,10467,5.597402597402597,8.23540651571606,54.0,18.0,102.0,37,3422.0,0.0
A,hgb_no_observation_features,B,True,matched_patient,source,A,0.1,single,0.04074578935779344,False,3473,154,0.058162971494385256,202,0.05060958483972006,0.0664703565088166,0.032467532467532464,5,0.010624575174314588,0.074139540815779,0.032467532467532464,5,0.010624575174314588,0.074139540815779,0.2077922077922078,32,0.14668295710506496,0.28048878625548723,0.045454545454545456,7,0.018467719055790442,0.09140937878400023,0.045454545454545456,7,0.018467719055790442,0.09140937878400023,0.24025974025974026,37,0.17515463972983172,0.3156343759716255,202,110910,0.058162971494385256,0.18212965467496167,37,10467,0.24025974025974026,0.353491927008694,54.0,18.0,102.0,37,3422.0,0.0
A,hgb_no_observation_features,B,True,matched_patient,source,A,0.1,silence4,0.04074578935779344,False,3473,154,0.058162971494385256,202,0.05060958483972006,0.0664703565088166,0.16233766233766234,25,0.10789697375694772,0.2302460073380077,0.032467532467532464,5,0.010624575174314588,0.074139540815779,0.2077922077922078,32,0.14668295710506496,0.28048878625548723,0.18181818181818182,28,0.12434817614954381,0.25194360460297427,0.045454545454545456,7,0.018467719055790442,0.09140937878400023,0.24025974025974026,37,0.17515463972983172,0.3156343759716255,561,110910,0.16153181687302046,0.5058155261022451,280,10467,1.8181818181818181,2.6750740422279544,54.0,18.0,102.0,37,3422.0,0.0
A,hgb_no_observation_features,B,True,matched_patient,source,A,0.1,silence6,0.04074578935779344,False,3473,154,0.058162971494385256,202,0.05060958483972006,0.0664703565088166,0.15584415584415584,24,0.10247735007166976,0.22295205632731505,0.032467532467532464,5,0.010624575174314588,0.074139540815779,0.2077922077922078,32,0.14668295710506496,0.28048878625548723,0.18181818181818182,28,0.12434817614954381,0.25194360460297427,0.045454545454545456,7,0.018467719055790442,0.09140937878400023,0.24025974025974026,37,0.17515463972983172,0.3156343759716255,436,110910,0.12553987906708897,0.39311153187268955,203,10467,1.3181818181818181,1.939428680615267,54.0,18.0,102.0,37,3422.0,0.0
A,hgb_no_observation_features,B,True,matched_patient,source,A,0.1,three_of_five,0.032109511836251055,False,3473,154,0.05326806795277858,185,0.046034198802352155,0.06126504222906972,0.15584415584415584,24,0.10247735007166976,0.22295205632731505,0.01948051948051948,3,0.004035510487662671,0.05587298283036054,0.17532467532467533,27,0.11883384995095861,0.24474044036103154,0.16233766233766234,25,0.10789697375694772,0.2302460073380077,0.01948051948051948,3,0.004035510487662671,0.05587298283036054,0.19480519480519481,30,0.1354622474851656,0.26626767933048573,2101,110910,0.6049524906420962,1.8943287350103688,1087,10467,7.058441558441558,10.385019585363523,60.5,28.0,104.0,30,3422.0,0.0
A,hgb_no_observation_features,B,True,matched_patient,source,A,0.2,hourly,0.024298661071810636,False,3473,154,0.1206449755254823,419,0.1099911103037074,0.1319419312825915,0.2662337662337662,41,0.1983181158915165,0.3433747638293647,0.06493506493506493,10,0.03157543125795952,0.11617453295680899,0.2922077922077922,45,0.2217880099113866,0.3708153671084596,0.2857142857142857,44,0.2158933144462354,0.36398190617625525,0.09090909090909091,14,0.05059551791712918,0.14782552221879086,0.35714285714285715,55,0.2816499759891693,0.43824966402838245,4068,110910,1.1713216239562338,3.667838788206654,1690,10467,10.974025974025974,16.145982612018724,37.0,11.5,113.5,55,3422.0,0.0
A,hgb_no_observation_features,B,True,matched_patient,source,A,0.2,single,0.024298661071810636,False,3473,154,0.1206449755254823,419,0.1099911103037074,0.1319419312825915,0.06493506493506493,10,0.03157543125795952,0.11617453295680899,0.06493506493506493,10,0.03157543125795952,0.11617453295680899,0.2922077922077922,45,0.2217880099113866,0.3708153671084596,0.09090909090909091,14,0.05059551791712918,0.14782552221879086,0.09090909090909091,14,0.05059551791712918,0.14782552221879086,0.35714285714285715,55,0.2816499759891693,0.43824966402838245,419,110910,0.1206449755254823,0.37778378865747003,55,10467,0.35714285714285715,0.5254609725804911,37.0,11.5,113.5,55,3422.0,0.0
A,hgb_no_observation_features,B,True,matched_patient,source,A,0.2,silence4,0.024298661071810636,False,3473,154,0.1206449755254823,419,0.1099911103037074,0.1319419312825915,0.24675324675324675,38,0.18091511907589453,0.32259913971264986,0.06493506493506493,10,0.03157543125795952,0.11617453295680899,0.2922077922077922,45,0.2217880099113866,0.3708153671084596,0.2857142857142857,44,0.2158933144462354,0.36398190617625525,0.09090909090909091,14,0.05059551791712918,0.14782552221879086,0.35714285714285715,55,0.2816499759891693,0.43824966402838245,1389,110910,0.3999424128995105,1.2523667838788206,515,10467,3.344155844155844,4.920225470526416,37.0,11.5,113.5,55,3422.0,0.0
A,hgb_no_observation_features,B,True,matched_patient,source,A,0.2,silence6,0.024298661071810636,False,3473,154,0.1206449755254823,419,0.1099911103037074,0.1319419312825915,0.24675324675324675,38,0.18091511907589453,0.32259913971264986,0.06493506493506493,10,0.03157543125795952,0.11617453295680899,0.2922077922077922,45,0.2217880099113866,0.3708153671084596,0.2857142857142857,44,0.2158933144462354,0.36398190617625525,0.09090909090909091,14,0.05059551791712918,0.14782552221879086,0.35714285714285715,55,0.2816499759891693,0.43824966402838245,1069,110910,0.30780305211632597,0.9638445586511586,372,10467,2.4155844155844157,3.5540269418171397,37.0,11.5,113.5,55,3422.0,0.0
A,hgb_no_observation_features,B,True,matched_patient,source,A,0.2,three_of_five,0.018793165966870688,False,3473,154,0.1128707169594011,392,0.10253191919884083,0.12386611258214038,0.2727272727272727,42,0.20415797281954284,0.3502619759486091,0.05194805194805195,8,0.022691322331244903,0.09979076774374385,0.2987012987012987,46,0.22770023651753876,0.3776316156335383,0.2857142857142857,44,0.2158933144462354,0.36398190617625525,0.08441558441558442,13,0.04571442396721059,0.14002715464368143,0.35064935064935066,54,0.2755928694053313,0.431576169522941,5505,110910,1.585084940973222,4.963483905869624,2168,10467,14.077922077922079,20.712716155536448,48.0,13.0,116.75,54,3422.0,0.0
A,hgb_no_observation_features,B,True,matched_patient,local,B,0.05,hourly,0.04443610285147067,False,3473,154,0.05125251943564642,178,0.04415521158565454,0.059116718634847895,0.14285714285714285,22,0.09174423389007917,0.20826292895084628,0.032467532467532464,5,0.010624575174314588,0.074139540815779,0.18181818181818182,28,0.12434817614954381,0.25194360460297427,0.16883116883116883,26,0.11334965164461629,0.237508334047446,0.045454545454545456,7,0.018467719055790442,0.09140937878400023,0.21428571428571427,33,0.15233090617553913,0.28756294741307853,1291,110910,0.37172473365966024,1.164006852402849,784,10467,5.090909090909091,7.490207318238273,50.0,18.0,102.0,33,3495.0,0.0
A,hgb_no_observation_features,B,True,matched_patient,local,B,0.05,single,0.04443610285147067,False,3473,154,0.05125251943564642,178,0.04415521158565454,0.059116718634847895,0.032467532467532464,5,0.010624575174314588,0.074139540815779,0.032467532467532464,5,0.010624575174314588,0.074139540815779,0.18181818181818182,28,0.12434817614954381,0.25194360460297427,0.045454545454545456,7,0.018467719055790442,0.09140937878400023,0.045454545454545456,7,0.018467719055790442,0.09140937878400023,0.21428571428571427,33,0.15233090617553913,0.28756294741307853,178,110910,0.05125251943564642,0.16049048778288702,33,10467,0.21428571428571427,0.31527658354829463,50.0,18.0,102.0,33,3495.0,0.0
A,hgb_no_observation_features,B,True,matched_patient,local,B,0.05,silence4,0.04443610285147067,False,3473,154,0.05125251943564642,178,0.04415521158565454,0.059116718634847895,0.14285714285714285,22,0.09174423389007917,0.20826292895084628,0.032467532467532464,5,0.010624575174314588,0.074139540815779,0.18181818181818182,28,0.12434817614954381,0.25194360460297427,0.16233766233766234,25,0.10789697375694772,0.2302460073380077,0.045454545454545456,7,0.018467719055790442,0.09140937878400023,0.21428571428571427,33,0.15233090617553913,0.28756294741307853,481,110910,0.1384969766772243,0.43368496979532956,250,10467,1.6233766233766234,2.3884589662749596,50.0,18.0,102.0,33,3495.0,0.0
A,hgb_no_observation_features,B,True,matched_patient,local,B,0.05,silence6,0.04443610285147067,False,3473,154,0.05125251943564642,178,0.04415521158565454,0.059116718634847895,0.12337662337662338,19,0.07594157997544664,0.18594747950447785,0.032467532467532464,5,0.010624575174314588,0.074139540815779,0.18181818181818182,28,0.12434817614954381,0.25194360460297427,0.16233766233766234,25,0.10789697375694772,0.2302460073380077,0.045454545454545456,7,0.018467719055790442,0.09140937878400023,0.21428571428571427,33,0.15233090617553913,0.28756294741307853,376,110910,0.10826374892024186,0.3390136146425029,183,10467,1.1883116883116882,1.7483519633132703,50.0,18.0,102.0,33,3495.0,0.0
A,hgb_no_observation_features,B,True,matched_patient,local,B,0.05,three_of_five,0.031021807064569418,False,3473,154,0.05499568096746329,191,0.0476471418903589,0.06310409752542154,0.16883116883116883,26,0.11334965164461629,0.237508334047446,0.025974025974025976,4,0.007121413829478186,0.06516643280288,0.18181818181818182,28,0.12434817614954381,0.25194360460297427,0.16883116883116883,26,0.11334965164461629,0.237508334047446,0.025974025974025976,4,0.007121413829478186,0.06516643280288,0.2077922077922078,32,0.14668295710506496,0.28048878625548723,2235,110910,0.6435358479700547,2.015147416824452,1142,10467,7.415584415584416,10.910480557944014,59.5,29.25,104.0,32,3495.0,0.0
A,hgb_no_observation_features,B,True,matched_patient,local,B,0.1,hourly,0.02721491839666973,False,3473,154,0.10480852289087245,364,0.09481325605001653,0.1154744503068023,0.24025974025974026,37,0.17515463972983172,0.3156343759716255,0.05844155844155844,9,0.027068461258342454,0.10803957445511275,0.2727272727272727,42,0.20415797281954284,0.3502619759486091,0.2597402597402597,40,0.19249737247736853,0.3364688501075953,0.07142857142857142,11,0.03619427133597008,0.12421014584494618,0.33116883116883117,51,0.2575132730410363,0.41146509885234017,3286,110910,0.9461560610423265,2.962762600306555,1478,10467,9.597402597402597,14.12056940861756,49.0,15.0,110.5,51,3495.0,0.0
A,hgb_no_observation_features,B,True,matched_patient,local,B,0.1,single,0.02721491839666973,False,3473,154,0.10480852289087245,364,0.09481325605001653,0.1154744503068023,0.05844155844155844,9,0.027068461258342454,0.10803957445511275,0.05844155844155844,9,0.027068461258342454,0.10803957445511275,0.2727272727272727,42,0.20415797281954284,0.3502619759486091,0.07142857142857142,11,0.03619427133597008,0.12421014584494618,0.07142857142857142,11,0.03619427133597008,0.12421014584494618,0.33116883116883117,51,0.2575132730410363,0.41146509885234017,364,110910,0.10480852289087245,0.3281940311964656,51,10467,0.33116883116883117,0.48724562912009173,49.0,15.0,110.5,51,3495.0,0.0
A,hgb_no_observation_features,B,True,matched_patient,local,B,0.1,silence4,0.02721491839666973,False,3473,154,0.10480852289087245,364,0.09481325605001653,0.1154744503068023,0.22727272727272727,35,0.16369783754955586,0.3016423503885779,0.05844155844155844,9,0.027068461258342454,0.10803957445511275,0.2727272727272727,42,0.20415797281954284,0.3502619759486091,0.2597402597402597,40,0.19249737247736853,0.3364688501075953,0.07142857142857142,11,0.03619427133597008,0.12421014584494618,0.33116883116883117,51,0.2575132730410363,0.41146509885234017,1134,110910,0.3265188597754103,1.0224506356505274,460,10467,2.987012987012987,4.394764497945926,49.0,15.0,110.5,51,3495.0,0.0
A,hgb_no_observation_features,B,True,matched_patient,local,B,0.1,silence6,0.02721491839666973,False,3473,154,0.10480852289087245,364,0.09481325605001653,0.1154744503068023,0.23376623376623376,36,0.16941534126280763,0.3086489710130154,0.05844155844155844,9,0.027068461258342454,0.10803957445511275,0.2727272727272727,42,0.20415797281954284,0.3502619759486091,0.2532467532467532,39,0.18669620766506584,0.3295437977884982,0.07142857142857142,11,0.03619427133597008,0.12421014584494618,0.33116883116883117,51,0.2575132730410363,0.41146509885234017,877,110910,0.2525194356464152,0.7907312235145614,333,10467,2.1623376623376624,3.181427343078246,49.0,15.0,110.5,51,3495.0,0.0
A,hgb_no_observation_features,B,True,matched_patient,local,B,0.1,three_of_five,0.020184882353209616,False,3473,154,0.10336884537863518,359,0.09343684979773562,0.113974019438755,0.2662337662337662,41,0.1983181158915165,0.3433747638293647,0.05844155844155844,9,0.027068461258342454,0.10803957445511275,0.2727272727272727,42,0.20415797281954284,0.3502619759486091,0.2792207792207792,43,0.21001650814787626,0.35713089560858213,0.09740259740259741,15,0.05554678626924192,0.1555594165354727,0.33116883116883117,51,0.2575132730410363,0.41146509885234017,4861,110910,1.3996544773970632,4.382832927598954,2012,10467,13.064935064935066,19.22231776058087,47.0,10.0,116.0,51,3495.0,0.0
A,hgb_no_observation_features,B,True,matched_patient,local,B,0.2,hourly,0.015444288994756493,False,3473,154,0.20270659372300603,704,0.1894469855936871,0.21646854530493878,0.4025974025974026,62,0.3244593664335884,0.48455866737256753,0.07792207792207792,12,0.04091098735376322,0.13215791655397827,0.461038961038961,71,0.38050119184962744,0.5431047961980957,0.43506493506493504,67,0.35545861076495344,0.5172187167507608,0.13636363636363635,21,0.08643472116234327,0.20086414095359145,0.538961038961039,83,0.4568952038019044,0.6194988081503725,8290,110910,2.386985315289375,7.47452889730412,2767,10467,17.967532467532468,26.435463838731252,32.0,12.0,103.5,83,3495.0,0.0
A,hgb_no_observation_features,B,True,matched_patient,local,B,0.2,single,0.015444288994756493,False,3473,154,0.20270659372300603,704,0.1894469855936871,0.21646854530493878,0.07792207792207792,12,0.04091098735376322,0.13215791655397827,0.07792207792207792,12,0.04091098735376322,0.13215791655397827,0.461038961038961,71,0.38050119184962744,0.5431047961980957,0.13636363636363635,21,0.08643472116234327,0.20086414095359145,0.13636363636363635,21,0.08643472116234327,0.20086414095359145,0.538961038961039,83,0.4568952038019044,0.6194988081503725,704,110910,0.20270659372300603,0.6347488955008566,83,10467,0.538961038961039,0.7929683768032865,32.0,12.0,103.5,83,3495.0,0.0
A,hgb_no_observation_features,B,True,matched_patient,local,B,0.2,silence4,0.015444288994756493,False,3473,154,0.20270659372300603,704,0.1894469855936871,0.21646854530493878,0.4025974025974026,62,0.3244593664335884,0.48455866737256753,0.07792207792207792,12,0.04091098735376322,0.13215791655397827,0.461038961038961,71,0.38050119184962744,0.5431047961980957,0.43506493506493504,67,0.35545861076495344,0.5172187167507608,0.13636363636363635,21,0.08643472116234327,0.20086414095359145,0.538961038961039,83,0.4568952038019044,0.6194988081503725,2705,110910,0.7788655341203571,2.438914435127581,819,10467,5.318181818181818,7.824591573516767,32.0,12.0,103.5,83,3495.0,0.0
A,hgb_no_observation_features,B,True,matched_patient,local,B,0.2,silence6,0.015444288994756493,False,3473,154,0.20270659372300603,704,0.1894469855936871,0.21646854530493878,0.37662337662337664,58,0.2999103500803708,0.45818207013910356,0.07792207792207792,12,0.04091098735376322,0.13215791655397827,0.461038961038961,71,0.38050119184962744,0.5431047961980957,0.42857142857142855,66,0.34923148751687877,0.5107138210913531,0.13636363636363635,21,0.08643472116234327,0.20086414095359145,0.538961038961039,83,0.4568952038019044,0.6194988081503725,2037,110910,0.5865246184854592,1.8366242899648364,586,10467,3.8051948051948052,5.598547816948505,32.0,12.0,103.5,83,3495.0,0.0
A,hgb_no_observation_features,B,True,matched_patient,local,B,0.2,three_of_five,0.011324697071461373,False,3473,154,0.20097898070832135,698,0.18776348957630234,0.21469975699080845,0.42857142857142855,66,0.34923148751687877,0.5107138210913531,0.07792207792207792,12,0.04091098735376322,0.13215791655397827,0.45454545454545453,70,0.37422055558671313,0.536653193318123,0.45454545454545453,70,0.37422055558671313,0.536653193318123,0.14285714285714285,22,0.09174423389007917,0.20826292895084628,0.5324675324675324,82,0.45045680608844646,0.6132049284977826,11528,110910,3.319320472214224,10.394013163826527,3635,10467,23.603896103896105,34.72819336963791,35.0,12.0,103.75,82,3495.0,0.0
B,logistic,A,True,fixed,source_hourly,B,,hourly,0.0109817525734817,False,3422,260,0.6297486849795442,2155,0.6133186258730808,0.6459567384449741,0.7230769230769231,188,0.664419577870804,0.7765686654760942,0.04230769230769231,11,0.021306124410337163,0.07443784999427439,0.7730769230769231,201,0.7172759729308574,0.8225360615332309,0.7807692307692308,203,0.7254924933335027,0.8295218662633832,0.15,39,0.10888975444551353,0.19930174131913775,0.8153846153846154,212,0.7627890963844601,0.8606294997661971,32572,112566,9.518410286382233,28.93591315317236,8984,15363,34.55384615384615,58.47816181735338,43.5,19.0,84.5,212,,
B,logistic,A,True,fixed,source_hourly,B,,single,0.0109817525734817,False,3422,260,0.6297486849795442,2155,0.6133186258730808,0.6459567384449741,0.04230769230769231,11,0.021306124410337163,0.07443784999427439,0.04230769230769231,11,0.021306124410337163,0.07443784999427439,0.7730769230769231,201,0.7172759729308574,0.8225360615332309,0.15,39,0.10888975444551353,0.19930174131913775,0.15,39,0.10888975444551353,0.19930174131913775,0.8153846153846154,212,0.7627890963844601,0.8606294997661971,2155,112566,0.6297486849795442,1.9144324218680597,212,15363,0.8153846153846154,1.3799388140337174,43.5,19.0,84.5,212,,
B,logistic,A,True,fixed,source_hourly,B,,silence4,0.0109817525734817,False,3422,260,0.6297486849795442,2155,0.6133186258730808,0.6459567384449741,0.7153846153846154,186,0.6563656833783039,0.7694178384931589,0.04230769230769231,11,0.021306124410337163,0.07443784999427439,0.7730769230769231,201,0.7172759729308574,0.8225360615332309,0.7807692307692308,203,0.7254924933335027,0.8295218662633832,0.15,39,0.10888975444551353,0.19930174131913775,0.8153846153846154,212,0.7627890963844601,0.8606294997661971,11252,112566,3.288135593220339,9.995913508519447,2687,15363,10.334615384615384,17.490073553342445,43.5,19.0,84.5,212,,
B,logistic,A,True,fixed,source_hourly,B,,silence6,0.0109817525734817,False,3422,260,0.6297486849795442,2155,0.6133186258730808,0.6459567384449741,0.6961538461538461,181,0.6363141643386621,0.7514566038205615,0.04230769230769231,11,0.021306124410337163,0.07443784999427439,0.7730769230769231,201,0.7172759729308574,0.8225360615332309,0.7692307692307693,200,0.7131767503836866,0.8190339650234727,0.15,39,0.10888975444551353,0.19930174131913775,0.8153846153846154,212,0.7627890963844601,0.8606294997661971,8373,112566,2.4468147282291057,7.438302862320771,1885,15363,7.25,12.269738983271496,43.5,19.0,84.5,212,,
B,logistic,A,True,fixed,source_hourly,B,,three_of_five,0.0109817525734817,False,3422,260,0.4491525423728814,1537,0.4323903089692453,0.46600174818370815,0.6384615384615384,166,0.5768212915155477,0.6969049520237736,0.08461538461538462,22,0.053787639900032665,0.12530640690882933,0.5884615384615385,153,0.5259952029543866,0.6488873907842796,0.6615384615384615,172,0.6005044200648979,0.7188405760137058,0.1423076923076923,37,0.1022176612983699,0.19077885503803618,0.6730769230769231,175,0.6124020159925121,0.7297519207313237,28054,112566,8.198129748684979,24.922267825098164,8401,15363,32.31153846153846,54.68333007876066,44.0,16.5,83.0,175,,
B,logistic,A,True,fixed,source_patient,B,,hourly,0.0238446492374886,False,3422,260,0.489187609585038,1674,0.4723082640151227,0.5060854482448529,0.5807692307692308,151,0.5182327066856658,0.6414429002104186,0.06538461538461539,17,0.038547040160282396,0.10262487074598114,0.6423076923076924,167,0.5807583146571658,0.7005711271370584,0.6461538461538462,168,0.5846993643060456,0.7042332480935142,0.1346153846153846,35,0.0955876927993484,0.18221515197375376,0.7076923076923077,184,0.6483310300349016,0.7622475451291513,12779,112566,3.734365867913501,11.352451006520619,5460,15363,21.0,35.53993360671744,36.0,17.0,86.25,184,,
B,logistic,A,True,fixed,source_patient,B,,single,0.0238446492374886,False,3422,260,0.489187609585038,1674,0.4723082640151227,0.5060854482448529,0.06538461538461539,17,0.038547040160282396,0.10262487074598114,0.06538461538461539,17,0.038547040160282396,0.10262487074598114,0.6423076923076924,167,0.5807583146571658,0.7005711271370584,0.1346153846153846,35,0.0955876927993484,0.18221515197375376,0.1346153846153846,35,0.0955876927993484,0.18221515197375376,0.7076923076923077,184,0.6483310300349016,0.7622475451291513,1674,112566,0.489187609585038,1.4871275518362561,184,15363,0.7076923076923077,1.1976827442556792,36.0,17.0,86.25,184,,
B,logistic,A,True,fixed,source_patient,B,,silence4,0.0238446492374886,False,3422,260,0.489187609585038,1674,0.4723082640151227,0.5060854482448529,0.5692307692307692,148,0.5066166683766051,0.6302483579798557,0.06538461538461539,17,0.038547040160282396,0.10262487074598114,0.6423076923076924,167,0.5807583146571658,0.7005711271370584,0.6461538461538462,168,0.5846993643060456,0.7042332480935142,0.1346153846153846,35,0.0955876927993484,0.18221515197375376,0.7076923076923077,184,0.6483310300349016,0.7622475451291513,5718,112566,1.6709526592635886,5.079686583870796,1845,15363,7.096153846153846,12.00937316930287,36.0,17.0,86.25,184,,
B,logistic,A,True,fixed,source_patient,B,,silence6,0.0238446492374886,False,3422,260,0.489187609585038,1674,0.4723082640151227,0.5060854482448529,0.5423076923076923,141,0.4796402310129818,0.6039997377608028,0.06538461538461539,17,0.038547040160282396,0.10262487074598114,0.6423076923076924,167,0.5807583146571658,0.7005711271370584,0.6269230769230769,163,0.5650341100297115,0.6858823832522546,0.1346153846153846,35,0.0955876927993484,0.18221515197375376,0.7076923076923077,184,0.6483310300349016,0.7622475451291513,4623,112566,1.3509643483343075,4.106923937956399,1353,15363,5.203846153846154,8.806873657488772,36.0,17.0,86.25,184,,
B,logistic,A,True,fixed,source_patient,B,,three_of_five,0.0238446492374886,False,3422,260,0.2250146113383986,770,0.2111167370837334,0.23938385884610486,0.41923076923076924,109,0.3585570997895814,0.48176729331433416,0.06153846153846154,16,0.03558022133156904,0.09801264544574158,0.4115384615384615,107,0.3511126092157204,0.4740047970456133,0.43846153846153846,114,0.37723305201505986,0.501109033826971,0.1,26,0.06636889065166435,0.14308478602437624,0.47307692307692306,123,0.41107895925557636,0.5356955546843483,8972,112566,2.6218585622443014,7.970435122505908,4784,15363,18.4,31.13975135064766,44.0,16.0,75.0,123,,
B,logistic,A,True,fixed,target_patient_all,A,,hourly,0.1125063190381601,False,3422,260,0.10198714202220924,349,0.09204466271544698,0.1126153761922881,0.22692307692307692,59,0.17746393846676908,0.28272402706914257,0.05384615384615385,14,0.029747358573078628,0.08869513158163991,0.2846153846153846,74,0.23058216150684105,0.343634316621696,0.26153846153846155,68,0.20919010807232002,0.3194129541956254,0.09230769230769231,24,0.060041087107546756,0.13423091478953855,0.3384615384615385,88,0.2811594239862942,0.399495579935102,841,112566,0.2457627118644068,0.7471172467707834,1090,15363,4.1923076923076925,7.094968430645056,41.5,10.75,71.0,88,,
B,logistic,A,True,fixed,target_patient_all,A,,single,0.1125063190381601,False,3422,260,0.10198714202220924,349,0.09204466271544698,0.1126153761922881,0.05384615384615385,14,0.029747358573078628,0.08869513158163991,0.05384615384615385,14,0.029747358573078628,0.08869513158163991,0.2846153846153846,74,0.23058216150684105,0.343634316621696,0.09230769230769231,24,0.060041087107546756,0.13423091478953855,0.09230769230769231,24,0.060041087107546756,0.13423091478953855,0.3384615384615385,88,0.2811594239862942,0.399495579935102,349,112566,0.10198714202220924,0.3100403318941776,88,15363,0.3384615384615385,0.572804790730977,41.5,10.75,71.0,88,,
B,logistic,A,True,fixed,target_patient_all,A,,silence4,0.1125063190381601,False,3422,260,0.10198714202220924,349,0.09204466271544698,0.1126153761922881,0.2230769230769231,58,0.17396793390446194,0.27861881537160005,0.05384615384615385,14,0.029747358573078628,0.08869513158163991,0.2846153846153846,74,0.23058216150684105,0.343634316621696,0.26153846153846155,68,0.20919010807232002,0.3194129541956254,0.09230769230769231,24,0.060041087107546756,0.13423091478953855,0.3384615384615385,88,0.2811594239862942,0.399495579935102,574,112566,0.16773816481589712,0.50992306735604,472,15363,1.8153846153846154,3.0723166048297856,41.5,10.75,71.0,88,,
B,logistic,A,True,fixed,target_patient_all,A,,silence6,0.1125063190381601,False,3422,260,0.10198714202220924,349,0.09204466271544698,0.1126153761922881,0.2076923076923077,54,0.16004716303415034,0.26213584516883837,0.05384615384615385,14,0.029747358573078628,0.08869513158163991,0.2846153846153846,74,0.23058216150684105,0.343634316621696,0.26153846153846155,68,0.20919010807232002,0.3194129541956254,0.09230769230769231,24,0.060041087107546756,0.13423091478953855,0.3384615384615385,88,0.2811594239862942,0.399495579935102,511,112566,0.14932787843366452,0.45395590142671854,376,15363,1.4461538461538461,2.4474386513050836,41.5,10.75,71.0,88,,
B,logistic,A,True,fixed,target_patient_all,A,,three_of_five,0.1125063190381601,False,3422,260,0.013150204558737581,45,0.009607584436601391,0.017556828616017577,0.12307692307692308,32,0.0857285695142275,0.16928664425627182,0.03461538461538462,9,0.015948288003158527,0.0646915453431544,0.10384615384615385,27,0.0695582381767777,0.14748746085110562,0.12307692307692308,32,0.0857285695142275,0.16928664425627182,0.046153846153846156,12,0.024072583846090054,0.07923303261404469,0.13846153846153847,36,0.09889722943071505,0.18650227666285163,290,112566,0.0847457627118644,0.2576266368175115,794,15363,3.0538461538461537,5.168261407277225,34.5,7.5,69.0,36,,
B,logistic,A,True,fixed,source_sensitivity80,B,,hourly,0.0090087087268669,False,3422,260,0.6598480420806546,2258,0.643697263491057,0.67572525207451,0.7538461538461538,196,0.6968377503218184,0.8049667442520922,0.04230769230769231,11,0.021306124410337163,0.07443784999427439,0.8,208,0.7461446245880814,0.8468734876718608,0.8115384615384615,211,0.7586171500694373,0.8572015632405678,0.16153846153846155,42,0.1189710961248018,0.2120149839123937,0.8423076923076923,219,0.7922136623610171,0.8843987118941903,39040,112566,11.40853302162478,34.681875521916034,9903,15363,38.08846153846154,64.46006639328256,44.0,18.0,83.5,219,,
B,logistic,A,True,fixed,source_sensitivity80,B,,single,0.0090087087268669,False,3422,260,0.6598480420806546,2258,0.643697263491057,0.67572525207451,0.04230769230769231,11,0.021306124410337163,0.07443784999427439,0.04230769230769231,11,0.021306124410337163,0.07443784999427439,0.8,208,0.7461446245880814,0.8468734876718608,0.16153846153846155,42,0.1189710961248018,0.2120149839123937,0.16153846153846155,42,0.1189710961248018,0.2120149839123937,0.8423076923076923,219,0.7922136623610171,0.8843987118941903,2258,112566,0.6598480420806546,2.0059342963239346,219,15363,0.8423076923076923,1.425502831478227,44.0,18.0,83.5,219,,
B,logistic,A,True,fixed,source_sensitivity80,B,,silence4,0.0090087087268669,False,3422,260,0.6598480420806546,2258,0.643697263491057,0.67572525207451,0.7461538461538462,194,0.6887016964158197,0.7978991734107859,0.04230769230769231,11,0.021306124410337163,0.07443784999427439,0.8,208,0.7461446245880814,0.8468734876718608,0.8115384615384615,211,0.7586171500694373,0.8572015632405678,0.16153846153846155,42,0.1189710961248018,0.2120149839123937,0.8423076923076923,219,0.7922136623610171,0.8843987118941903,12822,112566,3.7469316189362947,11.390650818186664,2876,15363,11.061538461538461,18.720302024344203,44.0,18.0,83.5,219,,
B,logistic,A,True,fixed,source_sensitivity80,B,,silence6,0.0090087087268669,False,3422,260,0.6598480420806546,2258,0.643697263491057,0.67572525207451,0.7346153846153847,191,0.6765375556076899,0.7872573082522317,0.04230769230769231,11,0.021306124410337163,0.07443784999427439,0.8,208,0.7461446245880814,0.8468734876718608,0.8,208,0.7461446245880814,0.8468734876718608,0.16153846153846155,42,0.1189710961248018,0.2120149839123937,0.8423076923076923,219,0.7922136623610171,0.8843987118941903,9431,112566,2.755990648743425,8.378195902848107,2012,15363,7.7384615384615385,13.096400442621883,44.0,18.0,83.5,219,,
B,logistic,A,True,fixed,source_sensitivity80,B,,three_of_five,0.0090087087268669,False,3422,260,0.49590882524839275,1697,0.47902037764262156,0.5128042702236468,0.6807692307692308,177,0.6203551380772118,0.7370045743373173,0.06923076923076923,18,0.04154374938080101,0.10720931548723328,0.6384615384615384,166,0.5768212915155477,0.6969049520237736,0.7038461538461539,183,0.6443207786867986,0.75865524381804,0.1576923076923077,41,0.11560128810580968,0.20778633763898294,0.7076923076923077,184,0.6483310300349016,0.7622475451291513,34474,112566,10.074225599064874,30.62558854360997,9324,15363,35.86153846153846,60.6912712360867,42.0,15.75,85.75,184,,
B,logistic,A,True,fixed,probability_0_5,A,,hourly,0.5,False,3422,260,0.003798947983635301,13,0.0020242828831998185,0.006487555419842207,0.023076923076923078,6,0.008514834579336291,0.049549432335173775,0.015384615384615385,4,0.004207286130072405,0.038920065046154154,0.05,13,0.02688810323569784,0.08398395996482774,0.03461538461538462,9,0.015948288003158527,0.0646915453431544,0.026923076923076925,7,0.01089153034532331,0.05468265532178463,0.06538461538461539,17,0.038547040160282396,0.10262487074598114,14,112566,0.004091174751607247,0.01243714798429366,31,15363,0.11923076923076924,0.20178350582568508,17.0,8.0,34.0,17,,
B,logistic,A,True,fixed,probability_0_5,A,,single,0.5,False,3422,260,0.003798947983635301,13,0.0020242828831998185,0.006487555419842207,0.015384615384615385,4,0.004207286130072405,0.038920065046154154,0.015384615384615385,4,0.004207286130072405,0.038920065046154154,0.05,13,0.02688810323569784,0.08398395996482774,0.026923076923076925,7,0.01089153034532331,0.05468265532178463,0.026923076923076925,7,0.01089153034532331,0.05468265532178463,0.06538461538461539,17,0.038547040160282396,0.10262487074598114,13,112566,0.003798947983635301,0.011548780271129827,17,15363,0.06538461538461539,0.11065547093666601,17.0,8.0,34.0,17,,
B,logistic,A,True,fixed,probability_0_5,A,,silence4,0.5,False,3422,260,0.003798947983635301,13,0.0020242828831998185,0.006487555419842207,0.023076923076923078,6,0.008514834579336291,0.049549432335173775,0.015384615384615385,4,0.004207286130072405,0.038920065046154154,0.05,13,0.02688810323569784,0.08398395996482774,0.03461538461538462,9,0.015948288003158527,0.0646915453431544,0.026923076923076925,7,0.01089153034532331,0.05468265532178463,0.06538461538461539,17,0.038547040160282396,0.10262487074598114,14,112566,0.004091174751607247,0.01243714798429366,28,15363,0.1076923076923077,0.18225606977803815,17.0,8.0,34.0,17,,
B,logistic,A,True,fixed,probability_0_5,A,,silence6,0.5,False,3422,260,0.003798947983635301,13,0.0020242828831998185,0.006487555419842207,0.023076923076923078,6,0.008514834579336291,0.049549432335173775,0.015384615384615385,4,0.004207286130072405,0.038920065046154154,0.05,13,0.02688810323569784,0.08398395996482774,0.03461538461538462,9,0.015948288003158527,0.0646915453431544,0.026923076923076925,7,0.01089153034532331,0.05468265532178463,0.06538461538461539,17,0.038547040160282396,0.10262487074598114,14,112566,0.004091174751607247,0.01243714798429366,26,15363,0.1,0.16923777907960685,17.0,8.0,34.0,17,,
B,logistic,A,True,fixed,probability_0_5,A,,three_of_five,0.5,False,3422,260,0.0,0,0.0,0.0010774084985517767,0.0,0,0.0,0.01408782258025218,0.0,0,0.0,0.01408782258025218,0.0038461538461538464,1,9.737144364818687e-05,0.02124194450020736,0.0,0,0.0,0.01408782258025218,0.0,0,0.0,0.01408782258025218,0.0038461538461538464,1,9.737144364818687e-05,0.02124194450020736,0,112566,0.0,0.0,1,15363,0.0038461538461538464,0.006509145349215648,28.0,28.0,28.0,1,,
B,logistic,A,True,matched_patient,source,B,0.05,hourly,0.040102779461660715,False,3422,260,0.3635300993571011,1244,0.3473899516368153,0.379903763572137,0.43846153846153846,114,0.37723305201505986,0.501109033826971,0.057692307692307696,15,0.03264595656049222,0.0933703024539803,0.5346153846153846,139,0.47196516854061465,0.5964675699390464,0.5,130,0.43760437692222265,0.5623956230777774,0.11538461538461539,30,0.0792184100032875,0.16060732012943613,0.5923076923076923,154,0.5298820346957226,0.652604030188321,5944,112566,1.7369959088252485,5.280457687045822,3510,15363,13.5,22.847100175746924,46.0,16.25,86.75,154,3495.0,0.0
B,logistic,A,True,matched_patient,source,B,0.05,single,0.040102779461660715,False,3422,260,0.3635300993571011,1244,0.3473899516368153,0.379903763572137,0.057692307692307696,15,0.03264595656049222,0.0933703024539803,0.057692307692307696,15,0.03264595656049222,0.0933703024539803,0.5346153846153846,139,0.47196516854061465,0.5964675699390464,0.11538461538461539,30,0.0792184100032875,0.16060732012943613,0.11538461538461539,30,0.0792184100032875,0.16060732012943613,0.5923076923076923,154,0.5298820346957226,0.652604030188321,1244,112566,0.3635300993571011,1.1051294351758079,154,15363,0.5923076923076923,1.0024083837792097,46.0,16.25,86.75,154,3495.0,0.0
B,logistic,A,True,matched_patient,source,B,0.05,silence4,0.040102779461660715,False,3422,260,0.3635300993571011,1244,0.3473899516368153,0.379903763572137,0.4230769230769231,110,0.36228492044904886,0.48564298685845386,0.057692307692307696,15,0.03264595656049222,0.0933703024539803,0.5346153846153846,139,0.47196516854061465,0.5964675699390464,0.5,130,0.43760437692222265,0.5623956230777774,0.11538461538461539,30,0.0792184100032875,0.16060732012943613,0.5923076923076923,154,0.5298820346957226,0.652604030188321,3100,112566,0.9059029807130333,2.7539399108078815,1297,15363,4.9884615384615385,8.442361517932696,46.0,16.25,86.75,154,3495.0,0.0
B,logistic,A,True,matched_patient,source,B,0.05,silence6,0.040102779461660715,False,3422,260,0.3635300993571011,1244,0.3473899516368153,0.379903763572137,0.4076923076923077,106,0.347395969811679,0.47011796530427746,0.057692307692307696,15,0.03264595656049222,0.0933703024539803,0.5346153846153846,139,0.47196516854061465,0.5964675699390464,0.49615384615384617,129,0.4338043349454073,0.55859201932062,0.11538461538461539,30,0.0792184100032875,0.16060732012943613,0.5923076923076923,154,0.5298820346957226,0.652604030188321,2648,112566,0.7738164815897136,2.3523977044578293,977,15363,3.7576923076923077,6.359435006183688,46.0,16.25,86.75,154,3495.0,0.0
B,logistic,A,True,matched_patient,source,B,0.05,three_of_five,0.023874802844606538,False,3422,260,0.22413793103448276,767,0.2102601833050964,0.23848856366108,0.4153846153846154,108,0.3548329910904955,0.4778879014180541,0.057692307692307696,15,0.03264595656049222,0.0933703024539803,0.4115384615384615,107,0.3511126092157204,0.4740047970456133,0.4346153846153846,113,0.3734905169907625,0.4972480073669431,0.09615384615384616,25,0.06319620619704305,0.1386662129471172,0.46923076923076923,122,0.40730390242786046,0.5318669828505254,8956,112566,2.6171829339567503,7.956221239095286,4775,15363,18.365384615384617,31.08116904250472,44.5,16.0,75.0,122,3495.0,0.0
B,logistic,A,True,matched_patient,source,B,0.1,hourly,0.023844649237488674,False,3422,260,0.489187609585038,1674,0.4723082640151227,0.5060854482448529,0.5807692307692308,151,0.5182327066856658,0.6414429002104186,0.06538461538461539,17,0.038547040160282396,0.10262487074598114,0.6423076923076924,167,0.5807583146571658,0.7005711271370584,0.6461538461538462,168,0.5846993643060456,0.7042332480935142,0.1346153846153846,35,0.0955876927993484,0.18221515197375376,0.7076923076923077,184,0.6483310300349016,0.7622475451291513,12779,112566,3.734365867913501,11.352451006520619,5460,15363,21.0,35.53993360671744,36.0,17.0,86.25,184,3495.0,0.0
B,logistic,A,True,matched_patient,source,B,0.1,single,0.023844649237488674,False,3422,260,0.489187609585038,1674,0.4723082640151227,0.5060854482448529,0.06538461538461539,17,0.038547040160282396,0.10262487074598114,0.06538461538461539,17,0.038547040160282396,0.10262487074598114,0.6423076923076924,167,0.5807583146571658,0.7005711271370584,0.1346153846153846,35,0.0955876927993484,0.18221515197375376,0.1346153846153846,35,0.0955876927993484,0.18221515197375376,0.7076923076923077,184,0.6483310300349016,0.7622475451291513,1674,112566,0.489187609585038,1.4871275518362561,184,15363,0.7076923076923077,1.1976827442556792,36.0,17.0,86.25,184,3495.0,0.0
B,logistic,A,True,matched_patient,source,B,0.1,silence4,0.023844649237488674,False,3422,260,0.489187609585038,1674,0.4723082640151227,0.5060854482448529,0.5692307692307692,148,0.5066166683766051,0.6302483579798557,0.06538461538461539,17,0.038547040160282396,0.10262487074598114,0.6423076923076924,167,0.5807583146571658,0.7005711271370584,0.6461538461538462,168,0.5846993643060456,0.7042332480935142,0.1346153846153846,35,0.0955876927993484,0.18221515197375376,0.7076923076923077,184,0.6483310300349016,0.7622475451291513,5718,112566,1.6709526592635886,5.079686583870796,1845,15363,7.096153846153846,12.00937316930287,36.0,17.0,86.25,184,3495.0,0.0
B,logistic,A,True,matched_patient,source,B,0.1,silence6,0.023844649237488674,False,3422,260,0.489187609585038,1674,0.4723082640151227,0.5060854482448529,0.5423076923076923,141,0.4796402310129818,0.6039997377608028,0.06538461538461539,17,0.038547040160282396,0.10262487074598114,0.6423076923076924,167,0.5807583146571658,0.7005711271370584,0.6269230769230769,163,0.5650341100297115,0.6858823832522546,0.1346153846153846,35,0.0955876927993484,0.18221515197375376,0.7076923076923077,184,0.6483310300349016,0.7622475451291513,4623,112566,1.3509643483343075,4.106923937956399,1353,15363,5.203846153846154,8.806873657488772,36.0,17.0,86.25,184,3495.0,0.0
B,logistic,A,True,matched_patient,source,B,0.1,three_of_five,0.015090479290296674,False,3422,260,0.35739333722969024,1223,0.3413181573082313,0.3737125450711889,0.5461538461538461,142,0.4834831542324168,0.6077604198088613,0.06923076923076923,18,0.04154374938080101,0.10720931548723328,0.5192307692307693,135,0.4566580231726156,0.5813601933393981,0.573076923076923,149,0.5104850045807067,0.6339835610269705,0.11153846153846154,29,0.07598371413376193,0.15624806677190298,0.5884615384615385,153,0.5259952029543866,0.6488873907842796,18572,112566,5.427235534774986,16.498765168878702,6866,15363,26.407692307692308,44.691791967714636,43.0,16.0,80.0,153,3495.0,0.0
B,logistic,A,True,matched_patient,source,B,0.2,hourly,0.013157598723840957,False,3422,260,0.5996493278784336,2052,0.583007410080175,0.6161207702938921,0.6807692307692308,177,0.6203551380772118,0.7370045743373173,0.04230769230769231,11,0.021306124410337163,0.07443784999427439,0.7423076923076923,193,0.6846417346862197,0.794357205989197,0.7384615384615385,192,0.6805870458043747,0.79080989192768,0.1423076923076923,37,0.1022176612983699,0.19077885503803618,0.7846153846153846,204,0.7296100117697929,0.8330053444521848,26989,112566,7.886908240794857,23.976156210578683,8146,15363,31.33076923076923,53.02349801471067,43.5,19.0,84.5,204,3495.0,0.0
B,logistic,A,True,matched_patient,source,B,0.2,single,0.013157598723840957,False,3422,260,0.5996493278784336,2052,0.583007410080175,0.6161207702938921,0.04230769230769231,11,0.021306124410337163,0.07443784999427439,0.04230769230769231,11,0.021306124410337163,0.07443784999427439,0.7423076923076923,193,0.6846417346862197,0.794357205989197,0.1423076923076923,37,0.1022176612983699,0.19077885503803618,0.1423076923076923,37,0.1022176612983699,0.19077885503803618,0.7846153846153846,204,0.7296100117697929,0.8330053444521848,2052,112566,0.5996493278784336,1.8229305474121849,204,15363,0.7846153846153846,1.3278656512399922,43.5,19.0,84.5,204,3495.0,0.0
B,logistic,A,True,matched_patient,source,B,0.2,silence4,0.013157598723840957,False,3422,260,0.5996493278784336,2052,0.583007410080175,0.6161207702938921,0.6692307692307692,174,0.608431909892698,0.7261190822013037,0.04230769230769231,11,0.021306124410337163,0.07443784999427439,0.7423076923076923,193,0.6846417346862197,0.794357205989197,0.7384615384615385,192,0.6805870458043747,0.79080989192768,0.1423076923076923,37,0.1022176612983699,0.19077885503803618,0.7846153846153846,204,0.7296100117697929,0.8330053444521848,9831,112566,2.8728813559322033,8.73354298811364,2501,15363,9.61923076923077,16.279372518388335,43.5,19.0,84.5,204,3495.0,0.0
B,logistic,A,True,matched_patient,source,B,0.2,silence6,0.013157598723840957,False,3422,260,0.5996493278784336,2052,0.583007410080175,0.6161207702938921,0.6538461538461539,170,0.5925936592326151,0.7115452070483556,0.04230769230769231,11,0.021306124410337163,0.07443784999427439,0.7423076923076923,193,0.6846417346862197,0.794357205989197,0.7269230769230769,189,0.6684538888729656,0.7801366252490791,0.1423076923076923,37,0.1022176612983699,0.19077885503803618,0.7846153846153846,204,0.7296100117697929,0.8330053444521848,7453,112566,2.1779661016949152,6.621004566210046,1773,15363,6.819230769230769,11.540714704159344,43.5,19.0,84.5,204,3495.0,0.0
B,logistic,A,True,matched_patient,source,B,0.2,three_of_five,0.008852915139718335,False,3422,260,0.49853886616014026,1706,0.48164768048368456,0.5154325508962982,0.6846153846153846,178,0.624338233374927,0.7406243072276576,0.06923076923076923,18,0.04154374938080101,0.10720931548723328,0.6423076923076924,167,0.5807583146571658,0.7005711271370584,0.7115384615384616,185,0.6523459801135634,0.7658350955050589,0.16153846153846155,42,0.1189710961248018,0.2120149839123937,0.7115384615384616,185,0.6523459801135634,0.7658350955050589,35045,112566,10.241087083576856,31.13284650782652,9431,15363,36.27307692307692,61.38774978845277,41.0,15.0,86.0,185,3495.0,0.0
B,logistic,A,True,matched_patient,local,A,0.05,hourly,0.17309388842292572,False,3422,260,0.05084745762711865,174,0.043727302750135595,0.05874684745070748,0.1423076923076923,37,0.1022176612983699,0.19077885503803618,0.057692307692307696,15,0.03264595656049222,0.0933703024539803,0.17692307692307693,46,0.1325378370352357,0.2288443282079319,0.16538461538461538,43,0.12234990109197903,0.21623487296439486,0.07692307692307693,20,0.04761793388225715,0.11630274170964292,0.23461538461538461,61,0.18447411583508166,0.2909165862733407,323,112566,0.09438924605493863,0.286942771351918,528,15363,2.0307692307692307,3.436828744385862,38.0,7.0,69.0,61,3422.0,0.0
B,logistic,A,True,matched_patient,local,A,0.05,single,0.17309388842292572,False,3422,260,0.05084745762711865,174,0.043727302750135595,0.05874684745070748,0.057692307692307696,15,0.03264595656049222,0.0933703024539803,0.057692307692307696,15,0.03264595656049222,0.0933703024539803,0.17692307692307693,46,0.1325378370352357,0.2288443282079319,0.07692307692307693,20,0.04761793388225715,0.11630274170964292,0.07692307692307693,20,0.04761793388225715,0.11630274170964292,0.23461538461538461,61,0.18447411583508166,0.2909165862733407,174,112566,0.05084745762711865,0.1545759820905069,61,15363,0.23461538461538461,0.3970578663021545,38.0,7.0,69.0,61,3422.0,0.0
B,logistic,A,True,matched_patient,local,A,0.05,silence4,0.17309388842292572,False,3422,260,0.05084745762711865,174,0.043727302750135595,0.05874684745070748,0.13846153846153847,36,0.09889722943071505,0.18650227666285163,0.057692307692307696,15,0.03264595656049222,0.0933703024539803,0.17692307692307693,46,0.1325378370352357,0.2288443282079319,0.16538461538461538,43,0.12234990109197903,0.21623487296439486,0.07692307692307693,20,0.04761793388225715,0.11630274170964292,0.23461538461538461,61,0.18447411583508166,0.2909165862733407,241,112566,0.07042665108123904,0.21409661887248368,246,15363,0.9461538461538461,1.6012497559070493,38.0,7.0,69.0,61,3422.0,0.0
B,logistic,A,True,matched_patient,local,A,0.05,silence6,0.17309388842292572,False,3422,260,0.05084745762711865,174,0.043727302750135595,0.05874684745070748,0.1346153846153846,35,0.0955876927993484,0.18221515197375376,0.057692307692307696,15,0.03264595656049222,0.0933703024539803,0.17692307692307693,46,0.1325378370352357,0.2288443282079319,0.16153846153846155,42,0.1189710961248018,0.2120149839123937,0.07692307692307693,20,0.04761793388225715,0.11630274170964292,0.23461538461538461,61,0.18447411583508166,0.2909165862733407,227,112566,0.0663354763296318,0.20165947088819003,201,15363,0.7730769230769231,1.3083382151923453,38.0,7.0,69.0,61,3422.0,0.0
B,logistic,A,True,matched_patient,local,A,0.05,three_of_five,0.059695733666047746,False,3422,260,0.056107539450613676,192,0.04863300465394224,0.06435130766810404,0.21923076923076923,57,0.1704781337366168,0.2745075066664972,0.05,13,0.02688810323569784,0.08398395996482774,0.20384615384615384,53,0.1565834125095002,0.25799896802704114,0.22692307692307692,59,0.17746393846676908,0.28272402706914257,0.07692307692307693,20,0.04761793388225715,0.11630274170964292,0.25384615384615383,66,0.2021008265892141,0.3112983035841803,1570,112566,0.45879602571595557,1.3947373096672175,1920,15363,7.384615384615385,12.497559070494043,25.0,10.0,63.75,66,3422.0,0.0
B,logistic,A,True,matched_patient,local,A,0.1,hourly,0.11250631903816018,False,3422,260,0.10198714202220924,349,0.09204466271544698,0.1126153761922881,0.22692307692307692,59,0.17746393846676908,0.28272402706914257,0.05384615384615385,14,0.029747358573078628,0.08869513158163991,0.2846153846153846,74,0.23058216150684105,0.343634316621696,0.26153846153846155,68,0.20919010807232002,0.3194129541956254,0.09230769230769231,24,0.060041087107546756,0.13423091478953855,0.3384615384615385,88,0.2811594239862942,0.399495579935102,841,112566,0.2457627118644068,0.7471172467707834,1090,15363,4.1923076923076925,7.094968430645056,41.5,10.75,71.0,88,3422.0,0.0
B,logistic,A,True,matched_patient,local,A,0.1,single,0.11250631903816018,False,3422,260,0.10198714202220924,349,0.09204466271544698,0.1126153761922881,0.05384615384615385,14,0.029747358573078628,0.08869513158163991,0.05384615384615385,14,0.029747358573078628,0.08869513158163991,0.2846153846153846,74,0.23058216150684105,0.343634316621696,0.09230769230769231,24,0.060041087107546756,0.13423091478953855,0.09230769230769231,24,0.060041087107546756,0.13423091478953855,0.3384615384615385,88,0.2811594239862942,0.399495579935102,349,112566,0.10198714202220924,0.3100403318941776,88,15363,0.3384615384615385,0.572804790730977,41.5,10.75,71.0,88,3422.0,0.0
B,logistic,A,True,matched_patient,local,A,0.1,silence4,0.11250631903816018,False,3422,260,0.10198714202220924,349,0.09204466271544698,0.1126153761922881,0.2230769230769231,58,0.17396793390446194,0.27861881537160005,0.05384615384615385,14,0.029747358573078628,0.08869513158163991,0.2846153846153846,74,0.23058216150684105,0.343634316621696,0.26153846153846155,68,0.20919010807232002,0.3194129541956254,0.09230769230769231,24,0.060041087107546756,0.13423091478953855,0.3384615384615385,88,0.2811594239862942,0.399495579935102,574,112566,0.16773816481589712,0.50992306735604,472,15363,1.8153846153846154,3.0723166048297856,41.5,10.75,71.0,88,3422.0,0.0
B,logistic,A,True,matched_patient,local,A,0.1,silence6,0.11250631903816018,False,3422,260,0.10198714202220924,349,0.09204466271544698,0.1126153761922881,0.2076923076923077,54,0.16004716303415034,0.26213584516883837,0.05384615384615385,14,0.029747358573078628,0.08869513158163991,0.2846153846153846,74,0.23058216150684105,0.343634316621696,0.26153846153846155,68,0.20919010807232002,0.3194129541956254,0.09230769230769231,24,0.060041087107546756,0.13423091478953855,0.3384615384615385,88,0.2811594239862942,0.399495579935102,511,112566,0.14932787843366452,0.45395590142671854,376,15363,1.4461538461538461,2.4474386513050836,41.5,10.75,71.0,88,3422.0,0.0
B,logistic,A,True,matched_patient,local,A,0.1,three_of_five,0.04018115032602585,False,3422,260,0.10461718293395675,358,0.09455763001442302,0.11535781855087882,0.3153846153846154,82,0.2593756927723424,0.37566176662507306,0.057692307692307696,15,0.03264595656049222,0.0933703024539803,0.28846153846153844,75,0.23416490449494096,0.3476540198864366,0.3269230769230769,85,0.2702480792686763,0.38759798400748785,0.09615384615384616,25,0.06319620619704305,0.1386662129471172,0.34615384615384615,90,0.28845479295164445,0.40740634076738497,3530,112566,1.0315604909409701,3.1359380274683297,2889,15363,11.111538461538462,18.804920913884008,30.0,12.0,67.25,90,3422.0,0.0
B,logistic,A,True,matched_patient,local,A,0.2,hourly,0.06592905325448895,False,3422,260,0.22238457042665108,761,0.20854734236124622,0.23669770704400728,0.3153846153846154,82,0.2593756927723424,0.37566176662507306,0.05384615384615385,14,0.029747358573078628,0.08869513158163991,0.4115384615384615,107,0.3511126092157204,0.4740047970456133,0.38461538461538464,100,0.32517570412958885,0.44671776541483404,0.1,26,0.06636889065166435,0.14308478602437624,0.4653846153846154,121,0.4035324300609536,0.5280348314593853,2573,112566,0.7518994739918177,2.285770125970542,2152,15363,8.276923076923078,14.007680791512074,43.0,14.0,83.0,121,3422.0,0.0
B,logistic,A,True,matched_patient,local,A,0.2,single,0.06592905325448895,False,3422,260,0.22238457042665108,761,0.20854734236124622,0.23669770704400728,0.05384615384615385,14,0.029747358573078628,0.08869513158163991,0.05384615384615385,14,0.029747358573078628,0.08869513158163991,0.4115384615384615,107,0.3511126092157204,0.4740047970456133,0.1,26,0.06636889065166435,0.14308478602437624,0.1,26,0.06636889065166435,0.14308478602437624,0.4653846153846154,121,0.4035324300609536,0.5280348314593853,761,112566,0.22238457042665108,0.6760478297176767,121,15363,0.4653846153846154,0.7876065872550934,43.0,14.0,83.0,121,3422.0,0.0
B,logistic,A,True,matched_patient,local,A,0.2,silence4,0.06592905325448895,False,3422,260,0.22238457042665108,761,0.20854734236124622,0.23669770704400728,0.3153846153846154,82,0.2593756927723424,0.37566176662507306,0.05384615384615385,14,0.029747358573078628,0.08869513158163991,0.4115384615384615,107,0.3511126092157204,0.4740047970456133,0.38461538461538464,100,0.32517570412958885,0.44671776541483404,0.1,26,0.06636889065166435,0.14308478602437624,0.4653846153846154,121,0.4035324300609536,0.5280348314593853,1504,112566,0.43950905902980714,1.3361050405984045,842,15363,3.2384615384615385,5.480700384039576,43.0,14.0,83.0,121,3422.0,0.0
B,logistic,A,True,matched_patient,local,A,0.2,silence6,0.06592905325448895,False,3422,260,0.22238457042665108,761,0.20854734236124622,0.23669770704400728,0.3,78,0.24494175406887167,0.3596848263743174,0.05384615384615385,14,0.029747358573078628,0.08869513158163991,0.4115384615384615,107,0.3511126092157204,0.4740047970456133,0.38076923076923075,99,0.3214857693119786,0.4428043572468398,0.1,26,0.06636889065166435,0.14308478602437624,0.4653846153846154,121,0.4035324300609536,0.5280348314593853,1325,112566,0.3872004675628288,1.1770872199420783,651,15363,2.503846153846154,4.237453622339387,43.0,14.0,83.0,121,3422.0,0.0
B,logistic,A,True,matched_patient,local,A,0.2,three_of_five,0.024647699520165666,False,3422,260,0.21449444769140855,734,0.20084403287654715,0.22863438380366816,0.4153846153846154,108,0.3548329910904955,0.4778879014180541,0.057692307692307696,15,0.03264595656049222,0.0933703024539803,0.4076923076923077,106,0.347395969811679,0.47011796530427746,0.4307692307692308,112,0.36975164202014427,0.4933833316233948,0.09615384615384616,25,0.06319620619704305,0.1386662129471172,0.4653846153846154,121,0.4035324300609536,0.5280348314593853,8514,112566,2.48801870251315,7.563562709876872,4649,15363,17.880769230769232,30.26101672850355,44.0,16.0,75.0,121,3422.0,0.0
B,logistic,B,False,fixed,source_hourly,B,,hourly,0.0109817525734817,False,3473,154,0.2562625971782321,890,0.24180927894816098,0.2711273103317246,0.7337662337662337,113,0.6566252361706353,0.8016818841084835,0.12337662337662338,19,0.07594157997544664,0.18594747950447785,0.6363636363636364,98,0.5550916309125594,0.7122779580395031,0.7532467532467533,116,0.6774008602873501,0.8190848809241055,0.18831168831168832,29,0.1298913617102031,0.2591189943974714,0.7597402597402597,117,0.6843656240283744,0.8248453602701683,11798,110910,3.397063057875036,10.637453791362367,5277,10467,34.26623376623377,50.41559186013184,32.0,14.0,94.0,117,,
B,logistic,B,False,fixed,source_hourly,B,,single,0.0109817525734817,False,3473,154,0.2562625971782321,890,0.24180927894816098,0.2711273103317246,0.12337662337662338,19,0.07594157997544664,0.18594747950447785,0.12337662337662338,19,0.07594157997544664,0.18594747950447785,0.6363636363636364,98,0.5550916309125594,0.7122779580395031,0.18831168831168832,29,0.1298913617102031,0.2591189943974714,0.18831168831168832,29,0.1298913617102031,0.2591189943974714,0.7597402597402597,117,0.6843656240283744,0.8248453602701683,890,110910,0.2562625971782321,0.8024524389144351,117,10467,0.7597402597402597,1.117798796216681,32.0,14.0,94.0,117,,
B,logistic,B,False,fixed,source_hourly,B,,silence4,0.0109817525734817,False,3473,154,0.2562625971782321,890,0.24180927894816098,0.2711273103317246,0.7207792207792207,111,0.6428691043914179,0.7899834918521238,0.12337662337662338,19,0.07594157997544664,0.18594747950447785,0.6363636363636364,98,0.5550916309125594,0.7122779580395031,0.7467532467532467,115,0.6704562022115017,0.8133037923349342,0.18831168831168832,29,0.1298913617102031,0.2591189943974714,0.7597402597402597,117,0.6843656240283744,0.8248453602701683,4033,110910,1.161243881370573,3.6362816698223783,1480,10467,9.61038961038961,14.13967708034776,32.0,14.0,94.0,117,,
B,logistic,B,False,fixed,source_hourly,B,,silence6,0.0109817525734817,False,3473,154,0.2562625971782321,890,0.24180927894816098,0.2711273103317246,0.7077922077922078,109,0.6291846328915405,0.7782119900886134,0.12337662337662338,19,0.07594157997544664,0.18594747950447785,0.6363636363636364,98,0.5550916309125594,0.7122779580395031,0.7402597402597403,114,0.6635311498924046,0.8075026275226315,0.18831168831168832,29,0.1298913617102031,0.2591189943974714,0.7597402597402597,117,0.6843656240283744,0.8248453602701683,3045,110910,0.8767636049524906,2.745469299431972,1036,10467,6.7272727272727275,9.897773956243432,32.0,14.0,94.0,117,,
B,logistic,B,False,fixed,source_hourly,B,,three_of_five,0.0109817525734817,False,3473,154,0.16268355888281025,565,0.15055267156888005,0.17538512473826234,0.6298701298701299,97,0.5484475477587745,0.7061911110254089,0.09090909090909091,14,0.05059551791712918,0.14782552221879086,0.5454545454545454,84,0.46334680668187694,0.6257794444132868,0.6363636363636364,98,0.5550916309125594,0.7122779580395031,0.15584415584415584,24,0.10247735007166976,0.22295205632731505,0.6363636363636364,98,0.5550916309125594,0.7122779580395031,10193,110910,2.934926576446876,9.190334505454873,5009,10467,32.52597402597402,47.85516384828509,28.0,13.0,87.75,98,,
B,logistic,B,False,fixed,source_patient,B,,hourly,0.0238446492374886,False,3473,154,0.1056723293982148,367,0.09563938837982551,0.11637442127892889,0.564935064935065,87,0.4827812832492392,0.6445413892350467,0.11688311688311688,18,0.07076359466897236,0.178424551200866,0.487012987012987,75,0.4057558058941844,0.5687794561864683,0.5844155844155844,90,0.5023364772452834,0.6631820267815618,0.2077922077922078,32,0.14668295710506496,0.28048878625548723,0.6038961038961039,93,0.5220144545331564,0.6816990915912942,3879,110910,1.1169018139936655,3.4974303489315663,3431,10467,22.27922077922078,32.779210853157544,21.0,8.0,83.0,93,,
B,logistic,B,False,fixed,source_patient,B,,single,0.0238446492374886,False,3473,154,0.1056723293982148,367,0.09563938837982551,0.11637442127892889,0.11688311688311688,18,0.07076359466897236,0.178424551200866,0.11688311688311688,18,0.07076359466897236,0.178424551200866,0.487012987012987,75,0.4057558058941844,0.5687794561864683,0.2077922077922078,32,0.14668295710506496,0.28048878625548723,0.2077922077922078,32,0.14668295710506496,0.28048878625548723,0.6038961038961039,93,0.5220144545331564,0.6816990915912942,367,110910,0.1056723293982148,0.3308989270579749,93,10467,0.6038961038961039,0.8885067354542849,21.0,8.0,83.0,93,,
B,logistic,B,False,fixed,source_patient,B,,silence4,0.0238446492374886,False,3473,154,0.1056723293982148,367,0.09563938837982551,0.11637442127892889,0.564935064935065,87,0.4827812832492392,0.6445413892350467,0.11688311688311688,18,0.07076359466897236,0.178424551200866,0.487012987012987,75,0.4057558058941844,0.5687794561864683,0.5844155844155844,90,0.5023364772452834,0.6631820267815618,0.2077922077922078,32,0.14668295710506496,0.28048878625548723,0.6038961038961039,93,0.5220144545331564,0.6816990915912942,1426,110910,0.4105960264900662,1.285727166170769,985,10467,6.396103896103896,9.41052832712334,21.0,8.0,83.0,93,,
B,logistic,B,False,fixed,source_patient,B,,silence6,0.0238446492374886,False,3473,154,0.1056723293982148,367,0.09563938837982551,0.11637442127892889,0.538961038961039,83,0.4568952038019044,0.6194988081503725,0.11688311688311688,18,0.07076359466897236,0.178424551200866,0.487012987012987,75,0.4057558058941844,0.5687794561864683,0.5844155844155844,90,0.5023364772452834,0.6631820267815618,0.2077922077922078,32,0.14668295710506496,0.28048878625548723,0.6038961038961039,93,0.5220144545331564,0.6816990915912942,1101,110910,0.3170169881946444,0.9926967811739248,697,10467,4.525974025974026,6.659023597974587,21.0,8.0,83.0,93,,
B,logistic,B,False,fixed,source_patient,B,,three_of_five,0.0238446492374886,False,3473,154,0.05125251943564642,178,0.04415521158565454,0.059116718634847895,0.38961038961038963,60,0.31215650056199007,0.471398485219634,0.09090909090909091,14,0.05059551791712918,0.14782552221879086,0.3246753246753247,50,0.2515180370597004,0.40473053333110626,0.4090909090909091,63,0.33063175748631585,0.49111795971372496,0.13636363636363635,21,0.08643472116234327,0.20086414095359145,0.4155844155844156,64,0.3368179732184382,0.49766352275471654,3241,110910,0.9331989634321912,2.9221891623839147,3239,10467,21.032467532467532,30.944874367058375,25.5,7.0,79.5,64,,
B,logistic,B,False,fixed,target_patient_all,B,,hourly,0.0238446492374886,False,3473,154,0.1056723293982148,367,0.09563938837982551,0.11637442127892889,0.564935064935065,87,0.4827812832492392,0.6445413892350467,0.11688311688311688,18,0.07076359466897236,0.178424551200866,0.487012987012987,75,0.4057558058941844,0.5687794561864683,0.5844155844155844,90,0.5023364772452834,0.6631820267815618,0.2077922077922078,32,0.14668295710506496,0.28048878625548723,0.6038961038961039,93,0.5220144545331564,0.6816990915912942,3879,110910,1.1169018139936655,3.4974303489315663,3431,10467,22.27922077922078,32.779210853157544,21.0,8.0,83.0,93,,
B,logistic,B,False,fixed,target_patient_all,B,,single,0.0238446492374886,False,3473,154,0.1056723293982148,367,0.09563938837982551,0.11637442127892889,0.11688311688311688,18,0.07076359466897236,0.178424551200866,0.11688311688311688,18,0.07076359466897236,0.178424551200866,0.487012987012987,75,0.4057558058941844,0.5687794561864683,0.2077922077922078,32,0.14668295710506496,0.28048878625548723,0.2077922077922078,32,0.14668295710506496,0.28048878625548723,0.6038961038961039,93,0.5220144545331564,0.6816990915912942,367,110910,0.1056723293982148,0.3308989270579749,93,10467,0.6038961038961039,0.8885067354542849,21.0,8.0,83.0,93,,
B,logistic,B,False,fixed,target_patient_all,B,,silence4,0.0238446492374886,False,3473,154,0.1056723293982148,367,0.09563938837982551,0.11637442127892889,0.564935064935065,87,0.4827812832492392,0.6445413892350467,0.11688311688311688,18,0.07076359466897236,0.178424551200866,0.487012987012987,75,0.4057558058941844,0.5687794561864683,0.5844155844155844,90,0.5023364772452834,0.6631820267815618,0.2077922077922078,32,0.14668295710506496,0.28048878625548723,0.6038961038961039,93,0.5220144545331564,0.6816990915912942,1426,110910,0.4105960264900662,1.285727166170769,985,10467,6.396103896103896,9.41052832712334,21.0,8.0,83.0,93,,
B,logistic,B,False,fixed,target_patient_all,B,,silence6,0.0238446492374886,False,3473,154,0.1056723293982148,367,0.09563938837982551,0.11637442127892889,0.538961038961039,83,0.4568952038019044,0.6194988081503725,0.11688311688311688,18,0.07076359466897236,0.178424551200866,0.487012987012987,75,0.4057558058941844,0.5687794561864683,0.5844155844155844,90,0.5023364772452834,0.6631820267815618,0.2077922077922078,32,0.14668295710506496,0.28048878625548723,0.6038961038961039,93,0.5220144545331564,0.6816990915912942,1101,110910,0.3170169881946444,0.9926967811739248,697,10467,4.525974025974026,6.659023597974587,21.0,8.0,83.0,93,,
B,logistic,B,False,fixed,target_patient_all,B,,three_of_five,0.0238446492374886,False,3473,154,0.05125251943564642,178,0.04415521158565454,0.059116718634847895,0.38961038961038963,60,0.31215650056199007,0.471398485219634,0.09090909090909091,14,0.05059551791712918,0.14782552221879086,0.3246753246753247,50,0.2515180370597004,0.40473053333110626,0.4090909090909091,63,0.33063175748631585,0.49111795971372496,0.13636363636363635,21,0.08643472116234327,0.20086414095359145,0.4155844155844156,64,0.3368179732184382,0.49766352275471654,3241,110910,0.9331989634321912,2.9221891623839147,3239,10467,21.032467532467532,30.944874367058375,25.5,7.0,79.5,64,,
B,logistic,B,False,fixed,source_sensitivity80,B,,hourly,0.0090087087268669,False,3473,154,0.3124100201554852,1085,0.29701499698209805,0.32812143310184294,0.7727272727272727,119,0.6983576496114221,0.8363021624504441,0.11688311688311688,18,0.07076359466897236,0.178424551200866,0.6948051948051948,107,0.6155690317302548,0.7663703416509007,0.7987012987012987,123,0.7266093582159681,0.8589402287377077,0.2012987012987013,31,0.14105977126229227,0.2733906417840318,0.8116883116883117,125,0.7408810056025286,0.8701086382897969,15477,110910,4.456377771379211,13.954557749526643,5795,10467,37.62987012987013,55.36447883825356,32.0,13.0,95.0,125,,
B,logistic,B,False,fixed,source_sensitivity80,B,,single,0.0090087087268669,False,3473,154,0.3124100201554852,1085,0.29701499698209805,0.32812143310184294,0.11688311688311688,18,0.07076359466897236,0.178424551200866,0.11688311688311688,18,0.07076359466897236,0.178424551200866,0.6948051948051948,107,0.6155690317302548,0.7663703416509007,0.2012987012987013,31,0.14105977126229227,0.2733906417840318,0.2012987012987013,31,0.14105977126229227,0.2733906417840318,0.8116883116883117,125,0.7408810056025286,0.8701086382897969,1085,110910,0.3124100201554852,0.9782706699125417,125,10467,0.8116883116883117,1.1942294831374798,32.0,13.0,95.0,125,,
B,logistic,B,False,fixed,source_sensitivity80,B,,silence4,0.0090087087268669,False,3473,154,0.3124100201554852,1085,0.29701499698209805,0.32812143310184294,0.7597402597402597,117,0.6843656240283744,0.8248453602701683,0.11688311688311688,18,0.07076359466897236,0.178424551200866,0.6948051948051948,107,0.6155690317302548,0.7663703416509007,0.7922077922077922,122,0.7195112137445128,0.853317042894935,0.2012987012987013,31,0.14105977126229227,0.2733906417840318,0.8116883116883117,125,0.7408810056025286,0.8701086382897969,5150,110910,1.4828678376043767,4.643404562257686,1628,10467,10.571428571428571,15.553644788382536,32.0,13.0,95.0,125,,
B,logistic,B,False,fixed,source_sensitivity80,B,,silence6,0.0090087087268669,False,3473,154,0.3124100201554852,1085,0.29701499698209805,0.32812143310184294,0.7402597402597403,114,0.6635311498924046,0.8075026275226315,0.11688311688311688,18,0.07076359466897236,0.178424551200866,0.6948051948051948,107,0.6155690317302548,0.7663703416509007,0.7857142857142857,121,0.7124370525869215,0.8476690938244609,0.2012987012987013,31,0.14105977126229227,0.2733906417840318,0.8116883116883117,125,0.7408810056025286,0.8701086382897969,3853,110910,1.1094154909300318,3.4739879181318187,1137,10467,7.383116883116883,10.862711378618515,32.0,13.0,95.0,125,,
B,logistic,B,False,fixed,source_sensitivity80,B,,three_of_five,0.0090087087268669,False,3473,154,0.20731356176216528,720,0.19393816541108086,0.2211834599273359,0.6493506493506493,100,0.568423830477059,0.7244071305946688,0.09740259740259741,15,0.05554678626924192,0.1555594165354727,0.5714285714285714,88,0.48928617890864684,0.6507685124831213,0.6623376623376623,102,0.5818159157374663,0.7364756916783293,0.14285714285714285,22,0.09174423389007917,0.20826292895084628,0.6688311688311688,103,0.5885349011476598,0.7424867269589637,13547,110910,3.9006622516556293,12.214408078622306,5516,10467,35.81818181818182,52.698958631890704,32.0,14.0,94.5,103,,
B,logistic,B,False,fixed,probability_0_5,B,,hourly,0.5,False,3473,154,0.0008638065073423554,3,0.00017817310646405153,0.002522313915784523,0.03896103896103896,6,0.01443004397902957,0.08287046791898188,0.025974025974025976,4,0.007121413829478186,0.06516643280288,0.025974025974025976,4,0.007121413829478186,0.06516643280288,0.03896103896103896,6,0.01443004397902957,0.08287046791898188,0.025974025974025976,4,0.007121413829478186,0.06516643280288,0.05194805194805195,8,0.022691322331244903,0.09979076774374385,17,110910,0.0048949035416066804,0.015327743215219547,31,10467,0.2012987012987013,0.29616891181809496,12.5,2.75,42.5,8,,
B,logistic,B,False,fixed,probability_0_5,B,,single,0.5,False,3473,154,0.0008638065073423554,3,0.00017817310646405153,0.002522313915784523,0.025974025974025976,4,0.007121413829478186,0.06516643280288,0.025974025974025976,4,0.007121413829478186,0.06516643280288,0.025974025974025976,4,0.007121413829478186,0.06516643280288,0.025974025974025976,4,0.007121413829478186,0.06516643280288,0.025974025974025976,4,0.007121413829478186,0.06516643280288,0.05194805194805195,8,0.022691322331244903,0.09979076774374385,3,110910,0.0008638065073423554,0.002704895861509332,8,10467,0.05194805194805195,0.0764306869207987,12.5,2.75,42.5,8,,
B,logistic,B,False,fixed,probability_0_5,B,,silence4,0.5,False,3473,154,0.0008638065073423554,3,0.00017817310646405153,0.002522313915784523,0.03896103896103896,6,0.01443004397902957,0.08287046791898188,0.025974025974025976,4,0.007121413829478186,0.06516643280288,0.025974025974025976,4,0.007121413829478186,0.06516643280288,0.03896103896103896,6,0.01443004397902957,0.08287046791898188,0.025974025974025976,4,0.007121413829478186,0.06516643280288,0.05194805194805195,8,0.022691322331244903,0.09979076774374385,8,110910,0.002303484019579614,0.007213055630691551,17,10467,0.11038961038961038,0.16241520970669723,12.5,2.75,42.5,8,,
B,logistic,B,False,fixed,probability_0_5,B,,silence6,0.5,False,3473,154,0.0008638065073423554,3,0.00017817310646405153,0.002522313915784523,0.03896103896103896,6,0.01443004397902957,0.08287046791898188,0.025974025974025976,4,0.007121413829478186,0.06516643280288,0.025974025974025976,4,0.007121413829478186,0.06516643280288,0.03896103896103896,6,0.01443004397902957,0.08287046791898188,0.025974025974025976,4,0.007121413829478186,0.06516643280288,0.05194805194805195,8,0.022691322331244903,0.09979076774374385,8,110910,0.002303484019579614,0.007213055630691551,13,10467,0.08441558441558442,0.12419986624629789,12.5,2.75,42.5,8,,
B,logistic,B,False,fixed,probability_0_5,B,,three_of_five,0.5,False,3473,154,0.00028793550244745177,1,7.289869191599062e-06,0.0016032184537709561,0.012987012987012988,2,0.0015766753956051492,0.0461244509556018,0.006493506493506494,1,0.00016438783738584347,0.03564703129069184,0.006493506493506494,1,0.00016438783738584347,0.03564703129069184,0.012987012987012988,2,0.0015766753956051492,0.0461244509556018,0.006493506493506494,1,0.00016438783738584347,0.03564703129069184,0.012987012987012988,2,0.0015766753956051492,0.0461244509556018,11,110910,0.0031672905269219693,0.009917951492200884,17,10467,0.11038961038961038,0.16241520970669723,8.5,6.25,10.75,2,,
B,logistic,B,False,matched_patient,source,B,0.05,hourly,0.040102779461660715,False,3473,154,0.055859487474805646,194,0.04845440544967059,0.06402283886466818,0.3961038961038961,61,0.3183009084087059,0.4779855454668436,0.12987012987012986,20,0.08116628783198608,0.19342644996192487,0.3246753246753247,50,0.2515180370597004,0.40473053333110626,0.42857142857142855,66,0.34923148751687877,0.5107138210913531,0.18181818181818182,28,0.12434817614954381,0.25194360460297427,0.45454545454545453,70,0.37422055558671313,0.536653193318123,1956,110910,0.5632018427872156,1.7635921017040843,2457,10467,15.954545454545455,23.473774720550303,20.0,5.0,70.0,70,3495.0,0.0
B,logistic,B,False,matched_patient,source,B,0.05,single,0.040102779461660715,False,3473,154,0.055859487474805646,194,0.04845440544967059,0.06402283886466818,0.12987012987012986,20,0.08116628783198608,0.19342644996192487,0.12987012987012986,20,0.08116628783198608,0.19342644996192487,0.3246753246753247,50,0.2515180370597004,0.40473053333110626,0.18181818181818182,28,0.12434817614954381,0.25194360460297427,0.18181818181818182,28,0.12434817614954381,0.25194360460297427,0.45454545454545453,70,0.37422055558671313,0.536653193318123,194,110910,0.055859487474805646,0.17491659904427012,70,10467,0.45454545454545453,0.6687685105569886,20.0,5.0,70.0,70,3495.0,0.0
B,logistic,B,False,matched_patient,source,B,0.05,silence4,0.040102779461660715,False,3473,154,0.055859487474805646,194,0.04845440544967059,0.06402283886466818,0.3961038961038961,61,0.3183009084087059,0.4779855454668436,0.12987012987012986,20,0.08116628783198608,0.19342644996192487,0.3246753246753247,50,0.2515180370597004,0.40473053333110626,0.42857142857142855,66,0.34923148751687877,0.5107138210913531,0.18181818181818182,28,0.12434817614954381,0.25194360460297427,0.45454545454545453,70,0.37422055558671313,0.536653193318123,714,110910,0.20558594874748057,0.643765215039221,716,10467,4.64935064935065,6.840546479411484,20.0,5.0,70.0,70,3495.0,0.0
B,logistic,B,False,matched_patient,source,B,0.05,silence6,0.040102779461660715,False,3473,154,0.055859487474805646,194,0.04845440544967059,0.06402283886466818,0.37662337662337664,58,0.2999103500803708,0.45818207013910356,0.12987012987012986,20,0.08116628783198608,0.19342644996192487,0.3246753246753247,50,0.2515180370597004,0.40473053333110626,0.42857142857142855,66,0.34923148751687877,0.5107138210913531,0.18181818181818182,28,0.12434817614954381,0.25194360460297427,0.45454545454545453,70,0.37422055558671313,0.536653193318123,549,110910,0.15807659084365103,0.4949959426562077,511,10467,3.3181818181818183,4.8820101270660174,20.0,5.0,70.0,70,3495.0,0.0
B,logistic,B,False,matched_patient,source,B,0.05,three_of_five,0.023874802844606538,False,3473,154,0.05125251943564642,178,0.04415521158565454,0.059116718634847895,0.38961038961038963,60,0.31215650056199007,0.471398485219634,0.09090909090909091,14,0.05059551791712918,0.14782552221879086,0.3246753246753247,50,0.2515180370597004,0.40473053333110626,0.4090909090909091,63,0.33063175748631585,0.49111795971372496,0.13636363636363635,21,0.08643472116234327,0.20086414095359145,0.4155844155844156,64,0.3368179732184382,0.49766352275471654,3239,110910,0.9326230924272962,2.920385898476242,3236,10467,21.01298701298701,30.916212859463073,25.5,7.0,79.5,64,3495.0,0.0
B,logistic,B,False,matched_patient,source,B,0.1,hourly,0.023844649237488674,False,3473,154,0.1056723293982148,367,0.09563938837982551,0.11637442127892889,0.564935064935065,87,0.4827812832492392,0.6445413892350467,0.11688311688311688,18,0.07076359466897236,0.178424551200866,0.487012987012987,75,0.4057558058941844,0.5687794561864683,0.5844155844155844,90,0.5023364772452834,0.6631820267815618,0.2077922077922078,32,0.14668295710506496,0.28048878625548723,0.6038961038961039,93,0.5220144545331564,0.6816990915912942,3879,110910,1.1169018139936655,3.4974303489315663,3431,10467,22.27922077922078,32.779210853157544,21.0,8.0,83.0,93,3495.0,0.0
B,logistic,B,False,matched_patient,source,B,0.1,single,0.023844649237488674,False,3473,154,0.1056723293982148,367,0.09563938837982551,0.11637442127892889,0.11688311688311688,18,0.07076359466897236,0.178424551200866,0.11688311688311688,18,0.07076359466897236,0.178424551200866,0.487012987012987,75,0.4057558058941844,0.5687794561864683,0.2077922077922078,32,0.14668295710506496,0.28048878625548723,0.2077922077922078,32,0.14668295710506496,0.28048878625548723,0.6038961038961039,93,0.5220144545331564,0.6816990915912942,367,110910,0.1056723293982148,0.3308989270579749,93,10467,0.6038961038961039,0.8885067354542849,21.0,8.0,83.0,93,3495.0,0.0
B,logistic,B,False,matched_patient,source,B,0.1,silence4,0.023844649237488674,False,3473,154,0.1056723293982148,367,0.09563938837982551,0.11637442127892889,0.564935064935065,87,0.4827812832492392,0.6445413892350467,0.11688311688311688,18,0.07076359466897236,0.178424551200866,0.487012987012987,75,0.4057558058941844,0.5687794561864683,0.5844155844155844,90,0.5023364772452834,0.6631820267815618,0.2077922077922078,32,0.14668295710506496,0.28048878625548723,0.6038961038961039,93,0.5220144545331564,0.6816990915912942,1426,110910,0.4105960264900662,1.285727166170769,985,10467,6.396103896103896,9.41052832712334,21.0,8.0,83.0,93,3495.0,0.0
B,logistic,B,False,matched_patient,source,B,0.1,silence6,0.023844649237488674,False,3473,154,0.1056723293982148,367,0.09563938837982551,0.11637442127892889,0.538961038961039,83,0.4568952038019044,0.6194988081503725,0.11688311688311688,18,0.07076359466897236,0.178424551200866,0.487012987012987,75,0.4057558058941844,0.5687794561864683,0.5844155844155844,90,0.5023364772452834,0.6631820267815618,0.2077922077922078,32,0.14668295710506496,0.28048878625548723,0.6038961038961039,93,0.5220144545331564,0.6816990915912942,1101,110910,0.3170169881946444,0.9926967811739248,697,10467,4.525974025974026,6.659023597974587,21.0,8.0,83.0,93,3495.0,0.0
B,logistic,B,False,matched_patient,source,B,0.1,three_of_five,0.015090479290296674,False,3473,154,0.1050964583933199,365,0.09508860962004702,0.1157744644194296,0.5584415584415584,86,0.4762897957283101,0.6383007924239325,0.12337662337662338,19,0.07594157997544664,0.18594747950447785,0.4675324675324675,72,0.38679507150221737,0.5495431939115534,0.564935064935065,87,0.4827812832492392,0.6445413892350467,0.18831168831168832,29,0.1298913617102031,0.2591189943974714,0.5909090909090909,91,0.508882040286275,0.6693682425136841,6232,110910,1.7944140512525195,5.618970336308719,4252,10467,27.61038961038961,40.62291009840451,23.0,9.0,84.5,91,3495.0,0.0
B,logistic,B,False,matched_patient,source,B,0.2,hourly,0.013157598723840957,False,3473,154,0.20846530377195507,724,0.19506137674401364,0.22236177284092679,0.7012987012987013,108,0.6223683843664618,0.7722997634824612,0.14285714285714285,22,0.09174423389007917,0.20826292895084628,0.5844155844155844,90,0.5023364772452834,0.6631820267815618,0.7142857142857143,110,0.6360180938237447,0.7841066855537645,0.22077922077922077,34,0.1580027887957706,0.2946138970908247,0.7272727272727273,112,0.6497380240513908,0.7958420271804572,9023,110910,2.5980420385833574,8.135425119466234,4796,10467,31.142857142857142,45.820196809018825,30.5,8.75,92.75,112,3495.0,0.0
B,logistic,B,False,matched_patient,source,B,0.2,single,0.013157598723840957,False,3473,154,0.20846530377195507,724,0.19506137674401364,0.22236177284092679,0.14285714285714285,22,0.09174423389007917,0.20826292895084628,0.14285714285714285,22,0.09174423389007917,0.20826292895084628,0.5844155844155844,90,0.5023364772452834,0.6631820267815618,0.22077922077922077,34,0.1580027887957706,0.2946138970908247,0.22077922077922077,34,0.1580027887957706,0.2946138970908247,0.7272727272727273,112,0.6497380240513908,0.7958420271804572,724,110910,0.20846530377195507,0.6527815345775855,112,10467,0.7272727272727273,1.0700296168911818,30.5,8.75,92.75,112,3495.0,0.0
B,logistic,B,False,matched_patient,source,B,0.2,silence4,0.013157598723840957,False,3473,154,0.20846530377195507,724,0.19506137674401364,0.22236177284092679,0.6883116883116883,106,0.6087862778012476,0.7604240399050952,0.14285714285714285,22,0.09174423389007917,0.20826292895084628,0.5844155844155844,90,0.5023364772452834,0.6631820267815618,0.7142857142857143,110,0.6360180938237447,0.7841066855537645,0.22077922077922077,34,0.1580027887957706,0.2946138970908247,0.7272727272727273,112,0.6497380240513908,0.7958420271804572,3173,110910,0.9136193492657645,2.860878189523037,1345,10467,8.733766233766234,12.849909238559281,30.5,8.75,92.75,112,3495.0,0.0
B,logistic,B,False,matched_patient,source,B,0.2,silence6,0.013157598723840957,False,3473,154,0.20846530377195507,724,0.19506137674401364,0.22236177284092679,0.6623376623376623,102,0.5818159157374663,0.7364756916783293,0.14285714285714285,22,0.09174423389007917,0.20826292895084628,0.5844155844155844,90,0.5023364772452834,0.6631820267815618,0.7142857142857143,110,0.6360180938237447,0.7841066855537645,0.22077922077922077,34,0.1580027887957706,0.2946138970908247,0.7272727272727273,112,0.6497380240513908,0.7958420271804572,2406,110910,0.692772818888569,2.169326480930484,952,10467,6.181818181818182,9.095251743575046,30.5,8.75,92.75,112,3495.0,0.0
B,logistic,B,False,matched_patient,source,B,0.2,three_of_five,0.008852915139718335,False,3473,154,0.21048085228908725,731,0.1970273918183129,0.22442342579149321,0.6558441558441559,101,0.5751122934011061,0.7304490874661655,0.09090909090909091,14,0.05059551791712918,0.14782552221879086,0.5844155844155844,90,0.5023364772452834,0.6631820267815618,0.6688311688311688,103,0.5885349011476598,0.7424867269589637,0.14285714285714285,22,0.09174423389007917,0.20826292895084628,0.6753246753246753,104,0.5952694666688938,0.7484819629402996,13857,110910,3.989922257414339,12.493913984311604,5587,10467,36.27922077922078,53.37728097831279,34.0,14.75,93.75,104,3495.0,0.0
B,logistic,B,False,matched_patient,local,B,0.05,hourly,0.040102779461660715,False,3473,154,0.055859487474805646,194,0.04845440544967059,0.06402283886466818,0.3961038961038961,61,0.3183009084087059,0.4779855454668436,0.12987012987012986,20,0.08116628783198608,0.19342644996192487,0.3246753246753247,50,0.2515180370597004,0.40473053333110626,0.42857142857142855,66,0.34923148751687877,0.5107138210913531,0.18181818181818182,28,0.12434817614954381,0.25194360460297427,0.45454545454545453,70,0.37422055558671313,0.536653193318123,1956,110910,0.5632018427872156,1.7635921017040843,2457,10467,15.954545454545455,23.473774720550303,20.0,5.0,70.0,70,3495.0,0.0
B,logistic,B,False,matched_patient,local,B,0.05,single,0.040102779461660715,False,3473,154,0.055859487474805646,194,0.04845440544967059,0.06402283886466818,0.12987012987012986,20,0.08116628783198608,0.19342644996192487,0.12987012987012986,20,0.08116628783198608,0.19342644996192487,0.3246753246753247,50,0.2515180370597004,0.40473053333110626,0.18181818181818182,28,0.12434817614954381,0.25194360460297427,0.18181818181818182,28,0.12434817614954381,0.25194360460297427,0.45454545454545453,70,0.37422055558671313,0.536653193318123,194,110910,0.055859487474805646,0.17491659904427012,70,10467,0.45454545454545453,0.6687685105569886,20.0,5.0,70.0,70,3495.0,0.0
B,logistic,B,False,matched_patient,local,B,0.05,silence4,0.040102779461660715,False,3473,154,0.055859487474805646,194,0.04845440544967059,0.06402283886466818,0.3961038961038961,61,0.3183009084087059,0.4779855454668436,0.12987012987012986,20,0.08116628783198608,0.19342644996192487,0.3246753246753247,50,0.2515180370597004,0.40473053333110626,0.42857142857142855,66,0.34923148751687877,0.5107138210913531,0.18181818181818182,28,0.12434817614954381,0.25194360460297427,0.45454545454545453,70,0.37422055558671313,0.536653193318123,714,110910,0.20558594874748057,0.643765215039221,716,10467,4.64935064935065,6.840546479411484,20.0,5.0,70.0,70,3495.0,0.0
B,logistic,B,False,matched_patient,local,B,0.05,silence6,0.040102779461660715,False,3473,154,0.055859487474805646,194,0.04845440544967059,0.06402283886466818,0.37662337662337664,58,0.2999103500803708,0.45818207013910356,0.12987012987012986,20,0.08116628783198608,0.19342644996192487,0.3246753246753247,50,0.2515180370597004,0.40473053333110626,0.42857142857142855,66,0.34923148751687877,0.5107138210913531,0.18181818181818182,28,0.12434817614954381,0.25194360460297427,0.45454545454545453,70,0.37422055558671313,0.536653193318123,549,110910,0.15807659084365103,0.4949959426562077,511,10467,3.3181818181818183,4.8820101270660174,20.0,5.0,70.0,70,3495.0,0.0
B,logistic,B,False,matched_patient,local,B,0.05,three_of_five,0.023874802844606538,False,3473,154,0.05125251943564642,178,0.04415521158565454,0.059116718634847895,0.38961038961038963,60,0.31215650056199007,0.471398485219634,0.09090909090909091,14,0.05059551791712918,0.14782552221879086,0.3246753246753247,50,0.2515180370597004,0.40473053333110626,0.4090909090909091,63,0.33063175748631585,0.49111795971372496,0.13636363636363635,21,0.08643472116234327,0.20086414095359145,0.4155844155844156,64,0.3368179732184382,0.49766352275471654,3239,110910,0.9326230924272962,2.920385898476242,3236,10467,21.01298701298701,30.916212859463073,25.5,7.0,79.5,64,3495.0,0.0
B,logistic,B,False,matched_patient,local,B,0.1,hourly,0.023844649237488674,False,3473,154,0.1056723293982148,367,0.09563938837982551,0.11637442127892889,0.564935064935065,87,0.4827812832492392,0.6445413892350467,0.11688311688311688,18,0.07076359466897236,0.178424551200866,0.487012987012987,75,0.4057558058941844,0.5687794561864683,0.5844155844155844,90,0.5023364772452834,0.6631820267815618,0.2077922077922078,32,0.14668295710506496,0.28048878625548723,0.6038961038961039,93,0.5220144545331564,0.6816990915912942,3879,110910,1.1169018139936655,3.4974303489315663,3431,10467,22.27922077922078,32.779210853157544,21.0,8.0,83.0,93,3495.0,0.0
B,logistic,B,False,matched_patient,local,B,0.1,single,0.023844649237488674,False,3473,154,0.1056723293982148,367,0.09563938837982551,0.11637442127892889,0.11688311688311688,18,0.07076359466897236,0.178424551200866,0.11688311688311688,18,0.07076359466897236,0.178424551200866,0.487012987012987,75,0.4057558058941844,0.5687794561864683,0.2077922077922078,32,0.14668295710506496,0.28048878625548723,0.2077922077922078,32,0.14668295710506496,0.28048878625548723,0.6038961038961039,93,0.5220144545331564,0.6816990915912942,367,110910,0.1056723293982148,0.3308989270579749,93,10467,0.6038961038961039,0.8885067354542849,21.0,8.0,83.0,93,3495.0,0.0
B,logistic,B,False,matched_patient,local,B,0.1,silence4,0.023844649237488674,False,3473,154,0.1056723293982148,367,0.09563938837982551,0.11637442127892889,0.564935064935065,87,0.4827812832492392,0.6445413892350467,0.11688311688311688,18,0.07076359466897236,0.178424551200866,0.487012987012987,75,0.4057558058941844,0.5687794561864683,0.5844155844155844,90,0.5023364772452834,0.6631820267815618,0.2077922077922078,32,0.14668295710506496,0.28048878625548723,0.6038961038961039,93,0.5220144545331564,0.6816990915912942,1426,110910,0.4105960264900662,1.285727166170769,985,10467,6.396103896103896,9.41052832712334,21.0,8.0,83.0,93,3495.0,0.0
B,logistic,B,False,matched_patient,local,B,0.1,silence6,0.023844649237488674,False,3473,154,0.1056723293982148,367,0.09563938837982551,0.11637442127892889,0.538961038961039,83,0.4568952038019044,0.6194988081503725,0.11688311688311688,18,0.07076359466897236,0.178424551200866,0.487012987012987,75,0.4057558058941844,0.5687794561864683,0.5844155844155844,90,0.5023364772452834,0.6631820267815618,0.2077922077922078,32,0.14668295710506496,0.28048878625548723,0.6038961038961039,93,0.5220144545331564,0.6816990915912942,1101,110910,0.3170169881946444,0.9926967811739248,697,10467,4.525974025974026,6.659023597974587,21.0,8.0,83.0,93,3495.0,0.0
B,logistic,B,False,matched_patient,local,B,0.1,three_of_five,0.015090479290296674,False,3473,154,0.1050964583933199,365,0.09508860962004702,0.1157744644194296,0.5584415584415584,86,0.4762897957283101,0.6383007924239325,0.12337662337662338,19,0.07594157997544664,0.18594747950447785,0.4675324675324675,72,0.38679507150221737,0.5495431939115534,0.564935064935065,87,0.4827812832492392,0.6445413892350467,0.18831168831168832,29,0.1298913617102031,0.2591189943974714,0.5909090909090909,91,0.508882040286275,0.6693682425136841,6232,110910,1.7944140512525195,5.618970336308719,4252,10467,27.61038961038961,40.62291009840451,23.0,9.0,84.5,91,3495.0,0.0
B,logistic,B,False,matched_patient,local,B,0.2,hourly,0.013157598723840957,False,3473,154,0.20846530377195507,724,0.19506137674401364,0.22236177284092679,0.7012987012987013,108,0.6223683843664618,0.7722997634824612,0.14285714285714285,22,0.09174423389007917,0.20826292895084628,0.5844155844155844,90,0.5023364772452834,0.6631820267815618,0.7142857142857143,110,0.6360180938237447,0.7841066855537645,0.22077922077922077,34,0.1580027887957706,0.2946138970908247,0.7272727272727273,112,0.6497380240513908,0.7958420271804572,9023,110910,2.5980420385833574,8.135425119466234,4796,10467,31.142857142857142,45.820196809018825,30.5,8.75,92.75,112,3495.0,0.0
B,logistic,B,False,matched_patient,local,B,0.2,single,0.013157598723840957,False,3473,154,0.20846530377195507,724,0.19506137674401364,0.22236177284092679,0.14285714285714285,22,0.09174423389007917,0.20826292895084628,0.14285714285714285,22,0.09174423389007917,0.20826292895084628,0.5844155844155844,90,0.5023364772452834,0.6631820267815618,0.22077922077922077,34,0.1580027887957706,0.2946138970908247,0.22077922077922077,34,0.1580027887957706,0.2946138970908247,0.7272727272727273,112,0.6497380240513908,0.7958420271804572,724,110910,0.20846530377195507,0.6527815345775855,112,10467,0.7272727272727273,1.0700296168911818,30.5,8.75,92.75,112,3495.0,0.0
B,logistic,B,False,matched_patient,local,B,0.2,silence4,0.013157598723840957,False,3473,154,0.20846530377195507,724,0.19506137674401364,0.22236177284092679,0.6883116883116883,106,0.6087862778012476,0.7604240399050952,0.14285714285714285,22,0.09174423389007917,0.20826292895084628,0.5844155844155844,90,0.5023364772452834,0.6631820267815618,0.7142857142857143,110,0.6360180938237447,0.7841066855537645,0.22077922077922077,34,0.1580027887957706,0.2946138970908247,0.7272727272727273,112,0.6497380240513908,0.7958420271804572,3173,110910,0.9136193492657645,2.860878189523037,1345,10467,8.733766233766234,12.849909238559281,30.5,8.75,92.75,112,3495.0,0.0
B,logistic,B,False,matched_patient,local,B,0.2,silence6,0.013157598723840957,False,3473,154,0.20846530377195507,724,0.19506137674401364,0.22236177284092679,0.6623376623376623,102,0.5818159157374663,0.7364756916783293,0.14285714285714285,22,0.09174423389007917,0.20826292895084628,0.5844155844155844,90,0.5023364772452834,0.6631820267815618,0.7142857142857143,110,0.6360180938237447,0.7841066855537645,0.22077922077922077,34,0.1580027887957706,0.2946138970908247,0.7272727272727273,112,0.6497380240513908,0.7958420271804572,2406,110910,0.692772818888569,2.169326480930484,952,10467,6.181818181818182,9.095251743575046,30.5,8.75,92.75,112,3495.0,0.0
B,logistic,B,False,matched_patient,local,B,0.2,three_of_five,0.008852915139718335,False,3473,154,0.21048085228908725,731,0.1970273918183129,0.22442342579149321,0.6558441558441559,101,0.5751122934011061,0.7304490874661655,0.09090909090909091,14,0.05059551791712918,0.14782552221879086,0.5844155844155844,90,0.5023364772452834,0.6631820267815618,0.6688311688311688,103,0.5885349011476598,0.7424867269589637,0.14285714285714285,22,0.09174423389007917,0.20826292895084628,0.6753246753246753,104,0.5952694666688938,0.7484819629402996,13857,110910,3.989922257414339,12.493913984311604,5587,10467,36.27922077922078,53.37728097831279,34.0,14.75,93.75,104,3495.0,0.0
B,hgb,A,True,fixed,source_hourly,B,,hourly,0.0076662747879024,False,3422,260,0.603156049094097,2064,0.5865354460953387,0.6196001745494308,0.8307692307692308,216,0.7795537555055277,0.8742625501121982,0.10384615384615385,27,0.0695582381767777,0.14748746085110562,0.75,195,0.6927670081758962,0.8014357140033141,0.8384615384615385,218,0.7879850160876063,0.8810289038751982,0.21923076923076923,57,0.1704781337366168,0.2745075066664972,0.8538461538461538,222,0.8049547652481163,0.8944513816965782,27643,112566,8.078024547048509,24.55714869498783,10180,15363,39.15384615384615,66.2630996550153,36.0,12.0,82.5,222,,
B,hgb,A,True,fixed,source_hourly,B,,single,0.0076662747879024,False,3422,260,0.603156049094097,2064,0.5865354460953387,0.6196001745494308,0.10384615384615385,27,0.0695582381767777,0.14748746085110562,0.10384615384615385,27,0.0695582381767777,0.14748746085110562,0.75,195,0.6927670081758962,0.8014357140033141,0.21923076923076923,57,0.1704781337366168,0.2745075066664972,0.21923076923076923,57,0.1704781337366168,0.2745075066664972,0.8538461538461538,222,0.8049547652481163,0.8944513816965782,2064,112566,0.603156049094097,1.8335909599701508,222,15363,0.8538461538461538,1.445030267525874,36.0,12.0,82.5,222,,
B,hgb,A,True,fixed,source_hourly,B,,silence4,0.0076662747879024,False,3422,260,0.603156049094097,2064,0.5865354460953387,0.6196001745494308,0.8153846153846154,212,0.7627890963844601,0.8606294997661971,0.10384615384615385,27,0.0695582381767777,0.14748746085110562,0.75,195,0.6927670081758962,0.8014357140033141,0.8384615384615385,218,0.7879850160876063,0.8810289038751982,0.21923076923076923,57,0.1704781337366168,0.2745075066664972,0.8538461538461538,222,0.8049547652481163,0.8944513816965782,8938,112566,2.6119228521332554,7.940230620258338,2783,15363,10.703846153846154,18.114951506867147,36.0,12.0,82.5,222,,
B,hgb,A,True,fixed,source_hourly,B,,silence6,0.0076662747879024,False,3422,260,0.603156049094097,2064,0.5865354460953387,0.6196001745494308,0.7923076923076923,206,0.7378641548311616,0.8399528369658497,0.10384615384615385,27,0.0695582381767777,0.14748746085110562,0.75,195,0.6927670081758962,0.8014357140033141,0.8346153846153846,217,0.7837651270356051,0.8776500989080209,0.21923076923076923,57,0.1704781337366168,0.2745075066664972,0.8538461538461538,222,0.8049547652481163,0.8944513816965782,6673,112566,1.9500292226767972,5.928077749942256,1934,15363,7.438461538461539,12.588687105383062,36.0,12.0,82.5,222,,
B,hgb,A,True,fixed,source_hourly,B,,three_of_five,0.0076662747879024,False,3422,260,0.48947983635300996,1675,0.4726000321132058,0.5063776338669304,0.7615384615384615,198,0.7049958640465166,0.8120119219758741,0.1346153846153846,35,0.0955876927993484,0.18221515197375376,0.6615384615384615,172,0.6005044200648979,0.7188405760137058,0.7807692307692308,203,0.7254924933335027,0.8295218662633832,0.20384615384615384,53,0.1565834125095002,0.25799896802704114,0.7961538461538461,207,0.7420010319729589,0.8434165874904997,24728,112566,7.226183518410286,21.96755681111526,9855,15363,37.90384615384615,64.14762741652021,35.0,12.0,79.5,207,,
B,hgb,A,True,fixed,source_patient,B,,hourly,0.0203461802777819,False,3422,260,0.3115137346580947,1066,0.29601755922773976,0.3273325795211423,0.5884615384615385,153,0.5259952029543866,0.6488873907842796,0.07307692307692308,19,0.04456804841474121,0.11176801216837896,0.5807692307692308,151,0.5182327066856658,0.6414429002104186,0.6192307692307693,161,0.5571956427531601,0.6785142306880214,0.1576923076923077,41,0.11560128810580968,0.20778633763898294,0.6538461538461539,170,0.5925936592326151,0.7115452070483556,8246,112566,2.4097019286966685,7.325480162748965,6621,15363,25.465384615384615,43.09705135715681,36.0,14.0,79.75,170,,
B,hgb,A,True,fixed,source_patient,B,,single,0.0203461802777819,False,3422,260,0.3115137346580947,1066,0.29601755922773976,0.3273325795211423,0.07307692307692308,19,0.04456804841474121,0.11176801216837896,0.07307692307692308,19,0.04456804841474121,0.11176801216837896,0.5807692307692308,151,0.5182327066856658,0.6414429002104186,0.1576923076923077,41,0.11560128810580968,0.20778633763898294,0.1576923076923077,41,0.11560128810580968,0.20778633763898294,0.6538461538461539,170,0.5925936592326151,0.7115452070483556,1066,112566,0.3115137346580947,0.9469999822326457,170,15363,0.6538461538461539,1.1065547093666601,36.0,14.0,79.75,170,,
B,hgb,A,True,fixed,source_patient,B,,silence4,0.0203461802777819,False,3422,260,0.3115137346580947,1066,0.29601755922773976,0.3273325795211423,0.5769230769230769,150,0.5143570131415461,0.6377150795509512,0.07307692307692308,19,0.04456804841474121,0.11176801216837896,0.5807692307692308,151,0.5182327066856658,0.6414429002104186,0.6192307692307693,161,0.5571956427531601,0.6785142306880214,0.1576923076923077,41,0.11560128810580968,0.20778633763898294,0.6538461538461539,170,0.5925936592326151,0.7115452070483556,3046,112566,0.8901227352425483,2.705968054297035,1886,15363,7.253846153846154,12.276248128620711,36.0,14.0,79.75,170,,
B,hgb,A,True,fixed,source_patient,B,,silence6,0.0203461802777819,False,3422,260,0.3115137346580947,1066,0.29601755922773976,0.3273325795211423,0.5576923076923077,145,0.49503357852818486,0.6190207640581498,0.07307692307692308,19,0.04456804841474121,0.11176801216837896,0.5807692307692308,151,0.5182327066856658,0.6414429002104186,0.6153846153846154,160,0.553282234585166,0.6748242958704112,0.1576923076923077,41,0.11560128810580968,0.20778633763898294,0.6538461538461539,170,0.5925936592326151,0.7115452070483556,2414,112566,0.7054354178842782,2.1445196595774925,1336,15363,5.138461538461539,8.696218186552105,36.0,14.0,79.75,170,,
B,hgb,A,True,fixed,source_patient,B,,three_of_five,0.0203461802777819,False,3422,260,0.2060198714202221,705,0.19257851514933977,0.2199653824238371,0.5,130,0.43760437692222265,0.5623956230777774,0.08461538461538462,22,0.053787639900032665,0.12530640690882933,0.4576923076923077,119,0.39600026223919715,0.5203597689870182,0.5115384615384615,133,0.44902587420770024,0.5737850605643537,0.12307692307692308,32,0.0857285695142275,0.16928664425627182,0.5423076923076923,141,0.4796402310129818,0.6039997377608028,6681,112566,1.9523670368205728,5.935184691647566,6335,15363,24.365384615384617,41.23543578728113,39.0,17.0,79.0,141,,
B,hgb,A,True,fixed,target_patient_all,A,,hourly,0.055015906921436,False,3422,260,0.11104617182933957,380,0.10070881792092527,0.12205321753526233,0.36153846153846153,94,0.30309504797622655,0.42317870848445227,0.07692307692307693,20,0.04761793388225715,0.11630274170964292,0.40384615384615385,105,0.3436830893226146,0.46622739051810147,0.40384615384615385,105,0.3436830893226146,0.46622739051810147,0.11153846153846154,29,0.07598371413376193,0.15624806677190298,0.4807692307692308,125,0.4186398066606019,0.5433419768273844,1736,112566,0.5073056691992986,1.5422063500524137,3123,15363,12.011538461538462,20.328060925600468,38.0,14.0,77.0,125,,
B,hgb,A,True,fixed,target_patient_all,A,,single,0.055015906921436,False,3422,260,0.11104617182933957,380,0.10070881792092527,0.12205321753526233,0.07692307692307693,20,0.04761793388225715,0.11630274170964292,0.07692307692307693,20,0.04761793388225715,0.11630274170964292,0.40384615384615385,105,0.3436830893226146,0.46622739051810147,0.11153846153846154,29,0.07598371413376193,0.15624806677190298,0.11153846153846154,29,0.07598371413376193,0.15624806677190298,0.4807692307692308,125,0.4186398066606019,0.5433419768273844,380,112566,0.11104617182933957,0.33757973100225647,125,15363,0.4807692307692308,0.813643168651956,38.0,14.0,77.0,125,,
B,hgb,A,True,fixed,target_patient_all,A,,silence4,0.055015906921436,False,3422,260,0.11104617182933957,380,0.10070881792092527,0.12205321753526233,0.34615384615384615,90,0.28845479295164445,0.40740634076738497,0.07692307692307693,20,0.04761793388225715,0.11630274170964292,0.40384615384615385,105,0.3436830893226146,0.46622739051810147,0.3923076923076923,102,0.3325671781033015,0.4545330390534974,0.11153846153846154,29,0.07598371413376193,0.15624806677190298,0.4807692307692308,125,0.4186398066606019,0.5433419768273844,737,112566,0.21537112799532437,0.6547270046017447,1009,15363,3.8807692307692307,6.5677276573585885,38.0,14.0,77.0,125,,
B,hgb,A,True,fixed,target_patient_all,A,,silence6,0.055015906921436,False,3422,260,0.11104617182933957,380,0.10070881792092527,0.12205321753526233,0.3384615384615385,88,0.2811594239862942,0.399495579935102,0.07692307692307693,20,0.04761793388225715,0.11630274170964292,0.40384615384615385,105,0.3436830893226146,0.46622739051810147,0.3923076923076923,102,0.3325671781033015,0.4545330390534974,0.11153846153846154,29,0.07598371413376193,0.15624806677190298,0.4807692307692308,125,0.4186398066606019,0.5433419768273844,615,112566,0.17971946230274694,0.5463461435957572,764,15363,2.9384615384615387,4.972987046800755,38.0,14.0,77.0,125,,
B,hgb,A,True,fixed,target_patient_all,A,,three_of_five,0.055015906921436,False,3422,260,0.05727644652250146,196,0.04972583945974671,0.06559408404201916,0.25384615384615383,66,0.2021008265892141,0.3112983035841803,0.03461538461538462,9,0.015948288003158527,0.0646915453431544,0.3384615384615385,88,0.2811594239862942,0.399495579935102,0.3076923076923077,80,0.2521496320878058,0.36768229783308004,0.06923076923076923,18,0.04154374938080101,0.10720931548723328,0.3730769230769231,97,0.3141176167477455,0.4349658899702884,1182,112566,0.34541203974284046,1.0500506369596503,2934,15363,11.284615384615385,19.097832454598713,44.0,18.0,77.0,97,,
B,hgb,A,True,fixed,source_sensitivity80,B,,hourly,0.009252657784886,False,3422,260,0.5452951490356517,1866,0.5284327365148056,0.5620800870863453,0.7846153846153846,204,0.7296100117697929,0.8330053444521848,0.11153846153846154,29,0.07598371413376193,0.15624806677190298,0.7115384615384616,185,0.6523459801135634,0.7658350955050589,0.8,208,0.7461446245880814,0.8468734876718608,0.21153846153846154,55,0.16351762237271178,0.2662661421818209,0.823076923076923,214,0.7711556717920681,0.8674621629647643,22410,112566,6.548801870251315,19.908320452001494,9442,15363,36.315384615384616,61.45935038729415,35.0,12.0,83.25,214,,
B,hgb,A,True,fixed,source_sensitivity80,B,,single,0.009252657784886,False,3422,260,0.5452951490356517,1866,0.5284327365148056,0.5620800870863453,0.11153846153846154,29,0.07598371413376193,0.15624806677190298,0.11153846153846154,29,0.07598371413376193,0.15624806677190298,0.7115384615384616,185,0.6523459801135634,0.7658350955050589,0.21153846153846154,55,0.16351762237271178,0.2662661421818209,0.21153846153846154,55,0.16351762237271178,0.2662661421818209,0.823076923076923,214,0.7711556717920681,0.8674621629647643,1866,112566,0.5452951490356517,1.657694152763712,214,15363,0.823076923076923,1.3929571047321487,35.0,12.0,83.25,214,,
B,hgb,A,True,fixed,source_sensitivity80,B,,silence4,0.009252657784886,False,3422,260,0.5452951490356517,1866,0.5284327365148056,0.5620800870863453,0.7653846153846153,199,0.7090834137266593,0.8155258841649183,0.11153846153846154,29,0.07598371413376193,0.15624806677190298,0.7115384615384616,185,0.6523459801135634,0.7658350955050589,0.7961538461538461,207,0.7420010319729589,0.8434165874904997,0.21153846153846154,55,0.16351762237271178,0.2662661421818209,0.823076923076923,214,0.7711556717920681,0.8674621629647643,7410,112566,2.1654003506721216,6.582804754544001,2615,15363,10.057692307692308,17.02141508819892,35.0,12.0,83.25,214,,
B,hgb,A,True,fixed,source_sensitivity80,B,,silence6,0.009252657784886,False,3422,260,0.5452951490356517,1866,0.5284327365148056,0.5620800870863453,0.7461538461538462,194,0.6887016964158197,0.7978991734107859,0.11153846153846154,29,0.07598371413376193,0.15624806677190298,0.7115384615384616,185,0.6523459801135634,0.7658350955050589,0.8,208,0.7461446245880814,0.8468734876718608,0.21153846153846154,55,0.16351762237271178,0.2662661421818209,0.823076923076923,214,0.7711556717920681,0.8674621629647643,5596,112566,1.635300993571011,4.971305722864808,1822,15363,7.007692307692308,11.859662826270911,35.0,12.0,83.25,214,,
B,hgb,A,True,fixed,source_sensitivity80,B,,three_of_five,0.009252657784886,False,3422,260,0.4260666277030976,1458,0.40942137454308714,0.44283834919799475,0.7115384615384616,185,0.6523459801135634,0.7658350955050589,0.12307692307692308,32,0.0857285695142275,0.16928664425627182,0.6076923076923076,158,0.5454669609465026,0.6674328218966985,0.7269230769230769,189,0.6684538888729656,0.7801366252490791,0.18076923076923077,47,0.13595023652351615,0.2330314571026734,0.7307692307692307,190,0.6724931928110037,0.783699528977546,19765,112566,5.775862068965517,17.558587850683153,9100,15363,35.0,59.23322267786239,38.5,13.0,82.0,190,,
B,hgb,A,True,fixed,probability_0_5,A,,hourly,0.5,False,3422,260,0.0002922267679719462,1,7.398513830244923e-06,0.0016270961656483505,0.03076923076923077,8,0.013375715495814405,0.059725126900189475,0.015384615384615385,4,0.004207286130072405,0.038920065046154154,0.05,13,0.02688810323569784,0.08398395996482774,0.03076923076923077,8,0.013375715495814405,0.059725126900189475,0.023076923076923078,6,0.008514834579336291,0.049549432335173775,0.06538461538461539,17,0.038547040160282396,0.10262487074598114,1,112566,0.0002922267679719462,0.0008883677131638328,152,15363,0.5846153846153846,0.9893900930807785,42.0,9.0,86.0,17,,
B,hgb,A,True,fixed,probability_0_5,A,,single,0.5,False,3422,260,0.0002922267679719462,1,7.398513830244923e-06,0.0016270961656483505,0.015384615384615385,4,0.004207286130072405,0.038920065046154154,0.015384615384615385,4,0.004207286130072405,0.038920065046154154,0.05,13,0.02688810323569784,0.08398395996482774,0.023076923076923078,6,0.008514834579336291,0.049549432335173775,0.023076923076923078,6,0.008514834579336291,0.049549432335173775,0.06538461538461539,17,0.038547040160282396,0.10262487074598114,1,112566,0.0002922267679719462,0.0008883677131638328,17,15363,0.06538461538461539,0.11065547093666601,42.0,9.0,86.0,17,,
B,hgb,A,True,fixed,probability_0_5,A,,silence4,0.5,False,3422,260,0.0002922267679719462,1,7.398513830244923e-06,0.0016270961656483505,0.026923076923076925,7,0.01089153034532331,0.05468265532178463,0.015384615384615385,4,0.004207286130072405,0.038920065046154154,0.05,13,0.02688810323569784,0.08398395996482774,0.03076923076923077,8,0.013375715495814405,0.059725126900189475,0.023076923076923078,6,0.008514834579336291,0.049549432335173775,0.06538461538461539,17,0.038547040160282396,0.10262487074598114,1,112566,0.0002922267679719462,0.0008883677131638328,54,15363,0.2076923076923077,0.351493848857645,42.0,9.0,86.0,17,,
B,hgb,A,True,fixed,probability_0_5,A,,silence6,0.5,False,3422,260,0.0002922267679719462,1,7.398513830244923e-06,0.0016270961656483505,0.026923076923076925,7,0.01089153034532331,0.05468265532178463,0.015384615384615385,4,0.004207286130072405,0.038920065046154154,0.05,13,0.02688810323569784,0.08398395996482774,0.03076923076923077,8,0.013375715495814405,0.059725126900189475,0.023076923076923078,6,0.008514834579336291,0.049549432335173775,0.06538461538461539,17,0.038547040160282396,0.10262487074598114,1,112566,0.0002922267679719462,0.0008883677131638328,43,15363,0.16538461538461538,0.27989325001627285,42.0,9.0,86.0,17,,
B,hgb,A,True,fixed,probability_0_5,A,,three_of_five,0.5,False,3422,260,0.0,0,0.0,0.0010774084985517767,0.026923076923076925,7,0.01089153034532331,0.05468265532178463,0.011538461538461539,3,0.0023858584654653397,0.03334809595182638,0.03461538461538462,9,0.015948288003158527,0.0646915453431544,0.026923076923076925,7,0.01089153034532331,0.05468265532178463,0.019230769230769232,5,0.006272945434397394,0.04430510957215938,0.046153846153846156,12,0.024072583846090054,0.07923303261404469,0,112566,0.0,0.0,125,15363,0.4807692307692308,0.813643168651956,23.0,6.0,69.75,12,,
B,hgb,A,True,matched_patient,source,B,0.05,hourly,0.03631321309885649,False,3422,260,0.1858562244301578,636,0.1729496643815891,0.19930181649717088,0.4423076923076923,115,0.38097923594185035,0.504966421471815,0.06538461538461539,17,0.038547040160282396,0.10262487074598114,0.4653846153846154,121,0.4035324300609536,0.5280348314593853,0.4807692307692308,125,0.4186398066606019,0.5433419768273844,0.12307692307692308,32,0.0857285695142275,0.16928664425627182,0.5307692307692308,138,0.46813301714947464,0.5926960975721396,3468,112566,1.0134424313267096,3.080859229252172,4508,15363,17.338461538461537,29.34322723426414,41.5,14.5,80.5,138,3495.0,0.0
B,hgb,A,True,matched_patient,source,B,0.05,single,0.03631321309885649,False,3422,260,0.1858562244301578,636,0.1729496643815891,0.19930181649717088,0.06538461538461539,17,0.038547040160282396,0.10262487074598114,0.06538461538461539,17,0.038547040160282396,0.10262487074598114,0.4653846153846154,121,0.4035324300609536,0.5280348314593853,0.12307692307692308,32,0.0857285695142275,0.16928664425627182,0.12307692307692308,32,0.0857285695142275,0.16928664425627182,0.5307692307692308,138,0.46813301714947464,0.5926960975721396,636,112566,0.1858562244301578,0.5650018655721977,138,15363,0.5307692307692308,0.8982620581917594,41.5,14.5,80.5,138,3495.0,0.0
B,hgb,A,True,matched_patient,source,B,0.05,silence4,0.03631321309885649,False,3422,260,0.1858562244301578,636,0.1729496643815891,0.19930181649717088,0.43846153846153846,114,0.37723305201505986,0.501109033826971,0.06538461538461539,17,0.038547040160282396,0.10262487074598114,0.4653846153846154,121,0.4035324300609536,0.5280348314593853,0.47692307692307695,124,0.4148575954746841,0.5395205514079553,0.12307692307692308,32,0.0857285695142275,0.16928664425627182,0.5307692307692308,138,0.46813301714947464,0.5926960975721396,1395,112566,0.407656341320865,1.2392729598635468,1361,15363,5.234615384615385,8.858946820282497,41.5,14.5,80.5,138,3495.0,0.0
B,hgb,A,True,matched_patient,source,B,0.05,silence6,0.03631321309885649,False,3422,260,0.1858562244301578,636,0.1729496643815891,0.19930181649717088,0.4346153846153846,113,0.3734905169907625,0.4972480073669431,0.06538461538461539,17,0.038547040160282396,0.10262487074598114,0.4653846153846154,121,0.4035324300609536,0.5280348314593853,0.46923076923076923,122,0.40730390242786046,0.5318669828505254,0.12307692307692308,32,0.0857285695142275,0.16928664425627182,0.5307692307692308,138,0.46813301714947464,0.5926960975721396,1147,112566,0.33518410286382233,1.0189577669989163,988,15363,3.8,6.43103560502506,41.5,14.5,80.5,138,3495.0,0.0
B,hgb,A,True,matched_patient,source,B,0.05,three_of_five,0.02465578901307363,False,3422,260,0.1636469900642899,560,0.15139693041058072,0.1764746195407029,0.43846153846153846,114,0.37723305201505986,0.501109033826971,0.05384615384615385,14,0.029747358573078628,0.08869513158163991,0.4346153846153846,113,0.3734905169907625,0.4972480073669431,0.46153846153846156,120,0.3997645478736393,0.5241990954187925,0.1,26,0.06636889065166435,0.14308478602437624,0.48846153846153845,127,0.4262149394356462,0.5509741257922998,4873,112566,1.424021040327294,4.3290158662473575,5678,15363,21.838461538461537,36.95892729284645,42.0,18.0,81.5,127,3495.0,0.0
B,hgb,A,True,matched_patient,source,B,0.1,hourly,0.020346180277781935,False,3422,260,0.3115137346580947,1066,0.29601755922773976,0.3273325795211423,0.5884615384615385,153,0.5259952029543866,0.6488873907842796,0.07307692307692308,19,0.04456804841474121,0.11176801216837896,0.5807692307692308,151,0.5182327066856658,0.6414429002104186,0.6192307692307693,161,0.5571956427531601,0.6785142306880214,0.1576923076923077,41,0.11560128810580968,0.20778633763898294,0.6538461538461539,170,0.5925936592326151,0.7115452070483556,8246,112566,2.4097019286966685,7.325480162748965,6621,15363,25.465384615384615,43.09705135715681,36.0,14.0,79.75,170,3495.0,0.0
B,hgb,A,True,matched_patient,source,B,0.1,single,0.020346180277781935,False,3422,260,0.3115137346580947,1066,0.29601755922773976,0.3273325795211423,0.07307692307692308,19,0.04456804841474121,0.11176801216837896,0.07307692307692308,19,0.04456804841474121,0.11176801216837896,0.5807692307692308,151,0.5182327066856658,0.6414429002104186,0.1576923076923077,41,0.11560128810580968,0.20778633763898294,0.1576923076923077,41,0.11560128810580968,0.20778633763898294,0.6538461538461539,170,0.5925936592326151,0.7115452070483556,1066,112566,0.3115137346580947,0.9469999822326457,170,15363,0.6538461538461539,1.1065547093666601,36.0,14.0,79.75,170,3495.0,0.0
B,hgb,A,True,matched_patient,source,B,0.1,silence4,0.020346180277781935,False,3422,260,0.3115137346580947,1066,0.29601755922773976,0.3273325795211423,0.5769230769230769,150,0.5143570131415461,0.6377150795509512,0.07307692307692308,19,0.04456804841474121,0.11176801216837896,0.5807692307692308,151,0.5182327066856658,0.6414429002104186,0.6192307692307693,161,0.5571956427531601,0.6785142306880214,0.1576923076923077,41,0.11560128810580968,0.20778633763898294,0.6538461538461539,170,0.5925936592326151,0.7115452070483556,3046,112566,0.8901227352425483,2.705968054297035,1886,15363,7.253846153846154,12.276248128620711,36.0,14.0,79.75,170,3495.0,0.0
B,hgb,A,True,matched_patient,source,B,0.1,silence6,0.020346180277781935,False,3422,260,0.3115137346580947,1066,0.29601755922773976,0.3273325795211423,0.5576923076923077,145,0.49503357852818486,0.6190207640581498,0.07307692307692308,19,0.04456804841474121,0.11176801216837896,0.5807692307692308,151,0.5182327066856658,0.6414429002104186,0.6153846153846154,160,0.553282234585166,0.6748242958704112,0.1576923076923077,41,0.11560128810580968,0.20778633763898294,0.6538461538461539,170,0.5925936592326151,0.7115452070483556,2414,112566,0.7054354178842782,2.1445196595774925,1336,15363,5.138461538461539,8.696218186552105,36.0,14.0,79.75,170,3495.0,0.0
B,hgb,A,True,matched_patient,source,B,0.1,three_of_five,0.013885116104962613,False,3422,260,0.2963179427235535,1014,0.281051726083522,0.31193290285269065,0.6076923076923076,158,0.5454669609465026,0.6674328218966985,0.08461538461538462,22,0.053787639900032665,0.12530640690882933,0.5538461538461539,144,0.49117981992915405,0.6152709416718329,0.6153846153846154,160,0.553282234585166,0.6748242958704112,0.14615384615384616,38,0.1055486183034218,0.19504523475188376,0.6384615384615384,166,0.5768212915155477,0.6969049520237736,11598,112566,3.3892460549386323,10.303288737274132,7630,15363,29.346153846153847,49.664779014515396,41.5,14.25,78.5,166,3495.0,0.0
B,hgb,A,True,matched_patient,source,B,0.2,hourly,0.010368649809591903,False,3422,260,0.5049678550555231,1728,0.48807192626891915,0.5218552870347928,0.7653846153846153,199,0.7090834137266593,0.8155258841649183,0.12307692307692308,32,0.0857285695142275,0.16928664425627182,0.6807692307692308,177,0.6203551380772118,0.7370045743373173,0.7807692307692308,203,0.7254924933335027,0.8295218662633832,0.20384615384615384,53,0.1565834125095002,0.25799896802704114,0.8038461538461539,209,0.7502950746013148,0.8503233889966193,19578,112566,5.721215663354763,17.392463088321517,9029,15363,34.72692307692308,58.77107335806809,34.0,12.0,81.0,209,3495.0,0.0
B,hgb,A,True,matched_patient,source,B,0.2,single,0.010368649809591903,False,3422,260,0.5049678550555231,1728,0.48807192626891915,0.5218552870347928,0.12307692307692308,32,0.0857285695142275,0.16928664425627182,0.12307692307692308,32,0.0857285695142275,0.16928664425627182,0.6807692307692308,177,0.6203551380772118,0.7370045743373173,0.20384615384615384,53,0.1565834125095002,0.25799896802704114,0.20384615384615384,53,0.1565834125095002,0.25799896802704114,0.8038461538461539,209,0.7502950746013148,0.8503233889966193,1728,112566,0.5049678550555231,1.535099408347103,209,15363,0.8038461538461539,1.3604113779860705,34.0,12.0,81.0,209,3495.0,0.0
B,hgb,A,True,matched_patient,source,B,0.2,silence4,0.010368649809591903,False,3422,260,0.5049678550555231,1728,0.48807192626891915,0.5218552870347928,0.7461538461538462,194,0.6887016964158197,0.7978991734107859,0.12307692307692308,32,0.0857285695142275,0.16928664425627182,0.6807692307692308,177,0.6203551380772118,0.7370045743373173,0.7769230769230769,202,0.7213811846284,0.826032066095538,0.20384615384615384,53,0.1565834125095002,0.25799896802704114,0.8038461538461539,209,0.7502950746013148,0.8503233889966193,6597,112566,1.9278199883109293,5.860561803741805,2510,15363,9.653846153846153,16.337954826531277,34.0,12.0,81.0,209,3495.0,0.0
B,hgb,A,True,matched_patient,source,B,0.2,silence6,0.010368649809591903,False,3422,260,0.5049678550555231,1728,0.48807192626891915,0.5218552870347928,0.7307692307692307,190,0.6724931928110037,0.783699528977546,0.12307692307692308,32,0.0857285695142275,0.16928664425627182,0.6807692307692308,177,0.6203551380772118,0.7370045743373173,0.7769230769230769,202,0.7213811846284,0.826032066095538,0.20384615384615384,53,0.1565834125095002,0.25799896802704114,0.8038461538461539,209,0.7502950746013148,0.8503233889966193,5006,112566,1.4628872004675628,4.447168772098147,1747,15363,6.719230769230769,11.371476925079737,34.0,12.0,81.0,209,3495.0,0.0
B,hgb,A,True,matched_patient,source,B,0.2,three_of_five,0.0070790452508127655,False,3422,260,0.5134424313267095,1757,0.4965444798760845,0.5303173913350133,0.7730769230769231,201,0.7172759729308574,0.8225360615332309,0.11538461538461539,30,0.0792184100032875,0.16060732012943613,0.6846153846153846,178,0.624338233374927,0.7406243072276576,0.7846153846153846,204,0.7296100117697929,0.8330053444521848,0.19230769230769232,50,0.14623386450255196,0.24554746904756194,0.8,208,0.7461446245880814,0.8468734876718608,27192,112566,7.9462302746931615,24.156494856350943,10147,15363,39.026923076923076,66.04829785849118,36.5,13.75,79.25,208,3495.0,0.0
B,hgb,A,True,matched_patient,local,A,0.05,hourly,0.08950998114510791,False,3422,260,0.058445353594389245,200,0.050819587163066594,0.06683595387836007,0.25384615384615383,66,0.2021008265892141,0.3112983035841803,0.08461538461538462,22,0.053787639900032665,0.12530640690882933,0.3192307692307692,83,0.26299542566268275,0.37964486192278823,0.3038461538461538,79,0.24854339617943846,0.36368583566133794,0.11153846153846154,29,0.07598371413376193,0.15624806677190298,0.40384615384615385,105,0.3436830893226146,0.46622739051810147,731,112566,0.2136177673874927,0.6493967983227618,1864,15363,7.1692307692307695,12.133046930937969,42.0,11.0,71.0,105,3422.0,0.0
B,hgb,A,True,matched_patient,local,A,0.05,single,0.08950998114510791,False,3422,260,0.058445353594389245,200,0.050819587163066594,0.06683595387836007,0.08461538461538462,22,0.053787639900032665,0.12530640690882933,0.08461538461538462,22,0.053787639900032665,0.12530640690882933,0.3192307692307692,83,0.26299542566268275,0.37964486192278823,0.11153846153846154,29,0.07598371413376193,0.15624806677190298,0.11153846153846154,29,0.07598371413376193,0.15624806677190298,0.40384615384615385,105,0.3436830893226146,0.46622739051810147,200,112566,0.058445353594389245,0.17767354263276655,105,15363,0.40384615384615385,0.6834602616676431,42.0,11.0,71.0,105,3422.0,0.0
B,hgb,A,True,matched_patient,local,A,0.05,silence4,0.08950998114510791,False,3422,260,0.058445353594389245,200,0.050819587163066594,0.06683595387836007,0.24615384615384617,64,0.19503325574790772,0.3031622496781815,0.08461538461538462,22,0.053787639900032665,0.12530640690882933,0.3192307692307692,83,0.26299542566268275,0.37964486192278823,0.28846153846153844,75,0.23416490449494096,0.3476540198864366,0.11153846153846154,29,0.07598371413376193,0.15624806677190298,0.40384615384615385,105,0.3436830893226146,0.46622739051810147,320,112566,0.09351256575102279,0.2842776682124265,626,15363,2.4076923076923076,4.074724988608995,42.0,11.0,71.0,105,3422.0,0.0
B,hgb,A,True,matched_patient,local,A,0.05,silence6,0.08950998114510791,False,3422,260,0.058445353594389245,200,0.050819587163066594,0.06683595387836007,0.24615384615384617,64,0.19503325574790772,0.3031622496781815,0.08461538461538462,22,0.053787639900032665,0.12530640690882933,0.3192307692307692,83,0.26299542566268275,0.37964486192278823,0.28846153846153844,75,0.23416490449494096,0.3476540198864366,0.11153846153846154,29,0.07598371413376193,0.15624806677190298,0.40384615384615385,105,0.3436830893226146,0.46622739051810147,282,112566,0.08240794856808883,0.25051969511220085,484,15363,1.8615384615384616,3.1504263490203734,42.0,11.0,71.0,105,3422.0,0.0
B,hgb,A,True,matched_patient,local,A,0.05,three_of_five,0.05136583520526252,False,3422,260,0.06253652834599649,214,0.05465453419044074,0.07117571405403174,0.27692307692307694,72,0.22343133452390584,0.33558042212919603,0.04230769230769231,11,0.021306124410337163,0.07443784999427439,0.35,91,0.2921087149368635,0.411355530794629,0.3346153846153846,87,0.2775180451820704,0.3955339433777159,0.08076923076923077,21,0.05069164834563968,0.12081507516255137,0.3923076923076923,102,0.3325671781033015,0.4545330390534974,1320,112566,0.38573933372296904,1.1726453813762592,3163,15363,12.165384615384616,20.588426739569094,44.0,16.25,76.75,102,3422.0,0.0
B,hgb,A,True,matched_patient,local,A,0.1,hourly,0.05501590692143607,False,3422,260,0.11104617182933957,380,0.10070881792092527,0.12205321753526233,0.36153846153846153,94,0.30309504797622655,0.42317870848445227,0.07692307692307693,20,0.04761793388225715,0.11630274170964292,0.40384615384615385,105,0.3436830893226146,0.46622739051810147,0.40384615384615385,105,0.3436830893226146,0.46622739051810147,0.11153846153846154,29,0.07598371413376193,0.15624806677190298,0.4807692307692308,125,0.4186398066606019,0.5433419768273844,1736,112566,0.5073056691992986,1.5422063500524137,3123,15363,12.011538461538462,20.328060925600468,38.0,14.0,77.0,125,3422.0,0.0
B,hgb,A,True,matched_patient,local,A,0.1,single,0.05501590692143607,False,3422,260,0.11104617182933957,380,0.10070881792092527,0.12205321753526233,0.07692307692307693,20,0.04761793388225715,0.11630274170964292,0.07692307692307693,20,0.04761793388225715,0.11630274170964292,0.40384615384615385,105,0.3436830893226146,0.46622739051810147,0.11153846153846154,29,0.07598371413376193,0.15624806677190298,0.11153846153846154,29,0.07598371413376193,0.15624806677190298,0.4807692307692308,125,0.4186398066606019,0.5433419768273844,380,112566,0.11104617182933957,0.33757973100225647,125,15363,0.4807692307692308,0.813643168651956,38.0,14.0,77.0,125,3422.0,0.0
B,hgb,A,True,matched_patient,local,A,0.1,silence4,0.05501590692143607,False,3422,260,0.11104617182933957,380,0.10070881792092527,0.12205321753526233,0.34615384615384615,90,0.28845479295164445,0.40740634076738497,0.07692307692307693,20,0.04761793388225715,0.11630274170964292,0.40384615384615385,105,0.3436830893226146,0.46622739051810147,0.3923076923076923,102,0.3325671781033015,0.4545330390534974,0.11153846153846154,29,0.07598371413376193,0.15624806677190298,0.4807692307692308,125,0.4186398066606019,0.5433419768273844,737,112566,0.21537112799532437,0.6547270046017447,1009,15363,3.8807692307692307,6.5677276573585885,38.0,14.0,77.0,125,3422.0,0.0
B,hgb,A,True,matched_patient,local,A,0.1,silence6,0.05501590692143607,False,3422,260,0.11104617182933957,380,0.10070881792092527,0.12205321753526233,0.3384615384615385,88,0.2811594239862942,0.399495579935102,0.07692307692307693,20,0.04761793388225715,0.11630274170964292,0.40384615384615385,105,0.3436830893226146,0.46622739051810147,0.3923076923076923,102,0.3325671781033015,0.4545330390534974,0.11153846153846154,29,0.07598371413376193,0.15624806677190298,0.4807692307692308,125,0.4186398066606019,0.5433419768273844,615,112566,0.17971946230274694,0.5463461435957572,764,15363,2.9384615384615387,4.972987046800755,38.0,14.0,77.0,125,3422.0,0.0
B,hgb,A,True,matched_patient,local,A,0.1,three_of_five,0.033652249172991915,False,3422,260,0.11689070718877849,400,0.10631052466225625,0.1281302591293105,0.3769230769230769,98,0.3177997323515889,0.43888707295826807,0.05384615384615385,14,0.029747358573078628,0.08869513158163991,0.3923076923076923,102,0.3325671781033015,0.4545330390534974,0.4076923076923077,106,0.347395969811679,0.47011796530427746,0.09230769230769231,24,0.060041087107546756,0.13423091478953855,0.4461538461538462,116,0.3847290583281671,0.508820180070846,2915,112566,0.8518410286382233,2.5895918838725724,4621,15363,17.773076923076925,30.07876065872551,46.0,16.75,79.0,116,3422.0,0.0
B,hgb,A,True,matched_patient,local,A,0.2,hourly,0.03004720894955193,False,3422,260,0.21917007597895968,750,0.20540806593505714,0.23341353923969674,0.4846153846153846,126,0.4224255890296417,0.5471598341109978,0.06923076923076923,18,0.04154374938080101,0.10720931548723328,0.5076923076923077,132,0.4452151462278158,0.5699921446328011,0.5307692307692308,138,0.46813301714947464,0.5926960975721396,0.1423076923076923,37,0.1022176612983699,0.19077885503803618,0.5769230769230769,150,0.5143570131415461,0.6377150795509512,4631,112566,1.353302162478083,4.114030879661709,5170,15363,19.884615384615383,33.6522814554449,40.5,13.25,79.75,150,3422.0,0.0
B,hgb,A,True,matched_patient,local,A,0.2,single,0.03004720894955193,False,3422,260,0.21917007597895968,750,0.20540806593505714,0.23341353923969674,0.06923076923076923,18,0.04154374938080101,0.10720931548723328,0.06923076923076923,18,0.04154374938080101,0.10720931548723328,0.5076923076923077,132,0.4452151462278158,0.5699921446328011,0.1423076923076923,37,0.1022176612983699,0.19077885503803618,0.1423076923076923,37,0.1022176612983699,0.19077885503803618,0.5769230769230769,150,0.5143570131415461,0.6377150795509512,750,112566,0.21917007597895968,0.6662757848728745,150,15363,0.5769230769230769,0.9763718023823472,40.5,13.25,79.75,150,3422.0,0.0
B,hgb,A,True,matched_patient,local,A,0.2,silence4,0.03004720894955193,False,3422,260,0.21917007597895968,750,0.20540806593505714,0.23341353923969674,0.47692307692307695,124,0.4148575954746841,0.5395205514079553,0.06923076923076923,18,0.04154374938080101,0.10720931548723328,0.5076923076923077,132,0.4452151462278158,0.5699921446328011,0.5269230769230769,137,0.4643044453156518,0.5889210407444236,0.1423076923076923,37,0.1022176612983699,0.19077885503803618,0.5769230769230769,150,0.5143570131415461,0.6377150795509512,1832,112566,0.5353594389246055,1.6274896505161416,1531,15363,5.888461538461539,9.965501529649156,40.5,13.25,79.75,150,3422.0,0.0
B,hgb,A,True,matched_patient,local,A,0.2,silence6,0.03004720894955193,False,3422,260,0.21917007597895968,750,0.20540806593505714,0.23341353923969674,0.46153846153846156,120,0.3997645478736393,0.5241990954187925,0.06923076923076923,18,0.04154374938080101,0.10720931548723328,0.5076923076923077,132,0.4452151462278158,0.5699921446328011,0.5269230769230769,137,0.4643044453156518,0.5889210407444236,0.1423076923076923,37,0.1022176612983699,0.19077885503803618,0.5769230769230769,150,0.5143570131415461,0.6377150795509512,1485,112566,0.43395675043834014,1.3192260540482916,1099,15363,4.226923076923077,7.153550738787997,40.5,13.25,79.75,150,3422.0,0.0
B,hgb,A,True,matched_patient,local,A,0.2,three_of_five,0.019472390233896793,False,3422,260,0.2136177673874927,731,0.19998856949750965,0.22773799976517412,0.5192307692307693,135,0.4566580231726156,0.5813601933393981,0.08846153846153847,23,0.056904529930987525,0.12977798138132213,0.4653846153846154,121,0.4035324300609536,0.5280348314593853,0.5307692307692308,138,0.46813301714947464,0.5926960975721396,0.12692307692307692,33,0.08900292086334358,0.17360774916804508,0.5538461538461539,144,0.49117981992915405,0.6152709416718329,7162,112566,2.0929281122150787,6.362489561679371,6501,15363,25.003846153846155,42.31595391525093,40.0,17.0,79.25,144,3422.0,0.0
B,hgb,B,False,fixed,source_hourly,B,,hourly,0.0076662747879024,False,3473,154,0.26173337172473365,909,0.24717540040951944,0.2766934687012764,0.7857142857142857,121,0.7124370525869215,0.8476690938244609,0.14935064935064934,23,0.09709247614920305,0.21562493393266466,0.6623376623376623,102,0.5818159157374663,0.7364756916783293,0.8051948051948052,124,0.7337323206695141,0.8645377525148343,0.2077922077922078,32,0.14668295710506496,0.28048878625548723,0.8116883116883117,125,0.7408810056025286,0.8701086382897969,11622,110910,3.3463864094442846,10.478766567487153,6287,10467,40.824675324675326,60.06496608388268,32.0,10.0,92.0,125,,
B,hgb,B,False,fixed,source_hourly,B,,single,0.0076662747879024,False,3473,154,0.26173337172473365,909,0.24717540040951944,0.2766934687012764,0.14935064935064934,23,0.09709247614920305,0.21562493393266466,0.14935064935064934,23,0.09709247614920305,0.21562493393266466,0.6623376623376623,102,0.5818159157374663,0.7364756916783293,0.2077922077922078,32,0.14668295710506496,0.28048878625548723,0.2077922077922078,32,0.14668295710506496,0.28048878625548723,0.8116883116883117,125,0.7408810056025286,0.8701086382897969,909,110910,0.26173337172473365,0.8195834460373276,125,10467,0.8116883116883117,1.1942294831374798,32.0,10.0,92.0,125,,
B,hgb,B,False,fixed,source_hourly,B,,silence4,0.0076662747879024,False,3473,154,0.26173337172473365,909,0.24717540040951944,0.2766934687012764,0.7857142857142857,121,0.7124370525869215,0.8476690938244609,0.14935064935064934,23,0.09709247614920305,0.21562493393266466,0.6623376623376623,102,0.5818159157374663,0.7364756916783293,0.8051948051948052,124,0.7337323206695141,0.8645377525148343,0.2077922077922078,32,0.14668295710506496,0.28048878625548723,0.8116883116883117,125,0.7408810056025286,0.8701086382897969,3749,110910,1.0794701986754967,3.3802181949328283,1693,10467,10.993506493506494,16.174644119614026,32.0,10.0,92.0,125,,
B,hgb,B,False,fixed,source_hourly,B,,silence6,0.0076662747879024,False,3473,154,0.26173337172473365,909,0.24717540040951944,0.2766934687012764,0.7857142857142857,121,0.7124370525869215,0.8476690938244609,0.14935064935064934,23,0.09709247614920305,0.21562493393266466,0.6623376623376623,102,0.5818159157374663,0.7364756916783293,0.8051948051948052,124,0.7337323206695141,0.8645377525148343,0.2077922077922078,32,0.14668295710506496,0.28048878625548723,0.8116883116883117,125,0.7408810056025286,0.8701086382897969,2830,110910,0.8148574719262885,2.5516184293571365,1186,10467,7.701298701298701,11.330849336008407,32.0,10.0,92.0,125,,
B,hgb,B,False,fixed,source_hourly,B,,three_of_five,0.0076662747879024,False,3473,154,0.18658220558594873,648,0.17374972008311582,0.19994451550252104,0.6883116883116883,106,0.6087862778012476,0.7604240399050952,0.14285714285714285,22,0.09174423389007917,0.20826292895084628,0.5584415584415584,86,0.4762897957283101,0.6383007924239325,0.7012987012987013,108,0.6223683843664618,0.7722997634824612,0.2077922077922078,32,0.14668295710506496,0.28048878625548723,0.7012987012987013,108,0.6223683843664618,0.7722997634824612,10179,110910,2.9308954794126114,9.177711658101163,6030,10467,39.15584415584416,57.609630266552024,33.5,8.75,102.25,108,,
B,hgb,B,False,fixed,source_patient,B,,hourly,0.0203461802777819,False,3473,154,0.10336884537863518,359,0.09343684979773562,0.113974019438755,0.564935064935065,87,0.4827812832492392,0.6445413892350467,0.12337662337662338,19,0.07594157997544664,0.18594747950447785,0.4805194805194805,74,0.39942240822170416,0.5623805006127327,0.5844155844155844,90,0.5023364772452834,0.6631820267815618,0.19480519480519481,30,0.1354622474851656,0.26626767933048573,0.6038961038961039,93,0.5220144545331564,0.6816990915912942,4154,110910,1.1960840771667147,3.745379136236588,4413,10467,28.655844155844157,42.161077672685586,30.0,8.0,88.0,93,,
B,hgb,B,False,fixed,source_patient,B,,single,0.0203461802777819,False,3473,154,0.10336884537863518,359,0.09343684979773562,0.113974019438755,0.12337662337662338,19,0.07594157997544664,0.18594747950447785,0.12337662337662338,19,0.07594157997544664,0.18594747950447785,0.4805194805194805,74,0.39942240822170416,0.5623805006127327,0.19480519480519481,30,0.1354622474851656,0.26626767933048573,0.19480519480519481,30,0.1354622474851656,0.26626767933048573,0.6038961038961039,93,0.5220144545331564,0.6816990915912942,359,110910,0.10336884537863518,0.3236858714272834,93,10467,0.6038961038961039,0.8885067354542849,30.0,8.0,88.0,93,,
B,hgb,B,False,fixed,source_patient,B,,silence4,0.0203461802777819,False,3473,154,0.10336884537863518,359,0.09343684979773562,0.113974019438755,0.5584415584415584,86,0.4762897957283101,0.6383007924239325,0.12337662337662338,19,0.07594157997544664,0.18594747950447785,0.4805194805194805,74,0.39942240822170416,0.5623805006127327,0.5844155844155844,90,0.5023364772452834,0.6631820267815618,0.19480519480519481,30,0.1354622474851656,0.26626767933048573,0.6038961038961039,93,0.5220144545331564,0.6816990915912942,1347,110910,0.38784912179671754,1.21449824181769,1219,10467,7.915584415584416,11.646125919556702,30.0,8.0,88.0,93,,
B,hgb,B,False,fixed,source_patient,B,,silence6,0.0203461802777819,False,3473,154,0.10336884537863518,359,0.09343684979773562,0.113974019438755,0.538961038961039,83,0.4568952038019044,0.6194988081503725,0.12337662337662338,19,0.07594157997544664,0.18594747950447785,0.4805194805194805,74,0.39942240822170416,0.5623805006127327,0.577922077922078,89,0.495804551471393,0.6569820862246672,0.19480519480519481,30,0.1354622474851656,0.26626767933048573,0.6038961038961039,93,0.5220144545331564,0.6816990915912942,1021,110910,0.29398214799884825,0.9205662248670093,854,10467,5.545454545454546,8.158975828795262,30.0,8.0,88.0,93,,
B,hgb,B,False,fixed,source_patient,B,,three_of_five,0.0203461802777819,False,3473,154,0.06334581053843939,220,0.055471055845409,0.07196503575957403,0.474025974025974,73,0.39310215464910636,0.5559684198387979,0.11038961038961038,17,0.06563574862508902,0.1708546283593505,0.3961038961038961,61,0.3183009084087059,0.4779855454668436,0.4805194805194805,74,0.39942240822170416,0.5623805006127327,0.14935064935064934,23,0.09709247614920305,0.21562493393266466,0.5064935064935064,78,0.4248347001162074,0.5878976719830555,3633,110910,1.0460696803915923,3.275628888287801,4259,10467,27.655844155844157,40.689786949460206,43.0,9.0,95.0,78,,
B,hgb,B,False,fixed,target_patient_all,B,,hourly,0.0203461802777819,False,3473,154,0.10336884537863518,359,0.09343684979773562,0.113974019438755,0.564935064935065,87,0.4827812832492392,0.6445413892350467,0.12337662337662338,19,0.07594157997544664,0.18594747950447785,0.4805194805194805,74,0.39942240822170416,0.5623805006127327,0.5844155844155844,90,0.5023364772452834,0.6631820267815618,0.19480519480519481,30,0.1354622474851656,0.26626767933048573,0.6038961038961039,93,0.5220144545331564,0.6816990915912942,4154,110910,1.1960840771667147,3.745379136236588,4413,10467,28.655844155844157,42.161077672685586,30.0,8.0,88.0,93,,
B,hgb,B,False,fixed,target_patient_all,B,,single,0.0203461802777819,False,3473,154,0.10336884537863518,359,0.09343684979773562,0.113974019438755,0.12337662337662338,19,0.07594157997544664,0.18594747950447785,0.12337662337662338,19,0.07594157997544664,0.18594747950447785,0.4805194805194805,74,0.39942240822170416,0.5623805006127327,0.19480519480519481,30,0.1354622474851656,0.26626767933048573,0.19480519480519481,30,0.1354622474851656,0.26626767933048573,0.6038961038961039,93,0.5220144545331564,0.6816990915912942,359,110910,0.10336884537863518,0.3236858714272834,93,10467,0.6038961038961039,0.8885067354542849,30.0,8.0,88.0,93,,
B,hgb,B,False,fixed,target_patient_all,B,,silence4,0.0203461802777819,False,3473,154,0.10336884537863518,359,0.09343684979773562,0.113974019438755,0.5584415584415584,86,0.4762897957283101,0.6383007924239325,0.12337662337662338,19,0.07594157997544664,0.18594747950447785,0.4805194805194805,74,0.39942240822170416,0.5623805006127327,0.5844155844155844,90,0.5023364772452834,0.6631820267815618,0.19480519480519481,30,0.1354622474851656,0.26626767933048573,0.6038961038961039,93,0.5220144545331564,0.6816990915912942,1347,110910,0.38784912179671754,1.21449824181769,1219,10467,7.915584415584416,11.646125919556702,30.0,8.0,88.0,93,,
B,hgb,B,False,fixed,target_patient_all,B,,silence6,0.0203461802777819,False,3473,154,0.10336884537863518,359,0.09343684979773562,0.113974019438755,0.538961038961039,83,0.4568952038019044,0.6194988081503725,0.12337662337662338,19,0.07594157997544664,0.18594747950447785,0.4805194805194805,74,0.39942240822170416,0.5623805006127327,0.577922077922078,89,0.495804551471393,0.6569820862246672,0.19480519480519481,30,0.1354622474851656,0.26626767933048573,0.6038961038961039,93,0.5220144545331564,0.6816990915912942,1021,110910,0.29398214799884825,0.9205662248670093,854,10467,5.545454545454546,8.158975828795262,30.0,8.0,88.0,93,,
B,hgb,B,False,fixed,target_patient_all,B,,three_of_five,0.0203461802777819,False,3473,154,0.06334581053843939,220,0.055471055845409,0.07196503575957403,0.474025974025974,73,0.39310215464910636,0.5559684198387979,0.11038961038961038,17,0.06563574862508902,0.1708546283593505,0.3961038961038961,61,0.3183009084087059,0.4779855454668436,0.4805194805194805,74,0.39942240822170416,0.5623805006127327,0.14935064935064934,23,0.09709247614920305,0.21562493393266466,0.5064935064935064,78,0.4248347001162074,0.5878976719830555,3633,110910,1.0460696803915923,3.275628888287801,4259,10467,27.655844155844157,40.689786949460206,43.0,9.0,95.0,78,,
B,hgb,B,False,fixed,source_sensitivity80,B,,hourly,0.009252657784886,False,3473,154,0.22286207889432766,774,0.20911508734431794,0.23707713513928008,0.7467532467532467,115,0.6704562022115017,0.8133037923349342,0.16233766233766234,25,0.10789697375694772,0.2302460073380077,0.6233766233766234,96,0.5418179298608965,0.7000896499196292,0.7727272727272727,119,0.6983576496114221,0.8363021624504441,0.24025974025974026,37,0.17515463972983172,0.3156343759716255,0.7857142857142857,121,0.7124370525869215,0.8476690938244609,9478,110910,2.729052692196948,8.545667658461817,5951,10467,38.642857142857146,56.85487723320913,30.0,8.0,88.0,121,,
B,hgb,B,False,fixed,source_sensitivity80,B,,single,0.009252657784886,False,3473,154,0.22286207889432766,774,0.20911508734431794,0.23707713513928008,0.16233766233766234,25,0.10789697375694772,0.2302460073380077,0.16233766233766234,25,0.10789697375694772,0.2302460073380077,0.6233766233766234,96,0.5418179298608965,0.7000896499196292,0.24025974025974026,37,0.17515463972983172,0.3156343759716255,0.24025974025974026,37,0.17515463972983172,0.3156343759716255,0.7857142857142857,121,0.7124370525869215,0.8476690938244609,774,110910,0.22286207889432766,0.6978631322694077,121,10467,0.7857142857142857,1.1560141396770804,30.0,8.0,88.0,121,,
B,hgb,B,False,fixed,source_sensitivity80,B,,silence4,0.009252657784886,False,3473,154,0.22286207889432766,774,0.20911508734431794,0.23707713513928008,0.7467532467532467,115,0.6704562022115017,0.8133037923349342,0.16233766233766234,25,0.10789697375694772,0.2302460073380077,0.6233766233766234,96,0.5418179298608965,0.7000896499196292,0.7727272727272727,119,0.6983576496114221,0.8363021624504441,0.24025974025974026,37,0.17515463972983172,0.3156343759716255,0.7857142857142857,121,0.7124370525869215,0.8476690938244609,3063,110910,0.8819464439965448,2.761698674601028,1601,10467,10.396103896103897,15.29569122002484,30.0,8.0,88.0,121,,
B,hgb,B,False,fixed,source_sensitivity80,B,,silence6,0.009252657784886,False,3473,154,0.22286207889432766,774,0.20911508734431794,0.23707713513928008,0.7402597402597403,114,0.6635311498924046,0.8075026275226315,0.16233766233766234,25,0.10789697375694772,0.2302460073380077,0.6233766233766234,96,0.5418179298608965,0.7000896499196292,0.7727272727272727,119,0.6983576496114221,0.8363021624504441,0.24025974025974026,37,0.17515463972983172,0.3156343759716255,0.7857142857142857,121,0.7124370525869215,0.8476690938244609,2315,110910,0.6665706881658509,2.0872779731313678,1117,10467,7.253246753246753,10.671634661316519,30.0,8.0,88.0,121,,
B,hgb,B,False,fixed,source_sensitivity80,B,,three_of_five,0.009252657784886,False,3473,154,0.15490930031672906,538,0.1430262676391629,0.16737634120095743,0.6298701298701299,97,0.5484475477587745,0.7061911110254089,0.12987012987012986,20,0.08116628783198608,0.19342644996192487,0.5194805194805194,80,0.43761949938726724,0.6005775917782958,0.6428571428571429,99,0.5617503359716175,0.7183500240108307,0.18181818181818182,28,0.12434817614954381,0.25194360460297427,0.6493506493506493,100,0.568423830477059,0.7244071305946688,8312,110910,2.393319896343219,7.494364800288523,5724,10467,37.16883116883117,54.68615649183147,33.0,11.75,101.25,100,,
B,hgb,B,False,fixed,probability_0_5,B,,hourly,0.5,False,3473,154,0.0017276130146847107,6,0.000634259110866727,0.003756465591878993,0.05194805194805195,8,0.022691322331244903,0.09979076774374385,0.032467532467532464,5,0.010624575174314588,0.074139540815779,0.06493506493506493,10,0.03157543125795952,0.11617453295680899,0.06493506493506493,10,0.03157543125795952,0.11617453295680899,0.03896103896103896,6,0.01443004397902957,0.08287046791898188,0.09740259740259741,15,0.05554678626924192,0.1555594165354727,38,110910,0.010941549093003168,0.03426201424578487,125,10467,0.8116883116883117,1.1942294831374798,16.0,3.0,92.0,15,,
B,hgb,B,False,fixed,probability_0_5,B,,single,0.5,False,3473,154,0.0017276130146847107,6,0.000634259110866727,0.003756465591878993,0.032467532467532464,5,0.010624575174314588,0.074139540815779,0.032467532467532464,5,0.010624575174314588,0.074139540815779,0.06493506493506493,10,0.03157543125795952,0.11617453295680899,0.03896103896103896,6,0.01443004397902957,0.08287046791898188,0.03896103896103896,6,0.01443004397902957,0.08287046791898188,0.09740259740259741,15,0.05554678626924192,0.1555594165354727,6,110910,0.0017276130146847107,0.005409791723018664,15,10467,0.09740259740259741,0.14330753797649756,16.0,3.0,92.0,15,,
B,hgb,B,False,fixed,probability_0_5,B,,silence4,0.5,False,3473,154,0.0017276130146847107,6,0.000634259110866727,0.003756465591878993,0.05194805194805195,8,0.022691322331244903,0.09979076774374385,0.032467532467532464,5,0.010624575174314588,0.074139540815779,0.06493506493506493,10,0.03157543125795952,0.11617453295680899,0.06493506493506493,10,0.03157543125795952,0.11617453295680899,0.03896103896103896,6,0.01443004397902957,0.08287046791898188,0.09740259740259741,15,0.05554678626924192,0.1555594165354727,16,110910,0.004606968039159228,0.014426111261383103,54,10467,0.35064935064935066,0.5159071367153912,16.0,3.0,92.0,15,,
B,hgb,B,False,fixed,probability_0_5,B,,silence6,0.5,False,3473,154,0.0017276130146847107,6,0.000634259110866727,0.003756465591878993,0.05194805194805195,8,0.022691322331244903,0.09979076774374385,0.032467532467532464,5,0.010624575174314588,0.074139540815779,0.06493506493506493,10,0.03157543125795952,0.11617453295680899,0.06493506493506493,10,0.03157543125795952,0.11617453295680899,0.03896103896103896,6,0.01443004397902957,0.08287046791898188,0.09740259740259741,15,0.05554678626924192,0.1555594165354727,14,110910,0.004031097034264325,0.012622847353710215,45,10467,0.2922077922077922,0.4299226139294927,16.0,3.0,92.0,15,,
B,hgb,B,False,fixed,probability_0_5,B,,three_of_five,0.5,False,3473,154,0.0005758710048949035,2,6.974826042369914e-05,0.002078679930002868,0.01948051948051948,3,0.004035510487662671,0.05587298283036054,0.01948051948051948,3,0.004035510487662671,0.05587298283036054,0.03896103896103896,6,0.01443004397902957,0.08287046791898188,0.032467532467532464,5,0.010624575174314588,0.074139540815779,0.01948051948051948,3,0.004035510487662671,0.05587298283036054,0.05844155844155844,9,0.027068461258342454,0.10803957445511275,23,110910,0.006622516556291391,0.02073753493823821,87,10467,0.564935064935065,0.8311837202636859,56.0,5.0,105.0,9,,
B,hgb,B,False,matched_patient,source,B,0.05,hourly,0.03631321309885649,False,3473,154,0.058162971494385256,202,0.05060958483972006,0.0664703565088166,0.44155844155844154,68,0.36169920757606755,0.5237102042716899,0.11038961038961038,17,0.06563574862508902,0.1708546283593505,0.38311688311688313,59,0.30602626918453524,0.46479736903144253,0.461038961038961,71,0.38050119184962744,0.5431047961980957,0.15584415584415584,24,0.10247735007166976,0.22295205632731505,0.4935064935064935,76,0.41210232801694446,0.5751652998837926,2169,110910,0.6245321048085228,1.9556397078712469,3125,10467,20.292207792207794,29.85573707843699,43.5,7.75,96.25,76,3495.0,0.0
B,hgb,B,False,matched_patient,source,B,0.05,single,0.03631321309885649,False,3473,154,0.058162971494385256,202,0.05060958483972006,0.0664703565088166,0.11038961038961038,17,0.06563574862508902,0.1708546283593505,0.11038961038961038,17,0.06563574862508902,0.1708546283593505,0.38311688311688313,59,0.30602626918453524,0.46479736903144253,0.15584415584415584,24,0.10247735007166976,0.22295205632731505,0.15584415584415584,24,0.10247735007166976,0.22295205632731505,0.4935064935064935,76,0.41210232801694446,0.5751652998837926,202,110910,0.058162971494385256,0.18212965467496167,76,10467,0.4935064935064935,0.7260915257475876,43.5,7.75,96.25,76,3495.0,0.0
B,hgb,B,False,matched_patient,source,B,0.05,silence4,0.03631321309885649,False,3473,154,0.058162971494385256,202,0.05060958483972006,0.0664703565088166,0.43506493506493504,67,0.35545861076495344,0.5172187167507608,0.11038961038961038,17,0.06563574862508902,0.1708546283593505,0.38311688311688313,59,0.30602626918453524,0.46479736903144253,0.461038961038961,71,0.38050119184962744,0.5431047961980957,0.15584415584415584,24,0.10247735007166976,0.22295205632731505,0.4935064935064935,76,0.41210232801694446,0.5751652998837926,724,110910,0.20846530377195507,0.6527815345775855,888,10467,5.766233766233766,8.483806248208655,43.5,7.75,96.25,76,3495.0,0.0
B,hgb,B,False,matched_patient,source,B,0.05,silence6,0.03631321309885649,False,3473,154,0.058162971494385256,202,0.05060958483972006,0.0664703565088166,0.4155844155844156,64,0.3368179732184382,0.49766352275471654,0.11038961038961038,17,0.06563574862508902,0.1708546283593505,0.38311688311688313,59,0.30602626918453524,0.46479736903144253,0.45454545454545453,70,0.37422055558671313,0.536653193318123,0.15584415584415584,24,0.10247735007166976,0.22295205632731505,0.4935064935064935,76,0.41210232801694446,0.5751652998837926,556,110910,0.16009213936078318,0.5013073663330628,632,10467,4.103896103896104,6.038024266743097,43.5,7.75,96.25,76,3495.0,0.0
B,hgb,B,False,matched_patient,source,B,0.05,three_of_five,0.02465578901307363,False,3473,154,0.05182839044054132,180,0.04469175087932373,0.05973083719176017,0.42857142857142855,66,0.34923148751687877,0.5107138210913531,0.1038961038961039,16,0.06056196521313005,0.16323424514689489,0.36363636363636365,56,0.28772204196049667,0.44490836908744047,0.42857142857142855,66,0.34923148751687877,0.5107138210913531,0.12987012987012986,20,0.08116628783198608,0.19342644996192487,0.4675324675324675,72,0.38679507150221737,0.5495431939115534,2918,110910,0.8401957961416643,2.6309620412947434,3876,10467,25.16883116883117,37.03066781312697,48.5,8.75,103.5,72,3495.0,0.0
B,hgb,B,False,matched_patient,source,B,0.1,hourly,0.020346180277781935,False,3473,154,0.10336884537863518,359,0.09343684979773562,0.113974019438755,0.564935064935065,87,0.4827812832492392,0.6445413892350467,0.12337662337662338,19,0.07594157997544664,0.18594747950447785,0.4805194805194805,74,0.39942240822170416,0.5623805006127327,0.5844155844155844,90,0.5023364772452834,0.6631820267815618,0.19480519480519481,30,0.1354622474851656,0.26626767933048573,0.6038961038961039,93,0.5220144545331564,0.6816990915912942,4154,110910,1.1960840771667147,3.745379136236588,4413,10467,28.655844155844157,42.161077672685586,30.0,8.0,88.0,93,3495.0,0.0
B,hgb,B,False,matched_patient,source,B,0.1,single,0.020346180277781935,False,3473,154,0.10336884537863518,359,0.09343684979773562,0.113974019438755,0.12337662337662338,19,0.07594157997544664,0.18594747950447785,0.12337662337662338,19,0.07594157997544664,0.18594747950447785,0.4805194805194805,74,0.39942240822170416,0.5623805006127327,0.19480519480519481,30,0.1354622474851656,0.26626767933048573,0.19480519480519481,30,0.1354622474851656,0.26626767933048573,0.6038961038961039,93,0.5220144545331564,0.6816990915912942,359,110910,0.10336884537863518,0.3236858714272834,93,10467,0.6038961038961039,0.8885067354542849,30.0,8.0,88.0,93,3495.0,0.0
B,hgb,B,False,matched_patient,source,B,0.1,silence4,0.020346180277781935,False,3473,154,0.10336884537863518,359,0.09343684979773562,0.113974019438755,0.5584415584415584,86,0.4762897957283101,0.6383007924239325,0.12337662337662338,19,0.07594157997544664,0.18594747950447785,0.4805194805194805,74,0.39942240822170416,0.5623805006127327,0.5844155844155844,90,0.5023364772452834,0.6631820267815618,0.19480519480519481,30,0.1354622474851656,0.26626767933048573,0.6038961038961039,93,0.5220144545331564,0.6816990915912942,1347,110910,0.38784912179671754,1.21449824181769,1219,10467,7.915584415584416,11.646125919556702,30.0,8.0,88.0,93,3495.0,0.0
B,hgb,B,False,matched_patient,source,B,0.1,silence6,0.020346180277781935,False,3473,154,0.10336884537863518,359,0.09343684979773562,0.113974019438755,0.538961038961039,83,0.4568952038019044,0.6194988081503725,0.12337662337662338,19,0.07594157997544664,0.18594747950447785,0.4805194805194805,74,0.39942240822170416,0.5623805006127327,0.577922077922078,89,0.495804551471393,0.6569820862246672,0.19480519480519481,30,0.1354622474851656,0.26626767933048573,0.6038961038961039,93,0.5220144545331564,0.6816990915912942,1021,110910,0.29398214799884825,0.9205662248670093,854,10467,5.545454545454546,8.158975828795262,30.0,8.0,88.0,93,3495.0,0.0
B,hgb,B,False,matched_patient,source,B,0.1,three_of_five,0.013885116104962613,False,3473,154,0.09876187733947596,343,0.08903651204392536,0.10916849364448997,0.564935064935065,87,0.4827812832492392,0.6445413892350467,0.11688311688311688,18,0.07076359466897236,0.178424551200866,0.4675324675324675,72,0.38679507150221737,0.5495431939115534,0.577922077922078,89,0.495804551471393,0.6569820862246672,0.16233766233766234,25,0.10789697375694772,0.2302460073380077,0.5844155844155844,90,0.5023364772452834,0.6631820267815618,5360,110910,1.5433342931183416,4.832747272563339,5037,10467,32.70779220779221,48.122671252507885,38.5,10.0,91.75,90,3495.0,0.0
B,hgb,B,False,matched_patient,source,B,0.2,hourly,0.010368649809591903,False,3473,154,0.20040310970342642,696,0.18720240972833946,0.2141100755300797,0.7142857142857143,110,0.6360180938237447,0.7841066855537645,0.16883116883116883,26,0.11334965164461629,0.237508334047446,0.5844155844155844,90,0.5023364772452834,0.6631820267815618,0.7402597402597403,114,0.6635311498924046,0.8075026275226315,0.23376623376623376,36,0.16941534126280763,0.3086489710130154,0.7532467532467533,116,0.6774008602873501,0.8190848809241055,8380,110910,2.412899510509646,7.5556757731494,5772,10467,37.48051948051948,55.14474061335626,29.0,8.0,89.5,116,3495.0,0.0
B,hgb,B,False,matched_patient,source,B,0.2,single,0.010368649809591903,False,3473,154,0.20040310970342642,696,0.18720240972833946,0.2141100755300797,0.16883116883116883,26,0.11334965164461629,0.237508334047446,0.16883116883116883,26,0.11334965164461629,0.237508334047446,0.5844155844155844,90,0.5023364772452834,0.6631820267815618,0.23376623376623376,36,0.16941534126280763,0.3086489710130154,0.23376623376623376,36,0.16941534126280763,0.3086489710130154,0.7532467532467533,116,0.6774008602873501,0.8190848809241055,696,110910,0.20040310970342642,0.627535839870165,116,10467,0.7532467532467533,1.1082449603515812,29.0,8.0,89.5,116,3495.0,0.0
B,hgb,B,False,matched_patient,source,B,0.2,silence4,0.010368649809591903,False,3473,154,0.20040310970342642,696,0.18720240972833946,0.2141100755300797,0.7142857142857143,110,0.6360180938237447,0.7841066855537645,0.16883116883116883,26,0.11334965164461629,0.237508334047446,0.5844155844155844,90,0.5023364772452834,0.6631820267815618,0.7402597402597403,114,0.6635311498924046,0.8075026275226315,0.23376623376623376,36,0.16941534126280763,0.3086489710130154,0.7532467532467533,116,0.6774008602873501,0.8190848809241055,2726,110910,0.7849121796717535,2.4578487061581464,1560,10467,10.12987012987013,14.903983949555746,29.0,8.0,89.5,116,3495.0,0.0
B,hgb,B,False,matched_patient,source,B,0.2,silence6,0.010368649809591903,False,3473,154,0.20040310970342642,696,0.18720240972833946,0.2141100755300797,0.7012987012987013,108,0.6223683843664618,0.7722997634824612,0.16883116883116883,26,0.11334965164461629,0.237508334047446,0.5844155844155844,90,0.5023364772452834,0.6631820267815618,0.7402597402597403,114,0.6635311498924046,0.8075026275226315,0.23376623376623376,36,0.16941534126280763,0.3086489710130154,0.7532467532467533,116,0.6774008602873501,0.8190848809241055,2047,110910,0.5894039735099338,1.8456406095032007,1087,10467,7.058441558441558,10.385019585363523,29.0,8.0,89.5,116,3495.0,0.0
B,hgb,B,False,matched_patient,source,B,0.2,three_of_five,0.0070790452508127655,False,3473,154,0.20126691621076878,699,0.18804404557276352,0.21499458167418634,0.7077922077922078,109,0.6291846328915405,0.7782119900886134,0.15584415584415584,24,0.10247735007166976,0.22295205632731505,0.577922077922078,89,0.495804551471393,0.6569820862246672,0.7337662337662337,113,0.6566252361706353,0.8016818841084835,0.2077922077922078,32,0.14668295710506496,0.28048878625548723,0.7337662337662337,113,0.6566252361706353,0.8016818841084835,11157,110910,3.2124964008062196,10.059507708953205,6187,10467,40.175324675324674,59.10958249737269,31.0,10.0,94.0,113,3495.0,0.0
B,hgb,B,False,matched_patient,local,B,0.05,hourly,0.03631321309885649,False,3473,154,0.058162971494385256,202,0.05060958483972006,0.0664703565088166,0.44155844155844154,68,0.36169920757606755,0.5237102042716899,0.11038961038961038,17,0.06563574862508902,0.1708546283593505,0.38311688311688313,59,0.30602626918453524,0.46479736903144253,0.461038961038961,71,0.38050119184962744,0.5431047961980957,0.15584415584415584,24,0.10247735007166976,0.22295205632731505,0.4935064935064935,76,0.41210232801694446,0.5751652998837926,2169,110910,0.6245321048085228,1.9556397078712469,3125,10467,20.292207792207794,29.85573707843699,43.5,7.75,96.25,76,3495.0,0.0
B,hgb,B,False,matched_patient,local,B,0.05,single,0.03631321309885649,False,3473,154,0.058162971494385256,202,0.05060958483972006,0.0664703565088166,0.11038961038961038,17,0.06563574862508902,0.1708546283593505,0.11038961038961038,17,0.06563574862508902,0.1708546283593505,0.38311688311688313,59,0.30602626918453524,0.46479736903144253,0.15584415584415584,24,0.10247735007166976,0.22295205632731505,0.15584415584415584,24,0.10247735007166976,0.22295205632731505,0.4935064935064935,76,0.41210232801694446,0.5751652998837926,202,110910,0.058162971494385256,0.18212965467496167,76,10467,0.4935064935064935,0.7260915257475876,43.5,7.75,96.25,76,3495.0,0.0
B,hgb,B,False,matched_patient,local,B,0.05,silence4,0.03631321309885649,False,3473,154,0.058162971494385256,202,0.05060958483972006,0.0664703565088166,0.43506493506493504,67,0.35545861076495344,0.5172187167507608,0.11038961038961038,17,0.06563574862508902,0.1708546283593505,0.38311688311688313,59,0.30602626918453524,0.46479736903144253,0.461038961038961,71,0.38050119184962744,0.5431047961980957,0.15584415584415584,24,0.10247735007166976,0.22295205632731505,0.4935064935064935,76,0.41210232801694446,0.5751652998837926,724,110910,0.20846530377195507,0.6527815345775855,888,10467,5.766233766233766,8.483806248208655,43.5,7.75,96.25,76,3495.0,0.0
B,hgb,B,False,matched_patient,local,B,0.05,silence6,0.03631321309885649,False,3473,154,0.058162971494385256,202,0.05060958483972006,0.0664703565088166,0.4155844155844156,64,0.3368179732184382,0.49766352275471654,0.11038961038961038,17,0.06563574862508902,0.1708546283593505,0.38311688311688313,59,0.30602626918453524,0.46479736903144253,0.45454545454545453,70,0.37422055558671313,0.536653193318123,0.15584415584415584,24,0.10247735007166976,0.22295205632731505,0.4935064935064935,76,0.41210232801694446,0.5751652998837926,556,110910,0.16009213936078318,0.5013073663330628,632,10467,4.103896103896104,6.038024266743097,43.5,7.75,96.25,76,3495.0,0.0
B,hgb,B,False,matched_patient,local,B,0.05,three_of_five,0.02465578901307363,False,3473,154,0.05182839044054132,180,0.04469175087932373,0.05973083719176017,0.42857142857142855,66,0.34923148751687877,0.5107138210913531,0.1038961038961039,16,0.06056196521313005,0.16323424514689489,0.36363636363636365,56,0.28772204196049667,0.44490836908744047,0.42857142857142855,66,0.34923148751687877,0.5107138210913531,0.12987012987012986,20,0.08116628783198608,0.19342644996192487,0.4675324675324675,72,0.38679507150221737,0.5495431939115534,2918,110910,0.8401957961416643,2.6309620412947434,3876,10467,25.16883116883117,37.03066781312697,48.5,8.75,103.5,72,3495.0,0.0
B,hgb,B,False,matched_patient,local,B,0.1,hourly,0.020346180277781935,False,3473,154,0.10336884537863518,359,0.09343684979773562,0.113974019438755,0.564935064935065,87,0.4827812832492392,0.6445413892350467,0.12337662337662338,19,0.07594157997544664,0.18594747950447785,0.4805194805194805,74,0.39942240822170416,0.5623805006127327,0.5844155844155844,90,0.5023364772452834,0.6631820267815618,0.19480519480519481,30,0.1354622474851656,0.26626767933048573,0.6038961038961039,93,0.5220144545331564,0.6816990915912942,4154,110910,1.1960840771667147,3.745379136236588,4413,10467,28.655844155844157,42.161077672685586,30.0,8.0,88.0,93,3495.0,0.0
B,hgb,B,False,matched_patient,local,B,0.1,single,0.020346180277781935,False,3473,154,0.10336884537863518,359,0.09343684979773562,0.113974019438755,0.12337662337662338,19,0.07594157997544664,0.18594747950447785,0.12337662337662338,19,0.07594157997544664,0.18594747950447785,0.4805194805194805,74,0.39942240822170416,0.5623805006127327,0.19480519480519481,30,0.1354622474851656,0.26626767933048573,0.19480519480519481,30,0.1354622474851656,0.26626767933048573,0.6038961038961039,93,0.5220144545331564,0.6816990915912942,359,110910,0.10336884537863518,0.3236858714272834,93,10467,0.6038961038961039,0.8885067354542849,30.0,8.0,88.0,93,3495.0,0.0
B,hgb,B,False,matched_patient,local,B,0.1,silence4,0.020346180277781935,False,3473,154,0.10336884537863518,359,0.09343684979773562,0.113974019438755,0.5584415584415584,86,0.4762897957283101,0.6383007924239325,0.12337662337662338,19,0.07594157997544664,0.18594747950447785,0.4805194805194805,74,0.39942240822170416,0.5623805006127327,0.5844155844155844,90,0.5023364772452834,0.6631820267815618,0.19480519480519481,30,0.1354622474851656,0.26626767933048573,0.6038961038961039,93,0.5220144545331564,0.6816990915912942,1347,110910,0.38784912179671754,1.21449824181769,1219,10467,7.915584415584416,11.646125919556702,30.0,8.0,88.0,93,3495.0,0.0
B,hgb,B,False,matched_patient,local,B,0.1,silence6,0.020346180277781935,False,3473,154,0.10336884537863518,359,0.09343684979773562,0.113974019438755,0.538961038961039,83,0.4568952038019044,0.6194988081503725,0.12337662337662338,19,0.07594157997544664,0.18594747950447785,0.4805194805194805,74,0.39942240822170416,0.5623805006127327,0.577922077922078,89,0.495804551471393,0.6569820862246672,0.19480519480519481,30,0.1354622474851656,0.26626767933048573,0.6038961038961039,93,0.5220144545331564,0.6816990915912942,1021,110910,0.29398214799884825,0.9205662248670093,854,10467,5.545454545454546,8.158975828795262,30.0,8.0,88.0,93,3495.0,0.0
B,hgb,B,False,matched_patient,local,B,0.1,three_of_five,0.013885116104962613,False,3473,154,0.09876187733947596,343,0.08903651204392536,0.10916849364448997,0.564935064935065,87,0.4827812832492392,0.6445413892350467,0.11688311688311688,18,0.07076359466897236,0.178424551200866,0.4675324675324675,72,0.38679507150221737,0.5495431939115534,0.577922077922078,89,0.495804551471393,0.6569820862246672,0.16233766233766234,25,0.10789697375694772,0.2302460073380077,0.5844155844155844,90,0.5023364772452834,0.6631820267815618,5360,110910,1.5433342931183416,4.832747272563339,5037,10467,32.70779220779221,48.122671252507885,38.5,10.0,91.75,90,3495.0,0.0
B,hgb,B,False,matched_patient,local,B,0.2,hourly,0.010368649809591903,False,3473,154,0.20040310970342642,696,0.18720240972833946,0.2141100755300797,0.7142857142857143,110,0.6360180938237447,0.7841066855537645,0.16883116883116883,26,0.11334965164461629,0.237508334047446,0.5844155844155844,90,0.5023364772452834,0.6631820267815618,0.7402597402597403,114,0.6635311498924046,0.8075026275226315,0.23376623376623376,36,0.16941534126280763,0.3086489710130154,0.7532467532467533,116,0.6774008602873501,0.8190848809241055,8380,110910,2.412899510509646,7.5556757731494,5772,10467,37.48051948051948,55.14474061335626,29.0,8.0,89.5,116,3495.0,0.0
B,hgb,B,False,matched_patient,local,B,0.2,single,0.010368649809591903,False,3473,154,0.20040310970342642,696,0.18720240972833946,0.2141100755300797,0.16883116883116883,26,0.11334965164461629,0.237508334047446,0.16883116883116883,26,0.11334965164461629,0.237508334047446,0.5844155844155844,90,0.5023364772452834,0.6631820267815618,0.23376623376623376,36,0.16941534126280763,0.3086489710130154,0.23376623376623376,36,0.16941534126280763,0.3086489710130154,0.7532467532467533,116,0.6774008602873501,0.8190848809241055,696,110910,0.20040310970342642,0.627535839870165,116,10467,0.7532467532467533,1.1082449603515812,29.0,8.0,89.5,116,3495.0,0.0
B,hgb,B,False,matched_patient,local,B,0.2,silence4,0.010368649809591903,False,3473,154,0.20040310970342642,696,0.18720240972833946,0.2141100755300797,0.7142857142857143,110,0.6360180938237447,0.7841066855537645,0.16883116883116883,26,0.11334965164461629,0.237508334047446,0.5844155844155844,90,0.5023364772452834,0.6631820267815618,0.7402597402597403,114,0.6635311498924046,0.8075026275226315,0.23376623376623376,36,0.16941534126280763,0.3086489710130154,0.7532467532467533,116,0.6774008602873501,0.8190848809241055,2726,110910,0.7849121796717535,2.4578487061581464,1560,10467,10.12987012987013,14.903983949555746,29.0,8.0,89.5,116,3495.0,0.0
B,hgb,B,False,matched_patient,local,B,0.2,silence6,0.010368649809591903,False,3473,154,0.20040310970342642,696,0.18720240972833946,0.2141100755300797,0.7012987012987013,108,0.6223683843664618,0.7722997634824612,0.16883116883116883,26,0.11334965164461629,0.237508334047446,0.5844155844155844,90,0.5023364772452834,0.6631820267815618,0.7402597402597403,114,0.6635311498924046,0.8075026275226315,0.23376623376623376,36,0.16941534126280763,0.3086489710130154,0.7532467532467533,116,0.6774008602873501,0.8190848809241055,2047,110910,0.5894039735099338,1.8456406095032007,1087,10467,7.058441558441558,10.385019585363523,29.0,8.0,89.5,116,3495.0,0.0
B,hgb,B,False,matched_patient,local,B,0.2,three_of_five,0.0070790452508127655,False,3473,154,0.20126691621076878,699,0.18804404557276352,0.21499458167418634,0.7077922077922078,109,0.6291846328915405,0.7782119900886134,0.15584415584415584,24,0.10247735007166976,0.22295205632731505,0.577922077922078,89,0.495804551471393,0.6569820862246672,0.7337662337662337,113,0.6566252361706353,0.8016818841084835,0.2077922077922078,32,0.14668295710506496,0.28048878625548723,0.7337662337662337,113,0.6566252361706353,0.8016818841084835,11157,110910,3.2124964008062196,10.059507708953205,6187,10467,40.175324675324674,59.10958249737269,31.0,10.0,94.0,113,3495.0,0.0
B,hgb_no_observation_features,A,True,fixed,source_hourly,B,,hourly,0.0110760222106053,False,3422,260,0.5748100526008182,1967,0.5580419960437668,0.5914501408076025,0.7461538461538462,194,0.6887016964158197,0.7978991734107859,0.07692307692307693,20,0.04761793388225715,0.11630274170964292,0.7384615384615385,192,0.6805870458043747,0.79080989192768,0.7692307692307693,200,0.7131767503836866,0.8190339650234727,0.2076923076923077,54,0.16004716303415034,0.26213584516883837,0.8153846153846154,212,0.7627890963844601,0.8606294997661971,31268,112566,9.137346580946815,27.777481655206724,8414,15363,32.36153846153846,54.76794896830046,37.5,12.0,77.0,212,,
B,hgb_no_observation_features,A,True,fixed,source_hourly,B,,single,0.0110760222106053,False,3422,260,0.5748100526008182,1967,0.5580419960437668,0.5914501408076025,0.07692307692307693,20,0.04761793388225715,0.11630274170964292,0.07692307692307693,20,0.04761793388225715,0.11630274170964292,0.7384615384615385,192,0.6805870458043747,0.79080989192768,0.2076923076923077,54,0.16004716303415034,0.26213584516883837,0.2076923076923077,54,0.16004716303415034,0.26213584516883837,0.8153846153846154,212,0.7627890963844601,0.8606294997661971,1967,112566,0.5748100526008182,1.7474192917932592,212,15363,0.8153846153846154,1.3799388140337174,37.5,12.0,77.0,212,,
B,hgb_no_observation_features,A,True,fixed,source_hourly,B,,silence4,0.0110760222106053,False,3422,260,0.5748100526008182,1967,0.5580419960437668,0.5914501408076025,0.7346153846153847,191,0.6765375556076899,0.7872573082522317,0.07692307692307693,20,0.04761793388225715,0.11630274170964292,0.7384615384615385,192,0.6805870458043747,0.79080989192768,0.7653846153846153,199,0.7090834137266593,0.8155258841649183,0.2076923076923077,54,0.16004716303415034,0.26213584516883837,0.8153846153846154,212,0.7627890963844601,0.8606294997661971,9502,112566,2.776738749269433,8.44127001048274,2365,15363,9.096153846153847,15.394128750895007,37.5,12.0,77.0,212,,
B,hgb_no_observation_features,A,True,fixed,source_hourly,B,,silence6,0.0110760222106053,False,3422,260,0.5748100526008182,1967,0.5580419960437668,0.5914501408076025,0.7307692307692307,190,0.6724931928110037,0.783699528977546,0.07692307692307693,20,0.04761793388225715,0.11630274170964292,0.7384615384615385,192,0.6805870458043747,0.79080989192768,0.7615384615384615,198,0.7049958640465166,0.8120119219758741,0.2076923076923077,54,0.16004716303415034,0.26213584516883837,0.8153846153846154,212,0.7627890963844601,0.8606294997661971,6932,112566,2.025715955581531,6.158164987651689,1666,15363,6.407692307692308,10.84423615179327,37.5,12.0,77.0,212,,
B,hgb_no_observation_features,A,True,fixed,source_hourly,B,,three_of_five,0.0110760222106053,False,3422,260,0.47691408533021623,1632,0.46005917463227014,0.4938084816470657,0.6807692307692308,177,0.6203551380772118,0.7370045743373173,0.09615384615384616,25,0.06319620619704305,0.1386662129471172,0.65,169,0.588644469205371,0.7078912850631365,0.7,182,0.6403151736256826,0.7550582459311282,0.16538461538461538,43,0.12234990109197903,0.21623487296439486,0.7461538461538462,194,0.6887016964158197,0.7978991734107859,28349,112566,8.284336645236703,25.184336300481494,8049,15363,30.95769230769231,52.39211091583675,38.0,14.25,73.75,194,,
B,hgb_no_observation_features,A,True,fixed,source_patient,B,,hourly,0.0267247098859803,False,3422,260,0.32028053769725306,1096,0.30466060118447963,0.3362081078103124,0.4807692307692308,125,0.4186398066606019,0.5433419768273844,0.07692307692307693,20,0.04761793388225715,0.11630274170964292,0.5615384615384615,146,0.49889096617302897,0.6227669479849403,0.5269230769230769,137,0.4643044453156518,0.5889210407444236,0.14615384615384616,38,0.1055486183034218,0.19504523475188376,0.6384615384615384,166,0.5768212915155477,0.6969049520237736,12029,112566,3.5151957919345413,10.686175221647744,3884,15363,14.938461538461539,25.281520536353575,38.0,15.0,71.0,166,,
B,hgb_no_observation_features,A,True,fixed,source_patient,B,,single,0.0267247098859803,False,3422,260,0.32028053769725306,1096,0.30466060118447963,0.3362081078103124,0.07692307692307693,20,0.04761793388225715,0.11630274170964292,0.07692307692307693,20,0.04761793388225715,0.11630274170964292,0.5615384615384615,146,0.49889096617302897,0.6227669479849403,0.14615384615384616,38,0.1055486183034218,0.19504523475188376,0.14615384615384616,38,0.1055486183034218,0.19504523475188376,0.6384615384615384,166,0.5768212915155477,0.6969049520237736,1096,112566,0.32028053769725306,0.9736510136275607,166,15363,0.6384615384615384,1.0805181279697975,38.0,15.0,71.0,166,,
B,hgb_no_observation_features,A,True,fixed,source_patient,B,,silence4,0.0267247098859803,False,3422,260,0.32028053769725306,1096,0.30466060118447963,0.3362081078103124,0.46923076923076923,122,0.40730390242786046,0.5318669828505254,0.07692307692307693,20,0.04761793388225715,0.11630274170964292,0.5615384615384615,146,0.49889096617302897,0.6227669479849403,0.5192307692307693,135,0.4566580231726156,0.5813601933393981,0.14615384615384616,38,0.1055486183034218,0.19504523475188376,0.6384615384615384,166,0.5768212915155477,0.6969049520237736,3934,112566,1.1496201052016364,3.4948385835865183,1204,15363,4.630769230769231,7.83701100045564,38.0,15.0,71.0,166,,
B,hgb_no_observation_features,A,True,fixed,source_patient,B,,silence6,0.0267247098859803,False,3422,260,0.32028053769725306,1096,0.30466060118447963,0.3362081078103124,0.45,117,0.3884825094295668,0.5126703187034927,0.07692307692307693,20,0.04761793388225715,0.11630274170964292,0.5615384615384615,146,0.49889096617302897,0.6227669479849403,0.5115384615384615,133,0.44902587420770024,0.5737850605643537,0.14615384615384616,38,0.1055486183034218,0.19504523475188376,0.6384615384615384,166,0.5768212915155477,0.6969049520237736,2969,112566,0.8676212741087084,2.6375637403834196,881,15363,3.3884615384615384,5.734557052658986,38.0,15.0,71.0,166,,
B,hgb_no_observation_features,A,True,fixed,source_patient,B,,three_of_five,0.0267247098859803,False,3422,260,0.2369959088252484,811,0.22283167954639518,0.25161086380530473,0.38846153846153847,101,0.32886951426272987,0.4506273191063301,0.057692307692307696,15,0.03264595656049222,0.0933703024539803,0.46923076923076923,122,0.40730390242786046,0.5318669828505254,0.45,117,0.3884825094295668,0.5126703187034927,0.11538461538461539,30,0.0792184100032875,0.16060732012943613,0.5269230769230769,137,0.4643044453156518,0.5889210407444236,10542,112566,3.0806545879602574,9.365172432173125,3612,15363,13.892307692307693,23.511033001366922,36.0,15.0,73.0,137,,
B,hgb_no_observation_features,A,True,fixed,target_patient_all,A,,hourly,0.0805475067684589,False,3422,260,0.10520163646990065,360,0.09511634408892898,0.11596697429928321,0.1423076923076923,37,0.1022176612983699,0.19077885503803618,0.038461538461538464,10,0.01859528197658067,0.06959294205488485,0.2923076923076923,76,0.2377524548708487,0.35166896996509844,0.18461538461538463,48,0.1393705002338029,0.23721090361553987,0.09230769230769231,24,0.060041087107546756,0.13423091478953855,0.33076923076923076,86,0.2738809177986963,0.391568090107302,2686,112566,0.7849210987726476,2.386155677558055,842,15363,3.2384615384615385,5.480700384039576,29.0,11.25,68.0,86,,
B,hgb_no_observation_features,A,True,fixed,target_patient_all,A,,single,0.0805475067684589,False,3422,260,0.10520163646990065,360,0.09511634408892898,0.11596697429928321,0.038461538461538464,10,0.01859528197658067,0.06959294205488485,0.038461538461538464,10,0.01859528197658067,0.06959294205488485,0.2923076923076923,76,0.2377524548708487,0.35166896996509844,0.09230769230769231,24,0.060041087107546756,0.13423091478953855,0.09230769230769231,24,0.060041087107546756,0.13423091478953855,0.33076923076923076,86,0.2738809177986963,0.391568090107302,360,112566,0.10520163646990065,0.3198123767389798,86,15363,0.33076923076923076,0.5597865000325457,29.0,11.25,68.0,86,,
B,hgb_no_observation_features,A,True,fixed,target_patient_all,A,,silence4,0.0805475067684589,False,3422,260,0.10520163646990065,360,0.09511634408892898,0.11596697429928321,0.1346153846153846,35,0.0955876927993484,0.18221515197375376,0.038461538461538464,10,0.01859528197658067,0.06959294205488485,0.2923076923076923,76,0.2377524548708487,0.35166896996509844,0.18461538461538463,48,0.1393705002338029,0.23721090361553987,0.09230769230769231,24,0.060041087107546756,0.13423091478953855,0.33076923076923076,86,0.2738809177986963,0.391568090107302,952,112566,0.27819988310929283,0.8457260629319688,294,15363,1.1307692307692307,1.9136887326694005,29.0,11.25,68.0,86,,
B,hgb_no_observation_features,A,True,fixed,target_patient_all,A,,silence6,0.0805475067684589,False,3422,260,0.10520163646990065,360,0.09511634408892898,0.11596697429928321,0.13076923076923078,34,0.09228944800343739,0.1779171090290837,0.038461538461538464,10,0.01859528197658067,0.06959294205488485,0.2923076923076923,76,0.2377524548708487,0.35166896996509844,0.18461538461538463,48,0.1393705002338029,0.23721090361553987,0.09230769230769231,24,0.060041087107546756,0.13423091478953855,0.33076923076923076,86,0.2738809177986963,0.391568090107302,760,112566,0.22209234365867914,0.6751594620045129,232,15363,0.8923076923076924,1.5101217210180304,29.0,11.25,68.0,86,,
B,hgb_no_observation_features,A,True,fixed,target_patient_all,A,,three_of_five,0.0805475067684589,False,3422,260,0.06224430157802455,213,0.05438027047836124,0.07086606790092899,0.09230769230769231,24,0.060041087107546756,0.13423091478953855,0.015384615384615385,4,0.004207286130072405,0.038920065046154154,0.16538461538461538,43,0.12234990109197903,0.21623487296439486,0.11538461538461539,30,0.0792184100032875,0.16060732012943613,0.04230769230769231,11,0.021306124410337163,0.07443784999427439,0.18076923076923077,47,0.13595023652351615,0.2330314571026734,2229,112566,0.6513734658094682,1.9801716326421832,702,15363,2.7,4.569420035149385,28.0,13.5,62.5,47,,
B,hgb_no_observation_features,A,True,fixed,source_sensitivity80,B,,hourly,0.0067090573169346,False,3422,260,0.7241379310344828,2478,0.7088296598337298,0.7390623313730028,0.8423076923076923,219,0.7922136623610171,0.8843987118941903,0.07307692307692308,19,0.04456804841474121,0.11176801216837896,0.8153846153846154,212,0.7627890963844601,0.8606294997661971,0.8615384615384616,224,0.8134977233371483,0.9011027705692849,0.20384615384615384,53,0.1565834125095002,0.25799896802704114,0.8884615384615384,231,0.843751933228097,0.9240162858662381,48285,112566,14.110169491525424,42.894835030115665,10933,15363,42.05,71.16448610297468,39.0,14.0,81.0,231,,
B,hgb_no_observation_features,A,True,fixed,source_sensitivity80,B,,single,0.0067090573169346,False,3422,260,0.7241379310344828,2478,0.7088296598337298,0.7390623313730028,0.07307692307692308,19,0.04456804841474121,0.11176801216837896,0.07307692307692308,19,0.04456804841474121,0.11176801216837896,0.8153846153846154,212,0.7627890963844601,0.8606294997661971,0.20384615384615384,53,0.1565834125095002,0.25799896802704114,0.20384615384615384,53,0.1565834125095002,0.25799896802704114,0.8884615384615384,231,0.843751933228097,0.9240162858662381,2478,112566,0.7241379310344828,2.2013751932199774,231,15363,0.8884615384615384,1.5036125756688148,39.0,14.0,81.0,231,,
B,hgb_no_observation_features,A,True,fixed,source_sensitivity80,B,,silence4,0.0067090573169346,False,3422,260,0.7241379310344828,2478,0.7088296598337298,0.7390623313730028,0.8307692307692308,216,0.7795537555055277,0.8742625501121982,0.07307692307692308,19,0.04456804841474121,0.11176801216837896,0.8153846153846154,212,0.7627890963844601,0.8606294997661971,0.8615384615384616,224,0.8134977233371483,0.9011027705692849,0.20384615384615384,53,0.1565834125095002,0.25799896802704114,0.8884615384615384,231,0.843751933228097,0.9240162858662381,14057,112566,4.107831677381649,12.487784943943998,2976,15363,11.446153846153846,19.37121655926577,39.0,14.0,81.0,231,,
B,hgb_no_observation_features,A,True,fixed,source_sensitivity80,B,,silence6,0.0067090573169346,False,3422,260,0.7241379310344828,2478,0.7088296598337298,0.7390623313730028,0.8115384615384615,211,0.7586171500694373,0.8572015632405678,0.07307692307692308,19,0.04456804841474121,0.11176801216837896,0.8153846153846154,212,0.7627890963844601,0.8606294997661971,0.8615384615384616,224,0.8134977233371483,0.9011027705692849,0.20384615384615384,53,0.1565834125095002,0.25799896802704114,0.8884615384615384,231,0.843751933228097,0.9240162858662381,10045,112566,2.9354178842781997,8.9236536787307,2043,15363,7.857692307692307,13.29818394844757,39.0,14.0,81.0,231,,
B,hgb_no_observation_features,A,True,fixed,source_sensitivity80,B,,three_of_five,0.0067090573169346,False,3422,260,0.6347165400350672,2172,0.6183278382739008,0.6508747282956638,0.8192307692307692,213,0.7669685428973266,0.8640497634764839,0.1076923076923077,28,0.07276342867941939,0.15187499124978418,0.75,195,0.6927670081758962,0.8014357140033141,0.8346153846153846,217,0.7837651270356051,0.8776500989080209,0.23076923076923078,60,0.18096603497652733,0.28682324961631334,0.8576923076923076,223,0.8092211449619637,0.8977823387016302,44470,112566,12.99532437171245,39.50571220439564,10527,15363,40.488461538461536,68.52177309119313,34.0,12.0,75.0,223,,
B,hgb_no_observation_features,A,True,fixed,probability_0_5,A,,hourly,0.5,False,3422,260,0.0035067212156633548,12,0.001813246449138173,0.006117515914971156,0.0038461538461538464,1,9.737144364818687e-05,0.02124194450020736,0.0038461538461538464,1,9.737144364818687e-05,0.02124194450020736,0.007692307692307693,2,0.0009329355060647013,0.027509464774955892,0.0038461538461538464,1,9.737144364818687e-05,0.02124194450020736,0.0038461538461538464,1,9.737144364818687e-05,0.02124194450020736,0.011538461538461539,3,0.0023858584654653397,0.03334809595182638,47,112566,0.013734658094681473,0.04175328251870014,14,15363,0.05384615384615385,0.09112803488901908,34.0,18.0,54.0,3,,
B,hgb_no_observation_features,A,True,fixed,probability_0_5,A,,single,0.5,False,3422,260,0.0035067212156633548,12,0.001813246449138173,0.006117515914971156,0.0038461538461538464,1,9.737144364818687e-05,0.02124194450020736,0.0038461538461538464,1,9.737144364818687e-05,0.02124194450020736,0.007692307692307693,2,0.0009329355060647013,0.027509464774955892,0.0038461538461538464,1,9.737144364818687e-05,0.02124194450020736,0.0038461538461538464,1,9.737144364818687e-05,0.02124194450020736,0.011538461538461539,3,0.0023858584654653397,0.03334809595182638,12,112566,0.0035067212156633548,0.010660412557965994,3,15363,0.011538461538461539,0.019527436047646944,34.0,18.0,54.0,3,,
B,hgb_no_observation_features,A,True,fixed,probability_0_5,A,,silence4,0.5,False,3422,260,0.0035067212156633548,12,0.001813246449138173,0.006117515914971156,0.0038461538461538464,1,9.737144364818687e-05,0.02124194450020736,0.0038461538461538464,1,9.737144364818687e-05,0.02124194450020736,0.007692307692307693,2,0.0009329355060647013,0.027509464774955892,0.0038461538461538464,1,9.737144364818687e-05,0.02124194450020736,0.0038461538461538464,1,9.737144364818687e-05,0.02124194450020736,0.011538461538461539,3,0.0023858584654653397,0.03334809595182638,21,112566,0.0061367621274108705,0.018655721976440488,6,15363,0.023076923076923078,0.03905487209529389,34.0,18.0,54.0,3,,
B,hgb_no_observation_features,A,True,fixed,probability_0_5,A,,silence6,0.5,False,3422,260,0.0035067212156633548,12,0.001813246449138173,0.006117515914971156,0.0038461538461538464,1,9.737144364818687e-05,0.02124194450020736,0.0038461538461538464,1,9.737144364818687e-05,0.02124194450020736,0.007692307692307693,2,0.0009329355060647013,0.027509464774955892,0.0038461538461538464,1,9.737144364818687e-05,0.02124194450020736,0.0038461538461538464,1,9.737144364818687e-05,0.02124194450020736,0.011538461538461539,3,0.0023858584654653397,0.03334809595182638,18,112566,0.005260081823495032,0.01599061883694899,6,15363,0.023076923076923078,0.03905487209529389,34.0,18.0,54.0,3,,
B,hgb_no_observation_features,A,True,fixed,probability_0_5,A,,three_of_five,0.5,False,3422,260,0.0017533606078316774,6,0.0006437157015250929,0.0038123925488884273,0.0,0,0.0,0.01408782258025218,0.0,0,0.0,0.01408782258025218,0.007692307692307693,2,0.0009329355060647013,0.027509464774955892,0.0,0,0.0,0.01408782258025218,0.0,0,0.0,0.01408782258025218,0.007692307692307693,2,0.0009329355060647013,0.027509464774955892,27,112566,0.007890122735242549,0.023985928255423485,10,15363,0.038461538461538464,0.06509145349215648,46.5,39.25,53.75,2,,
B,hgb_no_observation_features,A,True,matched_patient,source,B,0.05,hourly,0.04879604134042919,False,3422,260,0.1864406779661017,638,0.17351783536415563,0.19990154031661198,0.25769230769230766,67,0.20564279401080302,0.3153582653137802,0.04230769230769231,11,0.021306124410337163,0.07443784999427439,0.43846153846153846,114,0.37723305201505986,0.501109033826971,0.3192307692307692,83,0.26299542566268275,0.37964486192278823,0.1,26,0.06636889065166435,0.14308478602437624,0.4807692307692308,125,0.4186398066606019,0.5433419768273844,5476,112566,1.6002337814143777,4.864701597285149,1885,15363,7.25,12.269738983271496,36.0,17.0,69.0,125,3495.0,0.0
B,hgb_no_observation_features,A,True,matched_patient,source,B,0.05,single,0.04879604134042919,False,3422,260,0.1864406779661017,638,0.17351783536415563,0.19990154031661198,0.04230769230769231,11,0.021306124410337163,0.07443784999427439,0.04230769230769231,11,0.021306124410337163,0.07443784999427439,0.43846153846153846,114,0.37723305201505986,0.501109033826971,0.1,26,0.06636889065166435,0.14308478602437624,0.1,26,0.06636889065166435,0.14308478602437624,0.4807692307692308,125,0.4186398066606019,0.5433419768273844,638,112566,0.1864406779661017,0.5667786009985253,125,15363,0.4807692307692308,0.813643168651956,36.0,17.0,69.0,125,3495.0,0.0
B,hgb_no_observation_features,A,True,matched_patient,source,B,0.05,silence4,0.04879604134042919,False,3422,260,0.1864406779661017,638,0.17351783536415563,0.19990154031661198,0.2423076923076923,63,0.19150782285704118,0.29908599345522424,0.04230769230769231,11,0.021306124410337163,0.07443784999427439,0.43846153846153846,114,0.37723305201505986,0.501109033826971,0.31153846153846154,81,0.255760413218082,0.3716742597665387,0.1,26,0.06636889065166435,0.14308478602437624,0.4807692307692308,125,0.4186398066606019,0.5433419768273844,1891,112566,0.5526008182349503,1.6799033455928079,631,15363,2.4269230769230767,4.107270715355074,36.0,17.0,69.0,125,3495.0,0.0
B,hgb_no_observation_features,A,True,matched_patient,source,B,0.05,silence6,0.04879604134042919,False,3422,260,0.1864406779661017,638,0.17351783536415563,0.19990154031661198,0.23846153846153847,62,0.18798807802412584,0.29500413595348335,0.04230769230769231,11,0.021306124410337163,0.07443784999427439,0.43846153846153846,114,0.37723305201505986,0.501109033826971,0.31153846153846154,81,0.255760413218082,0.3716742597665387,0.1,26,0.06636889065166435,0.14308478602437624,0.4807692307692308,125,0.4186398066606019,0.5433419768273844,1456,112566,0.4254821741671537,1.2934633903665405,479,15363,1.8423076923076922,3.117880622274295,36.0,17.0,69.0,125,3495.0,0.0
B,hgb_no_observation_features,A,True,matched_patient,source,B,0.05,three_of_five,0.03469859042587554,False,3422,260,0.17796610169491525,609,0.16528418707070372,0.19120072279715478,0.3038461538461538,79,0.24854339617943846,0.36368583566133794,0.057692307692307696,15,0.03264595656049222,0.0933703024539803,0.4076923076923077,106,0.347395969811679,0.47011796530427746,0.35,91,0.2921087149368635,0.411355530794629,0.1,26,0.06636889065166435,0.14308478602437624,0.4653846153846154,121,0.4035324300609536,0.5280348314593853,7456,112566,2.178842781998831,6.623669669349537,2638,15363,10.146153846153846,17.17112543123088,34.0,16.0,67.0,121,3495.0,0.0
B,hgb_no_observation_features,A,True,matched_patient,source,B,0.1,hourly,0.02672470988598033,False,3422,260,0.32028053769725306,1096,0.30466060118447963,0.3362081078103124,0.4807692307692308,125,0.4186398066606019,0.5433419768273844,0.07692307692307693,20,0.04761793388225715,0.11630274170964292,0.5615384615384615,146,0.49889096617302897,0.6227669479849403,0.5269230769230769,137,0.4643044453156518,0.5889210407444236,0.14615384615384616,38,0.1055486183034218,0.19504523475188376,0.6384615384615384,166,0.5768212915155477,0.6969049520237736,12029,112566,3.5151957919345413,10.686175221647744,3884,15363,14.938461538461539,25.281520536353575,38.0,15.0,71.0,166,3495.0,0.0
B,hgb_no_observation_features,A,True,matched_patient,source,B,0.1,single,0.02672470988598033,False,3422,260,0.32028053769725306,1096,0.30466060118447963,0.3362081078103124,0.07692307692307693,20,0.04761793388225715,0.11630274170964292,0.07692307692307693,20,0.04761793388225715,0.11630274170964292,0.5615384615384615,146,0.49889096617302897,0.6227669479849403,0.14615384615384616,38,0.1055486183034218,0.19504523475188376,0.14615384615384616,38,0.1055486183034218,0.19504523475188376,0.6384615384615384,166,0.5768212915155477,0.6969049520237736,1096,112566,0.32028053769725306,0.9736510136275607,166,15363,0.6384615384615384,1.0805181279697975,38.0,15.0,71.0,166,3495.0,0.0
B,hgb_no_observation_features,A,True,matched_patient,source,B,0.1,silence4,0.02672470988598033,False,3422,260,0.32028053769725306,1096,0.30466060118447963,0.3362081078103124,0.46923076923076923,122,0.40730390242786046,0.5318669828505254,0.07692307692307693,20,0.04761793388225715,0.11630274170964292,0.5615384615384615,146,0.49889096617302897,0.6227669479849403,0.5192307692307693,135,0.4566580231726156,0.5813601933393981,0.14615384615384616,38,0.1055486183034218,0.19504523475188376,0.6384615384615384,166,0.5768212915155477,0.6969049520237736,3934,112566,1.1496201052016364,3.4948385835865183,1204,15363,4.630769230769231,7.83701100045564,38.0,15.0,71.0,166,3495.0,0.0
B,hgb_no_observation_features,A,True,matched_patient,source,B,0.1,silence6,0.02672470988598033,False,3422,260,0.32028053769725306,1096,0.30466060118447963,0.3362081078103124,0.45,117,0.3884825094295668,0.5126703187034927,0.07692307692307693,20,0.04761793388225715,0.11630274170964292,0.5615384615384615,146,0.49889096617302897,0.6227669479849403,0.5115384615384615,133,0.44902587420770024,0.5737850605643537,0.14615384615384616,38,0.1055486183034218,0.19504523475188376,0.6384615384615384,166,0.5768212915155477,0.6969049520237736,2969,112566,0.8676212741087084,2.6375637403834196,881,15363,3.3884615384615384,5.734557052658986,38.0,15.0,71.0,166,3495.0,0.0
B,hgb_no_observation_features,A,True,matched_patient,source,B,0.1,three_of_five,0.019268991872638475,False,3422,260,0.3179427235534775,1088,0.30235516477090546,0.3338419250322404,0.49615384615384617,129,0.4338043349454073,0.55859201932062,0.07307692307692308,19,0.04456804841474121,0.11176801216837896,0.5384615384615384,140,0.4758009045812075,0.6002354521263605,0.5230769230769231,136,0.46047944859204465,0.585142404525316,0.12692307692307692,33,0.08900292086334358,0.17360774916804508,0.6115384615384616,159,0.5493726808936699,0.6711304857372702,15764,112566,4.60666277030976,14.00422863031466,5097,15363,19.603846153846153,33.17711384495216,41.0,16.5,73.5,159,3495.0,0.0
B,hgb_no_observation_features,A,True,matched_patient,source,B,0.2,hourly,0.013337678622930307,False,3422,260,0.5160724722384571,1766,0.4991748716664903,0.5329425829940236,0.7038461538461539,183,0.6443207786867986,0.75865524381804,0.08076923076923077,21,0.05069164834563968,0.12081507516255137,0.7153846153846154,186,0.6563656833783039,0.7694178384931589,0.7346153846153847,191,0.6765375556076899,0.7872573082522317,0.19615384615384615,51,0.14967661100338073,0.24970492539868522,0.7961538461538461,207,0.7420010319729589,0.8434165874904997,26209,112566,7.6589713617767385,23.283229394310894,7457,15363,28.68076923076923,48.53869686910109,38.0,13.0,71.5,207,3495.0,0.0
B,hgb_no_observation_features,A,True,matched_patient,source,B,0.2,single,0.013337678622930307,False,3422,260,0.5160724722384571,1766,0.4991748716664903,0.5329425829940236,0.08076923076923077,21,0.05069164834563968,0.12081507516255137,0.08076923076923077,21,0.05069164834563968,0.12081507516255137,0.7153846153846154,186,0.6563656833783039,0.7694178384931589,0.19615384615384615,51,0.14967661100338073,0.24970492539868522,0.19615384615384615,51,0.14967661100338073,0.24970492539868522,0.7961538461538461,207,0.7420010319729589,0.8434165874904997,1766,112566,0.5160724722384571,1.5688573814473288,207,15363,0.7961538461538461,1.3473930872876392,38.0,13.0,71.5,207,3495.0,0.0
B,hgb_no_observation_features,A,True,matched_patient,source,B,0.2,silence4,0.013337678622930307,False,3422,260,0.5160724722384571,1766,0.4991748716664903,0.5329425829940236,0.6923076923076923,180,0.63231770216692,0.7478503679121942,0.08076923076923077,21,0.05069164834563968,0.12081507516255137,0.7153846153846154,186,0.6563656833783039,0.7694178384931589,0.7346153846153847,191,0.6765375556076899,0.7872573082522317,0.19615384615384615,51,0.14967661100338073,0.24970492539868522,0.7961538461538461,207,0.7420010319729589,0.8434165874904997,8013,112566,2.3416130917592053,7.118490485581792,2135,15363,8.211538461538462,13.897025320575409,38.0,13.0,71.5,207,3495.0,0.0
B,hgb_no_observation_features,A,True,matched_patient,source,B,0.2,silence6,0.013337678622930307,False,3422,260,0.5160724722384571,1766,0.4991748716664903,0.5329425829940236,0.6692307692307692,174,0.608431909892698,0.7261190822013037,0.08076923076923077,21,0.05069164834563968,0.12081507516255137,0.7153846153846154,186,0.6563656833783039,0.7694178384931589,0.7346153846153847,191,0.6765375556076899,0.7872573082522317,0.19615384615384615,51,0.14967661100338073,0.24970492539868522,0.7961538461538461,207,0.7420010319729589,0.8434165874904997,5880,112566,1.718293395675044,5.223602153403337,1512,15363,5.815384615384615,9.84182776801406,38.0,13.0,71.5,207,3495.0,0.0
B,hgb_no_observation_features,A,True,matched_patient,source,B,0.2,three_of_five,0.009418363351351555,False,3422,260,0.5292226767971946,1811,0.512333794508173,0.5460615769251378,0.7269230769230769,189,0.6684538888729656,0.7801366252490791,0.1,26,0.06636889065166435,0.14308478602437624,0.6846153846153846,178,0.624338233374927,0.7406243072276576,0.7538461538461538,196,0.6968377503218184,0.8049667442520922,0.18846153846153846,49,0.14279843675943213,0.24138284993056267,0.7846153846153846,204,0.7296100117697929,0.8330053444521848,33295,112566,9.729690239625949,29.578203009789814,8835,15363,33.98076923076923,57.50829916032025,37.0,13.0,74.25,204,3495.0,0.0
B,hgb_no_observation_features,A,True,matched_patient,local,A,0.05,hourly,0.13262058229789334,False,3422,260,0.04734073641145529,162,0.040468818860431424,0.054998650284351504,0.08461538461538462,22,0.053787639900032665,0.12530640690882933,0.04230769230769231,11,0.021306124410337163,0.07443784999427439,0.14615384615384616,38,0.1055486183034218,0.19504523475188376,0.10384615384615385,27,0.0695582381767777,0.14748746085110562,0.06923076923076923,18,0.04154374938080101,0.10720931548723328,0.18846153846153846,49,0.14279843675943213,0.24138284993056267,1126,112566,0.32904734073641145,1.0003020450224758,405,15363,1.5576923076923077,2.6362038664323375,25.0,7.0,53.0,49,3422.0,0.0
B,hgb_no_observation_features,A,True,matched_patient,local,A,0.05,single,0.13262058229789334,False,3422,260,0.04734073641145529,162,0.040468818860431424,0.054998650284351504,0.04230769230769231,11,0.021306124410337163,0.07443784999427439,0.04230769230769231,11,0.021306124410337163,0.07443784999427439,0.14615384615384616,38,0.1055486183034218,0.19504523475188376,0.06923076923076923,18,0.04154374938080101,0.10720931548723328,0.06923076923076923,18,0.04154374938080101,0.10720931548723328,0.18846153846153846,49,0.14279843675943213,0.24138284993056267,162,112566,0.04734073641145529,0.14391556953254092,49,15363,0.18846153846153846,0.31894812211156676,25.0,7.0,53.0,49,3422.0,0.0
B,hgb_no_observation_features,A,True,matched_patient,local,A,0.05,silence4,0.13262058229789334,False,3422,260,0.04734073641145529,162,0.040468818860431424,0.054998650284351504,0.08461538461538462,22,0.053787639900032665,0.12530640690882933,0.04230769230769231,11,0.021306124410337163,0.07443784999427439,0.14615384615384616,38,0.1055486183034218,0.19504523475188376,0.1,26,0.06636889065166435,0.14308478602437624,0.06923076923076923,18,0.04154374938080101,0.10720931548723328,0.18846153846153846,49,0.14279843675943213,0.24138284993056267,409,112566,0.11952074810052601,0.3633423946840076,147,15363,0.5653846153846154,0.9568443663347003,25.0,7.0,53.0,49,3422.0,0.0
B,hgb_no_observation_features,A,True,matched_patient,local,A,0.05,silence6,0.13262058229789334,False,3422,260,0.04734073641145529,162,0.040468818860431424,0.054998650284351504,0.08076923076923077,21,0.05069164834563968,0.12081507516255137,0.04230769230769231,11,0.021306124410337163,0.07443784999427439,0.14615384615384616,38,0.1055486183034218,0.19504523475188376,0.1,26,0.06636889065166435,0.14308478602437624,0.06923076923076923,18,0.04154374938080101,0.10720931548723328,0.18846153846153846,49,0.14279843675943213,0.24138284993056267,322,112566,0.09409701928696669,0.2860544036387542,116,15363,0.4461538461538462,0.7550608605090152,25.0,7.0,53.0,49,3422.0,0.0
B,hgb_no_observation_features,A,True,matched_patient,local,A,0.05,three_of_five,0.09278206154538314,False,3422,260,0.049678550555230856,170,0.04264001174645854,0.05749856889431158,0.08076923076923077,21,0.05069164834563968,0.12081507516255137,0.019230769230769232,5,0.006272945434397394,0.04430510957215938,0.1346153846153846,35,0.0955876927993484,0.18221515197375376,0.09615384615384616,25,0.06319620619704305,0.1386662129471172,0.038461538461538464,10,0.01859528197658067,0.06959294205488485,0.15384615384615385,40,0.11224074569560184,0.20354868002733872,1735,112566,0.5070134424313267,1.5413179823392498,567,15363,2.1807692307692306,3.6906854130052724,22.5,12.0,55.5,40,3422.0,0.0
B,hgb_no_observation_features,A,True,matched_patient,local,A,0.1,hourly,0.08054750676845894,False,3422,260,0.10520163646990065,360,0.09511634408892898,0.11596697429928321,0.1423076923076923,37,0.1022176612983699,0.19077885503803618,0.038461538461538464,10,0.01859528197658067,0.06959294205488485,0.2923076923076923,76,0.2377524548708487,0.35166896996509844,0.18461538461538463,48,0.1393705002338029,0.23721090361553987,0.09230769230769231,24,0.060041087107546756,0.13423091478953855,0.33076923076923076,86,0.2738809177986963,0.391568090107302,2686,112566,0.7849210987726476,2.386155677558055,842,15363,3.2384615384615385,5.480700384039576,29.0,11.25,68.0,86,3422.0,0.0
B,hgb_no_observation_features,A,True,matched_patient,local,A,0.1,single,0.08054750676845894,False,3422,260,0.10520163646990065,360,0.09511634408892898,0.11596697429928321,0.038461538461538464,10,0.01859528197658067,0.06959294205488485,0.038461538461538464,10,0.01859528197658067,0.06959294205488485,0.2923076923076923,76,0.2377524548708487,0.35166896996509844,0.09230769230769231,24,0.060041087107546756,0.13423091478953855,0.09230769230769231,24,0.060041087107546756,0.13423091478953855,0.33076923076923076,86,0.2738809177986963,0.391568090107302,360,112566,0.10520163646990065,0.3198123767389798,86,15363,0.33076923076923076,0.5597865000325457,29.0,11.25,68.0,86,3422.0,0.0
B,hgb_no_observation_features,A,True,matched_patient,local,A,0.1,silence4,0.08054750676845894,False,3422,260,0.10520163646990065,360,0.09511634408892898,0.11596697429928321,0.1346153846153846,35,0.0955876927993484,0.18221515197375376,0.038461538461538464,10,0.01859528197658067,0.06959294205488485,0.2923076923076923,76,0.2377524548708487,0.35166896996509844,0.18461538461538463,48,0.1393705002338029,0.23721090361553987,0.09230769230769231,24,0.060041087107546756,0.13423091478953855,0.33076923076923076,86,0.2738809177986963,0.391568090107302,952,112566,0.27819988310929283,0.8457260629319688,294,15363,1.1307692307692307,1.9136887326694005,29.0,11.25,68.0,86,3422.0,0.0
B,hgb_no_observation_features,A,True,matched_patient,local,A,0.1,silence6,0.08054750676845894,False,3422,260,0.10520163646990065,360,0.09511634408892898,0.11596697429928321,0.13076923076923078,34,0.09228944800343739,0.1779171090290837,0.038461538461538464,10,0.01859528197658067,0.06959294205488485,0.2923076923076923,76,0.2377524548708487,0.35166896996509844,0.18461538461538463,48,0.1393705002338029,0.23721090361553987,0.09230769230769231,24,0.060041087107546756,0.13423091478953855,0.33076923076923076,86,0.2738809177986963,0.391568090107302,760,112566,0.22209234365867914,0.6751594620045129,232,15363,0.8923076923076924,1.5101217210180304,29.0,11.25,68.0,86,3422.0,0.0
B,hgb_no_observation_features,A,True,matched_patient,local,A,0.1,three_of_five,0.05612046987899798,False,3422,260,0.10286382232612508,352,0.09288208966154242,0.11352975162354144,0.16153846153846155,42,0.1189710961248018,0.2120149839123937,0.046153846153846156,12,0.024072583846090054,0.07923303261404469,0.25384615384615383,66,0.2021008265892141,0.3112983035841803,0.19615384615384615,51,0.14967661100338073,0.24970492539868522,0.07692307692307693,20,0.04761793388225715,0.11630274170964292,0.3,78,0.24494175406887167,0.3596848263743174,3844,112566,1.1233196960841614,3.4148854894017733,1277,15363,4.911538461538462,8.312178610948383,32.5,11.5,64.25,78,3422.0,0.0
B,hgb_no_observation_features,A,True,matched_patient,local,A,0.2,hourly,0.04195482802434333,False,3422,260,0.21507890122735243,736,0.20141439352166915,0.229231921512708,0.3192307692307692,83,0.26299542566268275,0.37964486192278823,0.05384615384615385,14,0.029747358573078628,0.08869513158163991,0.4846153846153846,126,0.4224255890296417,0.5471598341109978,0.38461538461538464,100,0.32517570412958885,0.44671776541483404,0.12307692307692308,32,0.0857285695142275,0.16928664425627182,0.5384615384615384,140,0.4758009045812075,0.6002354521263605,6783,112566,1.9821741671537112,6.0257981983902775,2307,15363,8.873076923076923,15.0165983206405,36.5,15.75,66.75,140,3422.0,0.0
B,hgb_no_observation_features,A,True,matched_patient,local,A,0.2,single,0.04195482802434333,False,3422,260,0.21507890122735243,736,0.20141439352166915,0.229231921512708,0.05384615384615385,14,0.029747358573078628,0.08869513158163991,0.05384615384615385,14,0.029747358573078628,0.08869513158163991,0.4846153846153846,126,0.4224255890296417,0.5471598341109978,0.12307692307692308,32,0.0857285695142275,0.16928664425627182,0.12307692307692308,32,0.0857285695142275,0.16928664425627182,0.5384615384615384,140,0.4758009045812075,0.6002354521263605,736,112566,0.21507890122735243,0.6538386368885809,140,15363,0.5384615384615384,0.9112803488901907,36.5,15.75,66.75,140,3422.0,0.0
B,hgb_no_observation_features,A,True,matched_patient,local,A,0.2,silence4,0.04195482802434333,False,3422,260,0.21507890122735243,736,0.20141439352166915,0.229231921512708,0.3,78,0.24494175406887167,0.3596848263743174,0.05384615384615385,14,0.029747358573078628,0.08869513158163991,0.4846153846153846,126,0.4224255890296417,0.5471598341109978,0.36923076923076925,96,0.3104394469827926,0.43104078474520396,0.12307692307692308,32,0.0857285695142275,0.16928664425627182,0.5384615384615384,140,0.4758009045812075,0.6002354521263605,2302,112566,0.6727060198714202,2.045022475703143,747,15363,2.873076923076923,4.862331575864089,36.5,15.75,66.75,140,3422.0,0.0
B,hgb_no_observation_features,A,True,matched_patient,local,A,0.2,silence6,0.04195482802434333,False,3422,260,0.21507890122735243,736,0.20141439352166915,0.229231921512708,0.2846153846153846,74,0.23058216150684105,0.343634316621696,0.05384615384615385,14,0.029747358573078628,0.08869513158163991,0.4846153846153846,126,0.4224255890296417,0.5471598341109978,0.36923076923076925,96,0.3104394469827926,0.43104078474520396,0.12307692307692308,32,0.0857285695142275,0.16928664425627182,0.5384615384615384,140,0.4758009045812075,0.6002354521263605,1766,112566,0.5160724722384571,1.5688573814473288,565,15363,2.173076923076923,3.677667122306841,36.5,15.75,66.75,140,3422.0,0.0
B,hgb_no_observation_features,A,True,matched_patient,local,A,0.2,three_of_five,0.030275586995134364,False,3422,260,0.20777323202805376,711,0.19428788977510794,0.22175970029533068,0.3423076923076923,89,0.2848050181529181,0.40345303456533327,0.05384615384615385,14,0.029747358573078628,0.08869513158163991,0.45,117,0.3884825094295668,0.5126703187034927,0.39615384615384613,103,0.3362686749540189,0.458434945098219,0.09615384615384616,25,0.06319620619704305,0.1386662129471172,0.5038461538461538,131,0.44140798067938003,0.5661956650545927,8940,112566,2.612507305669199,7.942007355684665,3118,15363,11.992307692307692,20.29551519885439,34.0,16.0,72.5,131,3422.0,0.0
B,hgb_no_observation_features,B,False,fixed,source_hourly,B,,hourly,0.0110760222106053,False,3473,154,0.24301756406564928,844,0.22883012636583014,0.2576388519512428,0.6623376623376623,102,0.5818159157374663,0.7364756916783293,0.13636363636363635,21,0.08643472116234327,0.20086414095359145,0.6168831168831169,95,0.5352026309685574,0.6939737308154645,0.6883116883116883,106,0.6087862778012476,0.7604240399050952,0.2012987012987013,31,0.14105977126229227,0.2733906417840318,0.7532467532467533,116,0.6774008602873501,0.8190848809241055,11940,110910,3.4379498992225743,10.76548552880714,4406,10467,28.61038961038961,42.09420082162988,34.5,10.0,76.0,116,,
B,hgb_no_observation_features,B,False,fixed,source_hourly,B,,single,0.0110760222106053,False,3473,154,0.24301756406564928,844,0.22883012636583014,0.2576388519512428,0.13636363636363635,21,0.08643472116234327,0.20086414095359145,0.13636363636363635,21,0.08643472116234327,0.20086414095359145,0.6168831168831169,95,0.5352026309685574,0.6939737308154645,0.2012987012987013,31,0.14105977126229227,0.2733906417840318,0.2012987012987013,31,0.14105977126229227,0.2733906417840318,0.7532467532467533,116,0.6774008602873501,0.8190848809241055,844,110910,0.24301756406564928,0.7609773690379587,116,10467,0.7532467532467533,1.1082449603515812,34.5,10.0,76.0,116,,
B,hgb_no_observation_features,B,False,fixed,source_hourly,B,,silence4,0.0110760222106053,False,3473,154,0.24301756406564928,844,0.22883012636583014,0.2576388519512428,0.6428571428571429,99,0.5617503359716175,0.7183500240108307,0.13636363636363635,21,0.08643472116234327,0.20086414095359145,0.6168831168831169,95,0.5352026309685574,0.6939737308154645,0.6883116883116883,106,0.6087862778012476,0.7604240399050952,0.2012987012987013,31,0.14105977126229227,0.2733906417840318,0.7532467532467533,116,0.6774008602873501,0.8190848809241055,3714,110910,1.0693924560898358,3.3486610765485527,1251,10467,8.123376623376624,11.951848667239897,34.5,10.0,76.0,116,,
B,hgb_no_observation_features,B,False,fixed,source_hourly,B,,silence6,0.0110760222106053,False,3473,154,0.24301756406564928,844,0.22883012636583014,0.2576388519512428,0.6168831168831169,95,0.5352026309685574,0.6939737308154645,0.13636363636363635,21,0.08643472116234327,0.20086414095359145,0.6168831168831169,95,0.5352026309685574,0.6939737308154645,0.6818181818181818,105,0.6020198434898056,0.7544611543142281,0.2012987012987013,31,0.14105977126229227,0.2733906417840318,0.7532467532467533,116,0.6774008602873501,0.8190848809241055,2755,110910,0.7932623092427297,2.483996032819403,881,10467,5.720779220779221,8.416929397152957,34.5,10.0,76.0,116,,
B,hgb_no_observation_features,B,False,fixed,source_hourly,B,,three_of_five,0.0110760222106053,False,3473,154,0.18226317304923698,633,0.1695511595569337,0.1955123822967333,0.5974025974025974,92,0.5154413326274325,0.6755406335664116,0.11038961038961038,17,0.06563574862508902,0.1708546283593505,0.538961038961039,83,0.4568952038019044,0.6194988081503725,0.6103896103896104,94,0.528601514780366,0.6878434994380098,0.16883116883116883,26,0.11334965164461629,0.237508334047446,0.6493506493506493,100,0.568423830477059,0.7244071305946688,10772,110910,3.1016412323639506,9.712379406726175,4184,10467,27.16883116883117,39.97324925957772,33.0,12.0,72.5,100,,
B,hgb_no_observation_features,B,False,fixed,source_patient,B,,hourly,0.0267247098859803,False,3473,154,0.10020155485171321,348,0.0904109224941885,0.11067091296509052,0.42857142857142855,66,0.34923148751687877,0.5107138210913531,0.09090909090909091,14,0.05059551791712918,0.14782552221879086,0.42207792207792205,65,0.3430179137753327,0.504195448528607,0.45454545454545453,70,0.37422055558671313,0.536653193318123,0.15584415584415584,24,0.10247735007166976,0.22295205632731505,0.512987012987013,79,0.43122054381353164,0.5942441941058156,3835,110910,1.1042326518859775,3.4577585429627624,2260,10467,14.675324675324676,21.59166905512563,31.0,10.5,93.0,79,,
B,hgb_no_observation_features,B,False,fixed,source_patient,B,,single,0.0267247098859803,False,3473,154,0.10020155485171321,348,0.0904109224941885,0.11067091296509052,0.09090909090909091,14,0.05059551791712918,0.14782552221879086,0.09090909090909091,14,0.05059551791712918,0.14782552221879086,0.42207792207792205,65,0.3430179137753327,0.504195448528607,0.15584415584415584,24,0.10247735007166976,0.22295205632731505,0.15584415584415584,24,0.10247735007166976,0.22295205632731505,0.512987012987013,79,0.43122054381353164,0.5942441941058156,348,110910,0.10020155485171321,0.3137679199350825,79,10467,0.512987012987013,0.7547530333428871,31.0,10.5,93.0,79,,
B,hgb_no_observation_features,B,False,fixed,source_patient,B,,silence4,0.0267247098859803,False,3473,154,0.10020155485171321,348,0.0904109224941885,0.11067091296509052,0.4025974025974026,62,0.3244593664335884,0.48455866737256753,0.09090909090909091,14,0.05059551791712918,0.14782552221879086,0.42207792207792205,65,0.3430179137753327,0.504195448528607,0.44155844155844154,68,0.36169920757606755,0.5237102042716899,0.15584415584415584,24,0.10247735007166976,0.22295205632731505,0.512987012987013,79,0.43122054381353164,0.5942441941058156,1261,110910,0.36308666858623667,1.1369578937877558,672,10467,4.363636363636363,6.42017770134709,31.0,10.5,93.0,79,,
B,hgb_no_observation_features,B,False,fixed,source_patient,B,,silence6,0.0267247098859803,False,3473,154,0.10020155485171321,348,0.0904109224941885,0.11067091296509052,0.4025974025974026,62,0.3244593664335884,0.48455866737256753,0.09090909090909091,14,0.05059551791712918,0.14782552221879086,0.42207792207792205,65,0.3430179137753327,0.504195448528607,0.44155844155844154,68,0.36169920757606755,0.5237102042716899,0.15584415584415584,24,0.10247735007166976,0.22295205632731505,0.512987012987013,79,0.43122054381353164,0.5942441941058156,945,110910,0.27209904981284194,0.8520421963754395,491,10467,3.188311688311688,4.69093340976402,31.0,10.5,93.0,79,,
B,hgb_no_observation_features,B,False,fixed,source_patient,B,,three_of_five,0.0267247098859803,False,3473,154,0.06852864958249352,238,0.06034801914863982,0.07744431862374085,0.3246753246753247,50,0.2515180370597004,0.40473053333110626,0.05844155844155844,9,0.027068461258342454,0.10803957445511275,0.34415584415584416,53,0.2695509125338344,0.4248877065988938,0.35064935064935066,54,0.2755928694053313,0.431576169522941,0.12987012987012986,20,0.08116628783198608,0.19342644996192487,0.4025974025974026,62,0.3244593664335884,0.48455866737256753,3404,110910,0.9801324503311258,3.069155170859255,2119,10467,13.75974025974026,20.244578198146556,29.0,9.0,72.0,62,,
B,hgb_no_observation_features,B,False,fixed,target_patient_all,B,,hourly,0.0267247098859803,False,3473,154,0.10020155485171321,348,0.0904109224941885,0.11067091296509052,0.42857142857142855,66,0.34923148751687877,0.5107138210913531,0.09090909090909091,14,0.05059551791712918,0.14782552221879086,0.42207792207792205,65,0.3430179137753327,0.504195448528607,0.45454545454545453,70,0.37422055558671313,0.536653193318123,0.15584415584415584,24,0.10247735007166976,0.22295205632731505,0.512987012987013,79,0.43122054381353164,0.5942441941058156,3835,110910,1.1042326518859775,3.4577585429627624,2260,10467,14.675324675324676,21.59166905512563,31.0,10.5,93.0,79,,
B,hgb_no_observation_features,B,False,fixed,target_patient_all,B,,single,0.0267247098859803,False,3473,154,0.10020155485171321,348,0.0904109224941885,0.11067091296509052,0.09090909090909091,14,0.05059551791712918,0.14782552221879086,0.09090909090909091,14,0.05059551791712918,0.14782552221879086,0.42207792207792205,65,0.3430179137753327,0.504195448528607,0.15584415584415584,24,0.10247735007166976,0.22295205632731505,0.15584415584415584,24,0.10247735007166976,0.22295205632731505,0.512987012987013,79,0.43122054381353164,0.5942441941058156,348,110910,0.10020155485171321,0.3137679199350825,79,10467,0.512987012987013,0.7547530333428871,31.0,10.5,93.0,79,,
B,hgb_no_observation_features,B,False,fixed,target_patient_all,B,,silence4,0.0267247098859803,False,3473,154,0.10020155485171321,348,0.0904109224941885,0.11067091296509052,0.4025974025974026,62,0.3244593664335884,0.48455866737256753,0.09090909090909091,14,0.05059551791712918,0.14782552221879086,0.42207792207792205,65,0.3430179137753327,0.504195448528607,0.44155844155844154,68,0.36169920757606755,0.5237102042716899,0.15584415584415584,24,0.10247735007166976,0.22295205632731505,0.512987012987013,79,0.43122054381353164,0.5942441941058156,1261,110910,0.36308666858623667,1.1369578937877558,672,10467,4.363636363636363,6.42017770134709,31.0,10.5,93.0,79,,
B,hgb_no_observation_features,B,False,fixed,target_patient_all,B,,silence6,0.0267247098859803,False,3473,154,0.10020155485171321,348,0.0904109224941885,0.11067091296509052,0.4025974025974026,62,0.3244593664335884,0.48455866737256753,0.09090909090909091,14,0.05059551791712918,0.14782552221879086,0.42207792207792205,65,0.3430179137753327,0.504195448528607,0.44155844155844154,68,0.36169920757606755,0.5237102042716899,0.15584415584415584,24,0.10247735007166976,0.22295205632731505,0.512987012987013,79,0.43122054381353164,0.5942441941058156,945,110910,0.27209904981284194,0.8520421963754395,491,10467,3.188311688311688,4.69093340976402,31.0,10.5,93.0,79,,
B,hgb_no_observation_features,B,False,fixed,target_patient_all,B,,three_of_five,0.0267247098859803,False,3473,154,0.06852864958249352,238,0.06034801914863982,0.07744431862374085,0.3246753246753247,50,0.2515180370597004,0.40473053333110626,0.05844155844155844,9,0.027068461258342454,0.10803957445511275,0.34415584415584416,53,0.2695509125338344,0.4248877065988938,0.35064935064935066,54,0.2755928694053313,0.431576169522941,0.12987012987012986,20,0.08116628783198608,0.19342644996192487,0.4025974025974026,62,0.3244593664335884,0.48455866737256753,3404,110910,0.9801324503311258,3.069155170859255,2119,10467,13.75974025974026,20.244578198146556,29.0,9.0,72.0,62,,
B,hgb_no_observation_features,B,False,fixed,source_sensitivity80,B,,hourly,0.0067090573169346,False,3473,154,0.36279873308378924,1260,0.34678518655887064,0.379043582595607,0.7987012987012987,123,0.7266093582159681,0.8589402287377077,0.14935064935064934,23,0.09709247614920305,0.21562493393266466,0.7207792207792207,111,0.6428691043914179,0.7899834918521238,0.8376623376623377,129,0.7697539926619923,0.8921030262430523,0.24025974025974026,37,0.17515463972983172,0.3156343759716255,0.8701298701298701,134,0.8065735500380751,0.9188337121680139,20460,110910,5.891160380074863,18.447389775493644,5908,10467,38.36363636363637,56.44406229100984,31.5,10.0,74.75,134,,
B,hgb_no_observation_features,B,False,fixed,source_sensitivity80,B,,single,0.0067090573169346,False,3473,154,0.36279873308378924,1260,0.34678518655887064,0.379043582595607,0.14935064935064934,23,0.09709247614920305,0.21562493393266466,0.14935064935064934,23,0.09709247614920305,0.21562493393266466,0.7207792207792207,111,0.6428691043914179,0.7899834918521238,0.24025974025974026,37,0.17515463972983172,0.3156343759716255,0.24025974025974026,37,0.17515463972983172,0.3156343759716255,0.8701298701298701,134,0.8065735500380751,0.9188337121680139,1260,110910,0.36279873308378924,1.1360562618339194,134,10467,0.8701298701298701,1.2802140059233782,31.5,10.0,74.75,134,,
B,hgb_no_observation_features,B,False,fixed,source_sensitivity80,B,,silence4,0.0067090573169346,False,3473,154,0.36279873308378924,1260,0.34678518655887064,0.379043582595607,0.7922077922077922,122,0.7195112137445128,0.853317042894935,0.14935064935064934,23,0.09709247614920305,0.21562493393266466,0.7207792207792207,111,0.6428691043914179,0.7899834918521238,0.8311688311688312,128,0.762491665952554,0.8866503483553837,0.24025974025974026,37,0.17515463972983172,0.3156343759716255,0.8701298701298701,134,0.8065735500380751,0.9188337121680139,6197,110910,1.7843363086668587,5.587413217924444,1615,10467,10.487012987012987,15.429444922136238,31.5,10.0,74.75,134,,
B,hgb_no_observation_features,B,False,fixed,source_sensitivity80,B,,silence6,0.0067090573169346,False,3473,154,0.36279873308378924,1260,0.34678518655887064,0.379043582595607,0.7792207792207793,120,0.7053861029091752,0.8419972112042294,0.14935064935064934,23,0.09709247614920305,0.21562493393266466,0.7207792207792207,111,0.6428691043914179,0.7899834918521238,0.8311688311688312,128,0.762491665952554,0.8866503483553837,0.24025974025974026,37,0.17515463972983172,0.3156343759716255,0.8701298701298701,134,0.8065735500380751,0.9188337121680139,4541,110910,1.3075151166138785,4.094310702371292,1128,10467,7.324675324675325,10.776726855832617,31.5,10.0,74.75,134,,
B,hgb_no_observation_features,B,False,fixed,source_sensitivity80,B,,three_of_five,0.0067090573169346,False,3473,154,0.2870716959401094,997,0.27206633494260335,0.3024362889151467,0.6948051948051948,107,0.6155690317302548,0.7663703416509007,0.12987012987012986,20,0.08116628783198608,0.19342644996192487,0.6298701298701299,97,0.5484475477587745,0.7061911110254089,0.7207792207792207,111,0.6428691043914179,0.7899834918521238,0.18831168831168832,29,0.1298913617102031,0.2591189943974714,0.7597402597402597,117,0.6843656240283744,0.8248453602701683,18646,110910,5.368845378635186,16.811829411234335,5637,10467,36.603896103896105,53.85497277156779,33.0,13.0,73.0,117,,
B,hgb_no_observation_features,B,False,fixed,probability_0_5,B,,hourly,0.5,False,3473,154,0.0005758710048949035,2,6.974826042369914e-05,0.002078679930002868,0.006493506493506494,1,0.00016438783738584347,0.03564703129069184,0.0,0,0.0,0.023669148372542772,0.025974025974025976,4,0.007121413829478186,0.06516643280288,0.012987012987012988,2,0.0015766753956051492,0.0461244509556018,0.012987012987012988,2,0.0015766753956051492,0.0461244509556018,0.025974025974025976,4,0.007121413829478186,0.06516643280288,5,110910,0.0014396775122372588,0.00450815976918222,18,10467,0.11688311688311688,0.17196904557179707,62.0,10.0,114.75,4,,
B,hgb_no_observation_features,B,False,fixed,probability_0_5,B,,single,0.5,False,3473,154,0.0005758710048949035,2,6.974826042369914e-05,0.002078679930002868,0.0,0,0.0,0.023669148372542772,0.0,0,0.0,0.023669148372542772,0.025974025974025976,4,0.007121413829478186,0.06516643280288,0.012987012987012988,2,0.0015766753956051492,0.0461244509556018,0.012987012987012988,2,0.0015766753956051492,0.0461244509556018,0.025974025974025976,4,0.007121413829478186,0.06516643280288,2,110910,0.0005758710048949035,0.0018032639076728879,4,10467,0.025974025974025976,0.03821534346039935,62.0,10.0,114.75,4,,
B,hgb_no_observation_features,B,False,fixed,probability_0_5,B,,silence4,0.5,False,3473,154,0.0005758710048949035,2,6.974826042369914e-05,0.002078679930002868,0.006493506493506494,1,0.00016438783738584347,0.03564703129069184,0.0,0,0.0,0.023669148372542772,0.025974025974025976,4,0.007121413829478186,0.06516643280288,0.012987012987012988,2,0.0015766753956051492,0.0461244509556018,0.012987012987012988,2,0.0015766753956051492,0.0461244509556018,0.025974025974025976,4,0.007121413829478186,0.06516643280288,2,110910,0.0005758710048949035,0.0018032639076728879,7,10467,0.045454545454545456,0.06687685105569886,62.0,10.0,114.75,4,,
B,hgb_no_observation_features,B,False,fixed,probability_0_5,B,,silence6,0.5,False,3473,154,0.0005758710048949035,2,6.974826042369914e-05,0.002078679930002868,0.0,0,0.0,0.023669148372542772,0.0,0,0.0,0.023669148372542772,0.025974025974025976,4,0.007121413829478186,0.06516643280288,0.012987012987012988,2,0.0015766753956051492,0.0461244509556018,0.012987012987012988,2,0.0015766753956051492,0.0461244509556018,0.025974025974025976,4,0.007121413829478186,0.06516643280288,2,110910,0.0005758710048949035,0.0018032639076728879,6,10467,0.03896103896103896,0.05732301519059903,62.0,10.0,114.75,4,,
B,hgb_no_observation_features,B,False,fixed,probability_0_5,B,,three_of_five,0.5,False,3473,154,0.00028793550244745177,1,7.289869191599062e-06,0.0016032184537709561,0.006493506493506494,1,0.00016438783738584347,0.03564703129069184,0.006493506493506494,1,0.00016438783738584347,0.03564703129069184,0.012987012987012988,2,0.0015766753956051492,0.0461244509556018,0.012987012987012988,2,0.0015766753956051492,0.0461244509556018,0.012987012987012988,2,0.0015766753956051492,0.0461244509556018,0.01948051948051948,3,0.004035510487662671,0.05587298283036054,3,110910,0.0008638065073423554,0.002704895861509332,15,10467,0.09740259740259741,0.14330753797649756,9.0,7.0,47.5,3,,
B,hgb_no_observation_features,B,False,matched_patient,source,B,0.05,hourly,0.04879604134042919,False,3473,154,0.05211632594298877,181,0.044960115770423234,0.060037801953229004,0.2792207792207792,43,0.21001650814787626,0.35713089560858213,0.09740259740259741,15,0.05554678626924192,0.1555594165354727,0.2857142857142857,44,0.2158933144462354,0.36398190617625525,0.3246753246753247,50,0.2515180370597004,0.40473053333110626,0.16883116883116883,26,0.11334965164461629,0.237508334047446,0.38311688311688313,59,0.30602626918453524,0.46479736903144253,1695,110910,0.48805067664843077,1.5282661617527724,1320,10467,8.571428571428571,12.611063341931786,19.0,7.0,67.0,59,3495.0,0.0
B,hgb_no_observation_features,B,False,matched_patient,source,B,0.05,single,0.04879604134042919,False,3473,154,0.05211632594298877,181,0.044960115770423234,0.060037801953229004,0.09740259740259741,15,0.05554678626924192,0.1555594165354727,0.09740259740259741,15,0.05554678626924192,0.1555594165354727,0.2857142857142857,44,0.2158933144462354,0.36398190617625525,0.16883116883116883,26,0.11334965164461629,0.237508334047446,0.16883116883116883,26,0.11334965164461629,0.237508334047446,0.38311688311688313,59,0.30602626918453524,0.46479736903144253,181,110910,0.05211632594298877,0.16319538364439637,59,10467,0.38311688311688313,0.5636763160408904,19.0,7.0,67.0,59,3495.0,0.0
B,hgb_no_observation_features,B,False,matched_patient,source,B,0.05,silence4,0.04879604134042919,False,3473,154,0.05211632594298877,181,0.044960115770423234,0.060037801953229004,0.2662337662337662,41,0.1983181158915165,0.3433747638293647,0.09740259740259741,15,0.05554678626924192,0.1555594165354727,0.2857142857142857,44,0.2158933144462354,0.36398190617625525,0.3181818181818182,49,0.24553884568577197,0.39798015651019436,0.16883116883116883,26,0.11334965164461629,0.237508334047446,0.38311688311688313,59,0.30602626918453524,0.46479736903144253,597,110910,0.17189749496112872,0.5382742764403571,410,10467,2.6623376623376624,3.9170727046909333,19.0,7.0,67.0,59,3495.0,0.0
B,hgb_no_observation_features,B,False,matched_patient,source,B,0.05,silence6,0.04879604134042919,False,3473,154,0.05211632594298877,181,0.044960115770423234,0.060037801953229004,0.2597402597402597,40,0.19249737247736853,0.3364688501075953,0.09740259740259741,15,0.05554678626924192,0.1555594165354727,0.2857142857142857,44,0.2158933144462354,0.36398190617625525,0.3116883116883117,48,0.2395759600949048,0.39121372219875233,0.16883116883116883,26,0.11334965164461629,0.237508334047446,0.38311688311688313,59,0.30602626918453524,0.46479736903144253,457,110910,0.13158652461848547,0.4120458029032549,297,10467,1.9285714285714286,2.837489251934652,19.0,7.0,67.0,59,3495.0,0.0
B,hgb_no_observation_features,B,False,matched_patient,source,B,0.05,three_of_five,0.03469859042587554,False,3473,154,0.0483731644111719,168,0.041476460823038235,0.056042211064607494,0.2857142857142857,44,0.2158933144462354,0.36398190617625525,0.09090909090909091,14,0.05059551791712918,0.14782552221879086,0.2532467532467532,39,0.18669620766506584,0.3295437977884982,0.2987012987012987,46,0.22770023651753876,0.3776316156335383,0.15584415584415584,24,0.10247735007166976,0.22295205632731505,0.34415584415584416,53,0.2695509125338344,0.4248877065988938,2454,110910,0.7065937230060466,2.2126048147146333,1693,10467,10.993506493506494,16.174644119614026,17.0,6.0,68.0,53,3495.0,0.0
B,hgb_no_observation_features,B,False,matched_patient,source,B,0.1,hourly,0.02672470988598033,False,3473,154,0.10020155485171321,348,0.0904109224941885,0.11067091296509052,0.42857142857142855,66,0.34923148751687877,0.5107138210913531,0.09090909090909091,14,0.05059551791712918,0.14782552221879086,0.42207792207792205,65,0.3430179137753327,0.504195448528607,0.45454545454545453,70,0.37422055558671313,0.536653193318123,0.15584415584415584,24,0.10247735007166976,0.22295205632731505,0.512987012987013,79,0.43122054381353164,0.5942441941058156,3835,110910,1.1042326518859775,3.4577585429627624,2260,10467,14.675324675324676,21.59166905512563,31.0,10.5,93.0,79,3495.0,0.0
B,hgb_no_observation_features,B,False,matched_patient,source,B,0.1,single,0.02672470988598033,False,3473,154,0.10020155485171321,348,0.0904109224941885,0.11067091296509052,0.09090909090909091,14,0.05059551791712918,0.14782552221879086,0.09090909090909091,14,0.05059551791712918,0.14782552221879086,0.42207792207792205,65,0.3430179137753327,0.504195448528607,0.15584415584415584,24,0.10247735007166976,0.22295205632731505,0.15584415584415584,24,0.10247735007166976,0.22295205632731505,0.512987012987013,79,0.43122054381353164,0.5942441941058156,348,110910,0.10020155485171321,0.3137679199350825,79,10467,0.512987012987013,0.7547530333428871,31.0,10.5,93.0,79,3495.0,0.0
B,hgb_no_observation_features,B,False,matched_patient,source,B,0.1,silence4,0.02672470988598033,False,3473,154,0.10020155485171321,348,0.0904109224941885,0.11067091296509052,0.4025974025974026,62,0.3244593664335884,0.48455866737256753,0.09090909090909091,14,0.05059551791712918,0.14782552221879086,0.42207792207792205,65,0.3430179137753327,0.504195448528607,0.44155844155844154,68,0.36169920757606755,0.5237102042716899,0.15584415584415584,24,0.10247735007166976,0.22295205632731505,0.512987012987013,79,0.43122054381353164,0.5942441941058156,1261,110910,0.36308666858623667,1.1369578937877558,672,10467,4.363636363636363,6.42017770134709,31.0,10.5,93.0,79,3495.0,0.0
B,hgb_no_observation_features,B,False,matched_patient,source,B,0.1,silence6,0.02672470988598033,False,3473,154,0.10020155485171321,348,0.0904109224941885,0.11067091296509052,0.4025974025974026,62,0.3244593664335884,0.48455866737256753,0.09090909090909091,14,0.05059551791712918,0.14782552221879086,0.42207792207792205,65,0.3430179137753327,0.504195448528607,0.44155844155844154,68,0.36169920757606755,0.5237102042716899,0.15584415584415584,24,0.10247735007166976,0.22295205632731505,0.512987012987013,79,0.43122054381353164,0.5942441941058156,945,110910,0.27209904981284194,0.8520421963754395,491,10467,3.188311688311688,4.69093340976402,31.0,10.5,93.0,79,3495.0,0.0
B,hgb_no_observation_features,B,False,matched_patient,source,B,0.1,three_of_five,0.019268991872638475,False,3473,154,0.09847394183702851,342,0.0887617074424304,0.10886793258559917,0.44155844155844154,68,0.36169920757606755,0.5237102042716899,0.09740259740259741,15,0.05554678626924192,0.1555594165354727,0.42857142857142855,66,0.34923148751687877,0.5107138210913531,0.45454545454545453,70,0.37422055558671313,0.536653193318123,0.16233766233766234,25,0.10789697375694772,0.2302460073380077,0.525974025974026,81,0.44403158016120214,0.6068978453508936,5136,110910,1.4788367405701124,4.630781714903976,2783,10467,18.071428571428573,26.588325212572848,27.0,9.0,65.0,81,3495.0,0.0
B,hgb_no_observation_features,B,False,matched_patient,source,B,0.2,hourly,0.013337678622930307,False,3473,154,0.20501007774258567,712,0.19169224032472504,0.21882633727726186,0.6298701298701299,97,0.5484475477587745,0.7061911110254089,0.14285714285714285,22,0.09174423389007917,0.20826292895084628,0.564935064935065,87,0.4827812832492392,0.6445413892350467,0.6558441558441559,101,0.5751122934011061,0.7304490874661655,0.19480519480519481,30,0.1354622474851656,0.26626767933048573,0.7077922077922078,109,0.6291846328915405,0.7782119900886134,9548,110910,2.7492081773682697,8.608781895230367,3825,10467,24.837662337662337,36.54342218400688,34.0,9.0,73.0,109,3495.0,0.0
B,hgb_no_observation_features,B,False,matched_patient,source,B,0.2,single,0.013337678622930307,False,3473,154,0.20501007774258567,712,0.19169224032472504,0.21882633727726186,0.14285714285714285,22,0.09174423389007917,0.20826292895084628,0.14285714285714285,22,0.09174423389007917,0.20826292895084628,0.564935064935065,87,0.4827812832492392,0.6445413892350467,0.19480519480519481,30,0.1354622474851656,0.26626767933048573,0.19480519480519481,30,0.1354622474851656,0.26626767933048573,0.7077922077922078,109,0.6291846328915405,0.7782119900886134,712,110910,0.20501007774258567,0.6419619511315481,109,10467,0.7077922077922078,1.0413681092958822,34.0,9.0,73.0,109,3495.0,0.0
B,hgb_no_observation_features,B,False,matched_patient,source,B,0.2,silence4,0.013337678622930307,False,3473,154,0.20501007774258567,712,0.19169224032472504,0.21882633727726186,0.6168831168831169,95,0.5352026309685574,0.6939737308154645,0.14285714285714285,22,0.09174423389007917,0.20826292895084628,0.564935064935065,87,0.4827812832492392,0.6445413892350467,0.6558441558441559,101,0.5751122934011061,0.7304490874661655,0.19480519480519481,30,0.1354622474851656,0.26626767933048573,0.7077922077922078,109,0.6291846328915405,0.7782119900886134,3035,110910,0.8738842499280162,2.7364529798936075,1099,10467,7.136363636363637,10.499665615744721,34.0,9.0,73.0,109,3495.0,0.0
B,hgb_no_observation_features,B,False,matched_patient,source,B,0.2,silence6,0.013337678622930307,False,3473,154,0.20501007774258567,712,0.19169224032472504,0.21882633727726186,0.5844155844155844,90,0.5023364772452834,0.6631820267815618,0.14285714285714285,22,0.09174423389007917,0.20826292895084628,0.564935064935065,87,0.4827812832492392,0.6445413892350467,0.6558441558441559,101,0.5751122934011061,0.7304490874661655,0.19480519480519481,30,0.1354622474851656,0.26626767933048573,0.7077922077922078,109,0.6291846328915405,0.7782119900886134,2259,110910,0.6504463000287936,2.036786583716527,780,10467,5.064935064935065,7.451991974777873,34.0,9.0,73.0,109,3495.0,0.0
B,hgb_no_observation_features,B,False,matched_patient,source,B,0.2,three_of_five,0.009418363351351555,False,3473,154,0.21681543334293119,753,0.20320951762653033,0.23089968993725488,0.6298701298701299,97,0.5484475477587745,0.7061911110254089,0.11038961038961038,17,0.06563574862508902,0.1708546283593505,0.5714285714285714,88,0.48928617890864684,0.6507685124831213,0.6493506493506493,100,0.568423830477059,0.7244071305946688,0.16233766233766234,25,0.10789697375694772,0.2302460073380077,0.6818181818181818,105,0.6020198434898056,0.7544611543142281,12985,110910,3.738842499280161,11.707690920566225,4727,10467,30.694805194805195,45.16098213432693,34.0,13.0,76.0,105,3495.0,0.0
B,hgb_no_observation_features,B,False,matched_patient,local,B,0.05,hourly,0.04879604134042919,False,3473,154,0.05211632594298877,181,0.044960115770423234,0.060037801953229004,0.2792207792207792,43,0.21001650814787626,0.35713089560858213,0.09740259740259741,15,0.05554678626924192,0.1555594165354727,0.2857142857142857,44,0.2158933144462354,0.36398190617625525,0.3246753246753247,50,0.2515180370597004,0.40473053333110626,0.16883116883116883,26,0.11334965164461629,0.237508334047446,0.38311688311688313,59,0.30602626918453524,0.46479736903144253,1695,110910,0.48805067664843077,1.5282661617527724,1320,10467,8.571428571428571,12.611063341931786,19.0,7.0,67.0,59,3495.0,0.0
B,hgb_no_observation_features,B,False,matched_patient,local,B,0.05,single,0.04879604134042919,False,3473,154,0.05211632594298877,181,0.044960115770423234,0.060037801953229004,0.09740259740259741,15,0.05554678626924192,0.1555594165354727,0.09740259740259741,15,0.05554678626924192,0.1555594165354727,0.2857142857142857,44,0.2158933144462354,0.36398190617625525,0.16883116883116883,26,0.11334965164461629,0.237508334047446,0.16883116883116883,26,0.11334965164461629,0.237508334047446,0.38311688311688313,59,0.30602626918453524,0.46479736903144253,181,110910,0.05211632594298877,0.16319538364439637,59,10467,0.38311688311688313,0.5636763160408904,19.0,7.0,67.0,59,3495.0,0.0
B,hgb_no_observation_features,B,False,matched_patient,local,B,0.05,silence4,0.04879604134042919,False,3473,154,0.05211632594298877,181,0.044960115770423234,0.060037801953229004,0.2662337662337662,41,0.1983181158915165,0.3433747638293647,0.09740259740259741,15,0.05554678626924192,0.1555594165354727,0.2857142857142857,44,0.2158933144462354,0.36398190617625525,0.3181818181818182,49,0.24553884568577197,0.39798015651019436,0.16883116883116883,26,0.11334965164461629,0.237508334047446,0.38311688311688313,59,0.30602626918453524,0.46479736903144253,597,110910,0.17189749496112872,0.5382742764403571,410,10467,2.6623376623376624,3.9170727046909333,19.0,7.0,67.0,59,3495.0,0.0
B,hgb_no_observation_features,B,False,matched_patient,local,B,0.05,silence6,0.04879604134042919,False,3473,154,0.05211632594298877,181,0.044960115770423234,0.060037801953229004,0.2597402597402597,40,0.19249737247736853,0.3364688501075953,0.09740259740259741,15,0.05554678626924192,0.1555594165354727,0.2857142857142857,44,0.2158933144462354,0.36398190617625525,0.3116883116883117,48,0.2395759600949048,0.39121372219875233,0.16883116883116883,26,0.11334965164461629,0.237508334047446,0.38311688311688313,59,0.30602626918453524,0.46479736903144253,457,110910,0.13158652461848547,0.4120458029032549,297,10467,1.9285714285714286,2.837489251934652,19.0,7.0,67.0,59,3495.0,0.0
B,hgb_no_observation_features,B,False,matched_patient,local,B,0.05,three_of_five,0.03469859042587554,False,3473,154,0.0483731644111719,168,0.041476460823038235,0.056042211064607494,0.2857142857142857,44,0.2158933144462354,0.36398190617625525,0.09090909090909091,14,0.05059551791712918,0.14782552221879086,0.2532467532467532,39,0.18669620766506584,0.3295437977884982,0.2987012987012987,46,0.22770023651753876,0.3776316156335383,0.15584415584415584,24,0.10247735007166976,0.22295205632731505,0.34415584415584416,53,0.2695509125338344,0.4248877065988938,2454,110910,0.7065937230060466,2.2126048147146333,1693,10467,10.993506493506494,16.174644119614026,17.0,6.0,68.0,53,3495.0,0.0
B,hgb_no_observation_features,B,False,matched_patient,local,B,0.1,hourly,0.02672470988598033,False,3473,154,0.10020155485171321,348,0.0904109224941885,0.11067091296509052,0.42857142857142855,66,0.34923148751687877,0.5107138210913531,0.09090909090909091,14,0.05059551791712918,0.14782552221879086,0.42207792207792205,65,0.3430179137753327,0.504195448528607,0.45454545454545453,70,0.37422055558671313,0.536653193318123,0.15584415584415584,24,0.10247735007166976,0.22295205632731505,0.512987012987013,79,0.43122054381353164,0.5942441941058156,3835,110910,1.1042326518859775,3.4577585429627624,2260,10467,14.675324675324676,21.59166905512563,31.0,10.5,93.0,79,3495.0,0.0
B,hgb_no_observation_features,B,False,matched_patient,local,B,0.1,single,0.02672470988598033,False,3473,154,0.10020155485171321,348,0.0904109224941885,0.11067091296509052,0.09090909090909091,14,0.05059551791712918,0.14782552221879086,0.09090909090909091,14,0.05059551791712918,0.14782552221879086,0.42207792207792205,65,0.3430179137753327,0.504195448528607,0.15584415584415584,24,0.10247735007166976,0.22295205632731505,0.15584415584415584,24,0.10247735007166976,0.22295205632731505,0.512987012987013,79,0.43122054381353164,0.5942441941058156,348,110910,0.10020155485171321,0.3137679199350825,79,10467,0.512987012987013,0.7547530333428871,31.0,10.5,93.0,79,3495.0,0.0
B,hgb_no_observation_features,B,False,matched_patient,local,B,0.1,silence4,0.02672470988598033,False,3473,154,0.10020155485171321,348,0.0904109224941885,0.11067091296509052,0.4025974025974026,62,0.3244593664335884,0.48455866737256753,0.09090909090909091,14,0.05059551791712918,0.14782552221879086,0.42207792207792205,65,0.3430179137753327,0.504195448528607,0.44155844155844154,68,0.36169920757606755,0.5237102042716899,0.15584415584415584,24,0.10247735007166976,0.22295205632731505,0.512987012987013,79,0.43122054381353164,0.5942441941058156,1261,110910,0.36308666858623667,1.1369578937877558,672,10467,4.363636363636363,6.42017770134709,31.0,10.5,93.0,79,3495.0,0.0
B,hgb_no_observation_features,B,False,matched_patient,local,B,0.1,silence6,0.02672470988598033,False,3473,154,0.10020155485171321,348,0.0904109224941885,0.11067091296509052,0.4025974025974026,62,0.3244593664335884,0.48455866737256753,0.09090909090909091,14,0.05059551791712918,0.14782552221879086,0.42207792207792205,65,0.3430179137753327,0.504195448528607,0.44155844155844154,68,0.36169920757606755,0.5237102042716899,0.15584415584415584,24,0.10247735007166976,0.22295205632731505,0.512987012987013,79,0.43122054381353164,0.5942441941058156,945,110910,0.27209904981284194,0.8520421963754395,491,10467,3.188311688311688,4.69093340976402,31.0,10.5,93.0,79,3495.0,0.0
B,hgb_no_observation_features,B,False,matched_patient,local,B,0.1,three_of_five,0.019268991872638475,False,3473,154,0.09847394183702851,342,0.0887617074424304,0.10886793258559917,0.44155844155844154,68,0.36169920757606755,0.5237102042716899,0.09740259740259741,15,0.05554678626924192,0.1555594165354727,0.42857142857142855,66,0.34923148751687877,0.5107138210913531,0.45454545454545453,70,0.37422055558671313,0.536653193318123,0.16233766233766234,25,0.10789697375694772,0.2302460073380077,0.525974025974026,81,0.44403158016120214,0.6068978453508936,5136,110910,1.4788367405701124,4.630781714903976,2783,10467,18.071428571428573,26.588325212572848,27.0,9.0,65.0,81,3495.0,0.0
B,hgb_no_observation_features,B,False,matched_patient,local,B,0.2,hourly,0.013337678622930307,False,3473,154,0.20501007774258567,712,0.19169224032472504,0.21882633727726186,0.6298701298701299,97,0.5484475477587745,0.7061911110254089,0.14285714285714285,22,0.09174423389007917,0.20826292895084628,0.564935064935065,87,0.4827812832492392,0.6445413892350467,0.6558441558441559,101,0.5751122934011061,0.7304490874661655,0.19480519480519481,30,0.1354622474851656,0.26626767933048573,0.7077922077922078,109,0.6291846328915405,0.7782119900886134,9548,110910,2.7492081773682697,8.608781895230367,3825,10467,24.837662337662337,36.54342218400688,34.0,9.0,73.0,109,3495.0,0.0
B,hgb_no_observation_features,B,False,matched_patient,local,B,0.2,single,0.013337678622930307,False,3473,154,0.20501007774258567,712,0.19169224032472504,0.21882633727726186,0.14285714285714285,22,0.09174423389007917,0.20826292895084628,0.14285714285714285,22,0.09174423389007917,0.20826292895084628,0.564935064935065,87,0.4827812832492392,0.6445413892350467,0.19480519480519481,30,0.1354622474851656,0.26626767933048573,0.19480519480519481,30,0.1354622474851656,0.26626767933048573,0.7077922077922078,109,0.6291846328915405,0.7782119900886134,712,110910,0.20501007774258567,0.6419619511315481,109,10467,0.7077922077922078,1.0413681092958822,34.0,9.0,73.0,109,3495.0,0.0
B,hgb_no_observation_features,B,False,matched_patient,local,B,0.2,silence4,0.013337678622930307,False,3473,154,0.20501007774258567,712,0.19169224032472504,0.21882633727726186,0.6168831168831169,95,0.5352026309685574,0.6939737308154645,0.14285714285714285,22,0.09174423389007917,0.20826292895084628,0.564935064935065,87,0.4827812832492392,0.6445413892350467,0.6558441558441559,101,0.5751122934011061,0.7304490874661655,0.19480519480519481,30,0.1354622474851656,0.26626767933048573,0.7077922077922078,109,0.6291846328915405,0.7782119900886134,3035,110910,0.8738842499280162,2.7364529798936075,1099,10467,7.136363636363637,10.499665615744721,34.0,9.0,73.0,109,3495.0,0.0
B,hgb_no_observation_features,B,False,matched_patient,local,B,0.2,silence6,0.013337678622930307,False,3473,154,0.20501007774258567,712,0.19169224032472504,0.21882633727726186,0.5844155844155844,90,0.5023364772452834,0.6631820267815618,0.14285714285714285,22,0.09174423389007917,0.20826292895084628,0.564935064935065,87,0.4827812832492392,0.6445413892350467,0.6558441558441559,101,0.5751122934011061,0.7304490874661655,0.19480519480519481,30,0.1354622474851656,0.26626767933048573,0.7077922077922078,109,0.6291846328915405,0.7782119900886134,2259,110910,0.6504463000287936,2.036786583716527,780,10467,5.064935064935065,7.451991974777873,34.0,9.0,73.0,109,3495.0,0.0
B,hgb_no_observation_features,B,False,matched_patient,local,B,0.2,three_of_five,0.009418363351351555,False,3473,154,0.21681543334293119,753,0.20320951762653033,0.23089968993725488,0.6298701298701299,97,0.5484475477587745,0.7061911110254089,0.11038961038961038,17,0.06563574862508902,0.1708546283593505,0.5714285714285714,88,0.48928617890864684,0.6507685124831213,0.6493506493506493,100,0.568423830477059,0.7244071305946688,0.16233766233766234,25,0.10789697375694772,0.2302460073380077,0.6818181818181818,105,0.6020198434898056,0.7544611543142281,12985,110910,3.738842499280161,11.707690920566225,4727,10467,30.694805194805195,45.16098213432693,34.0,13.0,76.0,105,3495.0,0.0
