source,model,input_variant,condition,policy,threshold,threshold_infinite,calibration_nonseptic_people,nonseptic_patients,septic_patients,patient_false_alert_rate,patient_false_alert_rate_count,patient_false_alert_rate_ci_low,patient_false_alert_rate_ci_high,window6_sensitivity,window6_sensitivity_count,window6_sensitivity_ci_low,window6_sensitivity_ci_high,first6_sensitivity,first6_sensitivity_count,first6_sensitivity_ci_low,first6_sensitivity_ci_high,early_first_fraction,early_first_fraction_count,early_first_fraction_ci_low,early_first_fraction_ci_high,window12_sensitivity,window12_sensitivity_count,window12_sensitivity_ci_low,window12_sensitivity_ci_high,first12_sensitivity,first12_sensitivity_count,first12_sensitivity_ci_low,first12_sensitivity_ci_high,any_positive_alert_fraction,any_positive_alert_fraction_count,any_positive_alert_fraction_ci_low,any_positive_alert_fraction_ci_high,nonseptic_alerts,nonseptic_hours,nonseptic_alerts_per_admission,nonseptic_alerts_per_100_hours,septic_alerts,septic_hours,septic_alerts_per_admission,septic_alerts_per_100_hours,first_alert_lead_median,first_alert_lead_p25,first_alert_lead_p75,alerted_positive_patients
A,logistic,native_numeric,source_hourly,hourly,0.0175243187331984,False,187,444,17,0.36036036036036034,160,0.31563746982369134,0.4069576957076965,0.5294117647058824,9,0.27811830033110657,0.7701673127340096,0.17647058823529413,3,0.037985068070626,0.43431787284428397,0.4117647058823529,7,0.18443696178394667,0.6707528460532426,0.5882352941176471,10,0.32924715394675735,0.8155630382160532,0.35294117647058826,6,0.14209748311022094,0.6167163365565971,0.5882352941176471,10,0.32924715394675735,0.8155630382160532,5179,19094,11.664414414414415,27.12370378129255,148,551,8.705882352941176,26.860254083484573,10.0,6.5,14.5,10
A,logistic,native_numeric,source_hourly,single,0.0175243187331984,False,187,444,17,0.36036036036036034,160,0.31563746982369134,0.4069576957076965,0.17647058823529413,3,0.037985068070626,0.43431787284428397,0.17647058823529413,3,0.037985068070626,0.43431787284428397,0.4117647058823529,7,0.18443696178394667,0.6707528460532426,0.35294117647058826,6,0.14209748311022094,0.6167163365565971,0.35294117647058826,6,0.14209748311022094,0.6167163365565971,0.5882352941176471,10,0.32924715394675735,0.8155630382160532,160,19094,0.36036036036036034,0.8379595684508222,10,551,0.5882352941176471,1.8148820326678765,10.0,6.5,14.5,10
A,logistic,native_numeric,source_hourly,silence4,0.0175243187331984,False,187,444,17,0.36036036036036034,160,0.31563746982369134,0.4069576957076965,0.5294117647058824,9,0.27811830033110657,0.7701673127340096,0.17647058823529413,3,0.037985068070626,0.43431787284428397,0.4117647058823529,7,0.18443696178394667,0.6707528460532426,0.5882352941176471,10,0.32924715394675735,0.8155630382160532,0.35294117647058826,6,0.14209748311022094,0.6167163365565971,0.5882352941176471,10,0.32924715394675735,0.8155630382160532,1573,19094,3.5427927927927927,8.238190007332147,47,551,2.764705882352941,8.52994555353902,10.0,6.5,14.5,10
A,logistic,native_numeric,source_hourly,silence6,0.0175243187331984,False,187,444,17,0.36036036036036034,160,0.31563746982369134,0.4069576957076965,0.47058823529411764,8,0.22983268726599038,0.7218816996688935,0.17647058823529413,3,0.037985068070626,0.43431787284428397,0.4117647058823529,7,0.18443696178394667,0.6707528460532426,0.5882352941176471,10,0.32924715394675735,0.8155630382160532,0.35294117647058826,6,0.14209748311022094,0.6167163365565971,0.5882352941176471,10,0.32924715394675735,0.8155630382160532,1123,19094,2.529279279279279,5.881428721064209,33,551,1.9411764705882353,5.9891107078039925,10.0,6.5,14.5,10
A,logistic,native_numeric,source_hourly,three_of_five,0.0175243187331984,False,187,444,17,0.2702702702702703,120,0.2294853496434268,0.314146775087109,0.29411764705882354,5,0.10313551437032002,0.5595827187543372,0.17647058823529413,3,0.037985068070626,0.43431787284428397,0.17647058823529413,3,0.037985068070626,0.43431787284428397,0.35294117647058826,6,0.14209748311022094,0.6167163365565971,0.17647058823529413,3,0.037985068070626,0.43431787284428397,0.35294117647058826,6,0.14209748311022094,0.6167163365565971,4933,19094,11.11036036036036,25.835340944799412,133,551,7.823529411764706,24.137931034482758,9.5,6.0,49.0,6
A,logistic,native_numeric,source_patient,hourly,0.033675748624532,False,187,444,17,0.20945945945945946,93,0.17252634517117243,0.250314524605255,0.17647058823529413,3,0.037985068070626,0.43431787284428397,0.058823529411764705,1,0.0014881743912666346,0.2868893966672207,0.17647058823529413,3,0.037985068070626,0.43431787284428397,0.23529411764705882,4,0.06810774043735666,0.4989932732045801,0.11764705882352941,2,0.014579316840302493,0.36440916210125024,0.23529411764705882,4,0.06810774043735666,0.4989932732045801,2421,19094,5.452702702702703,12.679375720121504,67,551,3.9411764705882355,12.159709618874773,31.0,8.75,57.0,4
A,logistic,native_numeric,source_patient,single,0.033675748624532,False,187,444,17,0.20945945945945946,93,0.17252634517117243,0.250314524605255,0.058823529411764705,1,0.0014881743912666346,0.2868893966672207,0.058823529411764705,1,0.0014881743912666346,0.2868893966672207,0.17647058823529413,3,0.037985068070626,0.43431787284428397,0.11764705882352941,2,0.014579316840302493,0.36440916210125024,0.11764705882352941,2,0.014579316840302493,0.36440916210125024,0.23529411764705882,4,0.06810774043735666,0.4989932732045801,93,19094,0.20945945945945946,0.4870639991620404,4,551,0.23529411764705882,0.7259528130671506,31.0,8.75,57.0,4
A,logistic,native_numeric,source_patient,silence4,0.033675748624532,False,187,444,17,0.20945945945945946,93,0.17252634517117243,0.250314524605255,0.17647058823529413,3,0.037985068070626,0.43431787284428397,0.058823529411764705,1,0.0014881743912666346,0.2868893966672207,0.17647058823529413,3,0.037985068070626,0.43431787284428397,0.23529411764705882,4,0.06810774043735666,0.4989932732045801,0.11764705882352941,2,0.014579316840302493,0.36440916210125024,0.23529411764705882,4,0.06810774043735666,0.4989932732045801,790,19094,1.7792792792792793,4.137425369225935,23,551,1.3529411764705883,4.174228675136116,31.0,8.75,57.0,4
A,logistic,native_numeric,source_patient,silence6,0.033675748624532,False,187,444,17,0.20945945945945946,93,0.17252634517117243,0.250314524605255,0.17647058823529413,3,0.037985068070626,0.43431787284428397,0.058823529411764705,1,0.0014881743912666346,0.2868893966672207,0.17647058823529413,3,0.037985068070626,0.43431787284428397,0.23529411764705882,4,0.06810774043735666,0.4989932732045801,0.11764705882352941,2,0.014579316840302493,0.36440916210125024,0.23529411764705882,4,0.06810774043735666,0.4989932732045801,572,19094,1.2882882882882882,2.9957054572116895,17,551,1.0,3.0852994555353903,31.0,8.75,57.0,4
A,logistic,native_numeric,source_patient,three_of_five,0.033675748624532,False,187,444,17,0.1463963963963964,65,0.11483764313461703,0.18275460719939263,0.058823529411764705,1,0.0014881743912666346,0.2868893966672207,0.0,0,0.0,0.19506432296909318,0.11764705882352941,2,0.014579316840302493,0.36440916210125024,0.058823529411764705,1,0.0014881743912666346,0.2868893966672207,0.0,0,0.0,0.19506432296909318,0.11764705882352941,2,0.014579316840302493,0.36440916210125024,2234,19094,5.031531531531532,11.700010474494606,65,551,3.823529411764706,11.796733212341199,60.0,53.5,66.5,2
A,logistic,native_numeric,local_patient,hourly,0.07585519931075617,False,187,444,17,0.09684684684684684,43,0.07097742584576755,0.12823233209140938,0.0,0,0.0,0.19506432296909318,0.0,0,0.0,0.19506432296909318,0.058823529411764705,1,0.0014881743912666346,0.2868893966672207,0.0,0,0.0,0.19506432296909318,0.0,0,0.0,0.19506432296909318,0.058823529411764705,1,0.0014881743912666346,0.2868893966672207,670,19094,1.509009009009009,3.508955692887818,3,551,0.17647058823529413,0.5444646098003629,22.0,22.0,22.0,1
A,logistic,native_numeric,local_patient,single,0.07585519931075617,False,187,444,17,0.09684684684684684,43,0.07097742584576755,0.12823233209140938,0.0,0,0.0,0.19506432296909318,0.0,0,0.0,0.19506432296909318,0.058823529411764705,1,0.0014881743912666346,0.2868893966672207,0.0,0,0.0,0.19506432296909318,0.0,0,0.0,0.19506432296909318,0.058823529411764705,1,0.0014881743912666346,0.2868893966672207,43,19094,0.09684684684684684,0.22520163402115848,1,551,0.058823529411764705,0.18148820326678766,22.0,22.0,22.0,1
A,logistic,native_numeric,local_patient,silence4,0.07585519931075617,False,187,444,17,0.09684684684684684,43,0.07097742584576755,0.12823233209140938,0.0,0,0.0,0.19506432296909318,0.0,0,0.0,0.19506432296909318,0.058823529411764705,1,0.0014881743912666346,0.2868893966672207,0.0,0,0.0,0.19506432296909318,0.0,0,0.0,0.19506432296909318,0.058823529411764705,1,0.0014881743912666346,0.2868893966672207,240,19094,0.5405405405405406,1.2569393526762334,1,551,0.058823529411764705,0.18148820326678766,22.0,22.0,22.0,1
A,logistic,native_numeric,local_patient,silence6,0.07585519931075617,False,187,444,17,0.09684684684684684,43,0.07097742584576755,0.12823233209140938,0.0,0,0.0,0.19506432296909318,0.0,0,0.0,0.19506432296909318,0.058823529411764705,1,0.0014881743912666346,0.2868893966672207,0.0,0,0.0,0.19506432296909318,0.0,0,0.0,0.19506432296909318,0.058823529411764705,1,0.0014881743912666346,0.2868893966672207,172,19094,0.38738738738738737,0.9008065360846339,1,551,0.058823529411764705,0.18148820326678766,22.0,22.0,22.0,1
A,logistic,native_numeric,local_patient,three_of_five,0.05630238993585819,False,187,444,17,0.09234234234234234,41,0.06708225143047208,0.12318597029039781,0.0,0,0.0,0.19506432296909318,0.0,0,0.0,0.19506432296909318,0.058823529411764705,1,0.0014881743912666346,0.2868893966672207,0.0,0,0.0,0.19506432296909318,0.0,0,0.0,0.19506432296909318,0.058823529411764705,1,0.0014881743912666346,0.2868893966672207,1078,19094,2.4279279279279278,5.645752592437415,9,551,0.5294117647058824,1.633393829401089,55.0,55.0,55.0,1
A,logistic,mask_ambiguous_units,source_hourly,hourly,0.0175243187331984,False,187,444,17,0.30180180180180183,134,0.2594218390930089,0.34684608818190094,0.35294117647058826,6,0.14209748311022094,0.6167163365565971,0.11764705882352941,2,0.014579316840302493,0.36440916210125024,0.35294117647058826,6,0.14209748311022094,0.6167163365565971,0.47058823529411764,8,0.22983268726599038,0.7218816996688935,0.23529411764705882,4,0.06810774043735666,0.4989932732045801,0.47058823529411764,8,0.22983268726599038,0.7218816996688935,3800,19094,8.558558558558559,19.901539750707027,124,551,7.294117647058823,22.504537205081668,12.0,6.25,26.5,8
A,logistic,mask_ambiguous_units,source_hourly,single,0.0175243187331984,False,187,444,17,0.30180180180180183,134,0.2594218390930089,0.34684608818190094,0.11764705882352941,2,0.014579316840302493,0.36440916210125024,0.11764705882352941,2,0.014579316840302493,0.36440916210125024,0.35294117647058826,6,0.14209748311022094,0.6167163365565971,0.23529411764705882,4,0.06810774043735666,0.4989932732045801,0.23529411764705882,4,0.06810774043735666,0.4989932732045801,0.47058823529411764,8,0.22983268726599038,0.7218816996688935,134,19094,0.30180180180180183,0.7017911385775636,8,551,0.47058823529411764,1.4519056261343013,12.0,6.25,26.5,8
A,logistic,mask_ambiguous_units,source_hourly,silence4,0.0175243187331984,False,187,444,17,0.30180180180180183,134,0.2594218390930089,0.34684608818190094,0.35294117647058826,6,0.14209748311022094,0.6167163365565971,0.11764705882352941,2,0.014579316840302493,0.36440916210125024,0.35294117647058826,6,0.14209748311022094,0.6167163365565971,0.47058823529411764,8,0.22983268726599038,0.7218816996688935,0.23529411764705882,4,0.06810774043735666,0.4989932732045801,0.47058823529411764,8,0.22983268726599038,0.7218816996688935,1203,19094,2.7094594594594597,6.30040850528962,38,551,2.235294117647059,6.896551724137931,12.0,6.25,26.5,8
A,logistic,mask_ambiguous_units,source_hourly,silence6,0.0175243187331984,False,187,444,17,0.30180180180180183,134,0.2594218390930089,0.34684608818190094,0.35294117647058826,6,0.14209748311022094,0.6167163365565971,0.11764705882352941,2,0.014579316840302493,0.36440916210125024,0.35294117647058826,6,0.14209748311022094,0.6167163365565971,0.47058823529411764,8,0.22983268726599038,0.7218816996688935,0.23529411764705882,4,0.06810774043735666,0.4989932732045801,0.47058823529411764,8,0.22983268726599038,0.7218816996688935,873,19094,1.9662162162162162,4.572116895359799,30,551,1.7647058823529411,5.44464609800363,12.0,6.25,26.5,8
A,logistic,mask_ambiguous_units,source_hourly,three_of_five,0.0175243187331984,False,187,444,17,0.21396396396396397,95,0.17670609543511961,0.2550818853778713,0.23529411764705882,4,0.06810774043735666,0.4989932732045801,0.11764705882352941,2,0.014579316840302493,0.36440916210125024,0.17647058823529413,3,0.037985068070626,0.43431787284428397,0.29411764705882354,5,0.10313551437032002,0.5595827187543372,0.11764705882352941,2,0.014579316840302493,0.36440916210125024,0.29411764705882354,5,0.10313551437032002,0.5595827187543372,3569,19094,8.038288288288289,18.691735623756152,109,551,6.411764705882353,19.782214156079856,13.0,5.0,52.0,5
A,logistic,mask_ambiguous_units,source_patient,hourly,0.033675748624532,False,187,444,17,0.17342342342342343,77,0.1393556136900841,0.211911636680008,0.11764705882352941,2,0.014579316840302493,0.36440916210125024,0.058823529411764705,1,0.0014881743912666346,0.2868893966672207,0.11764705882352941,2,0.014579316840302493,0.36440916210125024,0.11764705882352941,2,0.014579316840302493,0.36440916210125024,0.058823529411764705,1,0.0014881743912666346,0.2868893966672207,0.17647058823529413,3,0.037985068070626,0.43431787284428397,1614,19094,3.635135135135135,8.45291714674767,44,551,2.588235294117647,7.985480943738657,51.0,26.5,62.5,3
A,logistic,mask_ambiguous_units,source_patient,single,0.033675748624532,False,187,444,17,0.17342342342342343,77,0.1393556136900841,0.211911636680008,0.058823529411764705,1,0.0014881743912666346,0.2868893966672207,0.058823529411764705,1,0.0014881743912666346,0.2868893966672207,0.11764705882352941,2,0.014579316840302493,0.36440916210125024,0.058823529411764705,1,0.0014881743912666346,0.2868893966672207,0.058823529411764705,1,0.0014881743912666346,0.2868893966672207,0.17647058823529413,3,0.037985068070626,0.43431787284428397,77,19094,0.17342342342342343,0.40326804231695823,3,551,0.17647058823529413,0.5444646098003629,51.0,26.5,62.5,3
A,logistic,mask_ambiguous_units,source_patient,silence4,0.033675748624532,False,187,444,17,0.17342342342342343,77,0.1393556136900841,0.211911636680008,0.11764705882352941,2,0.014579316840302493,0.36440916210125024,0.058823529411764705,1,0.0014881743912666346,0.2868893966672207,0.11764705882352941,2,0.014579316840302493,0.36440916210125024,0.11764705882352941,2,0.014579316840302493,0.36440916210125024,0.058823529411764705,1,0.0014881743912666346,0.2868893966672207,0.17647058823529413,3,0.037985068070626,0.43431787284428397,530,19094,1.1936936936936937,2.7757410704933485,16,551,0.9411764705882353,2.9038112522686026,51.0,26.5,62.5,3
A,logistic,mask_ambiguous_units,source_patient,silence6,0.033675748624532,False,187,444,17,0.17342342342342343,77,0.1393556136900841,0.211911636680008,0.11764705882352941,2,0.014579316840302493,0.36440916210125024,0.058823529411764705,1,0.0014881743912666346,0.2868893966672207,0.11764705882352941,2,0.014579316840302493,0.36440916210125024,0.11764705882352941,2,0.014579316840302493,0.36440916210125024,0.058823529411764705,1,0.0014881743912666346,0.2868893966672207,0.17647058823529413,3,0.037985068070626,0.43431787284428397,393,19094,0.8851351351351351,2.0582381900073323,12,551,0.7058823529411765,2.1778584392014517,51.0,26.5,62.5,3
A,logistic,mask_ambiguous_units,source_patient,three_of_five,0.033675748624532,False,187,444,17,0.11711711711711711,52,0.0887171182936875,0.1507353328701418,0.058823529411764705,1,0.0014881743912666346,0.2868893966672207,0.0,0,0.0,0.19506432296909318,0.058823529411764705,1,0.0014881743912666346,0.2868893966672207,0.058823529411764705,1,0.0014881743912666346,0.2868893966672207,0.0,0,0.0,0.19506432296909318,0.058823529411764705,1,0.0014881743912666346,0.2868893966672207,1471,19094,3.313063063063063,7.703990782444747,40,551,2.3529411764705883,7.259528130671506,72.0,72.0,72.0,1
A,logistic,mask_ambiguous_units,local_patient,hourly,0.05757411472260962,False,187,444,17,0.1036036036036036,46,0.0768540917026358,0.1357689389403721,0.0,0,0.0,0.19506432296909318,0.0,0,0.0,0.19506432296909318,0.058823529411764705,1,0.0014881743912666346,0.2868893966672207,0.0,0,0.0,0.19506432296909318,0.0,0,0.0,0.19506432296909318,0.058823529411764705,1,0.0014881743912666346,0.2868893966672207,740,19094,1.6666666666666667,3.875563004085053,4,551,0.23529411764705882,0.7259528130671506,22.0,22.0,22.0,1
A,logistic,mask_ambiguous_units,local_patient,single,0.05757411472260962,False,187,444,17,0.1036036036036036,46,0.0768540917026358,0.1357689389403721,0.0,0,0.0,0.19506432296909318,0.0,0,0.0,0.19506432296909318,0.058823529411764705,1,0.0014881743912666346,0.2868893966672207,0.0,0,0.0,0.19506432296909318,0.0,0,0.0,0.19506432296909318,0.058823529411764705,1,0.0014881743912666346,0.2868893966672207,46,19094,0.1036036036036036,0.2409133759296114,1,551,0.058823529411764705,0.18148820326678766,22.0,22.0,22.0,1
A,logistic,mask_ambiguous_units,local_patient,silence4,0.05757411472260962,False,187,444,17,0.1036036036036036,46,0.0768540917026358,0.1357689389403721,0.0,0,0.0,0.19506432296909318,0.0,0,0.0,0.19506432296909318,0.058823529411764705,1,0.0014881743912666346,0.2868893966672207,0.0,0,0.0,0.19506432296909318,0.0,0,0.0,0.19506432296909318,0.058823529411764705,1,0.0014881743912666346,0.2868893966672207,251,19094,0.5653153153153153,1.3145490730072273,1,551,0.058823529411764705,0.18148820326678766,22.0,22.0,22.0,1
A,logistic,mask_ambiguous_units,local_patient,silence6,0.05757411472260962,False,187,444,17,0.1036036036036036,46,0.0768540917026358,0.1357689389403721,0.0,0,0.0,0.19506432296909318,0.0,0,0.0,0.19506432296909318,0.058823529411764705,1,0.0014881743912666346,0.2868893966672207,0.0,0,0.0,0.19506432296909318,0.0,0,0.0,0.19506432296909318,0.058823529411764705,1,0.0014881743912666346,0.2868893966672207,184,19094,0.4144144144144144,0.9636535037184456,1,551,0.058823529411764705,0.18148820326678766,22.0,22.0,22.0,1
A,logistic,mask_ambiguous_units,local_patient,three_of_five,0.04820757806232855,False,187,444,17,0.08108108108108109,36,0.057432571711661384,0.11048456143169662,0.0,0,0.0,0.19506432296909318,0.0,0,0.0,0.19506432296909318,0.058823529411764705,1,0.0014881743912666346,0.2868893966672207,0.0,0,0.0,0.19506432296909318,0.0,0,0.0,0.19506432296909318,0.058823529411764705,1,0.0014881743912666346,0.2868893966672207,920,19094,2.0720720720720722,4.818267518592228,8,551,0.47058823529411764,1.4519056261343013,55.0,55.0,55.0,1
A,hgb,native_numeric,source_hourly,hourly,0.0139771849320761,False,187,444,17,0.4166666666666667,185,0.3703721970015862,0.46407883910978226,0.47058823529411764,8,0.22983268726599038,0.7218816996688935,0.23529411764705882,4,0.06810774043735666,0.4989932732045801,0.29411764705882354,5,0.10313551437032002,0.5595827187543372,0.5294117647058824,9,0.27811830033110657,0.7701673127340096,0.35294117647058826,6,0.14209748311022094,0.6167163365565971,0.5294117647058824,9,0.27811830033110657,0.7701673127340096,6062,19094,13.653153153153154,31.748193149680528,153,551,9.0,27.76769509981851,7.0,4.0,58.0,9
A,hgb,native_numeric,source_hourly,single,0.0139771849320761,False,187,444,17,0.4166666666666667,185,0.3703721970015862,0.46407883910978226,0.23529411764705882,4,0.06810774043735666,0.4989932732045801,0.23529411764705882,4,0.06810774043735666,0.4989932732045801,0.29411764705882354,5,0.10313551437032002,0.5595827187543372,0.35294117647058826,6,0.14209748311022094,0.6167163365565971,0.35294117647058826,6,0.14209748311022094,0.6167163365565971,0.5294117647058824,9,0.27811830033110657,0.7701673127340096,185,19094,0.4166666666666667,0.9688907510212632,9,551,0.5294117647058824,1.633393829401089,7.0,4.0,58.0,9
A,hgb,native_numeric,source_hourly,silence4,0.0139771849320761,False,187,444,17,0.4166666666666667,185,0.3703721970015862,0.46407883910978226,0.47058823529411764,8,0.22983268726599038,0.7218816996688935,0.23529411764705882,4,0.06810774043735666,0.4989932732045801,0.29411764705882354,5,0.10313551437032002,0.5595827187543372,0.5294117647058824,9,0.27811830033110657,0.7701673127340096,0.35294117647058826,6,0.14209748311022094,0.6167163365565971,0.5294117647058824,9,0.27811830033110657,0.7701673127340096,1675,19094,3.7725225225225225,8.772389232219545,46,551,2.7058823529411766,8.348457350272232,7.0,4.0,58.0,9
A,hgb,native_numeric,source_hourly,silence6,0.0139771849320761,False,187,444,17,0.4166666666666667,185,0.3703721970015862,0.46407883910978226,0.4117647058823529,7,0.18443696178394667,0.6707528460532426,0.23529411764705882,4,0.06810774043735666,0.4989932732045801,0.29411764705882354,5,0.10313551437032002,0.5595827187543372,0.5294117647058824,9,0.27811830033110657,0.7701673127340096,0.35294117647058826,6,0.14209748311022094,0.6167163365565971,0.5294117647058824,9,0.27811830033110657,0.7701673127340096,1174,19094,2.644144144144144,6.148528333507908,33,551,1.9411764705882353,5.9891107078039925,7.0,4.0,58.0,9
A,hgb,native_numeric,source_hourly,three_of_five,0.0139771849320761,False,187,444,17,0.34684684684684686,154,0.30259765769954766,0.39315243857528726,0.4117647058823529,7,0.18443696178394667,0.6707528460532426,0.23529411764705882,4,0.06810774043735666,0.4989932732045801,0.17647058823529413,3,0.037985068070626,0.43431787284428397,0.4117647058823529,7,0.18443696178394667,0.6707528460532426,0.23529411764705882,4,0.06810774043735666,0.4989932732045801,0.4117647058823529,7,0.18443696178394667,0.6707528460532426,5704,19094,12.846846846846846,29.873258615271812,134,551,7.882352941176471,24.319419237749546,6.0,2.0,40.0,7
A,hgb,native_numeric,source_patient,hourly,0.0357463317979515,False,187,444,17,0.2882882882882883,128,0.2465613898746448,0.3328624148288515,0.29411764705882354,5,0.10313551437032002,0.5595827187543372,0.11764705882352941,2,0.014579316840302493,0.36440916210125024,0.17647058823529413,3,0.037985068070626,0.43431787284428397,0.29411764705882354,5,0.10313551437032002,0.5595827187543372,0.11764705882352941,2,0.014579316840302493,0.36440916210125024,0.29411764705882354,5,0.10313551437032002,0.5595827187543372,4203,19094,9.466216216216216,22.012150413742535,100,551,5.882352941176471,18.148820326678766,30.0,6.0,39.0,5
A,hgb,native_numeric,source_patient,single,0.0357463317979515,False,187,444,17,0.2882882882882883,128,0.2465613898746448,0.3328624148288515,0.11764705882352941,2,0.014579316840302493,0.36440916210125024,0.11764705882352941,2,0.014579316840302493,0.36440916210125024,0.17647058823529413,3,0.037985068070626,0.43431787284428397,0.11764705882352941,2,0.014579316840302493,0.36440916210125024,0.11764705882352941,2,0.014579316840302493,0.36440916210125024,0.29411764705882354,5,0.10313551437032002,0.5595827187543372,128,19094,0.2882882882882883,0.6703676547606578,5,551,0.29411764705882354,0.9074410163339383,30.0,6.0,39.0,5
A,hgb,native_numeric,source_patient,silence4,0.0357463317979515,False,187,444,17,0.2882882882882883,128,0.2465613898746448,0.3328624148288515,0.29411764705882354,5,0.10313551437032002,0.5595827187543372,0.11764705882352941,2,0.014579316840302493,0.36440916210125024,0.17647058823529413,3,0.037985068070626,0.43431787284428397,0.29411764705882354,5,0.10313551437032002,0.5595827187543372,0.11764705882352941,2,0.014579316840302493,0.36440916210125024,0.29411764705882354,5,0.10313551437032002,0.5595827187543372,1152,19094,2.5945945945945947,6.03330889284592,30,551,1.7647058823529411,5.44464609800363,30.0,6.0,39.0,5
A,hgb,native_numeric,source_patient,silence6,0.0357463317979515,False,187,444,17,0.2882882882882883,128,0.2465613898746448,0.3328624148288515,0.29411764705882354,5,0.10313551437032002,0.5595827187543372,0.11764705882352941,2,0.014579316840302493,0.36440916210125024,0.17647058823529413,3,0.037985068070626,0.43431787284428397,0.29411764705882354,5,0.10313551437032002,0.5595827187543372,0.11764705882352941,2,0.014579316840302493,0.36440916210125024,0.29411764705882354,5,0.10313551437032002,0.5595827187543372,804,19094,1.8108108108108107,4.210746831465382,21,551,1.2352941176470589,3.8112522686025407,30.0,6.0,39.0,5
A,hgb,native_numeric,source_patient,three_of_five,0.0357463317979515,False,187,444,17,0.2545045045045045,113,0.2146141803166157,0.29770075495862786,0.17647058823529413,3,0.037985068070626,0.43431787284428397,0.0,0,0.0,0.19506432296909318,0.17647058823529413,3,0.037985068070626,0.43431787284428397,0.17647058823529413,3,0.037985068070626,0.43431787284428397,0.0,0,0.0,0.19506432296909318,0.17647058823529413,3,0.037985068070626,0.43431787284428397,3994,19094,8.995495495495495,20.91756572745365,95,551,5.588235294117647,17.24137931034483,37.0,32.5,52.5,3
A,hgb,native_numeric,local_patient,hourly,0.1528052902529701,False,187,444,17,0.10585585585585586,47,0.078821488752087,0.13827286409152795,0.0,0,0.0,0.19506432296909318,0.0,0,0.0,0.19506432296909318,0.0,0,0.0,0.19506432296909318,0.0,0,0.0,0.19506432296909318,0.0,0,0.0,0.19506432296909318,0.0,0,0.0,0.19506432296909318,605,19094,1.3626126126126126,3.1685346182046716,0,551,0.0,0.0,,,,0
A,hgb,native_numeric,local_patient,single,0.1528052902529701,False,187,444,17,0.10585585585585586,47,0.078821488752087,0.13827286409152795,0.0,0,0.0,0.19506432296909318,0.0,0,0.0,0.19506432296909318,0.0,0,0.0,0.19506432296909318,0.0,0,0.0,0.19506432296909318,0.0,0,0.0,0.19506432296909318,0.0,0,0.0,0.19506432296909318,47,19094,0.10585585585585586,0.24615062323242903,0,551,0.0,0.0,,,,0
A,hgb,native_numeric,local_patient,silence4,0.1528052902529701,False,187,444,17,0.10585585585585586,47,0.078821488752087,0.13827286409152795,0.0,0,0.0,0.19506432296909318,0.0,0,0.0,0.19506432296909318,0.0,0,0.0,0.19506432296909318,0.0,0,0.0,0.19506432296909318,0.0,0,0.0,0.19506432296909318,0.0,0,0.0,0.19506432296909318,209,19094,0.47072072072072074,1.0945846862888866,0,551,0.0,0.0,,,,0
A,hgb,native_numeric,local_patient,silence6,0.1528052902529701,False,187,444,17,0.10585585585585586,47,0.078821488752087,0.13827286409152795,0.0,0,0.0,0.19506432296909318,0.0,0,0.0,0.19506432296909318,0.0,0,0.0,0.19506432296909318,0.0,0,0.0,0.19506432296909318,0.0,0,0.0,0.19506432296909318,0.0,0,0.0,0.19506432296909318,164,19094,0.36936936936936937,0.8589085576620928,0,551,0.0,0.0,,,,0
A,hgb,native_numeric,local_patient,three_of_five,0.13745227574575797,False,187,444,17,0.08558558558558559,38,0.06127643030015051,0.11558061681575313,0.0,0,0.0,0.19506432296909318,0.0,0,0.0,0.19506432296909318,0.0,0,0.0,0.19506432296909318,0.0,0,0.0,0.19506432296909318,0.0,0,0.0,0.19506432296909318,0.0,0,0.0,0.19506432296909318,669,19094,1.5067567567567568,3.5037184455850006,0,551,0.0,0.0,,,,0
A,hgb,mask_ambiguous_units,source_hourly,hourly,0.0139771849320761,False,187,444,17,0.40540540540540543,180,0.35937487140613256,0.4527048439120221,0.4117647058823529,7,0.18443696178394667,0.6707528460532426,0.17647058823529413,3,0.037985068070626,0.43431787284428397,0.23529411764705882,4,0.06810774043735666,0.4989932732045801,0.4117647058823529,7,0.18443696178394667,0.6707528460532426,0.23529411764705882,4,0.06810774043735666,0.4989932732045801,0.4117647058823529,7,0.18443696178394667,0.6707528460532426,5847,19094,13.16891891891892,30.622184979574737,147,551,8.647058823529411,26.678765880217785,10.0,3.5,64.0,7
A,hgb,mask_ambiguous_units,source_hourly,single,0.0139771849320761,False,187,444,17,0.40540540540540543,180,0.35937487140613256,0.4527048439120221,0.17647058823529413,3,0.037985068070626,0.43431787284428397,0.17647058823529413,3,0.037985068070626,0.43431787284428397,0.23529411764705882,4,0.06810774043735666,0.4989932732045801,0.23529411764705882,4,0.06810774043735666,0.4989932732045801,0.23529411764705882,4,0.06810774043735666,0.4989932732045801,0.4117647058823529,7,0.18443696178394667,0.6707528460532426,180,19094,0.40540540540540543,0.9427045145071751,7,551,0.4117647058823529,1.2704174228675136,10.0,3.5,64.0,7
A,hgb,mask_ambiguous_units,source_hourly,silence4,0.0139771849320761,False,187,444,17,0.40540540540540543,180,0.35937487140613256,0.4527048439120221,0.4117647058823529,7,0.18443696178394667,0.6707528460532426,0.17647058823529413,3,0.037985068070626,0.43431787284428397,0.23529411764705882,4,0.06810774043735666,0.4989932732045801,0.4117647058823529,7,0.18443696178394667,0.6707528460532426,0.23529411764705882,4,0.06810774043735666,0.4989932732045801,0.4117647058823529,7,0.18443696178394667,0.6707528460532426,1622,19094,3.6531531531531534,8.494815125170211,44,551,2.588235294117647,7.985480943738657,10.0,3.5,64.0,7
A,hgb,mask_ambiguous_units,source_hourly,silence6,0.0139771849320761,False,187,444,17,0.40540540540540543,180,0.35937487140613256,0.4527048439120221,0.35294117647058826,6,0.14209748311022094,0.6167163365565971,0.17647058823529413,3,0.037985068070626,0.43431787284428397,0.23529411764705882,4,0.06810774043735666,0.4989932732045801,0.4117647058823529,7,0.18443696178394667,0.6707528460532426,0.23529411764705882,4,0.06810774043735666,0.4989932732045801,0.4117647058823529,7,0.18443696178394667,0.6707528460532426,1140,19094,2.5675675675675675,5.970461925212109,31,551,1.8235294117647058,5.626134301270417,10.0,3.5,64.0,7
A,hgb,mask_ambiguous_units,source_hourly,three_of_five,0.0139771849320761,False,187,444,17,0.3310810810810811,147,0.2874342197912667,0.3769968497424445,0.35294117647058826,6,0.14209748311022094,0.6167163365565971,0.17647058823529413,3,0.037985068070626,0.43431787284428397,0.17647058823529413,3,0.037985068070626,0.43431787284428397,0.35294117647058826,6,0.14209748311022094,0.6167163365565971,0.17647058823529413,3,0.037985068070626,0.43431787284428397,0.35294117647058826,6,0.14209748311022094,0.6167163365565971,5495,19094,12.376126126126126,28.778673928982926,129,551,7.588235294117647,23.41197822141561,19.0,2.25,42.5,6
A,hgb,mask_ambiguous_units,source_patient,hourly,0.0357463317979515,False,187,444,17,0.28153153153153154,125,0.24014813054617884,0.3258537250537303,0.23529411764705882,4,0.06810774043735666,0.4989932732045801,0.058823529411764705,1,0.0014881743912666346,0.2868893966672207,0.17647058823529413,3,0.037985068070626,0.43431787284428397,0.23529411764705882,4,0.06810774043735666,0.4989932732045801,0.058823529411764705,1,0.0014881743912666346,0.2868893966672207,0.23529411764705882,4,0.06810774043735666,0.4989932732045801,3988,19094,8.981981981981981,20.886142243636744,101,551,5.9411764705882355,18.330308529945555,34.5,24.0,46.75,4
A,hgb,mask_ambiguous_units,source_patient,single,0.0357463317979515,False,187,444,17,0.28153153153153154,125,0.24014813054617884,0.3258537250537303,0.058823529411764705,1,0.0014881743912666346,0.2868893966672207,0.058823529411764705,1,0.0014881743912666346,0.2868893966672207,0.17647058823529413,3,0.037985068070626,0.43431787284428397,0.058823529411764705,1,0.0014881743912666346,0.2868893966672207,0.058823529411764705,1,0.0014881743912666346,0.2868893966672207,0.23529411764705882,4,0.06810774043735666,0.4989932732045801,125,19094,0.28153153153153154,0.6546559128522049,4,551,0.23529411764705882,0.7259528130671506,34.5,24.0,46.75,4
A,hgb,mask_ambiguous_units,source_patient,silence4,0.0357463317979515,False,187,444,17,0.28153153153153154,125,0.24014813054617884,0.3258537250537303,0.23529411764705882,4,0.06810774043735666,0.4989932732045801,0.058823529411764705,1,0.0014881743912666346,0.2868893966672207,0.17647058823529413,3,0.037985068070626,0.43431787284428397,0.23529411764705882,4,0.06810774043735666,0.4989932732045801,0.058823529411764705,1,0.0014881743912666346,0.2868893966672207,0.23529411764705882,4,0.06810774043735666,0.4989932732045801,1103,19094,2.484234234234234,5.7766837750078555,30,551,1.7647058823529411,5.44464609800363,34.5,24.0,46.75,4
A,hgb,mask_ambiguous_units,source_patient,silence6,0.0357463317979515,False,187,444,17,0.28153153153153154,125,0.24014813054617884,0.3258537250537303,0.23529411764705882,4,0.06810774043735666,0.4989932732045801,0.058823529411764705,1,0.0014881743912666346,0.2868893966672207,0.17647058823529413,3,0.037985068070626,0.43431787284428397,0.23529411764705882,4,0.06810774043735666,0.4989932732045801,0.058823529411764705,1,0.0014881743912666346,0.2868893966672207,0.23529411764705882,4,0.06810774043735666,0.4989932732045801,766,19094,1.7252252252252251,4.011731433958311,21,551,1.2352941176470589,3.8112522686025407,34.5,24.0,46.75,4
A,hgb,mask_ambiguous_units,source_patient,three_of_five,0.0357463317979515,False,187,444,17,0.24549549549549549,109,0.20614742639297545,0.2882722290073039,0.17647058823529413,3,0.037985068070626,0.43431787284428397,0.0,0,0.0,0.19506432296909318,0.17647058823529413,3,0.037985068070626,0.43431787284428397,0.17647058823529413,3,0.037985068070626,0.43431787284428397,0.0,0,0.0,0.19506432296909318,0.17647058823529413,3,0.037985068070626,0.43431787284428397,3791,19094,8.538288288288289,19.85440452498167,96,551,5.647058823529412,17.422867513611614,37.0,32.5,52.5,3
A,hgb,mask_ambiguous_units,local_patient,hourly,0.14438536881633496,False,187,444,17,0.10135135135135136,45,0.0748908650025786,0.13326095494033488,0.0,0,0.0,0.19506432296909318,0.0,0,0.0,0.19506432296909318,0.0,0,0.0,0.19506432296909318,0.0,0,0.0,0.19506432296909318,0.0,0,0.0,0.19506432296909318,0.0,0,0.0,0.19506432296909318,582,19094,1.3108108108108107,3.0480779302398657,0,551,0.0,0.0,,,,0
A,hgb,mask_ambiguous_units,local_patient,single,0.14438536881633496,False,187,444,17,0.10135135135135136,45,0.0748908650025786,0.13326095494033488,0.0,0,0.0,0.19506432296909318,0.0,0,0.0,0.19506432296909318,0.0,0,0.0,0.19506432296909318,0.0,0,0.0,0.19506432296909318,0.0,0,0.0,0.19506432296909318,0.0,0,0.0,0.19506432296909318,45,19094,0.10135135135135136,0.23567612862679377,0,551,0.0,0.0,,,,0
A,hgb,mask_ambiguous_units,local_patient,silence4,0.14438536881633496,False,187,444,17,0.10135135135135136,45,0.0748908650025786,0.13326095494033488,0.0,0,0.0,0.19506432296909318,0.0,0,0.0,0.19506432296909318,0.0,0,0.0,0.19506432296909318,0.0,0,0.0,0.19506432296909318,0.0,0,0.0,0.19506432296909318,0.0,0,0.0,0.19506432296909318,204,19094,0.4594594594594595,1.0683984497747985,0,551,0.0,0.0,,,,0
A,hgb,mask_ambiguous_units,local_patient,silence6,0.14438536881633496,False,187,444,17,0.10135135135135136,45,0.0748908650025786,0.13326095494033488,0.0,0,0.0,0.19506432296909318,0.0,0,0.0,0.19506432296909318,0.0,0,0.0,0.19506432296909318,0.0,0,0.0,0.19506432296909318,0.0,0,0.0,0.19506432296909318,0.0,0,0.0,0.19506432296909318,159,19094,0.3581081081081081,0.8327223211480046,0,551,0.0,0.0,,,,0
A,hgb,mask_ambiguous_units,local_patient,three_of_five,0.11254906388424146,False,187,444,17,0.0945945945945946,42,0.06902748312496075,0.12571143720356795,0.0,0,0.0,0.19506432296909318,0.0,0,0.0,0.19506432296909318,0.0,0,0.0,0.19506432296909318,0.0,0,0.0,0.19506432296909318,0.0,0,0.0,0.19506432296909318,0.0,0,0.0,0.19506432296909318,793,19094,1.7860360360360361,4.153137111134388,0,551,0.0,0.0,,,,0
A,hgb_no_observation_features,native_numeric,source_hourly,hourly,0.0197045330648678,False,187,444,17,0.1981981981981982,88,0.16210791821176937,0.23836552967224645,0.17647058823529413,3,0.037985068070626,0.43431787284428397,0.11764705882352941,2,0.014579316840302493,0.36440916210125024,0.11764705882352941,2,0.014579316840302493,0.36440916210125024,0.23529411764705882,4,0.06810774043735666,0.4989932732045801,0.17647058823529413,3,0.037985068070626,0.43431787284428397,0.23529411764705882,4,0.06810774043735666,0.4989932732045801,1510,19094,3.400900900900901,7.908243427254635,25,551,1.4705882352941178,4.537205081669692,7.5,5.0,24.75,4
A,hgb_no_observation_features,native_numeric,source_hourly,single,0.0197045330648678,False,187,444,17,0.1981981981981982,88,0.16210791821176937,0.23836552967224645,0.11764705882352941,2,0.014579316840302493,0.36440916210125024,0.11764705882352941,2,0.014579316840302493,0.36440916210125024,0.11764705882352941,2,0.014579316840302493,0.36440916210125024,0.17647058823529413,3,0.037985068070626,0.43431787284428397,0.17647058823529413,3,0.037985068070626,0.43431787284428397,0.23529411764705882,4,0.06810774043735666,0.4989932732045801,88,19094,0.1981981981981982,0.4608777626479522,4,551,0.23529411764705882,0.7259528130671506,7.5,5.0,24.75,4
A,hgb_no_observation_features,native_numeric,source_hourly,silence4,0.0197045330648678,False,187,444,17,0.1981981981981982,88,0.16210791821176937,0.23836552967224645,0.17647058823529413,3,0.037985068070626,0.43431787284428397,0.11764705882352941,2,0.014579316840302493,0.36440916210125024,0.11764705882352941,2,0.014579316840302493,0.36440916210125024,0.23529411764705882,4,0.06810774043735666,0.4989932732045801,0.17647058823529413,3,0.037985068070626,0.43431787284428397,0.23529411764705882,4,0.06810774043735666,0.4989932732045801,484,19094,1.09009009009009,2.534827694563737,10,551,0.5882352941176471,1.8148820326678765,7.5,5.0,24.75,4
A,hgb_no_observation_features,native_numeric,source_hourly,silence6,0.0197045330648678,False,187,444,17,0.1981981981981982,88,0.16210791821176937,0.23836552967224645,0.17647058823529413,3,0.037985068070626,0.43431787284428397,0.11764705882352941,2,0.014579316840302493,0.36440916210125024,0.11764705882352941,2,0.014579316840302493,0.36440916210125024,0.23529411764705882,4,0.06810774043735666,0.4989932732045801,0.17647058823529413,3,0.037985068070626,0.43431787284428397,0.23529411764705882,4,0.06810774043735666,0.4989932732045801,367,19094,0.8265765765765766,1.9220697601340735,8,551,0.47058823529411764,1.4519056261343013,7.5,5.0,24.75,4
A,hgb_no_observation_features,native_numeric,source_hourly,three_of_five,0.0197045330648678,False,187,444,17,0.11711711711711711,52,0.0887171182936875,0.1507353328701418,0.11764705882352941,2,0.014579316840302493,0.36440916210125024,0.058823529411764705,1,0.0014881743912666346,0.2868893966672207,0.11764705882352941,2,0.014579316840302493,0.36440916210125024,0.11764705882352941,2,0.014579316840302493,0.36440916210125024,0.11764705882352941,2,0.014579316840302493,0.36440916210125024,0.17647058823529413,3,0.037985068070626,0.43431787284428397,1381,19094,3.1103603603603602,7.23263852519116,18,551,1.0588235294117647,3.266787658802178,7.0,5.5,15.5,3
A,hgb_no_observation_features,native_numeric,source_patient,hourly,0.0407457893577934,False,187,444,17,0.06531531531531531,29,0.044175504993635,0.09245915082883534,0.058823529411764705,1,0.0014881743912666346,0.2868893966672207,0.0,0,0.0,0.19506432296909318,0.058823529411764705,1,0.0014881743912666346,0.2868893966672207,0.058823529411764705,1,0.0014881743912666346,0.2868893966672207,0.058823529411764705,1,0.0014881743912666346,0.2868893966672207,0.058823529411764705,1,0.0014881743912666346,0.2868893966672207,407,19094,0.9166666666666666,2.131559652246779,7,551,0.4117647058823529,1.2704174228675136,9.0,9.0,9.0,1
A,hgb_no_observation_features,native_numeric,source_patient,single,0.0407457893577934,False,187,444,17,0.06531531531531531,29,0.044175504993635,0.09245915082883534,0.0,0,0.0,0.19506432296909318,0.0,0,0.0,0.19506432296909318,0.058823529411764705,1,0.0014881743912666346,0.2868893966672207,0.058823529411764705,1,0.0014881743912666346,0.2868893966672207,0.058823529411764705,1,0.0014881743912666346,0.2868893966672207,0.058823529411764705,1,0.0014881743912666346,0.2868893966672207,29,19094,0.06531531531531531,0.15188017178171154,1,551,0.058823529411764705,0.18148820326678766,9.0,9.0,9.0,1
A,hgb_no_observation_features,native_numeric,source_patient,silence4,0.0407457893577934,False,187,444,17,0.06531531531531531,29,0.044175504993635,0.09245915082883534,0.058823529411764705,1,0.0014881743912666346,0.2868893966672207,0.0,0,0.0,0.19506432296909318,0.058823529411764705,1,0.0014881743912666346,0.2868893966672207,0.058823529411764705,1,0.0014881743912666346,0.2868893966672207,0.058823529411764705,1,0.0014881743912666346,0.2868893966672207,0.058823529411764705,1,0.0014881743912666346,0.2868893966672207,145,19094,0.32657657657657657,0.7594008589085577,2,551,0.11764705882352941,0.3629764065335753,9.0,9.0,9.0,1
A,hgb_no_observation_features,native_numeric,source_patient,silence6,0.0407457893577934,False,187,444,17,0.06531531531531531,29,0.044175504993635,0.09245915082883534,0.058823529411764705,1,0.0014881743912666346,0.2868893966672207,0.0,0,0.0,0.19506432296909318,0.058823529411764705,1,0.0014881743912666346,0.2868893966672207,0.058823529411764705,1,0.0014881743912666346,0.2868893966672207,0.058823529411764705,1,0.0014881743912666346,0.2868893966672207,0.058823529411764705,1,0.0014881743912666346,0.2868893966672207,106,19094,0.23873873873873874,0.5551482140986698,2,551,0.11764705882352941,0.3629764065335753,9.0,9.0,9.0,1
A,hgb_no_observation_features,native_numeric,source_patient,three_of_five,0.0407457893577934,False,187,444,17,0.04279279279279279,19,0.025957540915269695,0.06602150439585835,0.058823529411764705,1,0.0014881743912666346,0.2868893966672207,0.0,0,0.0,0.19506432296909318,0.058823529411764705,1,0.0014881743912666346,0.2868893966672207,0.058823529411764705,1,0.0014881743912666346,0.2868893966672207,0.058823529411764705,1,0.0014881743912666346,0.2868893966672207,0.058823529411764705,1,0.0014881743912666346,0.2868893966672207,383,19094,0.8626126126126126,2.0058657169791556,7,551,0.4117647058823529,1.2704174228675136,7.0,7.0,7.0,1
A,hgb_no_observation_features,native_numeric,local_patient,hourly,0.02507581756173899,False,187,444,17,0.15090090090090091,67,0.1188994327925078,0.18763824326392056,0.11764705882352941,2,0.014579316840302493,0.36440916210125024,0.058823529411764705,1,0.0014881743912666346,0.2868893966672207,0.11764705882352941,2,0.014579316840302493,0.36440916210125024,0.11764705882352941,2,0.014579316840302493,0.36440916210125024,0.11764705882352941,2,0.014579316840302493,0.36440916210125024,0.17647058823529413,3,0.037985068070626,0.43431787284428397,990,19094,2.22972972972973,5.184874829789463,13,551,0.7647058823529411,2.3593466424682394,9.0,7.0,40.0,3
A,hgb_no_observation_features,native_numeric,local_patient,single,0.02507581756173899,False,187,444,17,0.15090090090090091,67,0.1188994327925078,0.18763824326392056,0.058823529411764705,1,0.0014881743912666346,0.2868893966672207,0.058823529411764705,1,0.0014881743912666346,0.2868893966672207,0.11764705882352941,2,0.014579316840302493,0.36440916210125024,0.11764705882352941,2,0.014579316840302493,0.36440916210125024,0.11764705882352941,2,0.014579316840302493,0.36440916210125024,0.17647058823529413,3,0.037985068070626,0.43431787284428397,67,19094,0.15090090090090091,0.3508955692887818,3,551,0.17647058823529413,0.5444646098003629,9.0,7.0,40.0,3
A,hgb_no_observation_features,native_numeric,local_patient,silence4,0.02507581756173899,False,187,444,17,0.15090090090090091,67,0.1188994327925078,0.18763824326392056,0.11764705882352941,2,0.014579316840302493,0.36440916210125024,0.058823529411764705,1,0.0014881743912666346,0.2868893966672207,0.11764705882352941,2,0.014579316840302493,0.36440916210125024,0.11764705882352941,2,0.014579316840302493,0.36440916210125024,0.11764705882352941,2,0.014579316840302493,0.36440916210125024,0.17647058823529413,3,0.037985068070626,0.43431787284428397,328,19094,0.7387387387387387,1.7178171153241857,5,551,0.29411764705882354,0.9074410163339383,9.0,7.0,40.0,3
A,hgb_no_observation_features,native_numeric,local_patient,silence6,0.02507581756173899,False,187,444,17,0.15090090090090091,67,0.1188994327925078,0.18763824326392056,0.11764705882352941,2,0.014579316840302493,0.36440916210125024,0.058823529411764705,1,0.0014881743912666346,0.2868893966672207,0.11764705882352941,2,0.014579316840302493,0.36440916210125024,0.11764705882352941,2,0.014579316840302493,0.36440916210125024,0.11764705882352941,2,0.014579316840302493,0.36440916210125024,0.17647058823529413,3,0.037985068070626,0.43431787284428397,243,19094,0.5472972972972973,1.2726510945846863,5,551,0.29411764705882354,0.9074410163339383,9.0,7.0,40.0,3
A,hgb_no_observation_features,native_numeric,local_patient,three_of_five,0.019274347270545635,False,187,444,17,0.12612612612612611,56,0.09669814747426911,0.16064230378375843,0.17647058823529413,3,0.037985068070626,0.43431787284428397,0.11764705882352941,2,0.014579316840302493,0.36440916210125024,0.11764705882352941,2,0.014579316840302493,0.36440916210125024,0.17647058823529413,3,0.037985068070626,0.43431787284428397,0.17647058823529413,3,0.037985068070626,0.43431787284428397,0.23529411764705882,4,0.06810774043735666,0.4989932732045801,1453,19094,3.2725225225225225,7.60972033099403,21,551,1.2352941176470589,3.8112522686025407,6.0,4.25,11.25,4
A,hgb_no_observation_features,mask_ambiguous_units,source_hourly,hourly,0.0197045330648678,False,187,444,17,0.1554054054054054,69,0.12297150144093634,0.19251177885165166,0.058823529411764705,1,0.0014881743912666346,0.2868893966672207,0.0,0,0.0,0.19506432296909318,0.11764705882352941,2,0.014579316840302493,0.36440916210125024,0.058823529411764705,1,0.0014881743912666346,0.2868893966672207,0.058823529411764705,1,0.0014881743912666346,0.2868893966672207,0.11764705882352941,2,0.014579316840302493,0.36440916210125024,938,19094,2.1126126126126126,4.912537970042945,17,551,1.0,3.0852994555353903,41.5,25.25,57.75,2
A,hgb_no_observation_features,mask_ambiguous_units,source_hourly,single,0.0197045330648678,False,187,444,17,0.1554054054054054,69,0.12297150144093634,0.19251177885165166,0.0,0,0.0,0.19506432296909318,0.0,0,0.0,0.19506432296909318,0.11764705882352941,2,0.014579316840302493,0.36440916210125024,0.058823529411764705,1,0.0014881743912666346,0.2868893966672207,0.058823529411764705,1,0.0014881743912666346,0.2868893966672207,0.11764705882352941,2,0.014579316840302493,0.36440916210125024,69,19094,0.1554054054054054,0.3613700638944171,2,551,0.11764705882352941,0.3629764065335753,41.5,25.25,57.75,2
A,hgb_no_observation_features,mask_ambiguous_units,source_hourly,silence4,0.0197045330648678,False,187,444,17,0.1554054054054054,69,0.12297150144093634,0.19251177885165166,0.058823529411764705,1,0.0014881743912666346,0.2868893966672207,0.0,0,0.0,0.19506432296909318,0.11764705882352941,2,0.014579316840302493,0.36440916210125024,0.058823529411764705,1,0.0014881743912666346,0.2868893966672207,0.058823529411764705,1,0.0014881743912666346,0.2868893966672207,0.11764705882352941,2,0.014579316840302493,0.36440916210125024,315,19094,0.7094594594594594,1.6497329003875563,5,551,0.29411764705882354,0.9074410163339383,41.5,25.25,57.75,2
A,hgb_no_observation_features,mask_ambiguous_units,source_hourly,silence6,0.0197045330648678,False,187,444,17,0.1554054054054054,69,0.12297150144093634,0.19251177885165166,0.058823529411764705,1,0.0014881743912666346,0.2868893966672207,0.0,0,0.0,0.19506432296909318,0.11764705882352941,2,0.014579316840302493,0.36440916210125024,0.058823529411764705,1,0.0014881743912666346,0.2868893966672207,0.058823529411764705,1,0.0014881743912666346,0.2868893966672207,0.11764705882352941,2,0.014579316840302493,0.36440916210125024,238,19094,0.536036036036036,1.2464648580705981,5,551,0.29411764705882354,0.9074410163339383,41.5,25.25,57.75,2
A,hgb_no_observation_features,mask_ambiguous_units,source_hourly,three_of_five,0.0197045330648678,False,187,444,17,0.07657657657657657,34,0.053611972036940146,0.10536605568350363,0.058823529411764705,1,0.0014881743912666346,0.2868893966672207,0.0,0,0.0,0.19506432296909318,0.11764705882352941,2,0.014579316840302493,0.36440916210125024,0.058823529411764705,1,0.0014881743912666346,0.2868893966672207,0.058823529411764705,1,0.0014881743912666346,0.2868893966672207,0.11764705882352941,2,0.014579316840302493,0.36440916210125024,816,19094,1.837837837837838,4.273593799099194,17,551,1.0,3.0852994555353903,39.5,23.25,55.75,2
A,hgb_no_observation_features,mask_ambiguous_units,source_patient,hourly,0.0407457893577934,False,187,444,17,0.038288288288288286,17,0.02245975430485189,0.06059685226120826,0.0,0,0.0,0.19506432296909318,0.0,0,0.0,0.19506432296909318,0.0,0,0.0,0.19506432296909318,0.0,0,0.0,0.19506432296909318,0.0,0,0.0,0.19506432296909318,0.0,0,0.0,0.19506432296909318,157,19094,0.3536036036036036,0.8222478265423693,0,551,0.0,0.0,,,,0
A,hgb_no_observation_features,mask_ambiguous_units,source_patient,single,0.0407457893577934,False,187,444,17,0.038288288288288286,17,0.02245975430485189,0.06059685226120826,0.0,0,0.0,0.19506432296909318,0.0,0,0.0,0.19506432296909318,0.0,0,0.0,0.19506432296909318,0.0,0,0.0,0.19506432296909318,0.0,0,0.0,0.19506432296909318,0.0,0,0.0,0.19506432296909318,17,19094,0.038288288288288286,0.08903320414789986,0,551,0.0,0.0,,,,0
A,hgb_no_observation_features,mask_ambiguous_units,source_patient,silence4,0.0407457893577934,False,187,444,17,0.038288288288288286,17,0.02245975430485189,0.06059685226120826,0.0,0,0.0,0.19506432296909318,0.0,0,0.0,0.19506432296909318,0.0,0,0.0,0.19506432296909318,0.0,0,0.0,0.19506432296909318,0.0,0,0.0,0.19506432296909318,0.0,0,0.0,0.19506432296909318,59,19094,0.13288288288288289,0.3089975908662407,0,551,0.0,0.0,,,,0
A,hgb_no_observation_features,mask_ambiguous_units,source_patient,silence6,0.0407457893577934,False,187,444,17,0.038288288288288286,17,0.02245975430485189,0.06059685226120826,0.0,0,0.0,0.19506432296909318,0.0,0,0.0,0.19506432296909318,0.0,0,0.0,0.19506432296909318,0.0,0,0.0,0.19506432296909318,0.0,0,0.0,0.19506432296909318,0.0,0,0.0,0.19506432296909318,44,19094,0.0990990990990991,0.2304388813239761,0,551,0.0,0.0,,,,0
A,hgb_no_observation_features,mask_ambiguous_units,source_patient,three_of_five,0.0407457893577934,False,187,444,17,0.024774774774774775,11,0.012430901034893364,0.043895841623444606,0.0,0,0.0,0.19506432296909318,0.0,0,0.0,0.19506432296909318,0.0,0,0.0,0.19506432296909318,0.0,0,0.0,0.19506432296909318,0.0,0,0.0,0.19506432296909318,0.0,0,0.0,0.19506432296909318,142,19094,0.31981981981981983,0.7436891170001048,0,551,0.0,0.0,,,,0
A,hgb_no_observation_features,mask_ambiguous_units,local_patient,hourly,0.020186516692655036,False,187,444,17,0.15090090090090091,67,0.1188994327925078,0.18763824326392056,0.058823529411764705,1,0.0014881743912666346,0.2868893966672207,0.0,0,0.0,0.19506432296909318,0.11764705882352941,2,0.014579316840302493,0.36440916210125024,0.058823529411764705,1,0.0014881743912666346,0.2868893966672207,0.058823529411764705,1,0.0014881743912666346,0.2868893966672207,0.11764705882352941,2,0.014579316840302493,0.36440916210125024,895,19094,2.015765765765766,4.687336336021787,17,551,1.0,3.0852994555353903,41.5,25.25,57.75,2
A,hgb_no_observation_features,mask_ambiguous_units,local_patient,single,0.020186516692655036,False,187,444,17,0.15090090090090091,67,0.1188994327925078,0.18763824326392056,0.0,0,0.0,0.19506432296909318,0.0,0,0.0,0.19506432296909318,0.11764705882352941,2,0.014579316840302493,0.36440916210125024,0.058823529411764705,1,0.0014881743912666346,0.2868893966672207,0.058823529411764705,1,0.0014881743912666346,0.2868893966672207,0.11764705882352941,2,0.014579316840302493,0.36440916210125024,67,19094,0.15090090090090091,0.3508955692887818,2,551,0.11764705882352941,0.3629764065335753,41.5,25.25,57.75,2
A,hgb_no_observation_features,mask_ambiguous_units,local_patient,silence4,0.020186516692655036,False,187,444,17,0.15090090090090091,67,0.1188994327925078,0.18763824326392056,0.058823529411764705,1,0.0014881743912666346,0.2868893966672207,0.0,0,0.0,0.19506432296909318,0.11764705882352941,2,0.014579316840302493,0.36440916210125024,0.058823529411764705,1,0.0014881743912666346,0.2868893966672207,0.058823529411764705,1,0.0014881743912666346,0.2868893966672207,0.11764705882352941,2,0.014579316840302493,0.36440916210125024,301,19094,0.6779279279279279,1.5764114381481094,5,551,0.29411764705882354,0.9074410163339383,41.5,25.25,57.75,2
A,hgb_no_observation_features,mask_ambiguous_units,local_patient,silence6,0.020186516692655036,False,187,444,17,0.15090090090090091,67,0.1188994327925078,0.18763824326392056,0.058823529411764705,1,0.0014881743912666346,0.2868893966672207,0.0,0,0.0,0.19506432296909318,0.11764705882352941,2,0.014579316840302493,0.36440916210125024,0.058823529411764705,1,0.0014881743912666346,0.2868893966672207,0.058823529411764705,1,0.0014881743912666346,0.2868893966672207,0.11764705882352941,2,0.014579316840302493,0.36440916210125024,226,19094,0.509009009009009,1.1836178904367864,5,551,0.29411764705882354,0.9074410163339383,41.5,25.25,57.75,2
A,hgb_no_observation_features,mask_ambiguous_units,local_patient,three_of_five,0.013730443985671902,False,187,444,17,0.1373873873873874,61,0.1067465097157935,0.1729554813005779,0.17647058823529413,3,0.037985068070626,0.43431787284428397,0.058823529411764705,1,0.0014881743912666346,0.2868893966672207,0.11764705882352941,2,0.014579316840302493,0.36440916210125024,0.17647058823529413,3,0.037985068070626,0.43431787284428397,0.11764705882352941,2,0.014579316840302493,0.36440916210125024,0.17647058823529413,3,0.037985068070626,0.43431787284428397,1442,19094,3.2477477477477477,7.552110610663036,42,551,2.4705882352941178,7.6225045372050815,7.0,5.5,40.0,3
B,logistic,native_numeric,source_hourly,hourly,0.0109817525734817,False,187,444,17,0.3333333333333333,148,0.28959708735150197,0.37930811297920536,0.29411764705882354,5,0.10313551437032002,0.5595827187543372,0.058823529411764705,1,0.0014881743912666346,0.2868893966672207,0.23529411764705882,4,0.06810774043735666,0.4989932732045801,0.29411764705882354,5,0.10313551437032002,0.5595827187543372,0.058823529411764705,1,0.0014881743912666346,0.2868893966672207,0.29411764705882354,5,0.10313551437032002,0.5595827187543372,4786,19094,10.77927927927928,25.06546559128522,109,551,6.411764705882353,19.782214156079856,25.0,14.0,73.0,5
B,logistic,native_numeric,source_hourly,single,0.0109817525734817,False,187,444,17,0.3333333333333333,148,0.28959708735150197,0.37930811297920536,0.058823529411764705,1,0.0014881743912666346,0.2868893966672207,0.058823529411764705,1,0.0014881743912666346,0.2868893966672207,0.23529411764705882,4,0.06810774043735666,0.4989932732045801,0.058823529411764705,1,0.0014881743912666346,0.2868893966672207,0.058823529411764705,1,0.0014881743912666346,0.2868893966672207,0.29411764705882354,5,0.10313551437032002,0.5595827187543372,148,19094,0.3333333333333333,0.7751126008170106,5,551,0.29411764705882354,0.9074410163339383,25.0,14.0,73.0,5
B,logistic,native_numeric,source_hourly,silence4,0.0109817525734817,False,187,444,17,0.3333333333333333,148,0.28959708735150197,0.37930811297920536,0.29411764705882354,5,0.10313551437032002,0.5595827187543372,0.058823529411764705,1,0.0014881743912666346,0.2868893966672207,0.23529411764705882,4,0.06810774043735666,0.4989932732045801,0.29411764705882354,5,0.10313551437032002,0.5595827187543372,0.058823529411764705,1,0.0014881743912666346,0.2868893966672207,0.29411764705882354,5,0.10313551437032002,0.5595827187543372,1429,19094,3.2184684684684686,7.484026395726406,36,551,2.1176470588235294,6.533575317604356,25.0,14.0,73.0,5
B,logistic,native_numeric,source_hourly,silence6,0.0109817525734817,False,187,444,17,0.3333333333333333,148,0.28959708735150197,0.37930811297920536,0.29411764705882354,5,0.10313551437032002,0.5595827187543372,0.058823529411764705,1,0.0014881743912666346,0.2868893966672207,0.23529411764705882,4,0.06810774043735666,0.4989932732045801,0.29411764705882354,5,0.10313551437032002,0.5595827187543372,0.058823529411764705,1,0.0014881743912666346,0.2868893966672207,0.29411764705882354,5,0.10313551437032002,0.5595827187543372,1023,19094,2.304054054054054,5.357703990782444,27,551,1.588235294117647,4.900181488203267,25.0,14.0,73.0,5
B,logistic,native_numeric,source_hourly,three_of_five,0.0109817525734817,False,187,444,17,0.23198198198198197,103,0.1934918650478716,0.27408527145551076,0.23529411764705882,4,0.06810774043735666,0.4989932732045801,0.0,0,0.0,0.19506432296909318,0.23529411764705882,4,0.06810774043735666,0.4989932732045801,0.23529411764705882,4,0.06810774043735666,0.4989932732045801,0.058823529411764705,1,0.0014881743912666346,0.2868893966672207,0.23529411764705882,4,0.06810774043735666,0.4989932732045801,4499,19094,10.132882882882884,23.56237561537656,99,551,5.823529411764706,17.96733212341198,18.5,13.5,32.5,4
B,logistic,native_numeric,source_patient,hourly,0.0238446492374886,False,187,444,17,0.23198198198198197,103,0.1934918650478716,0.27408527145551076,0.23529411764705882,4,0.06810774043735666,0.4989932732045801,0.0,0,0.0,0.19506432296909318,0.23529411764705882,4,0.06810774043735666,0.4989932732045801,0.23529411764705882,4,0.06810774043735666,0.4989932732045801,0.0,0,0.0,0.19506432296909318,0.23529411764705882,4,0.06810774043735666,0.4989932732045801,2253,19094,5.074324324324325,11.79951817324814,27,551,1.588235294117647,4.900181488203267,27.0,14.75,42.0,4
B,logistic,native_numeric,source_patient,single,0.0238446492374886,False,187,444,17,0.23198198198198197,103,0.1934918650478716,0.27408527145551076,0.0,0,0.0,0.19506432296909318,0.0,0,0.0,0.19506432296909318,0.23529411764705882,4,0.06810774043735666,0.4989932732045801,0.0,0,0.0,0.19506432296909318,0.0,0,0.0,0.19506432296909318,0.23529411764705882,4,0.06810774043735666,0.4989932732045801,103,19094,0.23198198198198197,0.5394364721902168,4,551,0.23529411764705882,0.7259528130671506,27.0,14.75,42.0,4
B,logistic,native_numeric,source_patient,silence4,0.0238446492374886,False,187,444,17,0.23198198198198197,103,0.1934918650478716,0.27408527145551076,0.23529411764705882,4,0.06810774043735666,0.4989932732045801,0.0,0,0.0,0.19506432296909318,0.23529411764705882,4,0.06810774043735666,0.4989932732045801,0.23529411764705882,4,0.06810774043735666,0.4989932732045801,0.0,0,0.0,0.19506432296909318,0.23529411764705882,4,0.06810774043735666,0.4989932732045801,762,19094,1.7162162162162162,3.990782444747041,14,551,0.8235294117647058,2.540834845735027,27.0,14.75,42.0,4
B,logistic,native_numeric,source_patient,silence6,0.0238446492374886,False,187,444,17,0.23198198198198197,103,0.1934918650478716,0.27408527145551076,0.17647058823529413,3,0.037985068070626,0.43431787284428397,0.0,0,0.0,0.19506432296909318,0.23529411764705882,4,0.06810774043735666,0.4989932732045801,0.23529411764705882,4,0.06810774043735666,0.4989932732045801,0.0,0,0.0,0.19506432296909318,0.23529411764705882,4,0.06810774043735666,0.4989932732045801,565,19094,1.2725225225225225,2.959044726091966,10,551,0.5882352941176471,1.8148820326678765,27.0,14.75,42.0,4
B,logistic,native_numeric,source_patient,three_of_five,0.0238446492374886,False,187,444,17,0.13963963963963963,62,0.10876510294769161,0.17540937403953705,0.058823529411764705,1,0.0014881743912666346,0.2868893966672207,0.0,0,0.0,0.19506432296909318,0.11764705882352941,2,0.014579316840302493,0.36440916210125024,0.11764705882352941,2,0.014579316840302493,0.36440916210125024,0.058823529411764705,1,0.0014881743912666346,0.2868893966672207,0.11764705882352941,2,0.014579316840302493,0.36440916210125024,1983,19094,4.466216216216216,10.385461401487378,18,551,1.0588235294117647,3.266787658802178,12.5,12.25,12.75,2
B,logistic,native_numeric,local_patient,hourly,0.05324600599611276,False,187,444,17,0.12387387387387387,55,0.09469786222699406,0.15817047730315167,0.058823529411764705,1,0.0014881743912666346,0.2868893966672207,0.0,0,0.0,0.19506432296909318,0.11764705882352941,2,0.014579316840302493,0.36440916210125024,0.11764705882352941,2,0.014579316840302493,0.36440916210125024,0.058823529411764705,1,0.0014881743912666346,0.2868893966672207,0.11764705882352941,2,0.014579316840302493,0.36440916210125024,822,19094,1.8513513513513513,4.305017282916099,3,551,0.17647058823529413,0.5444646098003629,12.0,11.0,13.0,2
B,logistic,native_numeric,local_patient,single,0.05324600599611276,False,187,444,17,0.12387387387387387,55,0.09469786222699406,0.15817047730315167,0.0,0,0.0,0.19506432296909318,0.0,0,0.0,0.19506432296909318,0.11764705882352941,2,0.014579316840302493,0.36440916210125024,0.058823529411764705,1,0.0014881743912666346,0.2868893966672207,0.058823529411764705,1,0.0014881743912666346,0.2868893966672207,0.11764705882352941,2,0.014579316840302493,0.36440916210125024,55,19094,0.12387387387387387,0.28804860165497015,2,551,0.11764705882352941,0.3629764065335753,12.0,11.0,13.0,2
B,logistic,native_numeric,local_patient,silence4,0.05324600599611276,False,187,444,17,0.12387387387387387,55,0.09469786222699406,0.15817047730315167,0.058823529411764705,1,0.0014881743912666346,0.2868893966672207,0.0,0,0.0,0.19506432296909318,0.11764705882352941,2,0.014579316840302493,0.36440916210125024,0.11764705882352941,2,0.014579316840302493,0.36440916210125024,0.058823529411764705,1,0.0014881743912666346,0.2868893966672207,0.11764705882352941,2,0.014579316840302493,0.36440916210125024,299,19094,0.6734234234234234,1.5659369435424741,3,551,0.17647058823529413,0.5444646098003629,12.0,11.0,13.0,2
B,logistic,native_numeric,local_patient,silence6,0.05324600599611276,False,187,444,17,0.12387387387387387,55,0.09469786222699406,0.15817047730315167,0.058823529411764705,1,0.0014881743912666346,0.2868893966672207,0.0,0,0.0,0.19506432296909318,0.11764705882352941,2,0.014579316840302493,0.36440916210125024,0.11764705882352941,2,0.014579316840302493,0.36440916210125024,0.058823529411764705,1,0.0014881743912666346,0.2868893966672207,0.11764705882352941,2,0.014579316840302493,0.36440916210125024,234,19094,0.527027027027027,1.2255158688593275,3,551,0.17647058823529413,0.5444646098003629,12.0,11.0,13.0,2
B,logistic,native_numeric,local_patient,three_of_five,0.03391810460688272,False,187,444,17,0.0990990990990991,44,0.07293193269403381,0.130748794152471,0.058823529411764705,1,0.0014881743912666346,0.2868893966672207,0.058823529411764705,1,0.0014881743912666346,0.2868893966672207,0.058823529411764705,1,0.0014881743912666346,0.2868893966672207,0.11764705882352941,2,0.014579316840302493,0.36440916210125024,0.11764705882352941,2,0.014579316840302493,0.36440916210125024,0.11764705882352941,2,0.014579316840302493,0.36440916210125024,1194,19094,2.689189189189189,6.253273279564261,5,551,0.29411764705882354,0.9074410163339383,6.5,4.75,8.25,2
B,logistic,mask_ambiguous_units,source_hourly,hourly,0.0109817525734817,False,187,444,17,0.3355855855855856,149,0.2917610767454672,0.3816182598697683,0.29411764705882354,5,0.10313551437032002,0.5595827187543372,0.058823529411764705,1,0.0014881743912666346,0.2868893966672207,0.23529411764705882,4,0.06810774043735666,0.4989932732045801,0.29411764705882354,5,0.10313551437032002,0.5595827187543372,0.058823529411764705,1,0.0014881743912666346,0.2868893966672207,0.29411764705882354,5,0.10313551437032002,0.5595827187543372,4353,19094,9.804054054054054,22.797737509165184,68,551,4.0,12.341197822141561,25.0,14.0,73.0,5
B,logistic,mask_ambiguous_units,source_hourly,single,0.0109817525734817,False,187,444,17,0.3355855855855856,149,0.2917610767454672,0.3816182598697683,0.058823529411764705,1,0.0014881743912666346,0.2868893966672207,0.058823529411764705,1,0.0014881743912666346,0.2868893966672207,0.23529411764705882,4,0.06810774043735666,0.4989932732045801,0.058823529411764705,1,0.0014881743912666346,0.2868893966672207,0.058823529411764705,1,0.0014881743912666346,0.2868893966672207,0.29411764705882354,5,0.10313551437032002,0.5595827187543372,149,19094,0.3355855855855856,0.7803498481198282,5,551,0.29411764705882354,0.9074410163339383,25.0,14.0,73.0,5
B,logistic,mask_ambiguous_units,source_hourly,silence4,0.0109817525734817,False,187,444,17,0.3355855855855856,149,0.2917610767454672,0.3816182598697683,0.29411764705882354,5,0.10313551437032002,0.5595827187543372,0.058823529411764705,1,0.0014881743912666346,0.2868893966672207,0.23529411764705882,4,0.06810774043735666,0.4989932732045801,0.29411764705882354,5,0.10313551437032002,0.5595827187543372,0.058823529411764705,1,0.0014881743912666346,0.2868893966672207,0.29411764705882354,5,0.10313551437032002,0.5595827187543372,1324,19094,2.981981981981982,6.934115428930554,31,551,1.8235294117647058,5.626134301270417,25.0,14.0,73.0,5
B,logistic,mask_ambiguous_units,source_hourly,silence6,0.0109817525734817,False,187,444,17,0.3355855855855856,149,0.2917610767454672,0.3816182598697683,0.29411764705882354,5,0.10313551437032002,0.5595827187543372,0.058823529411764705,1,0.0014881743912666346,0.2868893966672207,0.23529411764705882,4,0.06810774043735666,0.4989932732045801,0.29411764705882354,5,0.10313551437032002,0.5595827187543372,0.058823529411764705,1,0.0014881743912666346,0.2868893966672207,0.29411764705882354,5,0.10313551437032002,0.5595827187543372,961,19094,2.1644144144144146,5.032994658007751,25,551,1.4705882352941178,4.537205081669692,25.0,14.0,73.0,5
B,logistic,mask_ambiguous_units,source_hourly,three_of_five,0.0109817525734817,False,187,444,17,0.21171171171171171,94,0.17461535712954426,0.2526990585505036,0.23529411764705882,4,0.06810774043735666,0.4989932732045801,0.058823529411764705,1,0.0014881743912666346,0.2868893966672207,0.17647058823529413,3,0.037985068070626,0.43431787284428397,0.23529411764705882,4,0.06810774043735666,0.4989932732045801,0.11764705882352941,2,0.014579316840302493,0.36440916210125024,0.23529411764705882,4,0.06810774043735666,0.4989932732045801,4040,19094,9.0990990990991,21.15847910338326,46,551,2.7058823529411766,8.348457350272232,12.5,8.25,17.0,4
B,logistic,mask_ambiguous_units,source_patient,hourly,0.0238446492374886,False,187,444,17,0.22072072072072071,98,0.18298847169661217,0.2622203148828787,0.17647058823529413,3,0.037985068070626,0.43431787284428397,0.0,0,0.0,0.19506432296909318,0.23529411764705882,4,0.06810774043735666,0.4989932732045801,0.17647058823529413,3,0.037985068070626,0.43431787284428397,0.0,0,0.0,0.19506432296909318,0.23529411764705882,4,0.06810774043735666,0.4989932732045801,1949,19094,4.38963963963964,10.207394993191578,16,551,0.9411764705882353,2.9038112522686026,26.5,14.0,42.0,4
B,logistic,mask_ambiguous_units,source_patient,single,0.0238446492374886,False,187,444,17,0.22072072072072071,98,0.18298847169661217,0.2622203148828787,0.0,0,0.0,0.19506432296909318,0.0,0,0.0,0.19506432296909318,0.23529411764705882,4,0.06810774043735666,0.4989932732045801,0.0,0,0.0,0.19506432296909318,0.0,0,0.0,0.19506432296909318,0.23529411764705882,4,0.06810774043735666,0.4989932732045801,98,19094,0.22072072072072071,0.5132502356761286,4,551,0.23529411764705882,0.7259528130671506,26.5,14.0,42.0,4
B,logistic,mask_ambiguous_units,source_patient,silence4,0.0238446492374886,False,187,444,17,0.22072072072072071,98,0.18298847169661217,0.2622203148828787,0.17647058823529413,3,0.037985068070626,0.43431787284428397,0.0,0,0.0,0.19506432296909318,0.23529411764705882,4,0.06810774043735666,0.4989932732045801,0.17647058823529413,3,0.037985068070626,0.43431787284428397,0.0,0,0.0,0.19506432296909318,0.23529411764705882,4,0.06810774043735666,0.4989932732045801,675,19094,1.5202702702702702,3.5351419294019064,10,551,0.5882352941176471,1.8148820326678765,26.5,14.0,42.0,4
B,logistic,mask_ambiguous_units,source_patient,silence6,0.0238446492374886,False,187,444,17,0.22072072072072071,98,0.18298847169661217,0.2622203148828787,0.11764705882352941,2,0.014579316840302493,0.36440916210125024,0.0,0,0.0,0.19506432296909318,0.23529411764705882,4,0.06810774043735666,0.4989932732045801,0.17647058823529413,3,0.037985068070626,0.43431787284428397,0.0,0,0.0,0.19506432296909318,0.23529411764705882,4,0.06810774043735666,0.4989932732045801,508,19094,1.1441441441441442,2.6605216298313605,7,551,0.4117647058823529,1.2704174228675136,26.5,14.0,42.0,4
B,logistic,mask_ambiguous_units,source_patient,three_of_five,0.0238446492374886,False,187,444,17,0.11711711711711711,52,0.0887171182936875,0.1507353328701418,0.058823529411764705,1,0.0014881743912666346,0.2868893966672207,0.058823529411764705,1,0.0014881743912666346,0.2868893966672207,0.058823529411764705,1,0.0014881743912666346,0.2868893966672207,0.11764705882352941,2,0.014579316840302493,0.36440916210125024,0.11764705882352941,2,0.014579316840302493,0.36440916210125024,0.11764705882352941,2,0.014579316840302493,0.36440916210125024,1700,19094,3.828828828828829,8.903320414789986,7,551,0.4117647058823529,1.2704174228675136,7.0,5.0,9.0,2
B,logistic,mask_ambiguous_units,local_patient,hourly,0.06974079379795588,False,187,444,17,0.07657657657657657,34,0.053611972036940146,0.10536605568350363,0.0,0,0.0,0.19506432296909318,0.0,0,0.0,0.19506432296909318,0.058823529411764705,1,0.0014881743912666346,0.2868893966672207,0.0,0,0.0,0.19506432296909318,0.0,0,0.0,0.19506432296909318,0.058823529411764705,1,0.0014881743912666346,0.2868893966672207,519,19094,1.1689189189189189,2.7181313501623547,1,551,0.058823529411764705,0.18148820326678766,14.0,14.0,14.0,1
B,logistic,mask_ambiguous_units,local_patient,single,0.06974079379795588,False,187,444,17,0.07657657657657657,34,0.053611972036940146,0.10536605568350363,0.0,0,0.0,0.19506432296909318,0.0,0,0.0,0.19506432296909318,0.058823529411764705,1,0.0014881743912666346,0.2868893966672207,0.0,0,0.0,0.19506432296909318,0.0,0,0.0,0.19506432296909318,0.058823529411764705,1,0.0014881743912666346,0.2868893966672207,34,19094,0.07657657657657657,0.17806640829579973,1,551,0.058823529411764705,0.18148820326678766,14.0,14.0,14.0,1
B,logistic,mask_ambiguous_units,local_patient,silence4,0.06974079379795588,False,187,444,17,0.07657657657657657,34,0.053611972036940146,0.10536605568350363,0.0,0,0.0,0.19506432296909318,0.0,0,0.0,0.19506432296909318,0.058823529411764705,1,0.0014881743912666346,0.2868893966672207,0.0,0,0.0,0.19506432296909318,0.0,0,0.0,0.19506432296909318,0.058823529411764705,1,0.0014881743912666346,0.2868893966672207,183,19094,0.41216216216216217,0.958416256415628,1,551,0.058823529411764705,0.18148820326678766,14.0,14.0,14.0,1
B,logistic,mask_ambiguous_units,local_patient,silence6,0.06974079379795588,False,187,444,17,0.07657657657657657,34,0.053611972036940146,0.10536605568350363,0.0,0,0.0,0.19506432296909318,0.0,0,0.0,0.19506432296909318,0.058823529411764705,1,0.0014881743912666346,0.2868893966672207,0.0,0,0.0,0.19506432296909318,0.0,0,0.0,0.19506432296909318,0.058823529411764705,1,0.0014881743912666346,0.2868893966672207,139,19094,0.3130630630630631,0.7279773750916518,1,551,0.058823529411764705,0.18148820326678766,14.0,14.0,14.0,1
B,logistic,mask_ambiguous_units,local_patient,three_of_five,0.026984882104472408,False,187,444,17,0.10585585585585586,47,0.078821488752087,0.13827286409152795,0.058823529411764705,1,0.0014881743912666346,0.2868893966672207,0.058823529411764705,1,0.0014881743912666346,0.2868893966672207,0.058823529411764705,1,0.0014881743912666346,0.2868893966672207,0.11764705882352941,2,0.014579316840302493,0.36440916210125024,0.11764705882352941,2,0.014579316840302493,0.36440916210125024,0.11764705882352941,2,0.014579316840302493,0.36440916210125024,1436,19094,3.234234234234234,7.52068712684613,5,551,0.29411764705882354,0.9074410163339383,6.5,4.75,8.25,2
B,hgb,native_numeric,source_hourly,hourly,0.0076662747879024,False,187,444,17,0.4617117117117117,205,0.41460404781441956,0.5093327407398549,0.5294117647058824,9,0.27811830033110657,0.7701673127340096,0.17647058823529413,3,0.037985068070626,0.43431787284428397,0.4117647058823529,7,0.18443696178394667,0.6707528460532426,0.5882352941176471,10,0.32924715394675735,0.8155630382160532,0.35294117647058826,6,0.14209748311022094,0.6167163365565971,0.5882352941176471,10,0.32924715394675735,0.8155630382160532,7279,19094,16.394144144144143,38.1219231172096,186,551,10.941176470588236,33.756805807622506,9.5,4.75,28.25,10
B,hgb,native_numeric,source_hourly,single,0.0076662747879024,False,187,444,17,0.4617117117117117,205,0.41460404781441956,0.5093327407398549,0.17647058823529413,3,0.037985068070626,0.43431787284428397,0.17647058823529413,3,0.037985068070626,0.43431787284428397,0.4117647058823529,7,0.18443696178394667,0.6707528460532426,0.35294117647058826,6,0.14209748311022094,0.6167163365565971,0.35294117647058826,6,0.14209748311022094,0.6167163365565971,0.5882352941176471,10,0.32924715394675735,0.8155630382160532,205,19094,0.4617117117117117,1.073635697077616,10,551,0.5882352941176471,1.8148820326678765,9.5,4.75,28.25,10
B,hgb,native_numeric,source_hourly,silence4,0.0076662747879024,False,187,444,17,0.4617117117117117,205,0.41460404781441956,0.5093327407398549,0.5294117647058824,9,0.27811830033110657,0.7701673127340096,0.17647058823529413,3,0.037985068070626,0.43431787284428397,0.4117647058823529,7,0.18443696178394667,0.6707528460532426,0.5882352941176471,10,0.32924715394675735,0.8155630382160532,0.35294117647058826,6,0.14209748311022094,0.6167163365565971,0.5882352941176471,10,0.32924715394675735,0.8155630382160532,2019,19094,4.547297297297297,10.574002304388813,53,551,3.1176470588235294,9.618874773139746,9.5,4.75,28.25,10
B,hgb,native_numeric,source_hourly,silence6,0.0076662747879024,False,187,444,17,0.4617117117117117,205,0.41460404781441956,0.5093327407398549,0.5294117647058824,9,0.27811830033110657,0.7701673127340096,0.17647058823529413,3,0.037985068070626,0.43431787284428397,0.4117647058823529,7,0.18443696178394667,0.6707528460532426,0.5882352941176471,10,0.32924715394675735,0.8155630382160532,0.35294117647058826,6,0.14209748311022094,0.6167163365565971,0.5882352941176471,10,0.32924715394675735,0.8155630382160532,1415,19094,3.186936936936937,7.41070493348696,40,551,2.3529411764705883,7.259528130671506,9.5,4.75,28.25,10
B,hgb,native_numeric,source_hourly,three_of_five,0.0076662747879024,False,187,444,17,0.36261261261261263,161,0.31781451394671184,0.40925484507189486,0.4117647058823529,7,0.18443696178394667,0.6707528460532426,0.17647058823529413,3,0.037985068070626,0.43431787284428397,0.23529411764705882,4,0.06810774043735666,0.4989932732045801,0.4117647058823529,7,0.18443696178394667,0.6707528460532426,0.23529411764705882,4,0.06810774043735666,0.4989932732045801,0.4117647058823529,7,0.18443696178394667,0.6707528460532426,6900,19094,15.54054054054054,36.13700638944171,167,551,9.823529411764707,30.308529945553538,7.0,3.0,51.5,7
B,hgb,native_numeric,source_patient,hourly,0.0203461802777819,False,187,444,17,0.29504504504504503,131,0.2529860365082304,0.3398597937154409,0.35294117647058826,6,0.14209748311022094,0.6167163365565971,0.17647058823529413,3,0.037985068070626,0.43431787284428397,0.17647058823529413,3,0.037985068070626,0.43431787284428397,0.35294117647058826,6,0.14209748311022094,0.6167163365565971,0.17647058823529413,3,0.037985068070626,0.43431787284428397,0.35294117647058826,6,0.14209748311022094,0.6167163365565971,4185,19094,9.425675675675675,21.91787996229182,117,551,6.882352941176471,21.234119782214155,12.5,3.5,50.75,6
B,hgb,native_numeric,source_patient,single,0.0203461802777819,False,187,444,17,0.29504504504504503,131,0.2529860365082304,0.3398597937154409,0.17647058823529413,3,0.037985068070626,0.43431787284428397,0.17647058823529413,3,0.037985068070626,0.43431787284428397,0.17647058823529413,3,0.037985068070626,0.43431787284428397,0.17647058823529413,3,0.037985068070626,0.43431787284428397,0.17647058823529413,3,0.037985068070626,0.43431787284428397,0.35294117647058826,6,0.14209748311022094,0.6167163365565971,131,19094,0.29504504504504503,0.6860793966691107,6,551,0.35294117647058826,1.0889292196007259,12.5,3.5,50.75,6
B,hgb,native_numeric,source_patient,silence4,0.0203461802777819,False,187,444,17,0.29504504504504503,131,0.2529860365082304,0.3398597937154409,0.35294117647058826,6,0.14209748311022094,0.6167163365565971,0.17647058823529413,3,0.037985068070626,0.43431787284428397,0.17647058823529413,3,0.037985068070626,0.43431787284428397,0.35294117647058826,6,0.14209748311022094,0.6167163365565971,0.17647058823529413,3,0.037985068070626,0.43431787284428397,0.35294117647058826,6,0.14209748311022094,0.6167163365565971,1220,19094,2.7477477477477477,6.38944170943752,34,551,2.0,6.170598911070781,12.5,3.5,50.75,6
B,hgb,native_numeric,source_patient,silence6,0.0203461802777819,False,187,444,17,0.29504504504504503,131,0.2529860365082304,0.3398597937154409,0.35294117647058826,6,0.14209748311022094,0.6167163365565971,0.17647058823529413,3,0.037985068070626,0.43431787284428397,0.17647058823529413,3,0.037985068070626,0.43431787284428397,0.35294117647058826,6,0.14209748311022094,0.6167163365565971,0.17647058823529413,3,0.037985068070626,0.43431787284428397,0.35294117647058826,6,0.14209748311022094,0.6167163365565971,877,19094,1.9752252252252251,4.593065884571069,25,551,1.4705882352941178,4.537205081669692,12.5,3.5,50.75,6
B,hgb,native_numeric,source_patient,three_of_five,0.0203461802777819,False,187,444,17,0.23648648648648649,105,0.19770429064128922,0.2788202951647621,0.23529411764705882,4,0.06810774043735666,0.4989932732045801,0.058823529411764705,1,0.0014881743912666346,0.2868893966672207,0.17647058823529413,3,0.037985068070626,0.43431787284428397,0.23529411764705882,4,0.06810774043735666,0.4989932732045801,0.058823529411764705,1,0.0014881743912666346,0.2868893966672207,0.23529411764705882,4,0.06810774043735666,0.4989932732045801,3952,19094,8.9009009009009,20.69760134073531,108,551,6.352941176470588,19.600725952813068,38.5,14.25,62.0,4
B,hgb,native_numeric,local_patient,hourly,0.1531988833861057,False,187,444,17,0.08558558558558559,38,0.06127643030015051,0.11558061681575313,0.058823529411764705,1,0.0014881743912666346,0.2868893966672207,0.058823529411764705,1,0.0014881743912666346,0.2868893966672207,0.058823529411764705,1,0.0014881743912666346,0.2868893966672207,0.058823529411764705,1,0.0014881743912666346,0.2868893966672207,0.058823529411764705,1,0.0014881743912666346,0.2868893966672207,0.11764705882352941,2,0.014579316840302493,0.36440916210125024,513,19094,1.1554054054054055,2.686707866345449,9,551,0.5294117647058824,1.633393829401089,24.5,15.25,33.75,2
B,hgb,native_numeric,local_patient,single,0.1531988833861057,False,187,444,17,0.08558558558558559,38,0.06127643030015051,0.11558061681575313,0.058823529411764705,1,0.0014881743912666346,0.2868893966672207,0.058823529411764705,1,0.0014881743912666346,0.2868893966672207,0.058823529411764705,1,0.0014881743912666346,0.2868893966672207,0.058823529411764705,1,0.0014881743912666346,0.2868893966672207,0.058823529411764705,1,0.0014881743912666346,0.2868893966672207,0.11764705882352941,2,0.014579316840302493,0.36440916210125024,38,19094,0.08558558558558559,0.19901539750707029,2,551,0.11764705882352941,0.3629764065335753,24.5,15.25,33.75,2
B,hgb,native_numeric,local_patient,silence4,0.1531988833861057,False,187,444,17,0.08558558558558559,38,0.06127643030015051,0.11558061681575313,0.058823529411764705,1,0.0014881743912666346,0.2868893966672207,0.058823529411764705,1,0.0014881743912666346,0.2868893966672207,0.058823529411764705,1,0.0014881743912666346,0.2868893966672207,0.058823529411764705,1,0.0014881743912666346,0.2868893966672207,0.058823529411764705,1,0.0014881743912666346,0.2868893966672207,0.11764705882352941,2,0.014579316840302493,0.36440916210125024,177,19094,0.39864864864864863,0.9269927725987221,5,551,0.29411764705882354,0.9074410163339383,24.5,15.25,33.75,2
B,hgb,native_numeric,local_patient,silence6,0.1531988833861057,False,187,444,17,0.08558558558558559,38,0.06127643030015051,0.11558061681575313,0.058823529411764705,1,0.0014881743912666346,0.2868893966672207,0.058823529411764705,1,0.0014881743912666346,0.2868893966672207,0.058823529411764705,1,0.0014881743912666346,0.2868893966672207,0.058823529411764705,1,0.0014881743912666346,0.2868893966672207,0.058823529411764705,1,0.0014881743912666346,0.2868893966672207,0.11764705882352941,2,0.014579316840302493,0.36440916210125024,133,19094,0.29954954954954954,0.696553891274746,4,551,0.23529411764705882,0.7259528130671506,24.5,15.25,33.75,2
B,hgb,native_numeric,local_patient,three_of_five,0.12554948664073765,False,187,444,17,0.07882882882882883,35,0.0555192516395538,0.1079282207771868,0.058823529411764705,1,0.0014881743912666346,0.2868893966672207,0.058823529411764705,1,0.0014881743912666346,0.2868893966672207,0.058823529411764705,1,0.0014881743912666346,0.2868893966672207,0.058823529411764705,1,0.0014881743912666346,0.2868893966672207,0.058823529411764705,1,0.0014881743912666346,0.2868893966672207,0.11764705882352941,2,0.014579316840302493,0.36440916210125024,585,19094,1.3175675675675675,3.0637896721483187,18,551,1.0588235294117647,3.266787658802178,23.5,13.75,33.25,2
B,hgb,mask_ambiguous_units,source_hourly,hourly,0.0076662747879024,False,187,444,17,0.46846846846846846,208,0.4212717604432136,0.5160879356588428,0.47058823529411764,8,0.22983268726599038,0.7218816996688935,0.17647058823529413,3,0.037985068070626,0.43431787284428397,0.4117647058823529,7,0.18443696178394667,0.6707528460532426,0.5294117647058824,9,0.27811830033110657,0.7701673127340096,0.35294117647058826,6,0.14209748311022094,0.6167163365565971,0.5882352941176471,10,0.32924715394675735,0.8155630382160532,7217,19094,16.254504504504503,37.7972137844349,184,551,10.823529411764707,33.39382940108893,9.5,4.75,28.25,10
B,hgb,mask_ambiguous_units,source_hourly,single,0.0076662747879024,False,187,444,17,0.46846846846846846,208,0.4212717604432136,0.5160879356588428,0.17647058823529413,3,0.037985068070626,0.43431787284428397,0.17647058823529413,3,0.037985068070626,0.43431787284428397,0.4117647058823529,7,0.18443696178394667,0.6707528460532426,0.35294117647058826,6,0.14209748311022094,0.6167163365565971,0.35294117647058826,6,0.14209748311022094,0.6167163365565971,0.5882352941176471,10,0.32924715394675735,0.8155630382160532,208,19094,0.46846846846846846,1.089347438986069,10,551,0.5882352941176471,1.8148820326678765,9.5,4.75,28.25,10
B,hgb,mask_ambiguous_units,source_hourly,silence4,0.0076662747879024,False,187,444,17,0.46846846846846846,208,0.4212717604432136,0.5160879356588428,0.47058823529411764,8,0.22983268726599038,0.7218816996688935,0.17647058823529413,3,0.037985068070626,0.43431787284428397,0.4117647058823529,7,0.18443696178394667,0.6707528460532426,0.5294117647058824,9,0.27811830033110657,0.7701673127340096,0.35294117647058826,6,0.14209748311022094,0.6167163365565971,0.5882352941176471,10,0.32924715394675735,0.8155630382160532,2001,19094,4.506756756756757,10.479731852938096,52,551,3.0588235294117645,9.437386569872958,9.5,4.75,28.25,10
B,hgb,mask_ambiguous_units,source_hourly,silence6,0.0076662747879024,False,187,444,17,0.46846846846846846,208,0.4212717604432136,0.5160879356588428,0.47058823529411764,8,0.22983268726599038,0.7218816996688935,0.17647058823529413,3,0.037985068070626,0.43431787284428397,0.4117647058823529,7,0.18443696178394667,0.6707528460532426,0.5294117647058824,9,0.27811830033110657,0.7701673127340096,0.35294117647058826,6,0.14209748311022094,0.6167163365565971,0.5882352941176471,10,0.32924715394675735,0.8155630382160532,1407,19094,3.168918918918919,7.368806955064418,39,551,2.2941176470588234,7.078039927404719,9.5,4.75,28.25,10
B,hgb,mask_ambiguous_units,source_hourly,three_of_five,0.0076662747879024,False,187,444,17,0.35585585585585583,158,0.3112865708930509,0.40236022036302155,0.4117647058823529,7,0.18443696178394667,0.6707528460532426,0.17647058823529413,3,0.037985068070626,0.43431787284428397,0.23529411764705882,4,0.06810774043735666,0.4989932732045801,0.4117647058823529,7,0.18443696178394667,0.6707528460532426,0.23529411764705882,4,0.06810774043735666,0.4989932732045801,0.4117647058823529,7,0.18443696178394667,0.6707528460532426,6845,19094,15.416666666666666,35.84895778778674,165,551,9.705882352941176,29.945553539019965,8.0,3.0,46.0,7
B,hgb,mask_ambiguous_units,source_patient,hourly,0.0203461802777819,False,187,444,17,0.28603603603603606,127,0.24442235963565687,0.3305274532907862,0.29411764705882354,5,0.10313551437032002,0.5595827187543372,0.11764705882352941,2,0.014579316840302493,0.36440916210125024,0.17647058823529413,3,0.037985068070626,0.43431787284428397,0.29411764705882354,5,0.10313551437032002,0.5595827187543372,0.11764705882352941,2,0.014579316840302493,0.36440916210125024,0.29411764705882354,5,0.10313551437032002,0.5595827187543372,4159,19094,9.367117117117116,21.781711532418562,113,551,6.647058823529412,20.508166969147005,20.0,5.0,61.0,5
B,hgb,mask_ambiguous_units,source_patient,single,0.0203461802777819,False,187,444,17,0.28603603603603606,127,0.24442235963565687,0.3305274532907862,0.11764705882352941,2,0.014579316840302493,0.36440916210125024,0.11764705882352941,2,0.014579316840302493,0.36440916210125024,0.17647058823529413,3,0.037985068070626,0.43431787284428397,0.11764705882352941,2,0.014579316840302493,0.36440916210125024,0.11764705882352941,2,0.014579316840302493,0.36440916210125024,0.29411764705882354,5,0.10313551437032002,0.5595827187543372,127,19094,0.28603603603603606,0.6651304074578401,5,551,0.29411764705882354,0.9074410163339383,20.0,5.0,61.0,5
B,hgb,mask_ambiguous_units,source_patient,silence4,0.0203461802777819,False,187,444,17,0.28603603603603606,127,0.24442235963565687,0.3305274532907862,0.29411764705882354,5,0.10313551437032002,0.5595827187543372,0.11764705882352941,2,0.014579316840302493,0.36440916210125024,0.17647058823529413,3,0.037985068070626,0.43431787284428397,0.29411764705882354,5,0.10313551437032002,0.5595827187543372,0.11764705882352941,2,0.014579316840302493,0.36440916210125024,0.29411764705882354,5,0.10313551437032002,0.5595827187543372,1207,19094,2.7184684684684686,6.32135749450089,33,551,1.9411764705882353,5.9891107078039925,20.0,5.0,61.0,5
B,hgb,mask_ambiguous_units,source_patient,silence6,0.0203461802777819,False,187,444,17,0.28603603603603606,127,0.24442235963565687,0.3305274532907862,0.29411764705882354,5,0.10313551437032002,0.5595827187543372,0.11764705882352941,2,0.014579316840302493,0.36440916210125024,0.17647058823529413,3,0.037985068070626,0.43431787284428397,0.29411764705882354,5,0.10313551437032002,0.5595827187543372,0.11764705882352941,2,0.014579316840302493,0.36440916210125024,0.29411764705882354,5,0.10313551437032002,0.5595827187543372,864,19094,1.945945945945946,4.52498166963444,24,551,1.411764705882353,4.3557168784029034,20.0,5.0,61.0,5
B,hgb,mask_ambiguous_units,source_patient,three_of_five,0.0203461802777819,False,187,444,17,0.23648648648648649,105,0.19770429064128922,0.2788202951647621,0.23529411764705882,4,0.06810774043735666,0.4989932732045801,0.058823529411764705,1,0.0014881743912666346,0.2868893966672207,0.17647058823529413,3,0.037985068070626,0.43431787284428397,0.23529411764705882,4,0.06810774043735666,0.4989932732045801,0.058823529411764705,1,0.0014881743912666346,0.2868893966672207,0.23529411764705882,4,0.06810774043735666,0.4989932732045801,3926,19094,8.842342342342342,20.561432910862052,105,551,6.176470588235294,19.056261343012704,38.5,14.25,62.0,4
B,hgb,mask_ambiguous_units,local_patient,hourly,0.14970351346729205,False,187,444,17,0.08783783783783784,39,0.06320655417203537,0.11812072146445184,0.058823529411764705,1,0.0014881743912666346,0.2868893966672207,0.058823529411764705,1,0.0014881743912666346,0.2868893966672207,0.058823529411764705,1,0.0014881743912666346,0.2868893966672207,0.058823529411764705,1,0.0014881743912666346,0.2868893966672207,0.058823529411764705,1,0.0014881743912666346,0.2868893966672207,0.11764705882352941,2,0.014579316840302493,0.36440916210125024,433,19094,0.9752252252252253,2.267728082120038,9,551,0.5294117647058824,1.633393829401089,24.5,15.25,33.75,2
B,hgb,mask_ambiguous_units,local_patient,single,0.14970351346729205,False,187,444,17,0.08783783783783784,39,0.06320655417203537,0.11812072146445184,0.058823529411764705,1,0.0014881743912666346,0.2868893966672207,0.058823529411764705,1,0.0014881743912666346,0.2868893966672207,0.058823529411764705,1,0.0014881743912666346,0.2868893966672207,0.058823529411764705,1,0.0014881743912666346,0.2868893966672207,0.058823529411764705,1,0.0014881743912666346,0.2868893966672207,0.11764705882352941,2,0.014579316840302493,0.36440916210125024,39,19094,0.08783783783783784,0.20425264480988792,2,551,0.11764705882352941,0.3629764065335753,24.5,15.25,33.75,2
B,hgb,mask_ambiguous_units,local_patient,silence4,0.14970351346729205,False,187,444,17,0.08783783783783784,39,0.06320655417203537,0.11812072146445184,0.058823529411764705,1,0.0014881743912666346,0.2868893966672207,0.058823529411764705,1,0.0014881743912666346,0.2868893966672207,0.058823529411764705,1,0.0014881743912666346,0.2868893966672207,0.058823529411764705,1,0.0014881743912666346,0.2868893966672207,0.058823529411764705,1,0.0014881743912666346,0.2868893966672207,0.11764705882352941,2,0.014579316840302493,0.36440916210125024,158,19094,0.35585585585585583,0.827485073845187,5,551,0.29411764705882354,0.9074410163339383,24.5,15.25,33.75,2
B,hgb,mask_ambiguous_units,local_patient,silence6,0.14970351346729205,False,187,444,17,0.08783783783783784,39,0.06320655417203537,0.11812072146445184,0.058823529411764705,1,0.0014881743912666346,0.2868893966672207,0.058823529411764705,1,0.0014881743912666346,0.2868893966672207,0.058823529411764705,1,0.0014881743912666346,0.2868893966672207,0.058823529411764705,1,0.0014881743912666346,0.2868893966672207,0.058823529411764705,1,0.0014881743912666346,0.2868893966672207,0.11764705882352941,2,0.014579316840302493,0.36440916210125024,121,19094,0.2725225225225225,0.6337069236409343,4,551,0.23529411764705882,0.7259528130671506,24.5,15.25,33.75,2
B,hgb,mask_ambiguous_units,local_patient,three_of_five,0.10742114128505365,False,187,444,17,0.08558558558558559,38,0.06127643030015051,0.11558061681575313,0.058823529411764705,1,0.0014881743912666346,0.2868893966672207,0.058823529411764705,1,0.0014881743912666346,0.2868893966672207,0.058823529411764705,1,0.0014881743912666346,0.2868893966672207,0.058823529411764705,1,0.0014881743912666346,0.2868893966672207,0.058823529411764705,1,0.0014881743912666346,0.2868893966672207,0.11764705882352941,2,0.014579316840302493,0.36440916210125024,679,19094,1.5292792792792793,3.556090918613177,22,551,1.2941176470588236,3.9927404718693285,24.5,14.25,34.75,2
B,hgb_no_observation_features,native_numeric,source_hourly,hourly,0.0110760222106053,False,187,444,17,0.33783783783783783,150,0.29392618232271306,0.3839272959458526,0.5294117647058824,9,0.27811830033110657,0.7701673127340096,0.23529411764705882,4,0.06810774043735666,0.4989932732045801,0.29411764705882354,5,0.10313551437032002,0.5595827187543372,0.5294117647058824,9,0.27811830033110657,0.7701673127340096,0.29411764705882354,5,0.10313551437032002,0.5595827187543372,0.5294117647058824,9,0.27811830033110657,0.7701673127340096,4668,19094,10.513513513513514,24.44747040955274,122,551,7.176470588235294,22.141560798548095,10.0,5.0,16.0,9
B,hgb_no_observation_features,native_numeric,source_hourly,single,0.0110760222106053,False,187,444,17,0.33783783783783783,150,0.29392618232271306,0.3839272959458526,0.23529411764705882,4,0.06810774043735666,0.4989932732045801,0.23529411764705882,4,0.06810774043735666,0.4989932732045801,0.29411764705882354,5,0.10313551437032002,0.5595827187543372,0.29411764705882354,5,0.10313551437032002,0.5595827187543372,0.29411764705882354,5,0.10313551437032002,0.5595827187543372,0.5294117647058824,9,0.27811830033110657,0.7701673127340096,150,19094,0.33783783783783783,0.7855870954226458,9,551,0.5294117647058824,1.633393829401089,10.0,5.0,16.0,9
B,hgb_no_observation_features,native_numeric,source_hourly,silence4,0.0110760222106053,False,187,444,17,0.33783783783783783,150,0.29392618232271306,0.3839272959458526,0.5294117647058824,9,0.27811830033110657,0.7701673127340096,0.23529411764705882,4,0.06810774043735666,0.4989932732045801,0.29411764705882354,5,0.10313551437032002,0.5595827187543372,0.5294117647058824,9,0.27811830033110657,0.7701673127340096,0.29411764705882354,5,0.10313551437032002,0.5595827187543372,0.5294117647058824,9,0.27811830033110657,0.7701673127340096,1337,19094,3.0112612612612613,7.002199643867184,40,551,2.3529411764705883,7.259528130671506,10.0,5.0,16.0,9
B,hgb_no_observation_features,native_numeric,source_hourly,silence6,0.0110760222106053,False,187,444,17,0.33783783783783783,150,0.29392618232271306,0.3839272959458526,0.5294117647058824,9,0.27811830033110657,0.7701673127340096,0.23529411764705882,4,0.06810774043735666,0.4989932732045801,0.29411764705882354,5,0.10313551437032002,0.5595827187543372,0.5294117647058824,9,0.27811830033110657,0.7701673127340096,0.29411764705882354,5,0.10313551437032002,0.5595827187543372,0.5294117647058824,9,0.27811830033110657,0.7701673127340096,955,19094,2.150900900900901,5.001571174190845,30,551,1.7647058823529411,5.44464609800363,10.0,5.0,16.0,9
B,hgb_no_observation_features,native_numeric,source_hourly,three_of_five,0.0110760222106053,False,187,444,17,0.28378378378378377,126,0.2422846034744832,0.32819122635249426,0.29411764705882354,5,0.10313551437032002,0.5595827187543372,0.058823529411764705,1,0.0014881743912666346,0.2868893966672207,0.23529411764705882,4,0.06810774043735666,0.4989932732045801,0.29411764705882354,5,0.10313551437032002,0.5595827187543372,0.17647058823529413,3,0.037985068070626,0.43431787284428397,0.29411764705882354,5,0.10313551437032002,0.5595827187543372,4454,19094,10.031531531531531,23.326699486749764,98,551,5.764705882352941,17.78584392014519,11.0,8.0,71.0,5
B,hgb_no_observation_features,native_numeric,source_patient,hourly,0.0267247098859803,False,187,444,17,0.19144144144144143,85,0.1558789825672331,0.2311742799490008,0.11764705882352941,2,0.014579316840302493,0.36440916210125024,0.11764705882352941,2,0.014579316840302493,0.36440916210125024,0.058823529411764705,1,0.0014881743912666346,0.2868893966672207,0.17647058823529413,3,0.037985068070626,0.43431787284428397,0.11764705882352941,2,0.014579316840302493,0.36440916210125024,0.17647058823529413,3,0.037985068070626,0.43431787284428397,2158,19094,4.86036036036036,11.301979679480466,36,551,2.1176470588235294,6.533575317604356,6.0,6.0,32.0,3
B,hgb_no_observation_features,native_numeric,source_patient,single,0.0267247098859803,False,187,444,17,0.19144144144144143,85,0.1558789825672331,0.2311742799490008,0.11764705882352941,2,0.014579316840302493,0.36440916210125024,0.11764705882352941,2,0.014579316840302493,0.36440916210125024,0.058823529411764705,1,0.0014881743912666346,0.2868893966672207,0.11764705882352941,2,0.014579316840302493,0.36440916210125024,0.11764705882352941,2,0.014579316840302493,0.36440916210125024,0.17647058823529413,3,0.037985068070626,0.43431787284428397,85,19094,0.19144144144144143,0.44516602073949935,3,551,0.17647058823529413,0.5444646098003629,6.0,6.0,32.0,3
B,hgb_no_observation_features,native_numeric,source_patient,silence4,0.0267247098859803,False,187,444,17,0.19144144144144143,85,0.1558789825672331,0.2311742799490008,0.11764705882352941,2,0.014579316840302493,0.36440916210125024,0.11764705882352941,2,0.014579316840302493,0.36440916210125024,0.058823529411764705,1,0.0014881743912666346,0.2868893966672207,0.17647058823529413,3,0.037985068070626,0.43431787284428397,0.11764705882352941,2,0.014579316840302493,0.36440916210125024,0.17647058823529413,3,0.037985068070626,0.43431787284428397,647,19094,1.4572072072072073,3.3884990049230126,14,551,0.8235294117647058,2.540834845735027,6.0,6.0,32.0,3
B,hgb_no_observation_features,native_numeric,source_patient,silence6,0.0267247098859803,False,187,444,17,0.19144144144144143,85,0.1558789825672331,0.2311742799490008,0.11764705882352941,2,0.014579316840302493,0.36440916210125024,0.11764705882352941,2,0.014579316840302493,0.36440916210125024,0.058823529411764705,1,0.0014881743912666346,0.2868893966672207,0.11764705882352941,2,0.014579316840302493,0.36440916210125024,0.11764705882352941,2,0.014579316840302493,0.36440916210125024,0.17647058823529413,3,0.037985068070626,0.43431787284428397,481,19094,1.0833333333333333,2.519115952655284,10,551,0.5882352941176471,1.8148820326678765,6.0,6.0,32.0,3
B,hgb_no_observation_features,native_numeric,source_patient,three_of_five,0.0267247098859803,False,187,444,17,0.14189189189189189,63,0.11078652684154727,0.17786049004995785,0.0,0,0.0,0.19506432296909318,0.0,0,0.0,0.19506432296909318,0.058823529411764705,1,0.0014881743912666346,0.2868893966672207,0.058823529411764705,1,0.0014881743912666346,0.2868893966672207,0.0,0,0.0,0.19506432296909318,0.058823529411764705,1,0.0014881743912666346,0.2868893966672207,2038,19094,4.59009009009009,10.673510003142349,36,551,2.1176470588235294,6.533575317604356,54.0,54.0,54.0,1
B,hgb_no_observation_features,native_numeric,local_patient,hourly,0.05517961483029183,False,187,444,17,0.11711711711711711,52,0.0887171182936875,0.1507353328701418,0.058823529411764705,1,0.0014881743912666346,0.2868893966672207,0.058823529411764705,1,0.0014881743912666346,0.2868893966672207,0.058823529411764705,1,0.0014881743912666346,0.2868893966672207,0.058823529411764705,1,0.0014881743912666346,0.2868893966672207,0.058823529411764705,1,0.0014881743912666346,0.2868893966672207,0.11764705882352941,2,0.014579316840302493,0.36440916210125024,882,19094,1.9864864864864864,4.619252121085157,9,551,0.5294117647058824,1.633393829401089,26.0,16.0,36.0,2
B,hgb_no_observation_features,native_numeric,local_patient,single,0.05517961483029183,False,187,444,17,0.11711711711711711,52,0.0887171182936875,0.1507353328701418,0.058823529411764705,1,0.0014881743912666346,0.2868893966672207,0.058823529411764705,1,0.0014881743912666346,0.2868893966672207,0.058823529411764705,1,0.0014881743912666346,0.2868893966672207,0.058823529411764705,1,0.0014881743912666346,0.2868893966672207,0.058823529411764705,1,0.0014881743912666346,0.2868893966672207,0.11764705882352941,2,0.014579316840302493,0.36440916210125024,52,19094,0.11711711711711711,0.2723368597465172,2,551,0.11764705882352941,0.3629764065335753,26.0,16.0,36.0,2
B,hgb_no_observation_features,native_numeric,local_patient,silence4,0.05517961483029183,False,187,444,17,0.11711711711711711,52,0.0887171182936875,0.1507353328701418,0.058823529411764705,1,0.0014881743912666346,0.2868893966672207,0.058823529411764705,1,0.0014881743912666346,0.2868893966672207,0.058823529411764705,1,0.0014881743912666346,0.2868893966672207,0.058823529411764705,1,0.0014881743912666346,0.2868893966672207,0.058823529411764705,1,0.0014881743912666346,0.2868893966672207,0.11764705882352941,2,0.014579316840302493,0.36440916210125024,292,19094,0.6576576576576577,1.5292762124227506,6,551,0.35294117647058826,1.0889292196007259,26.0,16.0,36.0,2
B,hgb_no_observation_features,native_numeric,local_patient,silence6,0.05517961483029183,False,187,444,17,0.11711711711711711,52,0.0887171182936875,0.1507353328701418,0.058823529411764705,1,0.0014881743912666346,0.2868893966672207,0.058823529411764705,1,0.0014881743912666346,0.2868893966672207,0.058823529411764705,1,0.0014881743912666346,0.2868893966672207,0.058823529411764705,1,0.0014881743912666346,0.2868893966672207,0.058823529411764705,1,0.0014881743912666346,0.2868893966672207,0.11764705882352941,2,0.014579316840302493,0.36440916210125024,220,19094,0.4954954954954955,1.1521944066198806,5,551,0.29411764705882354,0.9074410163339383,26.0,16.0,36.0,2
B,hgb_no_observation_features,native_numeric,local_patient,three_of_five,0.03774255759312331,False,187,444,17,0.11711711711711711,52,0.0887171182936875,0.1507353328701418,0.0,0,0.0,0.19506432296909318,0.0,0,0.0,0.19506432296909318,0.058823529411764705,1,0.0014881743912666346,0.2868893966672207,0.058823529411764705,1,0.0014881743912666346,0.2868893966672207,0.0,0,0.0,0.19506432296909318,0.058823529411764705,1,0.0014881743912666346,0.2868893966672207,1347,19094,3.0337837837837838,7.0545721168953595,27,551,1.588235294117647,4.900181488203267,49.0,49.0,49.0,1
B,hgb_no_observation_features,mask_ambiguous_units,source_hourly,hourly,0.0110760222106053,False,187,444,17,0.3400900900900901,151,0.296092398555479,0.38623522661880433,0.5294117647058824,9,0.27811830033110657,0.7701673127340096,0.29411764705882354,5,0.10313551437032002,0.5595827187543372,0.23529411764705882,4,0.06810774043735666,0.4989932732045801,0.5294117647058824,9,0.27811830033110657,0.7701673127340096,0.35294117647058826,6,0.14209748311022094,0.6167163365565971,0.5294117647058824,9,0.27811830033110657,0.7701673127340096,4381,19094,9.867117117117116,22.944380433644078,119,551,7.0,21.59709618874773,6.0,5.0,14.0,9
B,hgb_no_observation_features,mask_ambiguous_units,source_hourly,single,0.0110760222106053,False,187,444,17,0.3400900900900901,151,0.296092398555479,0.38623522661880433,0.29411764705882354,5,0.10313551437032002,0.5595827187543372,0.29411764705882354,5,0.10313551437032002,0.5595827187543372,0.23529411764705882,4,0.06810774043735666,0.4989932732045801,0.35294117647058826,6,0.14209748311022094,0.6167163365565971,0.35294117647058826,6,0.14209748311022094,0.6167163365565971,0.5294117647058824,9,0.27811830033110657,0.7701673127340096,151,19094,0.3400900900900901,0.7908243427254635,9,551,0.5294117647058824,1.633393829401089,6.0,5.0,14.0,9
B,hgb_no_observation_features,mask_ambiguous_units,source_hourly,silence4,0.0110760222106053,False,187,444,17,0.3400900900900901,151,0.296092398555479,0.38623522661880433,0.5294117647058824,9,0.27811830033110657,0.7701673127340096,0.29411764705882354,5,0.10313551437032002,0.5595827187543372,0.23529411764705882,4,0.06810774043735666,0.4989932732045801,0.5294117647058824,9,0.27811830033110657,0.7701673127340096,0.35294117647058826,6,0.14209748311022094,0.6167163365565971,0.5294117647058824,9,0.27811830033110657,0.7701673127340096,1272,19094,2.864864864864865,6.661778569184037,37,551,2.176470588235294,6.715063520871143,6.0,5.0,14.0,9
B,hgb_no_observation_features,mask_ambiguous_units,source_hourly,silence6,0.0110760222106053,False,187,444,17,0.3400900900900901,151,0.296092398555479,0.38623522661880433,0.5294117647058824,9,0.27811830033110657,0.7701673127340096,0.29411764705882354,5,0.10313551437032002,0.5595827187543372,0.23529411764705882,4,0.06810774043735666,0.4989932732045801,0.5294117647058824,9,0.27811830033110657,0.7701673127340096,0.35294117647058826,6,0.14209748311022094,0.6167163365565971,0.5294117647058824,9,0.27811830033110657,0.7701673127340096,903,19094,2.0337837837837838,4.729234314444328,28,551,1.6470588235294117,5.081669691470054,6.0,5.0,14.0,9
B,hgb_no_observation_features,mask_ambiguous_units,source_hourly,three_of_five,0.0110760222106053,False,187,444,17,0.268018018018018,119,0.22735678036740242,0.31180142775569525,0.29411764705882354,5,0.10313551437032002,0.5595827187543372,0.058823529411764705,1,0.0014881743912666346,0.2868893966672207,0.23529411764705882,4,0.06810774043735666,0.4989932732045801,0.29411764705882354,5,0.10313551437032002,0.5595827187543372,0.17647058823529413,3,0.037985068070626,0.43431787284428397,0.29411764705882354,5,0.10313551437032002,0.5595827187543372,4177,19094,9.407657657657658,21.875981983869277,97,551,5.705882352941177,17.604355716878402,12.0,8.0,62.0,5
B,hgb_no_observation_features,mask_ambiguous_units,source_patient,hourly,0.0267247098859803,False,187,444,17,0.19144144144144143,85,0.1558789825672331,0.2311742799490008,0.11764705882352941,2,0.014579316840302493,0.36440916210125024,0.11764705882352941,2,0.014579316840302493,0.36440916210125024,0.058823529411764705,1,0.0014881743912666346,0.2868893966672207,0.17647058823529413,3,0.037985068070626,0.43431787284428397,0.11764705882352941,2,0.014579316840302493,0.36440916210125024,0.17647058823529413,3,0.037985068070626,0.43431787284428397,1901,19094,4.281531531531532,9.956007122656333,37,551,2.176470588235294,6.715063520871143,6.0,6.0,32.5,3
B,hgb_no_observation_features,mask_ambiguous_units,source_patient,single,0.0267247098859803,False,187,444,17,0.19144144144144143,85,0.1558789825672331,0.2311742799490008,0.11764705882352941,2,0.014579316840302493,0.36440916210125024,0.11764705882352941,2,0.014579316840302493,0.36440916210125024,0.058823529411764705,1,0.0014881743912666346,0.2868893966672207,0.11764705882352941,2,0.014579316840302493,0.36440916210125024,0.11764705882352941,2,0.014579316840302493,0.36440916210125024,0.17647058823529413,3,0.037985068070626,0.43431787284428397,85,19094,0.19144144144144143,0.44516602073949935,3,551,0.17647058823529413,0.5444646098003629,6.0,6.0,32.5,3
B,hgb_no_observation_features,mask_ambiguous_units,source_patient,silence4,0.0267247098859803,False,187,444,17,0.19144144144144143,85,0.1558789825672331,0.2311742799490008,0.11764705882352941,2,0.014579316840302493,0.36440916210125024,0.11764705882352941,2,0.014579316840302493,0.36440916210125024,0.058823529411764705,1,0.0014881743912666346,0.2868893966672207,0.11764705882352941,2,0.014579316840302493,0.36440916210125024,0.11764705882352941,2,0.014579316840302493,0.36440916210125024,0.17647058823529413,3,0.037985068070626,0.43431787284428397,590,19094,1.3288288288288288,3.089975908662407,13,551,0.7647058823529411,2.3593466424682394,6.0,6.0,32.5,3
B,hgb_no_observation_features,mask_ambiguous_units,source_patient,silence6,0.0267247098859803,False,187,444,17,0.19144144144144143,85,0.1558789825672331,0.2311742799490008,0.11764705882352941,2,0.014579316840302493,0.36440916210125024,0.11764705882352941,2,0.014579316840302493,0.36440916210125024,0.058823529411764705,1,0.0014881743912666346,0.2868893966672207,0.11764705882352941,2,0.014579316840302493,0.36440916210125024,0.11764705882352941,2,0.014579316840302493,0.36440916210125024,0.17647058823529413,3,0.037985068070626,0.43431787284428397,438,19094,0.9864864864864865,2.2939143186341258,10,551,0.5882352941176471,1.8148820326678765,6.0,6.0,32.5,3
B,hgb_no_observation_features,mask_ambiguous_units,source_patient,three_of_five,0.0267247098859803,False,187,444,17,0.14414414414414414,64,0.11281072498108043,0.18030888367933287,0.058823529411764705,1,0.0014881743912666346,0.2868893966672207,0.058823529411764705,1,0.0014881743912666346,0.2868893966672207,0.058823529411764705,1,0.0014881743912666346,0.2868893966672207,0.11764705882352941,2,0.014579316840302493,0.36440916210125024,0.058823529411764705,1,0.0014881743912666346,0.2868893966672207,0.11764705882352941,2,0.014579316840302493,0.36440916210125024,1751,19094,3.9436936936936937,9.170420027233686,40,551,2.3529411764705883,7.259528130671506,30.5,17.25,43.75,2
B,hgb_no_observation_features,mask_ambiguous_units,local_patient,hourly,0.04893255527992879,False,187,444,17,0.11486486486486487,51,0.08673051786441843,0.14825013118111854,0.11764705882352941,2,0.014579316840302493,0.36440916210125024,0.11764705882352941,2,0.014579316840302493,0.36440916210125024,0.058823529411764705,1,0.0014881743912666346,0.2868893966672207,0.11764705882352941,2,0.014579316840302493,0.36440916210125024,0.11764705882352941,2,0.014579316840302493,0.36440916210125024,0.17647058823529413,3,0.037985068070626,0.43431787284428397,888,19094,2.0,4.650675604902063,13,551,0.7647058823529411,2.3593466424682394,6.0,6.0,27.5,3
B,hgb_no_observation_features,mask_ambiguous_units,local_patient,single,0.04893255527992879,False,187,444,17,0.11486486486486487,51,0.08673051786441843,0.14825013118111854,0.11764705882352941,2,0.014579316840302493,0.36440916210125024,0.11764705882352941,2,0.014579316840302493,0.36440916210125024,0.058823529411764705,1,0.0014881743912666346,0.2868893966672207,0.11764705882352941,2,0.014579316840302493,0.36440916210125024,0.11764705882352941,2,0.014579316840302493,0.36440916210125024,0.17647058823529413,3,0.037985068070626,0.43431787284428397,51,19094,0.11486486486486487,0.2670996124436996,3,551,0.17647058823529413,0.5444646098003629,6.0,6.0,27.5,3
B,hgb_no_observation_features,mask_ambiguous_units,local_patient,silence4,0.04893255527992879,False,187,444,17,0.11486486486486487,51,0.08673051786441843,0.14825013118111854,0.11764705882352941,2,0.014579316840302493,0.36440916210125024,0.11764705882352941,2,0.014579316840302493,0.36440916210125024,0.058823529411764705,1,0.0014881743912666346,0.2868893966672207,0.11764705882352941,2,0.014579316840302493,0.36440916210125024,0.11764705882352941,2,0.014579316840302493,0.36440916210125024,0.17647058823529413,3,0.037985068070626,0.43431787284428397,289,19094,0.6509009009009009,1.5135644705142977,7,551,0.4117647058823529,1.2704174228675136,6.0,6.0,27.5,3
B,hgb_no_observation_features,mask_ambiguous_units,local_patient,silence6,0.04893255527992879,False,187,444,17,0.11486486486486487,51,0.08673051786441843,0.14825013118111854,0.11764705882352941,2,0.014579316840302493,0.36440916210125024,0.11764705882352941,2,0.014579316840302493,0.36440916210125024,0.058823529411764705,1,0.0014881743912666346,0.2868893966672207,0.11764705882352941,2,0.014579316840302493,0.36440916210125024,0.11764705882352941,2,0.014579316840302493,0.36440916210125024,0.17647058823529413,3,0.037985068070626,0.43431787284428397,215,19094,0.48423423423423423,1.1260081701057925,7,551,0.4117647058823529,1.2704174228675136,6.0,6.0,27.5,3
B,hgb_no_observation_features,mask_ambiguous_units,local_patient,three_of_five,0.029268161450872923,False,187,444,17,0.13963963963963963,62,0.10876510294769161,0.17540937403953705,0.058823529411764705,1,0.0014881743912666346,0.2868893966672207,0.058823529411764705,1,0.0014881743912666346,0.2868893966672207,0.058823529411764705,1,0.0014881743912666346,0.2868893966672207,0.11764705882352941,2,0.014579316840302493,0.36440916210125024,0.058823529411764705,1,0.0014881743912666346,0.2868893966672207,0.11764705882352941,2,0.014579316840302493,0.36440916210125024,1581,19094,3.560810810810811,8.280087985754687,31,551,1.8235294117647058,5.626134301270417,26.5,15.25,37.75,2
