source,model,test_site,transfer,cap,budget,endpoint,samples,median,min,max,p05,p95
A,hgb,A,False,24,100.0,patient_false_alert_rate,20,0.0947645510383153,0.03305059959052355,0.14507165837964317,0.04777712781515063,0.14451594033343082
A,hgb,A,False,24,100.0,window6_sensitivity,20,0.2647058823529412,0.04411764705882353,0.4264705882352941,0.1,0.4264705882352941
A,hgb,A,False,24,100.0,first6_sensitivity,20,0.17647058823529413,0.04411764705882353,0.27941176470588236,0.07205882352941177,0.27941176470588236
A,hgb,A,False,24,100.0,first12_sensitivity,20,0.29411764705882354,0.058823529411764705,0.45588235294117646,0.1286764705882353,0.45588235294117646
A,hgb,A,False,24,100.0,calibration_nonseptic_patients,20,94.0,89.0,98.0,90.9,96.1
A,hgb,A,False,24,250.0,patient_false_alert_rate,20,0.110412401286926,0.06346885054109389,0.15647850248610704,0.0856975723895876,0.14564200058496637
A,hgb,A,False,24,250.0,window6_sensitivity,20,0.3161764705882353,0.16176470588235295,0.45588235294117646,0.24558823529411766,0.4279411764705882
A,hgb,A,False,24,250.0,first6_sensitivity,20,0.21323529411764705,0.08823529411764706,0.29411764705882354,0.15808823529411767,0.2801470588235294
A,hgb,A,False,24,250.0,first12_sensitivity,20,0.34558823529411764,0.17647058823529413,0.4852941176470588,0.27426470588235297,0.4573529411764706
A,hgb,A,False,24,250.0,calibration_nonseptic_patients,20,233.5,224.0,240.0,224.95,238.1
A,hgb,A,False,24,500.0,patient_false_alert_rate,20,0.11085112606025153,0.08423515647850248,0.13073998245100907,0.08868090084820124,0.12073705761918689
A,hgb,A,False,24,500.0,window6_sensitivity,20,0.3235294117647059,0.22058823529411764,0.38235294117647056,0.2485294117647059,0.3683823529411765
A,hgb,A,False,24,500.0,first6_sensitivity,20,0.22058823529411764,0.14705882352941177,0.2647058823529412,0.1610294117647059,0.25073529411764706
A,hgb,A,False,24,500.0,first12_sensitivity,20,0.35294117647058826,0.2647058823529412,0.4264705882352941,0.2786764705882353,0.39852941176470585
A,hgb,A,False,24,500.0,calibration_nonseptic_patients,20,464.5,456.0,475.0,456.95,472.15
A,hgb,A,False,48,100.0,patient_false_alert_rate,20,0.10227936879018118,0.04324956165984804,0.16393921683226184,0.055187025131502046,0.1586645236703682
A,hgb,A,False,48,100.0,window6_sensitivity,20,0.20300751879699247,0.08270676691729323,0.37593984962406013,0.10413533834586466,0.3545112781954887
A,hgb,A,False,48,100.0,first6_sensitivity,20,0.08270676691729323,0.05263157894736842,0.20300751879699247,0.05263157894736842,0.18157894736842106
A,hgb,A,False,48,100.0,first12_sensitivity,20,0.15789473684210525,0.06766917293233082,0.2932330827067669,0.09624060150375939,0.2718045112781955
A,hgb,A,False,48,100.0,calibration_nonseptic_patients,20,94.0,89.0,98.0,90.9,96.1
A,hgb,A,False,48,250.0,patient_false_alert_rate,20,0.10447106954997078,0.052893045002922266,0.14640561075394506,0.0848188194038574,0.13779953243717125
A,hgb,A,False,48,250.0,window6_sensitivity,20,0.21052631578947367,0.09022556390977443,0.3157894736842105,0.17593984962406015,0.2657894736842106
A,hgb,A,False,48,250.0,first6_sensitivity,20,0.08270676691729323,0.06015037593984962,0.17293233082706766,0.06729323308270677,0.13007518796992484
A,hgb,A,False,48,250.0,first12_sensitivity,20,0.15789473684210525,0.09022556390977443,0.24060150375939848,0.1330827067669173,0.19774436090225567
A,hgb,A,False,48,250.0,calibration_nonseptic_patients,20,233.5,224.0,240.0,224.95,239.05
A,hgb,A,False,48,500.0,patient_false_alert_rate,20,0.10227936879018118,0.0733489187609585,0.12507305669199298,0.09028345996493278,0.12424021040327295
A,hgb,A,False,48,500.0,window6_sensitivity,20,0.20300751879699247,0.14285714285714285,0.2556390977443609,0.18571428571428572,0.24849624060150374
A,hgb,A,False,48,500.0,first6_sensitivity,20,0.08270676691729323,0.06015037593984962,0.12030075187969924,0.06729323308270677,0.11315789473684211
A,hgb,A,False,48,500.0,first12_sensitivity,20,0.15789473684210525,0.11278195488721804,0.18796992481203006,0.14135338345864662,0.18082706766917292
A,hgb,A,False,48,500.0,calibration_nonseptic_patients,20,465.0,456.0,476.0,456.95,473.15
A,hgb,A,False,72,100.0,patient_false_alert_rate,20,0.10286382232612507,0.058445353594389245,0.16832261835184104,0.06483050847457628,0.14916715371127998
A,hgb,A,False,72,100.0,window6_sensitivity,20,0.26256983240223464,0.19553072625698323,0.37988826815642457,0.20083798882681564,0.3427374301675978
A,hgb,A,False,72,100.0,first6_sensitivity,20,0.09497206703910614,0.08379888268156424,0.13966480446927373,0.08379888268156424,0.11843575418994415
A,hgb,A,False,72,100.0,first12_sensitivity,20,0.16759776536312848,0.12849162011173185,0.20670391061452514,0.13379888268156426,0.20670391061452514
A,hgb,A,False,72,100.0,calibration_nonseptic_patients,20,94.0,89.0,98.0,90.9,96.1
A,hgb,A,False,72,250.0,patient_false_alert_rate,20,0.10812390414962011,0.06867329047340737,0.13997662185856224,0.0864406779661017,0.13581239041496201
A,hgb,A,False,72,250.0,window6_sensitivity,20,0.276536312849162,0.2011173184357542,0.33519553072625696,0.22765363128491622,0.3298882681564246
A,hgb,A,False,72,250.0,first6_sensitivity,20,0.09497206703910614,0.08379888268156424,0.11731843575418995,0.08379888268156424,0.11731843575418995
A,hgb,A,False,72,250.0,first12_sensitivity,20,0.17597765363128492,0.1340782122905028,0.20670391061452514,0.15,0.20670391061452514
A,hgb,A,False,72,250.0,calibration_nonseptic_patients,20,233.5,224.0,240.0,224.95,239.05
A,hgb,A,False,72,500.0,patient_false_alert_rate,20,0.10476329631794273,0.07627118644067797,0.1370543541788428,0.0934833430742256,0.1262273524254822
A,hgb,A,False,72,500.0,window6_sensitivity,20,0.2569832402234637,0.2122905027932961,0.329608938547486,0.24944134078212293,0.3136871508379888
A,hgb,A,False,72,500.0,first6_sensitivity,20,0.09497206703910614,0.08379888268156424,0.11731843575418995,0.08379888268156424,0.11201117318435753
A,hgb,A,False,72,500.0,first12_sensitivity,20,0.16759776536312848,0.15083798882681565,0.20670391061452514,0.16145251396648044,0.20670391061452514
A,hgb,A,False,72,500.0,calibration_nonseptic_patients,20,465.0,456.0,476.0,456.95,473.15
A,hgb,A,False,natural,100.0,patient_false_alert_rate,20,0.10286382232612507,0.058445353594389245,0.16832261835184104,0.06483050847457628,0.14916715371127998
A,hgb,A,False,natural,100.0,window6_sensitivity,20,0.48461538461538467,0.41923076923076924,0.573076923076923,0.4301923076923077,0.5475
A,hgb,A,False,natural,100.0,first6_sensitivity,20,0.06538461538461539,0.057692307692307696,0.09615384615384616,0.057692307692307696,0.08153846153846156
A,hgb,A,False,natural,100.0,first12_sensitivity,20,0.11923076923076924,0.09230769230769231,0.1423076923076923,0.09230769230769231,0.1423076923076923
A,hgb,A,False,natural,100.0,calibration_nonseptic_patients,20,94.0,89.0,98.0,90.9,96.1
A,hgb,A,False,natural,250.0,patient_false_alert_rate,20,0.10812390414962011,0.06867329047340737,0.13997662185856224,0.0864406779661017,0.13581239041496201
A,hgb,A,False,natural,250.0,window6_sensitivity,20,0.49423076923076925,0.4346153846153846,0.5423076923076923,0.46019230769230773,0.5386538461538461
A,hgb,A,False,natural,250.0,first6_sensitivity,20,0.06538461538461539,0.057692307692307696,0.08076923076923077,0.057692307692307696,0.08076923076923077
A,hgb,A,False,natural,250.0,first12_sensitivity,20,0.125,0.09230769230769231,0.14615384615384616,0.10692307692307693,0.14615384615384616
A,hgb,A,False,natural,250.0,calibration_nonseptic_patients,20,233.5,224.0,240.0,224.95,239.05
A,hgb,A,False,natural,500.0,patient_false_alert_rate,20,0.10476329631794273,0.07627118644067797,0.1370543541788428,0.0934833430742256,0.1262273524254822
A,hgb,A,False,natural,500.0,window6_sensitivity,20,0.4807692307692308,0.45,0.5384615384615384,0.4755769230769231,0.5238461538461539
A,hgb,A,False,natural,500.0,first6_sensitivity,20,0.06730769230769232,0.057692307692307696,0.08076923076923077,0.057692307692307696,0.07711538461538463
A,hgb,A,False,natural,500.0,first12_sensitivity,20,0.11923076923076924,0.1076923076923077,0.14615384615384616,0.115,0.14615384615384616
A,hgb,A,False,natural,500.0,calibration_nonseptic_patients,20,465.0,456.0,476.0,456.95,473.15
A,hgb,B,True,24,100.0,patient_false_alert_rate,20,0.08426966292134831,0.0365888792855085,0.16594641313742436,0.05301065975223279,0.1355661192739845
A,hgb,B,True,24,100.0,window6_sensitivity,20,0.13157894736842105,0.05263157894736842,0.2631578947368421,0.05263157894736842,0.21315789473684213
A,hgb,B,True,24,100.0,first6_sensitivity,20,0.13157894736842105,0.05263157894736842,0.15789473684210525,0.05263157894736842,0.1328947368421053
A,hgb,B,True,24,100.0,first12_sensitivity,20,0.15789473684210525,0.07894736842105263,0.2631578947368421,0.07894736842105263,0.23815789473684212
A,hgb,B,True,24,100.0,calibration_nonseptic_patients,20,96.0,93.0,99.0,93.95,99.0
A,hgb,B,True,24,250.0,patient_false_alert_rate,20,0.09248055315471046,0.055603572457505045,0.1365600691443388,0.061624891961970615,0.12752808988764047
A,hgb,B,True,24,250.0,window6_sensitivity,20,0.13157894736842105,0.05263157894736842,0.21052631578947367,0.10263157894736842,0.21052631578947367
A,hgb,B,True,24,250.0,first6_sensitivity,20,0.13157894736842105,0.05263157894736842,0.13157894736842105,0.10263157894736842,0.13157894736842105
A,hgb,B,True,24,250.0,first12_sensitivity,20,0.15789473684210525,0.07894736842105263,0.23684210526315788,0.12894736842105262,0.23684210526315788
A,hgb,B,True,24,250.0,calibration_nonseptic_patients,20,239.5,237.0,248.0,237.0,245.15
A,hgb,B,True,24,500.0,patient_false_alert_rate,20,0.09564966868337654,0.07346585998271392,0.13396715643906656,0.07483434168827427,0.12767214059348891
A,hgb,B,True,24,500.0,window6_sensitivity,20,0.14473684210526316,0.13157894736842105,0.21052631578947367,0.13157894736842105,0.21052631578947367
A,hgb,B,True,24,500.0,first6_sensitivity,20,0.13157894736842105,0.13157894736842105,0.15789473684210525,0.13157894736842105,0.1328947368421053
A,hgb,B,True,24,500.0,first12_sensitivity,20,0.18421052631578946,0.15789473684210525,0.23684210526315788,0.15789473684210525,0.23684210526315788
A,hgb,B,True,24,500.0,calibration_nonseptic_patients,20,481.0,473.0,491.0,475.85,489.1
A,hgb,B,True,48,100.0,patient_false_alert_rate,20,0.08378923121220846,0.04261445436222286,0.18427872156636912,0.06778001727613014,0.1637633170169882
A,hgb,B,True,48,100.0,window6_sensitivity,20,0.11842105263157894,0.07894736842105263,0.2631578947368421,0.09144736842105262,0.25065789473684214
A,hgb,B,True,48,100.0,first6_sensitivity,20,0.05263157894736842,0.039473684210526314,0.10526315789473684,0.039473684210526314,0.10526315789473684
A,hgb,B,True,48,100.0,first12_sensitivity,20,0.13157894736842105,0.07894736842105263,0.2236842105263158,0.10394736842105262,0.21118421052631578
A,hgb,B,True,48,100.0,calibration_nonseptic_patients,20,96.0,93.0,99.0,93.95,99.0
A,hgb,B,True,48,250.0,patient_false_alert_rate,20,0.09775410308090987,0.07112006910452058,0.13216239562338036,0.07440253383242154,0.12997408580477973
A,hgb,B,True,48,250.0,window6_sensitivity,20,0.13157894736842105,0.09210526315789473,0.18421052631578946,0.09210526315789473,0.18421052631578946
A,hgb,B,True,48,250.0,first6_sensitivity,20,0.06578947368421052,0.039473684210526314,0.10526315789473684,0.039473684210526314,0.10526315789473684
A,hgb,B,True,48,250.0,first12_sensitivity,20,0.14473684210526316,0.10526315789473684,0.19736842105263158,0.10526315789473684,0.19736842105263158
A,hgb,B,True,48,250.0,calibration_nonseptic_patients,20,239.5,237.0,248.0,237.0,245.15
A,hgb,B,True,48,500.0,patient_false_alert_rate,20,0.10164123236395048,0.07630290814857472,0.12697955657932622,0.07684998560322488,0.12697955657932622
A,hgb,B,True,48,500.0,window6_sensitivity,20,0.14473684210526316,0.09210526315789473,0.18421052631578946,0.09210526315789473,0.18421052631578946
A,hgb,B,True,48,500.0,first6_sensitivity,20,0.07894736842105263,0.039473684210526314,0.10526315789473684,0.039473684210526314,0.10526315789473684
A,hgb,B,True,48,500.0,first12_sensitivity,20,0.15789473684210525,0.10526315789473684,0.19736842105263158,0.10526315789473684,0.19736842105263158
A,hgb,B,True,48,500.0,calibration_nonseptic_patients,20,481.0,473.0,491.0,475.85,489.1
A,hgb,B,True,72,100.0,patient_false_alert_rate,20,0.08321336020731357,0.06392168154333429,0.17621652749784047,0.06638353008926001,0.17047221422401382
A,hgb,B,True,72,100.0,window6_sensitivity,20,0.17475728155339806,0.1650485436893204,0.30097087378640774,0.1650485436893204,0.30097087378640774
A,hgb,B,True,72,100.0,first6_sensitivity,20,0.07281553398058252,0.05825242718446602,0.14563106796116504,0.05825242718446602,0.13640776699029125
A,hgb,B,True,72,100.0,first12_sensitivity,20,0.15048543689320387,0.1262135922330097,0.23300970873786409,0.1354368932038835,0.23300970873786409
A,hgb,B,True,72,100.0,calibration_nonseptic_patients,20,96.0,93.0,99.0,93.95,99.0
A,hgb,B,True,72,250.0,patient_false_alert_rate,20,0.10351281312985891,0.07486323063633746,0.15865246184854592,0.0756838468183127,0.12281888856896059
A,hgb,B,True,72,250.0,window6_sensitivity,20,0.1941747572815534,0.17475728155339806,0.2912621359223301,0.17475728155339806,0.2451456310679612
A,hgb,B,True,72,250.0,first6_sensitivity,20,0.06796116504854369,0.05825242718446602,0.14563106796116504,0.05825242718446602,0.10873786407766993
A,hgb,B,True,72,250.0,first12_sensitivity,20,0.1553398058252427,0.1262135922330097,0.23300970873786409,0.1262135922330097,0.20533980582524272
A,hgb,B,True,72,250.0,calibration_nonseptic_patients,20,239.5,237.0,248.0,237.0,245.15
A,hgb,B,True,72,500.0,patient_false_alert_rate,20,0.10351281312985891,0.08666858623668298,0.12006910452058739,0.08748920241865822,0.1159660236107112
A,hgb,B,True,72,500.0,window6_sensitivity,20,0.1941747572815534,0.17475728155339806,0.23300970873786409,0.18398058252427185,0.2237864077669903
A,hgb,B,True,72,500.0,first6_sensitivity,20,0.06796116504854369,0.05825242718446602,0.0970873786407767,0.06747572815533981,0.08786407766990292
A,hgb,B,True,72,500.0,first12_sensitivity,20,0.1553398058252427,0.14563106796116504,0.18446601941747573,0.15485436893203883,0.17524271844660194
A,hgb,B,True,72,500.0,calibration_nonseptic_patients,20,481.0,473.0,491.0,475.85,489.1
A,hgb,B,True,natural,100.0,patient_false_alert_rate,20,0.083501295709761,0.06420961704578175,0.17621652749784047,0.06667146559170746,0.17047221422401382
A,hgb,B,True,natural,100.0,window6_sensitivity,20,0.42857142857142855,0.42207792207792205,0.5194805194805194,0.42207792207792205,0.5194805194805194
A,hgb,B,True,natural,100.0,first6_sensitivity,20,0.0551948051948052,0.03896103896103896,0.1038961038961039,0.03896103896103896,0.09772727272727273
A,hgb,B,True,natural,100.0,first12_sensitivity,20,0.10714285714285715,0.09090909090909091,0.16233766233766234,0.09707792207792208,0.16233766233766234
A,hgb,B,True,natural,100.0,calibration_nonseptic_patients,20,96.0,93.0,99.0,93.95,99.0
A,hgb,B,True,natural,250.0,patient_false_alert_rate,20,0.10351281312985891,0.0751511661387849,0.15865246184854592,0.07597178232076014,0.12281888856896059
A,hgb,B,True,natural,250.0,window6_sensitivity,20,0.44805194805194803,0.42857142857142855,0.512987012987013,0.42857142857142855,0.48214285714285715
A,hgb,B,True,natural,250.0,first6_sensitivity,20,0.05194805194805195,0.03896103896103896,0.1038961038961039,0.03896103896103896,0.07922077922077923
A,hgb,B,True,natural,250.0,first12_sensitivity,20,0.11688311688311688,0.09090909090909091,0.16233766233766234,0.09090909090909091,0.15
A,hgb,B,True,natural,250.0,calibration_nonseptic_patients,20,239.5,237.0,248.0,237.0,245.15
A,hgb,B,True,natural,500.0,patient_false_alert_rate,20,0.10351281312985891,0.08465303771955082,0.12006910452058739,0.08766196372012669,0.1159660236107112
A,hgb,B,True,natural,500.0,window6_sensitivity,20,0.44805194805194803,0.42857142857142855,0.474025974025974,0.4347402597402597,0.46785714285714286
A,hgb,B,True,natural,500.0,first6_sensitivity,20,0.05194805194805195,0.03896103896103896,0.07142857142857142,0.04512987012987013,0.06525974025974025
A,hgb,B,True,natural,500.0,first12_sensitivity,20,0.11688311688311688,0.1038961038961039,0.13636363636363635,0.11006493506493506,0.1301948051948052
A,hgb,B,True,natural,500.0,calibration_nonseptic_patients,20,481.0,473.0,491.0,475.85,489.1
A,hgb_no_observation_features,A,False,24,100.0,patient_false_alert_rate,20,0.09359461830944721,0.032758116408306524,0.17344252705469435,0.04192746417081018,0.12231646680315884
A,hgb_no_observation_features,A,False,24,100.0,window6_sensitivity,20,0.20588235294117646,0.10294117647058823,0.3382352941176471,0.10294117647058823,0.29632352941176476
A,hgb_no_observation_features,A,False,24,100.0,first6_sensitivity,20,0.10294117647058823,0.07352941176470588,0.1323529411764706,0.07352941176470588,0.1323529411764706
A,hgb_no_observation_features,A,False,24,100.0,first12_sensitivity,20,0.21323529411764705,0.11764705882352941,0.29411764705882354,0.11764705882352941,0.29411764705882354
A,hgb_no_observation_features,A,False,24,100.0,calibration_nonseptic_patients,20,94.0,89.0,98.0,90.9,96.1
A,hgb_no_observation_features,A,False,24,250.0,patient_false_alert_rate,20,0.09885931558935361,0.06025153553670664,0.17051769523252414,0.06692015209125475,0.11577946768060841
A,hgb_no_observation_features,A,False,24,250.0,window6_sensitivity,20,0.22058823529411764,0.14705882352941177,0.3382352941176471,0.1610294117647059,0.28235294117647064
A,hgb_no_observation_features,A,False,24,250.0,first6_sensitivity,20,0.11764705882352941,0.08823529411764706,0.14705882352941177,0.08823529411764706,0.14705882352941177
A,hgb_no_observation_features,A,False,24,250.0,first12_sensitivity,20,0.22794117647058823,0.16176470588235295,0.3088235294117647,0.17573529411764707,0.28088235294117647
A,hgb_no_observation_features,A,False,24,250.0,calibration_nonseptic_patients,20,233.5,224.0,240.0,224.95,238.1
A,hgb_no_observation_features,A,False,24,500.0,patient_false_alert_rate,20,0.09549575899385784,0.07955542556303012,0.11143609242468558,0.08622404211757824,0.1092132202398362
A,hgb_no_observation_features,A,False,24,500.0,window6_sensitivity,20,0.22058823529411764,0.17647058823529413,0.27941176470588236,0.19044117647058822,0.26544117647058824
A,hgb_no_observation_features,A,False,24,500.0,first6_sensitivity,20,0.11764705882352941,0.10294117647058823,0.14705882352941177,0.10294117647058823,0.13308823529411765
A,hgb_no_observation_features,A,False,24,500.0,first12_sensitivity,20,0.22058823529411764,0.19117647058823528,0.27941176470588236,0.2051470588235294,0.26544117647058824
A,hgb_no_observation_features,A,False,24,500.0,calibration_nonseptic_patients,20,464.5,456.0,475.0,456.95,472.15
A,hgb_no_observation_features,A,False,48,100.0,patient_false_alert_rate,20,0.07919345412039742,0.032144944476914086,0.15955581531268265,0.04324956165984804,0.13179427235534777
A,hgb_no_observation_features,A,False,48,100.0,window6_sensitivity,20,0.18045112781954886,0.09774436090225563,0.2932330827067669,0.1406015037593985,0.2646616541353384
A,hgb_no_observation_features,A,False,48,100.0,first6_sensitivity,20,0.06766917293233082,0.05263157894736842,0.09022556390977443,0.05977443609022556,0.0830827067669173
A,hgb_no_observation_features,A,False,48,100.0,first12_sensitivity,20,0.14285714285714285,0.08270676691729323,0.21804511278195488,0.10413533834586466,0.18233082706766918
A,hgb_no_observation_features,A,False,48,100.0,calibration_nonseptic_patients,20,94.0,89.0,98.0,90.9,96.1
A,hgb_no_observation_features,A,False,48,250.0,patient_false_alert_rate,20,0.09935710111046171,0.06925774400935125,0.16306253652834599,0.07231151373465809,0.13863237872589132
A,hgb_no_observation_features,A,False,48,250.0,window6_sensitivity,20,0.21052631578947367,0.15037593984962405,0.3157894736842105,0.15037593984962405,0.2657894736842106
A,hgb_no_observation_features,A,False,48,250.0,first6_sensitivity,20,0.07518796992481203,0.06015037593984962,0.09022556390977443,0.06015037593984962,0.0830827067669173
A,hgb_no_observation_features,A,False,48,250.0,first12_sensitivity,20,0.15789473684210525,0.11278195488721804,0.21804511278195488,0.11278195488721804,0.18947368421052632
A,hgb_no_observation_features,A,False,48,250.0,calibration_nonseptic_patients,20,233.5,224.0,240.0,224.95,239.05
A,hgb_no_observation_features,A,False,48,500.0,patient_false_alert_rate,20,0.09614260666277032,0.07802454704850964,0.1341320864991233,0.07969023962594975,0.11303331385154881
A,hgb_no_observation_features,A,False,48,500.0,window6_sensitivity,20,0.19548872180451127,0.17293233082706766,0.2631578947368421,0.1800751879699248,0.2274436090225564
A,hgb_no_observation_features,A,False,48,500.0,first6_sensitivity,20,0.07518796992481203,0.06015037593984962,0.08270676691729323,0.06729323308270677,0.08270676691729323
A,hgb_no_observation_features,A,False,48,500.0,first12_sensitivity,20,0.15789473684210525,0.13533834586466165,0.18796992481203006,0.1424812030075188,0.16654135338345866
A,hgb_no_observation_features,A,False,48,500.0,calibration_nonseptic_patients,20,465.0,456.0,476.0,456.95,473.15
A,hgb_no_observation_features,A,False,72,100.0,patient_false_alert_rate,20,0.0831385154880187,0.03360607831677381,0.16569257744009352,0.04665400350672121,0.12210695499707777
A,hgb_no_observation_features,A,False,72,100.0,window6_sensitivity,20,0.20670391061452514,0.12290502793296089,0.33519553072625696,0.16005586592178772,0.28212290502793297
A,hgb_no_observation_features,A,False,72,100.0,first6_sensitivity,20,0.06983240223463688,0.061452513966480445,0.08379888268156424,0.061452513966480445,0.08379888268156424
A,hgb_no_observation_features,A,False,72,100.0,first12_sensitivity,20,0.1340782122905028,0.09497206703910614,0.18435754189944134,0.11089385474860335,0.15251396648044696
A,hgb_no_observation_features,A,False,72,100.0,calibration_nonseptic_patients,20,94.0,89.0,98.0,90.9,96.1
A,hgb_no_observation_features,A,False,72,250.0,patient_false_alert_rate,20,0.10067212156633548,0.07422559906487435,0.14143775569842199,0.07589129164231444,0.1369959088252484
A,hgb_no_observation_features,A,False,72,250.0,window6_sensitivity,20,0.22905027932960895,0.18435754189944134,0.3016759776536313,0.18435754189944134,0.3016759776536313
A,hgb_no_observation_features,A,False,72,250.0,first6_sensitivity,20,0.07262569832402235,0.061452513966480445,0.0782122905027933,0.06675977653631285,0.0782122905027933
A,hgb_no_observation_features,A,False,72,250.0,first12_sensitivity,20,0.1424581005586592,0.11173184357541899,0.1564245810055866,0.11173184357541899,0.1564245810055866
A,hgb_no_observation_features,A,False,72,250.0,calibration_nonseptic_patients,20,233.5,224.0,240.0,224.95,239.05
A,hgb_no_observation_features,A,False,72,500.0,patient_false_alert_rate,20,0.09424313267095266,0.07977790765634132,0.13822326125073056,0.08116598480420806,0.11268264172998248
A,hgb_no_observation_features,A,False,72,500.0,window6_sensitivity,20,0.21787709497206703,0.19553072625698323,0.3016759776536313,0.20083798882681564,0.2645251396648045
A,hgb_no_observation_features,A,False,72,500.0,first6_sensitivity,20,0.0782122905027933,0.0670391061452514,0.08379888268156424,0.0670391061452514,0.08379888268156424
A,hgb_no_observation_features,A,False,72,500.0,first12_sensitivity,20,0.13966480446927373,0.12849162011173185,0.15083798882681565,0.13379888268156426,0.15083798882681565
A,hgb_no_observation_features,A,False,72,500.0,calibration_nonseptic_patients,20,465.0,456.0,476.0,456.95,473.15
A,hgb_no_observation_features,A,False,natural,100.0,patient_false_alert_rate,20,0.0831385154880187,0.03360607831677381,0.16569257744009352,0.04665400350672121,0.12210695499707777
A,hgb_no_observation_features,A,False,natural,100.0,window6_sensitivity,20,0.2692307692307692,0.13846153846153847,0.4423076923076923,0.18596153846153846,0.36557692307692313
A,hgb_no_observation_features,A,False,natural,100.0,first6_sensitivity,20,0.06346153846153846,0.046153846153846156,0.08076923076923077,0.06076923076923078,0.07711538461538463
A,hgb_no_observation_features,A,False,natural,100.0,first12_sensitivity,20,0.13076923076923078,0.07692307692307693,0.1423076923076923,0.09884615384615385,0.1423076923076923
A,hgb_no_observation_features,A,False,natural,100.0,calibration_nonseptic_patients,20,94.0,89.0,98.0,90.9,96.1
A,hgb_no_observation_features,A,False,natural,250.0,patient_false_alert_rate,20,0.10067212156633548,0.07422559906487435,0.14143775569842199,0.07589129164231444,0.1369959088252484
A,hgb_no_observation_features,A,False,natural,250.0,window6_sensitivity,20,0.3153846153846154,0.23846153846153847,0.38846153846153847,0.23846153846153847,0.38846153846153847
A,hgb_no_observation_features,A,False,natural,250.0,first6_sensitivity,20,0.06346153846153846,0.05,0.07692307692307693,0.053653846153846156,0.07326923076923078
A,hgb_no_observation_features,A,False,natural,250.0,first12_sensitivity,20,0.12692307692307692,0.1076923076923077,0.13846153846153847,0.1076923076923077,0.13846153846153847
A,hgb_no_observation_features,A,False,natural,250.0,calibration_nonseptic_patients,20,233.5,224.0,240.0,224.95,239.05
A,hgb_no_observation_features,A,False,natural,500.0,patient_false_alert_rate,20,0.09424313267095266,0.07977790765634132,0.13822326125073056,0.08116598480420806,0.11268264172998248
A,hgb_no_observation_features,A,False,natural,500.0,window6_sensitivity,20,0.3019230769230769,0.25384615384615383,0.38846153846153847,0.2648076923076923,0.34461538461538466
A,hgb_no_observation_features,A,False,natural,500.0,first6_sensitivity,20,0.07307692307692308,0.05384615384615385,0.08076923076923077,0.0575,0.08076923076923077
A,hgb_no_observation_features,A,False,natural,500.0,first12_sensitivity,20,0.12884615384615383,0.12307692307692308,0.1423076923076923,0.12307692307692308,0.13865384615384616
A,hgb_no_observation_features,A,False,natural,500.0,calibration_nonseptic_patients,20,465.0,456.0,476.0,456.95,473.15
A,hgb_no_observation_features,B,True,24,100.0,patient_false_alert_rate,20,0.0790838375108038,0.027369634111207145,0.1247479112647652,0.045980985306828,0.1247479112647652
A,hgb_no_observation_features,B,True,24,100.0,window6_sensitivity,20,0.10526315789473684,0.05263157894736842,0.18421052631578946,0.10263157894736842,0.18421052631578946
A,hgb_no_observation_features,B,True,24,100.0,first6_sensitivity,20,0.10526315789473684,0.05263157894736842,0.15789473684210525,0.10263157894736842,0.15789473684210525
A,hgb_no_observation_features,B,True,24,100.0,first12_sensitivity,20,0.13157894736842105,0.05263157894736842,0.18421052631578946,0.10263157894736842,0.18421052631578946
A,hgb_no_observation_features,B,True,24,100.0,calibration_nonseptic_patients,20,96.0,93.0,99.0,93.95,99.0
A,hgb_no_observation_features,B,True,24,250.0,patient_false_alert_rate,20,0.09636992221261884,0.058484586574474216,0.11178334773840391,0.06779026217228463,0.10877268798617114
A,hgb_no_observation_features,B,True,24,250.0,window6_sensitivity,20,0.10526315789473684,0.10526315789473684,0.13157894736842105,0.10526315789473684,0.10657894736842106
A,hgb_no_observation_features,B,True,24,250.0,first6_sensitivity,20,0.10526315789473684,0.10526315789473684,0.10526315789473684,0.10526315789473684,0.10526315789473684
A,hgb_no_observation_features,B,True,24,250.0,first12_sensitivity,20,0.13157894736842105,0.10526315789473684,0.13157894736842105,0.10526315789473684,0.13157894736842105
A,hgb_no_observation_features,B,True,24,250.0,calibration_nonseptic_patients,20,239.5,237.0,248.0,237.0,245.15
A,hgb_no_observation_features,B,True,24,500.0,patient_false_alert_rate,20,0.09766637856525498,0.08527801786228753,0.1163929703255546,0.08883607029674445,0.10736099106885624
A,hgb_no_observation_features,B,True,24,500.0,window6_sensitivity,20,0.10526315789473684,0.10526315789473684,0.15789473684210525,0.10526315789473684,0.1078947368421053
A,hgb_no_observation_features,B,True,24,500.0,first6_sensitivity,20,0.10526315789473684,0.10526315789473684,0.13157894736842105,0.10526315789473684,0.10657894736842106
A,hgb_no_observation_features,B,True,24,500.0,first12_sensitivity,20,0.13157894736842105,0.13157894736842105,0.15789473684210525,0.13157894736842105,0.1328947368421053
A,hgb_no_observation_features,B,True,24,500.0,calibration_nonseptic_patients,20,481.0,473.0,491.0,475.85,489.1
A,hgb_no_observation_features,B,True,48,100.0,patient_false_alert_rate,20,0.08263748920241866,0.033112582781456956,0.13360207313561762,0.0443276706017852,0.1311402245896919
A,hgb_no_observation_features,B,True,48,100.0,window6_sensitivity,20,0.11842105263157894,0.06578947368421052,0.17105263157894737,0.06578947368421052,0.17105263157894737
A,hgb_no_observation_features,B,True,48,100.0,first6_sensitivity,20,0.07894736842105263,0.039473684210526314,0.09210526315789473,0.039473684210526314,0.09210526315789473
A,hgb_no_observation_features,B,True,48,100.0,first12_sensitivity,20,0.09210526315789473,0.05263157894736842,0.13157894736842105,0.05263157894736842,0.13157894736842105
A,hgb_no_observation_features,B,True,48,100.0,calibration_nonseptic_patients,20,96.0,93.0,99.0,93.95,99.0
A,hgb_no_observation_features,B,True,48,250.0,patient_false_alert_rate,20,0.09271523178807947,0.06046645551396487,0.12525194356464153,0.06675784624244169,0.12196947883674057
A,hgb_no_observation_features,B,True,48,250.0,window6_sensitivity,20,0.125,0.09210526315789473,0.15789473684210525,0.11710526315789473,0.15789473684210525
A,hgb_no_observation_features,B,True,48,250.0,first6_sensitivity,20,0.08552631578947367,0.05263157894736842,0.10526315789473684,0.07763157894736841,0.10526315789473684
A,hgb_no_observation_features,B,True,48,250.0,first12_sensitivity,20,0.09210526315789473,0.06578947368421052,0.13157894736842105,0.07828947368421052,0.13157894736842105
A,hgb_no_observation_features,B,True,48,250.0,calibration_nonseptic_patients,20,239.5,237.0,248.0,237.0,245.15
A,hgb_no_observation_features,B,True,48,500.0,patient_false_alert_rate,20,0.10682407140800461,0.07947019867549669,0.13302620213072272,0.08138496976677224,0.1256406564929456
A,hgb_no_observation_features,B,True,48,500.0,window6_sensitivity,20,0.14473684210526316,0.11842105263157894,0.17105263157894737,0.11842105263157894,0.15855263157894736
A,hgb_no_observation_features,B,True,48,500.0,first6_sensitivity,20,0.09210526315789473,0.07894736842105263,0.10526315789473684,0.07894736842105263,0.10526315789473684
A,hgb_no_observation_features,B,True,48,500.0,first12_sensitivity,20,0.11842105263157894,0.07894736842105263,0.13157894736842105,0.07894736842105263,0.13157894736842105
A,hgb_no_observation_features,B,True,48,500.0,calibration_nonseptic_patients,20,481.0,473.0,491.0,475.85,489.1
A,hgb_no_observation_features,B,True,72,100.0,patient_false_alert_rate,20,0.08465303771955082,0.03455226029369421,0.13705729916498705,0.04057011229484595,0.13432191189173623
A,hgb_no_observation_features,B,True,72,100.0,window6_sensitivity,20,0.13106796116504854,0.06796116504854369,0.1941747572815534,0.06796116504854369,0.1941747572815534
A,hgb_no_observation_features,B,True,72,100.0,first6_sensitivity,20,0.07766990291262135,0.02912621359223301,0.08737864077669903,0.02912621359223301,0.08737864077669903
A,hgb_no_observation_features,B,True,72,100.0,first12_sensitivity,20,0.09223300970873786,0.038834951456310676,0.1262135922330097,0.038834951456310676,0.1262135922330097
A,hgb_no_observation_features,B,True,72,100.0,calibration_nonseptic_patients,20,96.0,93.0,99.0,93.95,99.0
A,hgb_no_observation_features,B,True,72,250.0,patient_false_alert_rate,20,0.09343507054419811,0.06075439101641232,0.12294845954506191,0.06978116901813994,0.12240138209041175
A,hgb_no_observation_features,B,True,72,250.0,window6_sensitivity,20,0.13592233009708737,0.0970873786407767,0.17475728155339806,0.11553398058252427,0.17475728155339806
A,hgb_no_observation_features,B,True,72,250.0,first6_sensitivity,20,0.07766990291262135,0.04854368932038835,0.08737864077669903,0.06699029126213592,0.08737864077669903
A,hgb_no_observation_features,B,True,72,250.0,first12_sensitivity,20,0.0970873786407767,0.06796116504854369,0.1262135922330097,0.08640776699029126,0.1262135922330097
A,hgb_no_observation_features,B,True,72,250.0,calibration_nonseptic_patients,20,239.5,237.0,248.0,237.0,245.15
A,hgb_no_observation_features,B,True,72,500.0,patient_false_alert_rate,20,0.10653613590555716,0.08263748920241866,0.1361934926576447,0.08318456665706882,0.12306363374604089
A,hgb_no_observation_features,B,True,72,500.0,window6_sensitivity,20,0.14563106796116504,0.1262135922330097,0.1941747572815534,0.1262135922330097,0.17572815533980585
A,hgb_no_observation_features,B,True,72,500.0,first6_sensitivity,20,0.07766990291262135,0.07766990291262135,0.08737864077669903,0.07766990291262135,0.08737864077669903
A,hgb_no_observation_features,B,True,72,500.0,first12_sensitivity,20,0.11165048543689321,0.08737864077669903,0.1262135922330097,0.08737864077669903,0.1262135922330097
A,hgb_no_observation_features,B,True,72,500.0,calibration_nonseptic_patients,20,481.0,473.0,491.0,475.85,489.1
A,hgb_no_observation_features,B,True,natural,100.0,patient_false_alert_rate,20,0.0856608119781169,0.03512813129858912,0.13763317016988194,0.04141952202706594,0.13489778289663115
A,hgb_no_observation_features,B,True,natural,100.0,window6_sensitivity,20,0.21103896103896103,0.12337662337662338,0.2792207792207792,0.12337662337662338,0.2792207792207792
A,hgb_no_observation_features,B,True,natural,100.0,first6_sensitivity,20,0.0551948051948052,0.01948051948051948,0.07142857142857142,0.01948051948051948,0.07142857142857142
A,hgb_no_observation_features,B,True,natural,100.0,first12_sensitivity,20,0.06168831168831168,0.025974025974025976,0.09740259740259741,0.025974025974025976,0.09740259740259741
A,hgb_no_observation_features,B,True,natural,100.0,calibration_nonseptic_patients,20,96.0,93.0,99.0,93.95,99.0
A,hgb_no_observation_features,B,True,natural,250.0,patient_false_alert_rate,20,0.09329110279297437,0.06190613302620213,0.12294845954506191,0.07093291102792974,0.11857183990786063
A,hgb_no_observation_features,B,True,natural,250.0,window6_sensitivity,20,0.22727272727272727,0.16883116883116883,0.2662337662337662,0.18116883116883117,0.2662337662337662
A,hgb_no_observation_features,B,True,natural,250.0,first6_sensitivity,20,0.05844155844155844,0.032467532467532464,0.07142857142857142,0.044805194805194806,0.06525974025974025
A,hgb_no_observation_features,B,True,natural,250.0,first12_sensitivity,20,0.06493506493506493,0.045454545454545456,0.09740259740259741,0.05779220779220779,0.09740259740259741
A,hgb_no_observation_features,B,True,natural,250.0,calibration_nonseptic_patients,20,239.5,237.0,248.0,237.0,245.15
A,hgb_no_observation_features,B,True,natural,500.0,patient_false_alert_rate,20,0.10524042614454363,0.08033400518283905,0.13504175064785487,0.08416354736539015,0.12136481428160094
A,hgb_no_observation_features,B,True,natural,500.0,window6_sensitivity,20,0.24025974025974026,0.2012987012987013,0.2792207792207792,0.2074675324675325,0.2668831168831169
A,hgb_no_observation_features,B,True,natural,500.0,first6_sensitivity,20,0.06493506493506493,0.045454545454545456,0.07142857142857142,0.05162337662337663,0.06525974025974025
A,hgb_no_observation_features,B,True,natural,500.0,first12_sensitivity,20,0.07792207792207792,0.05844155844155844,0.09740259740259741,0.05844155844155844,0.09740259740259741
A,hgb_no_observation_features,B,True,natural,500.0,calibration_nonseptic_patients,20,481.0,473.0,491.0,475.85,489.1
A,logistic,A,False,24,100.0,patient_false_alert_rate,20,0.10514770400701959,0.048259725065808716,0.1585258847616262,0.05631763673588769,0.15463585843813982
A,logistic,A,False,24,100.0,window6_sensitivity,20,0.1985294117647059,0.058823529411764705,0.3235294117647059,0.07279411764705883,0.29558823529411765
A,logistic,A,False,24,100.0,first6_sensitivity,20,0.10294117647058823,0.04411764705882353,0.17647058823529413,0.04411764705882353,0.1485294117647059
A,logistic,A,False,24,100.0,first12_sensitivity,20,0.1764705882352941,0.07352941176470588,0.27941176470588236,0.07352941176470588,0.2514705882352941
A,logistic,A,False,24,100.0,calibration_nonseptic_patients,20,94.0,89.0,98.0,90.9,96.1
A,logistic,A,False,24,250.0,patient_false_alert_rate,20,0.11099736765136005,0.07575314419420884,0.14594910792629423,0.08214390172565077,0.14511553085697573
A,logistic,A,False,24,250.0,window6_sensitivity,20,0.22058823529411764,0.16176470588235295,0.27941176470588236,0.17573529411764707,0.27941176470588236
A,logistic,A,False,24,250.0,first6_sensitivity,20,0.10294117647058823,0.07352941176470588,0.14705882352941177,0.07352941176470588,0.14705882352941177
A,logistic,A,False,24,250.0,first12_sensitivity,20,0.19117647058823528,0.14705882352941177,0.23529411764705882,0.1610294117647059,0.23529411764705882
A,logistic,A,False,24,250.0,calibration_nonseptic_patients,20,233.5,224.0,240.0,224.95,238.1
A,logistic,A,False,24,500.0,patient_false_alert_rate,20,0.11143609242468558,0.09125475285171103,0.1389295115530857,0.09264404796724188,0.13781807546066102
A,logistic,A,False,24,500.0,window6_sensitivity,20,0.22058823529411764,0.17647058823529413,0.27941176470588236,0.17647058823529413,0.27941176470588236
A,logistic,A,False,24,500.0,first6_sensitivity,20,0.10294117647058823,0.07352941176470588,0.14705882352941177,0.07352941176470588,0.14705882352941177
A,logistic,A,False,24,500.0,first12_sensitivity,20,0.19117647058823528,0.16176470588235295,0.23529411764705882,0.16176470588235295,0.23529411764705882
A,logistic,A,False,24,500.0,calibration_nonseptic_patients,20,464.5,456.0,475.0,456.95,472.15
A,logistic,A,False,48,100.0,patient_false_alert_rate,20,0.09570426651081239,0.058737580362361194,0.1750438340151958,0.06484511981297487,0.16088544710695502
A,logistic,A,False,48,100.0,window6_sensitivity,20,0.16541353383458646,0.14285714285714285,0.3233082706766917,0.15,0.2733082706766918
A,logistic,A,False,48,100.0,first6_sensitivity,20,0.09774436090225563,0.08270676691729323,0.14285714285714285,0.08270676691729323,0.1285714285714286
A,logistic,A,False,48,100.0,first12_sensitivity,20,0.12781954887218044,0.10526315789473684,0.20300751879699247,0.10526315789473684,0.1887218045112782
A,logistic,A,False,48,100.0,calibration_nonseptic_patients,20,94.0,89.0,98.0,90.9,96.1
A,logistic,A,False,48,250.0,patient_false_alert_rate,20,0.11616014026884863,0.07890122735242548,0.17212156633547632,0.07890122735242548,0.15157802454704852
A,logistic,A,False,48,250.0,window6_sensitivity,20,0.20300751879699247,0.15789473684210525,0.2932330827067669,0.15789473684210525,0.2646616541353384
A,logistic,A,False,48,250.0,first6_sensitivity,20,0.09774436090225563,0.09022556390977443,0.13533834586466165,0.09022556390977443,0.13533834586466165
A,logistic,A,False,48,250.0,first12_sensitivity,20,0.13909774436090225,0.11278195488721804,0.20300751879699247,0.11278195488721804,0.1887218045112782
A,logistic,A,False,48,250.0,calibration_nonseptic_patients,20,233.5,224.0,240.0,224.95,239.05
A,logistic,A,False,48,500.0,patient_false_alert_rate,20,0.1130917592051432,0.0891291642314436,0.13383985973115137,0.0919053185271771,0.12912039742840445
A,logistic,A,False,48,500.0,window6_sensitivity,20,0.19924812030075187,0.16541353383458646,0.24812030075187969,0.16541353383458646,0.23383458646616542
A,logistic,A,False,48,500.0,first6_sensitivity,20,0.09774436090225563,0.09022556390977443,0.13533834586466165,0.09022556390977443,0.1281954887218045
A,logistic,A,False,48,500.0,first12_sensitivity,20,0.13533834586466165,0.12030075187969924,0.18796992481203006,0.12030075187969924,0.18082706766917292
A,logistic,A,False,48,500.0,calibration_nonseptic_patients,20,465.0,456.0,476.0,456.95,473.15
A,logistic,A,False,72,100.0,patient_false_alert_rate,20,0.09132086499123321,0.06107539450613676,0.16189362945645822,0.06440677966101695,0.14856808883693748
A,logistic,A,False,72,100.0,window6_sensitivity,20,0.22905027932960895,0.19553072625698323,0.3463687150837989,0.20083798882681564,0.3304469273743017
A,logistic,A,False,72,100.0,first6_sensitivity,20,0.1005586592178771,0.0893854748603352,0.13966480446927373,0.0946927374301676,0.12905027932960894
A,logistic,A,False,72,100.0,first12_sensitivity,20,0.1340782122905028,0.11731843575418995,0.18435754189944134,0.12262569832402234,0.17905027932960896
A,logistic,A,False,72,100.0,calibration_nonseptic_patients,20,94.0,89.0,98.0,90.9,96.1
A,logistic,A,False,72,250.0,patient_false_alert_rate,20,0.11323787258912917,0.07802454704850964,0.1542957334891876,0.07941262419637639,0.14319111630625367
A,logistic,A,False,72,250.0,window6_sensitivity,20,0.26536312849162014,0.2122905027932961,0.33519553072625696,0.2175977653631285,0.3245810055865922
A,logistic,A,False,72,250.0,first6_sensitivity,20,0.10335195530726257,0.0893854748603352,0.13966480446927373,0.0893854748603352,0.13435754189944135
A,logistic,A,False,72,250.0,first12_sensitivity,20,0.1424581005586592,0.11731843575418995,0.1787709497206704,0.11731843575418995,0.1787709497206704
A,logistic,A,False,72,250.0,calibration_nonseptic_patients,20,233.5,224.0,240.0,224.95,239.05
A,logistic,A,False,72,500.0,patient_false_alert_rate,20,0.10125657510227937,0.09000584453535944,0.13062536528345997,0.09111630625365283,0.13062536528345997
A,logistic,A,False,72,500.0,window6_sensitivity,20,0.24022346368715083,0.22346368715083798,0.29608938547486036,0.22877094972067039,0.29608938547486036
A,logistic,A,False,72,500.0,first6_sensitivity,20,0.09497206703910614,0.0893854748603352,0.11731843575418995,0.0893854748603352,0.11731843575418995
A,logistic,A,False,72,500.0,first12_sensitivity,20,0.12849162011173185,0.12290502793296089,0.16759776536312848,0.12290502793296089,0.16759776536312848
A,logistic,A,False,72,500.0,calibration_nonseptic_patients,20,465.0,456.0,476.0,456.95,473.15
A,logistic,A,False,natural,100.0,patient_false_alert_rate,20,0.09132086499123321,0.06107539450613676,0.16189362945645822,0.06440677966101695,0.14856808883693748
A,logistic,A,False,natural,100.0,window6_sensitivity,20,0.40384615384615385,0.36153846153846153,0.5038461538461538,0.36519230769230765,0.4928846153846154
A,logistic,A,False,natural,100.0,first6_sensitivity,20,0.08076923076923077,0.07692307692307693,0.10384615384615385,0.07692307692307693,0.09653846153846155
A,logistic,A,False,natural,100.0,first12_sensitivity,20,0.11153846153846154,0.1,0.1423076923076923,0.10365384615384617,0.13865384615384616
A,logistic,A,False,natural,100.0,calibration_nonseptic_patients,20,94.0,89.0,98.0,90.9,96.1
A,logistic,A,False,natural,250.0,patient_false_alert_rate,20,0.11323787258912917,0.07802454704850964,0.1542957334891876,0.07941262419637639,0.14319111630625367
A,logistic,A,False,natural,250.0,window6_sensitivity,20,0.4326923076923077,0.38461538461538464,0.49615384615384617,0.38826923076923076,0.4851923076923077
A,logistic,A,False,natural,250.0,first6_sensitivity,20,0.08076923076923077,0.07692307692307693,0.10384615384615385,0.07692307692307693,0.1001923076923077
A,logistic,A,False,natural,250.0,first12_sensitivity,20,0.11346153846153847,0.1,0.1346153846153846,0.1,0.1346153846153846
A,logistic,A,False,natural,250.0,calibration_nonseptic_patients,20,233.5,224.0,240.0,224.95,239.05
A,logistic,A,False,natural,500.0,patient_false_alert_rate,20,0.10125657510227937,0.09000584453535944,0.13062536528345997,0.09111630625365283,0.13062536528345997
A,logistic,A,False,natural,500.0,window6_sensitivity,20,0.4153846153846154,0.39615384615384613,0.4576923076923077,0.3998076923076923,0.4576923076923077
A,logistic,A,False,natural,500.0,first6_sensitivity,20,0.08076923076923077,0.07692307692307693,0.08846153846153847,0.07692307692307693,0.08846153846153847
A,logistic,A,False,natural,500.0,first12_sensitivity,20,0.1076923076923077,0.10384615384615385,0.13076923076923078,0.10384615384615385,0.13076923076923078
A,logistic,A,False,natural,500.0,calibration_nonseptic_patients,20,465.0,456.0,476.0,456.95,473.15
A,logistic,B,True,24,100.0,patient_false_alert_rate,20,0.08844713339095361,0.0365888792855085,0.17055603572457506,0.04753673292999135,0.12703831748775574
A,logistic,B,True,24,100.0,window6_sensitivity,20,0.13157894736842105,0.07894736842105263,0.15789473684210525,0.07894736842105263,0.1328947368421053
A,logistic,B,True,24,100.0,first6_sensitivity,20,0.05263157894736842,0.02631578947368421,0.07894736842105263,0.02631578947368421,0.07894736842105263
A,logistic,B,True,24,100.0,first12_sensitivity,20,0.13157894736842105,0.07894736842105263,0.15789473684210525,0.10394736842105262,0.1328947368421053
A,logistic,B,True,24,100.0,calibration_nonseptic_patients,20,96.0,93.0,99.0,93.95,99.0
A,logistic,B,True,24,250.0,patient_false_alert_rate,20,0.09881878421204264,0.058484586574474216,0.13713627196773265,0.0710746182656295,0.13330452319216365
A,logistic,B,True,24,250.0,window6_sensitivity,20,0.13157894736842105,0.13157894736842105,0.15789473684210525,0.13157894736842105,0.1328947368421053
A,logistic,B,True,24,250.0,first6_sensitivity,20,0.05263157894736842,0.02631578947368421,0.07894736842105263,0.02631578947368421,0.05394736842105265
A,logistic,B,True,24,250.0,first12_sensitivity,20,0.13157894736842105,0.13157894736842105,0.15789473684210525,0.13157894736842105,0.1328947368421053
A,logistic,B,True,24,250.0,calibration_nonseptic_patients,20,239.5,237.0,248.0,237.0,245.15
A,logistic,B,True,24,500.0,patient_false_alert_rate,20,0.10256410256410256,0.07865168539325842,0.13022183808700663,0.08877845001440507,0.12529530394698934
A,logistic,B,True,24,500.0,window6_sensitivity,20,0.13157894736842105,0.13157894736842105,0.13157894736842105,0.13157894736842105,0.13157894736842105
A,logistic,B,True,24,500.0,first6_sensitivity,20,0.02631578947368421,0.02631578947368421,0.05263157894736842,0.02631578947368421,0.05263157894736842
A,logistic,B,True,24,500.0,first12_sensitivity,20,0.13157894736842105,0.13157894736842105,0.13157894736842105,0.13157894736842105,0.13157894736842105
A,logistic,B,True,24,500.0,calibration_nonseptic_patients,20,481.0,473.0,491.0,475.85,489.1
A,logistic,B,True,48,100.0,patient_false_alert_rate,20,0.0773106824071408,0.027929743737402823,0.14540742873596316,0.04543622228620789,0.13774834437086095
A,logistic,B,True,48,100.0,window6_sensitivity,20,0.09210526315789473,0.039473684210526314,0.14473684210526316,0.06447368421052631,0.14473684210526316
A,logistic,B,True,48,100.0,first6_sensitivity,20,0.046052631578947366,0.02631578947368421,0.06578947368421052,0.02631578947368421,0.05328947368421053
A,logistic,B,True,48,100.0,first12_sensitivity,20,0.09868421052631579,0.039473684210526314,0.13157894736842105,0.05197368421052631,0.13157894736842105
A,logistic,B,True,48,100.0,calibration_nonseptic_patients,20,96.0,93.0,99.0,93.95,99.0
A,logistic,B,True,48,250.0,patient_false_alert_rate,20,0.10106536135905557,0.06046645551396487,0.1373452346674345,0.06839907860639216,0.13406276993953356
A,logistic,B,True,48,250.0,window6_sensitivity,20,0.11842105263157894,0.07894736842105263,0.14473684210526316,0.07894736842105263,0.13223684210526315
A,logistic,B,True,48,250.0,first6_sensitivity,20,0.039473684210526314,0.013157894736842105,0.06578947368421052,0.025657894736842105,0.05328947368421053
A,logistic,B,True,48,250.0,first12_sensitivity,20,0.10526315789473684,0.06578947368421052,0.13157894736842105,0.09078947368421052,0.13157894736842105
A,logistic,B,True,48,250.0,calibration_nonseptic_patients,20,239.5,237.0,248.0,237.0,245.15
A,logistic,B,True,48,500.0,patient_false_alert_rate,20,0.1017852001151742,0.08119781169018139,0.11891736251079758,0.08119781169018139,0.11837028505614743
A,logistic,B,True,48,500.0,window6_sensitivity,20,0.11842105263157894,0.09210526315789473,0.13157894736842105,0.10460526315789473,0.13157894736842105
A,logistic,B,True,48,500.0,first6_sensitivity,20,0.039473684210526314,0.02631578947368421,0.06578947368421052,0.02631578947368421,0.05328947368421053
A,logistic,B,True,48,500.0,first12_sensitivity,20,0.10526315789473684,0.09210526315789473,0.13157894736842105,0.09210526315789473,0.11907894736842106
A,logistic,B,True,48,500.0,calibration_nonseptic_patients,20,481.0,473.0,491.0,475.85,489.1
A,logistic,B,True,72,100.0,patient_false_alert_rate,20,0.07961416642672042,0.030233227756982436,0.15001439677512238,0.04938093866973798,0.12457529513389003
A,logistic,B,True,72,100.0,window6_sensitivity,20,0.11165048543689321,0.04854368932038835,0.21359223300970873,0.0762135922330097,0.17669902912621363
A,logistic,B,True,72,100.0,first6_sensitivity,20,0.05825242718446602,0.038834951456310676,0.06796116504854369,0.048058252427184464,0.05873786407766991
A,logistic,B,True,72,100.0,first12_sensitivity,20,0.11650485436893204,0.04854368932038835,0.14563106796116504,0.06699029126213592,0.1271844660194175
A,logistic,B,True,72,100.0,calibration_nonseptic_patients,20,96.0,93.0,99.0,93.95,99.0
A,logistic,B,True,72,250.0,patient_false_alert_rate,20,0.10135329686150302,0.06133026202130723,0.14166426720414627,0.0681687302044342,0.12333717247336598
A,logistic,B,True,72,250.0,window6_sensitivity,20,0.13106796116504854,0.08737864077669903,0.21359223300970873,0.09660194174757282,0.17669902912621363
A,logistic,B,True,72,250.0,first6_sensitivity,20,0.04854368932038835,0.04854368932038835,0.06796116504854369,0.04854368932038835,0.06796116504854369
A,logistic,B,True,72,250.0,first12_sensitivity,20,0.11650485436893204,0.0970873786407767,0.1553398058252427,0.10631067961165049,0.14611650485436892
A,logistic,B,True,72,250.0,calibration_nonseptic_patients,20,239.5,237.0,248.0,237.0,245.15
A,logistic,B,True,72,500.0,patient_false_alert_rate,20,0.10135329686150302,0.07774258566081198,0.1212208465303772,0.08321336020731357,0.11930607543910164
A,logistic,B,True,72,500.0,window6_sensitivity,20,0.13592233009708737,0.0970873786407767,0.17475728155339806,0.11553398058252427,0.17475728155339806
A,logistic,B,True,72,500.0,first6_sensitivity,20,0.05825242718446602,0.04854368932038835,0.07766990291262135,0.04854368932038835,0.07766990291262135
A,logistic,B,True,72,500.0,first12_sensitivity,20,0.1262135922330097,0.10679611650485436,0.1553398058252427,0.10679611650485436,0.1553398058252427
A,logistic,B,True,72,500.0,calibration_nonseptic_patients,20,481.0,473.0,491.0,475.85,489.1
A,logistic,B,True,natural,100.0,patient_false_alert_rate,20,0.0817736826950763,0.03253671177656205,0.14713504175064784,0.05141088396199252,0.12634609847394188
A,logistic,B,True,natural,100.0,window6_sensitivity,20,0.275974025974026,0.18831168831168832,0.4025974025974026,0.22532467532467532,0.3717532467532468
A,logistic,B,True,natural,100.0,first6_sensitivity,20,0.05194805194805195,0.03896103896103896,0.06493506493506493,0.0512987012987013,0.05876623376623377
A,logistic,B,True,natural,100.0,first12_sensitivity,20,0.1038961038961039,0.05194805194805195,0.12987012987012986,0.07662337662337662,0.1237012987012987
A,logistic,B,True,natural,100.0,calibration_nonseptic_patients,20,96.0,93.0,99.0,93.95,99.0
A,logistic,B,True,natural,250.0,patient_false_alert_rate,20,0.10322487762741145,0.06305787503599193,0.12928304059890586,0.070169881946444,0.1246328822343795
A,logistic,B,True,natural,250.0,window6_sensitivity,20,0.3116883116883117,0.24025974025974026,0.37662337662337664,0.2525974025974026,0.3704545454545455
A,logistic,B,True,natural,250.0,first6_sensitivity,20,0.05194805194805195,0.05194805194805195,0.06493506493506493,0.05194805194805195,0.06493506493506493
A,logistic,B,True,natural,250.0,first12_sensitivity,20,0.11038961038961038,0.09090909090909091,0.12987012987012986,0.09090909090909091,0.12987012987012986
A,logistic,B,True,natural,250.0,calibration_nonseptic_patients,20,239.5,237.0,248.0,237.0,245.15
A,logistic,B,True,natural,500.0,patient_false_alert_rate,20,0.10135329686150302,0.08004606968039159,0.1235243305499568,0.08414915059026778,0.12051540454938094
A,logistic,B,True,natural,500.0,window6_sensitivity,20,0.3051948051948052,0.2597402597402597,0.37012987012987014,0.2720779220779221,0.37012987012987014
A,logistic,B,True,natural,500.0,first6_sensitivity,20,0.0551948051948052,0.05194805194805195,0.07142857142857142,0.05194805194805195,0.06525974025974025
A,logistic,B,True,natural,500.0,first12_sensitivity,20,0.11038961038961038,0.09090909090909091,0.13636363636363635,0.09707792207792208,0.1301948051948052
A,logistic,B,True,natural,500.0,calibration_nonseptic_patients,20,481.0,473.0,491.0,475.85,489.1
B,hgb,A,True,24,100.0,patient_false_alert_rate,20,0.11436092424685582,0.03977771278151506,0.1778297747879497,0.04644632933606318,0.17421760748756948
B,hgb,A,True,24,100.0,window6_sensitivity,20,0.11764705882352941,0.07352941176470588,0.16176470588235295,0.07352941176470588,0.16176470588235295
B,hgb,A,True,24,100.0,first6_sensitivity,20,0.07352941176470588,0.07352941176470588,0.10294117647058823,0.07352941176470588,0.10294117647058823
B,hgb,A,True,24,100.0,first12_sensitivity,20,0.14705882352941177,0.07352941176470588,0.19117647058823528,0.07352941176470588,0.19117647058823528
B,hgb,A,True,24,100.0,calibration_nonseptic_patients,20,94.0,89.0,98.0,90.9,96.1
B,hgb,A,True,24,250.0,patient_false_alert_rate,20,0.12167300380228137,0.08014039192746417,0.16788534659257093,0.08097396899678269,0.15343667739105005
B,hgb,A,True,24,250.0,window6_sensitivity,20,0.11764705882352941,0.10294117647058823,0.14705882352941177,0.10294117647058823,0.11911764705882355
B,hgb,A,True,24,250.0,first6_sensitivity,20,0.07352941176470588,0.07352941176470588,0.10294117647058823,0.07352941176470588,0.08897058823529413
B,hgb,A,True,24,250.0,first12_sensitivity,20,0.14705882352941177,0.11764705882352941,0.17647058823529413,0.11764705882352941,0.1485294117647059
B,hgb,A,True,24,250.0,calibration_nonseptic_patients,20,233.5,224.0,240.0,224.95,238.1
B,hgb,A,True,24,500.0,patient_false_alert_rate,20,0.12094179584673881,0.09564200058496636,0.1637905820415326,0.09564200058496636,0.1376718338695525
B,hgb,A,True,24,500.0,window6_sensitivity,20,0.11764705882352941,0.11764705882352941,0.14705882352941177,0.11764705882352941,0.11911764705882355
B,hgb,A,True,24,500.0,first6_sensitivity,20,0.07352941176470588,0.07352941176470588,0.10294117647058823,0.07352941176470588,0.08897058823529413
B,hgb,A,True,24,500.0,first12_sensitivity,20,0.14705882352941177,0.1323529411764706,0.17647058823529413,0.1323529411764706,0.1485294117647059
B,hgb,A,True,24,500.0,calibration_nonseptic_patients,20,464.5,456.0,475.0,456.95,472.15
B,hgb,A,True,48,100.0,patient_false_alert_rate,20,0.09175920514319111,0.053185271770894216,0.16160140268848627,0.055961426066627705,0.14966393921683227
B,hgb,A,True,48,100.0,window6_sensitivity,20,0.10526315789473684,0.08270676691729323,0.15037593984962405,0.08270676691729323,0.15037593984962405
B,hgb,A,True,48,100.0,first6_sensitivity,20,0.08270676691729323,0.07518796992481203,0.09022556390977443,0.07518796992481203,0.0830827067669173
B,hgb,A,True,48,100.0,first12_sensitivity,20,0.10526315789473684,0.09022556390977443,0.15037593984962405,0.09022556390977443,0.1432330827067669
B,hgb,A,True,48,100.0,calibration_nonseptic_patients,20,94.0,89.0,98.0,90.9,96.1
B,hgb,A,True,48,250.0,patient_false_alert_rate,20,0.10680888369374635,0.059322033898305086,0.14436002337814144,0.08180888369374635,0.14436002337814144
B,hgb,A,True,48,250.0,window6_sensitivity,20,0.10526315789473684,0.08270676691729323,0.15037593984962405,0.09699248120300752,0.15037593984962405
B,hgb,A,True,48,250.0,first6_sensitivity,20,0.08270676691729323,0.07518796992481203,0.09022556390977443,0.07518796992481203,0.0830827067669173
B,hgb,A,True,48,250.0,first12_sensitivity,20,0.10902255639097744,0.09022556390977443,0.15037593984962405,0.10451127819548872,0.1432330827067669
B,hgb,A,True,48,250.0,calibration_nonseptic_patients,20,233.5,224.0,240.0,224.95,239.05
B,hgb,A,True,48,500.0,patient_false_alert_rate,20,0.11206896551724138,0.08357685563997662,0.13442431326709525,0.0896843950905903,0.13442431326709525
B,hgb,A,True,48,500.0,window6_sensitivity,20,0.10902255639097744,0.09774436090225563,0.14285714285714285,0.10488721804511278,0.14285714285714285
B,hgb,A,True,48,500.0,first6_sensitivity,20,0.08270676691729323,0.07518796992481203,0.09022556390977443,0.07518796992481203,0.09022556390977443
B,hgb,A,True,48,500.0,first12_sensitivity,20,0.11278195488721804,0.10526315789473684,0.15037593984962405,0.10526315789473684,0.15037593984962405
B,hgb,A,True,48,500.0,calibration_nonseptic_patients,20,465.0,456.0,476.0,456.95,473.15
B,hgb,A,True,72,100.0,patient_false_alert_rate,20,0.09658094681472823,0.05026300409117475,0.16919929865575686,0.06525423728813559,0.14282583284628875
B,hgb,A,True,72,100.0,window6_sensitivity,20,0.16759776536312848,0.11173184357541899,0.2346368715083799,0.1329608938547486,0.2027932960893855
B,hgb,A,True,72,100.0,first6_sensitivity,20,0.10614525139664804,0.1005586592178771,0.11731843575418995,0.1005586592178771,0.11731843575418995
B,hgb,A,True,72,100.0,first12_sensitivity,20,0.14804469273743018,0.10614525139664804,0.17318435754189945,0.12737430167597766,0.16787709497206704
B,hgb,A,True,72,100.0,calibration_nonseptic_patients,20,94.0,89.0,98.0,90.9,96.1
B,hgb,A,True,72,250.0,patient_false_alert_rate,20,0.1016949152542373,0.06925774400935125,0.15780245470485096,0.0820280537697253,0.12893045002922268
B,hgb,A,True,72,250.0,window6_sensitivity,20,0.17318435754189945,0.1340782122905028,0.22905027932960895,0.15,0.19189944134078216
B,hgb,A,True,72,250.0,first6_sensitivity,20,0.11173184357541899,0.1005586592178771,0.11731843575418995,0.1005586592178771,0.11731843575418995
B,hgb,A,True,72,250.0,first12_sensitivity,20,0.15083798882681565,0.12849162011173185,0.1787709497206704,0.13910614525139664,0.1628491620111732
B,hgb,A,True,72,250.0,calibration_nonseptic_patients,20,233.5,224.0,240.0,224.95,239.05
B,hgb,A,True,72,500.0,patient_false_alert_rate,20,0.10856224430157801,0.0929281122150789,0.13997662185856224,0.09542665108123904,0.1299824663939217
B,hgb,A,True,72,500.0,window6_sensitivity,20,0.18156424581005587,0.1564245810055866,0.2011173184357542,0.1670391061452514,0.19050279329608938
B,hgb,A,True,72,500.0,first6_sensitivity,20,0.11173184357541899,0.10614525139664804,0.11731843575418995,0.10614525139664804,0.11731843575418995
B,hgb,A,True,72,500.0,first12_sensitivity,20,0.15363128491620112,0.13966480446927373,0.16759776536312848,0.14497206703910615,0.16759776536312848
B,hgb,A,True,72,500.0,calibration_nonseptic_patients,20,465.0,456.0,476.0,456.95,473.15
B,hgb,A,True,natural,100.0,patient_false_alert_rate,20,0.09658094681472823,0.05026300409117475,0.16919929865575686,0.06525423728813559,0.14282583284628875
B,hgb,A,True,natural,100.0,window6_sensitivity,20,0.33653846153846156,0.23846153846153847,0.4307692307692308,0.2676923076923077,0.3978846153846154
B,hgb,A,True,natural,100.0,first6_sensitivity,20,0.07692307692307693,0.07307692307692308,0.08461538461538462,0.07307692307692308,0.08461538461538462
B,hgb,A,True,natural,100.0,first12_sensitivity,20,0.11153846153846154,0.1,0.12307692307692308,0.10365384615384617,0.12307692307692308
B,hgb,A,True,natural,100.0,calibration_nonseptic_patients,20,94.0,89.0,98.0,90.9,96.1
B,hgb,A,True,natural,250.0,patient_false_alert_rate,20,0.1016949152542373,0.06925774400935125,0.15780245470485096,0.0820280537697253,0.12893045002922268
B,hgb,A,True,natural,250.0,window6_sensitivity,20,0.3423076923076923,0.2846153846153846,0.41923076923076924,0.3101923076923077,0.3863461538461539
B,hgb,A,True,natural,250.0,first6_sensitivity,20,0.07692307692307693,0.07307692307692308,0.08076923076923077,0.07307692307692308,0.08076923076923077
B,hgb,A,True,natural,250.0,first12_sensitivity,20,0.11153846153846154,0.10384615384615385,0.12692307692307692,0.10750000000000001,0.11961538461538462
B,hgb,A,True,natural,250.0,calibration_nonseptic_patients,20,233.5,224.0,240.0,224.95,239.05
B,hgb,A,True,natural,500.0,patient_false_alert_rate,20,0.10856224430157801,0.0929281122150789,0.13997662185856224,0.09542665108123904,0.1299824663939217
B,hgb,A,True,natural,500.0,window6_sensitivity,20,0.3538461538461538,0.3269230769230769,0.39615384615384613,0.3342307692307692,0.38884615384615384
B,hgb,A,True,natural,500.0,first6_sensitivity,20,0.07692307692307693,0.07307692307692308,0.08076923076923077,0.07307692307692308,0.08076923076923077
B,hgb,A,True,natural,500.0,first12_sensitivity,20,0.11153846153846154,0.1076923076923077,0.11923076923076924,0.1076923076923077,0.11923076923076924
B,hgb,A,True,natural,500.0,calibration_nonseptic_patients,20,465.0,456.0,476.0,456.95,473.15
B,hgb,B,False,24,100.0,patient_false_alert_rate,20,0.1163929703255546,0.061941803514837225,0.1714203399596658,0.06385767790262172,0.16704119850187266
B,hgb,B,False,24,100.0,window6_sensitivity,20,0.2894736842105263,0.10526315789473684,0.42105263157894735,0.10526315789473684,0.42105263157894735
B,hgb,B,False,24,100.0,first6_sensitivity,20,0.2894736842105263,0.10526315789473684,0.3684210526315789,0.10526315789473684,0.34342105263157896
B,hgb,B,False,24,100.0,first12_sensitivity,20,0.2894736842105263,0.10526315789473684,0.39473684210526316,0.10526315789473684,0.39473684210526316
B,hgb,B,False,24,100.0,calibration_nonseptic_patients,20,96.0,93.0,99.0,93.95,99.0
B,hgb,B,False,24,250.0,patient_false_alert_rate,20,0.11207144915010084,0.07836358398156151,0.1446269086718525,0.08657447421492365,0.13285796600403343
B,hgb,B,False,24,250.0,window6_sensitivity,20,0.2894736842105263,0.21052631578947367,0.3157894736842105,0.23552631578947367,0.3157894736842105
B,hgb,B,False,24,250.0,first6_sensitivity,20,0.2894736842105263,0.21052631578947367,0.2894736842105263,0.23552631578947367,0.2894736842105263
B,hgb,B,False,24,250.0,first12_sensitivity,20,0.2894736842105263,0.21052631578947367,0.34210526315789475,0.23552631578947367,0.3171052631578947
B,hgb,B,False,24,250.0,calibration_nonseptic_patients,20,239.5,237.0,248.0,237.0,245.15
B,hgb,B,False,24,500.0,patient_false_alert_rate,20,0.11898588303082686,0.0881590319792567,0.13396715643906656,0.09664361855373091,0.12986171132238547
B,hgb,B,False,24,500.0,window6_sensitivity,20,0.2894736842105263,0.23684210526315788,0.3157894736842105,0.2868421052631579,0.3157894736842105
B,hgb,B,False,24,500.0,first6_sensitivity,20,0.2894736842105263,0.23684210526315788,0.2894736842105263,0.2618421052631579,0.2894736842105263
B,hgb,B,False,24,500.0,first12_sensitivity,20,0.2894736842105263,0.23684210526315788,0.34210526315789475,0.2868421052631579,0.34210526315789475
B,hgb,B,False,24,500.0,calibration_nonseptic_patients,20,481.0,473.0,491.0,475.85,489.1
B,hgb,B,False,48,100.0,patient_false_alert_rate,20,0.10092139360783184,0.05701122948459545,0.16873020443420675,0.05783184566657069,0.131528937517996
B,hgb,B,False,48,100.0,window6_sensitivity,20,0.26315789473684215,0.15789473684210525,0.42105263157894735,0.17039473684210527,0.29605263157894746
B,hgb,B,False,48,100.0,first6_sensitivity,20,0.14473684210526316,0.13157894736842105,0.25,0.13157894736842105,0.16250000000000006
B,hgb,B,False,48,100.0,first12_sensitivity,20,0.18421052631578946,0.14473684210526316,0.3157894736842105,0.15723684210526315,0.2032894736842106
B,hgb,B,False,48,100.0,calibration_nonseptic_patients,20,96.0,93.0,99.0,93.95,99.0
B,hgb,B,False,48,250.0,patient_false_alert_rate,20,0.10768787791534697,0.06276993953354448,0.1384969766772243,0.0704290238986467,0.13548805067664843
B,hgb,B,False,48,250.0,window6_sensitivity,20,0.27631578947368424,0.17105263157894737,0.34210526315789475,0.19605263157894737,0.3296052631578948
B,hgb,B,False,48,250.0,first6_sensitivity,20,0.14473684210526316,0.13157894736842105,0.17105263157894737,0.13157894736842105,0.17105263157894737
B,hgb,B,False,48,250.0,first12_sensitivity,20,0.19736842105263158,0.15789473684210525,0.2236842105263158,0.17039473684210527,0.21118421052631578
B,hgb,B,False,48,250.0,calibration_nonseptic_patients,20,239.5,237.0,248.0,237.0,245.15
B,hgb,B,False,48,500.0,patient_false_alert_rate,20,0.1040886841347538,0.07745465015836453,0.12813129858911604,0.08019003743161532,0.12047221422401383
B,hgb,B,False,48,500.0,window6_sensitivity,20,0.26315789473684215,0.23684210526315788,0.2894736842105263,0.23684210526315788,0.2894736842105263
B,hgb,B,False,48,500.0,first6_sensitivity,20,0.14473684210526316,0.13157894736842105,0.15789473684210525,0.13157894736842105,0.15789473684210525
B,hgb,B,False,48,500.0,first12_sensitivity,20,0.18421052631578946,0.17105263157894737,0.19736842105263158,0.18355263157894736,0.19736842105263158
B,hgb,B,False,48,500.0,calibration_nonseptic_patients,20,481.0,473.0,491.0,475.85,489.1
B,hgb,B,False,72,100.0,patient_false_alert_rate,20,0.10941549093003167,0.05787503599193781,0.15059026778001727,0.06443996544773971,0.13910164123236396
B,hgb,B,False,72,100.0,window6_sensitivity,20,0.3786407766990291,0.22330097087378642,0.46601941747572817,0.25097087378640776,0.4383495145631068
B,hgb,B,False,72,100.0,first6_sensitivity,20,0.1650485436893204,0.14563106796116504,0.18446601941747573,0.14563106796116504,0.18446601941747573
B,hgb,B,False,72,100.0,first12_sensitivity,20,0.23300970873786409,0.1941747572815534,0.2524271844660194,0.1941747572815534,0.24320388349514563
B,hgb,B,False,72,100.0,calibration_nonseptic_patients,20,96.0,93.0,99.0,93.95,99.0
B,hgb,B,False,72,250.0,patient_false_alert_rate,20,0.10797581341779441,0.07371148862654765,0.1462712352433055,0.07480564353584797,0.14435646415202993
B,hgb,B,False,72,250.0,window6_sensitivity,20,0.3786407766990291,0.27184466019417475,0.44660194174757284,0.2810679611650485,0.437378640776699
B,hgb,B,False,72,250.0,first6_sensitivity,20,0.16990291262135923,0.14563106796116504,0.21359223300970873,0.14563106796116504,0.20436893203883494
B,hgb,B,False,72,250.0,first12_sensitivity,20,0.23300970873786409,0.21359223300970873,0.2524271844660194,0.22281553398058254,0.24320388349514563
B,hgb,B,False,72,250.0,calibration_nonseptic_patients,20,239.5,237.0,248.0,237.0,245.15
B,hgb,B,False,72,500.0,patient_false_alert_rate,20,0.10437661963720127,0.08868413475381515,0.13302620213072272,0.0892312122084653,0.12782896631154622
B,hgb,B,False,72,500.0,window6_sensitivity,20,0.3737864077669903,0.32038834951456313,0.42718446601941745,0.32038834951456313,0.42718446601941745
B,hgb,B,False,72,500.0,first6_sensitivity,20,0.16990291262135923,0.14563106796116504,0.1941747572815534,0.14563106796116504,0.1849514563106796
B,hgb,B,False,72,500.0,first12_sensitivity,20,0.24271844660194175,0.22330097087378642,0.2524271844660194,0.22330097087378642,0.2524271844660194
B,hgb,B,False,72,500.0,calibration_nonseptic_patients,20,481.0,473.0,491.0,475.85,489.1
B,hgb,B,False,natural,100.0,patient_false_alert_rate,20,0.10552836164699107,0.059602649006622516,0.15087820328246473,0.06589403973509934,0.13938957673481142
B,hgb,B,False,natural,100.0,window6_sensitivity,20,0.5714285714285714,0.44805194805194803,0.6428571428571429,0.46655844155844156,0.6243506493506493
B,hgb,B,False,natural,100.0,first6_sensitivity,20,0.12012987012987013,0.1038961038961039,0.13636363636363635,0.1038961038961039,0.13636363636363635
B,hgb,B,False,natural,100.0,first12_sensitivity,20,0.18181818181818182,0.15584415584415584,0.2012987012987013,0.15584415584415584,0.2012987012987013
B,hgb,B,False,natural,100.0,calibration_nonseptic_patients,20,96.0,93.0,99.0,93.95,99.0
B,hgb,B,False,natural,250.0,patient_false_alert_rate,20,0.10668010365678088,0.07198387561186294,0.14655917074575295,0.07608695652173914,0.1446443996544774
B,hgb,B,False,natural,250.0,window6_sensitivity,20,0.5714285714285714,0.474025974025974,0.6298701298701299,0.49253246753246754,0.6237012987012986
B,hgb,B,False,natural,250.0,first6_sensitivity,20,0.12337662337662338,0.1038961038961039,0.16233766233766234,0.11006493506493506,0.15
B,hgb,B,False,natural,250.0,first12_sensitivity,20,0.19155844155844157,0.16233766233766234,0.2012987012987013,0.16850649350649352,0.19512987012987015
B,hgb,B,False,natural,250.0,calibration_nonseptic_patients,20,239.5,237.0,248.0,237.0,245.15
B,hgb,B,False,natural,500.0,patient_false_alert_rate,20,0.10336884537863518,0.0889720702562626,0.12813129858911604,0.08951914771091275,0.1259429887705154
B,hgb,B,False,natural,500.0,window6_sensitivity,20,0.564935064935065,0.525974025974026,0.6168831168831169,0.5321428571428571,0.6168831168831169
B,hgb,B,False,natural,500.0,first6_sensitivity,20,0.12337662337662338,0.11038961038961038,0.14285714285714285,0.11038961038961038,0.14285714285714285
B,hgb,B,False,natural,500.0,first12_sensitivity,20,0.19480519480519481,0.17532467532467533,0.2012987012987013,0.1814935064935065,0.2012987012987013
B,hgb,B,False,natural,500.0,calibration_nonseptic_patients,20,481.0,473.0,491.0,475.85,489.1
B,hgb_no_observation_features,A,True,24,100.0,patient_false_alert_rate,20,0.09783562445159404,0.04387247733255338,0.130155016086575,0.04804036267914595,0.12793214390172564
B,hgb_no_observation_features,A,True,24,100.0,window6_sensitivity,20,0.07352941176470588,0.07352941176470588,0.16176470588235295,0.07352941176470588,0.14779411764705883
B,hgb_no_observation_features,A,True,24,100.0,first6_sensitivity,20,0.04411764705882353,0.04411764705882353,0.10294117647058823,0.04411764705882353,0.10294117647058823
B,hgb_no_observation_features,A,True,24,100.0,first12_sensitivity,20,0.09558823529411764,0.08823529411764706,0.19117647058823528,0.08823529411764706,0.19117647058823528
B,hgb_no_observation_features,A,True,24,100.0,calibration_nonseptic_patients,20,94.0,89.0,98.0,90.9,96.1
B,hgb_no_observation_features,A,True,24,250.0,patient_false_alert_rate,20,0.09798186604270254,0.059666569172272595,0.12781515062883883,0.06022228721848494,0.12225797016671543
B,hgb_no_observation_features,A,True,24,250.0,window6_sensitivity,20,0.07352941176470588,0.07352941176470588,0.14705882352941177,0.07352941176470588,0.13308823529411765
B,hgb_no_observation_features,A,True,24,250.0,first6_sensitivity,20,0.04411764705882353,0.04411764705882353,0.10294117647058823,0.04411764705882353,0.08897058823529413
B,hgb_no_observation_features,A,True,24,250.0,first12_sensitivity,20,0.09558823529411764,0.08823529411764706,0.19117647058823528,0.08823529411764706,0.19117647058823528
B,hgb_no_observation_features,A,True,24,250.0,calibration_nonseptic_patients,20,233.5,224.0,240.0,224.95,238.1
B,hgb_no_observation_features,A,True,24,500.0,patient_false_alert_rate,20,0.09885931558935361,0.06785609827434923,0.12781515062883883,0.073968996782685,0.11614507165837964
B,hgb_no_observation_features,A,True,24,500.0,window6_sensitivity,20,0.07352941176470588,0.07352941176470588,0.14705882352941177,0.07352941176470588,0.11911764705882355
B,hgb_no_observation_features,A,True,24,500.0,first6_sensitivity,20,0.04411764705882353,0.04411764705882353,0.10294117647058823,0.04411764705882353,0.08897058823529413
B,hgb_no_observation_features,A,True,24,500.0,first12_sensitivity,20,0.10294117647058823,0.08823529411764706,0.19117647058823528,0.08823529411764706,0.17720588235294119
B,hgb_no_observation_features,A,True,24,500.0,calibration_nonseptic_patients,20,464.5,456.0,475.0,456.95,472.15
B,hgb_no_observation_features,A,True,48,100.0,patient_false_alert_rate,20,0.09979544126241964,0.025423728813559324,0.14172998246639393,0.0581823495032145,0.14061952074810052
B,hgb_no_observation_features,A,True,48,100.0,window6_sensitivity,20,0.09022556390977443,0.015037593984962405,0.15789473684210525,0.07218045112781955,0.15789473684210525
B,hgb_no_observation_features,A,True,48,100.0,first6_sensitivity,20,0.05263157894736842,0.007518796992481203,0.08270676691729323,0.043233082706766915,0.08270676691729323
B,hgb_no_observation_features,A,True,48,100.0,first12_sensitivity,20,0.10526315789473684,0.022556390977443608,0.14285714285714285,0.0868421052631579,0.14285714285714285
B,hgb_no_observation_features,A,True,48,100.0,calibration_nonseptic_patients,20,94.0,89.0,98.0,90.9,96.1
B,hgb_no_observation_features,A,True,48,250.0,patient_false_alert_rate,20,0.10286382232612507,0.0663354763296318,0.11893629456458212,0.0663354763296318,0.11504967855055523
B,hgb_no_observation_features,A,True,48,250.0,window6_sensitivity,20,0.09022556390977443,0.07518796992481203,0.14285714285714285,0.07518796992481203,0.1357142857142857
B,hgb_no_observation_features,A,True,48,250.0,first6_sensitivity,20,0.05263157894736842,0.045112781954887216,0.08270676691729323,0.045112781954887216,0.08270676691729323
B,hgb_no_observation_features,A,True,48,250.0,first12_sensitivity,20,0.10526315789473684,0.09022556390977443,0.14285714285714285,0.09022556390977443,0.1357142857142857
B,hgb_no_observation_features,A,True,48,250.0,calibration_nonseptic_patients,20,233.5,224.0,240.0,224.95,239.05
B,hgb_no_observation_features,A,True,48,500.0,patient_false_alert_rate,20,0.108708357685564,0.07656341320864991,0.12419637638807715,0.08322618351841028,0.12003214494447692
B,hgb_no_observation_features,A,True,48,500.0,window6_sensitivity,20,0.09022556390977443,0.08270676691729323,0.14285714285714285,0.08984962406015037,0.14285714285714285
B,hgb_no_observation_features,A,True,48,500.0,first6_sensitivity,20,0.05639097744360902,0.05263157894736842,0.08270676691729323,0.05263157894736842,0.08270676691729323
B,hgb_no_observation_features,A,True,48,500.0,first12_sensitivity,20,0.10526315789473684,0.09774436090225563,0.14285714285714285,0.10488721804511278,0.1357142857142857
B,hgb_no_observation_features,A,True,48,500.0,calibration_nonseptic_patients,20,465.0,456.0,476.0,456.95,473.15
B,hgb_no_observation_features,A,True,72,100.0,patient_false_alert_rate,20,0.09307422559906486,0.027761542957334892,0.11513734658094682,0.06024254821741672,0.11485973115137346
B,hgb_no_observation_features,A,True,72,100.0,window6_sensitivity,20,0.09217877094972067,0.01675977653631285,0.11173184357541899,0.07513966480446928,0.11173184357541899
B,hgb_no_observation_features,A,True,72,100.0,first6_sensitivity,20,0.0446927374301676,0.0111731843575419,0.055865921787709494,0.043016759776536316,0.050558659217877104
B,hgb_no_observation_features,A,True,72,100.0,first12_sensitivity,20,0.09776536312849163,0.0223463687150838,0.10614525139664804,0.08072625698324022,0.10614525139664804
B,hgb_no_observation_features,A,True,72,100.0,calibration_nonseptic_patients,20,94.0,89.0,98.0,90.9,96.1
B,hgb_no_observation_features,A,True,72,250.0,patient_false_alert_rate,20,0.1043249561659848,0.06049094097019287,0.11805961426066627,0.06826417299824664,0.11778199883109293
B,hgb_no_observation_features,A,True,72,250.0,window6_sensitivity,20,0.09497206703910614,0.0782122905027933,0.13966480446927373,0.0782122905027933,0.13435754189944135
B,hgb_no_observation_features,A,True,72,250.0,first6_sensitivity,20,0.0446927374301676,0.0446927374301676,0.0670391061452514,0.0446927374301676,0.061731843575419
B,hgb_no_observation_features,A,True,72,250.0,first12_sensitivity,20,0.1005586592178771,0.08379888268156424,0.12290502793296089,0.08379888268156424,0.11759776536312849
B,hgb_no_observation_features,A,True,72,250.0,calibration_nonseptic_patients,20,233.5,224.0,240.0,224.95,239.05
B,hgb_no_observation_features,A,True,72,500.0,patient_false_alert_rate,20,0.10724722384570426,0.0777323202805377,0.1288720046756283,0.08161893629456458,0.12026592635885448
B,hgb_no_observation_features,A,True,72,500.0,window6_sensitivity,20,0.1005586592178771,0.08379888268156424,0.15083798882681565,0.08379888268156424,0.14553072625698327
B,hgb_no_observation_features,A,True,72,500.0,first6_sensitivity,20,0.05027932960893855,0.0446927374301676,0.07262569832402235,0.0446927374301676,0.07262569832402235
B,hgb_no_observation_features,A,True,72,500.0,first12_sensitivity,20,0.1005586592178771,0.0893854748603352,0.12849162011173185,0.0893854748603352,0.12849162011173185
B,hgb_no_observation_features,A,True,72,500.0,calibration_nonseptic_patients,20,465.0,456.0,476.0,456.95,473.15
B,hgb_no_observation_features,A,True,natural,100.0,patient_false_alert_rate,20,0.09307422559906486,0.027761542957334892,0.11513734658094682,0.06024254821741672,0.11485973115137346
B,hgb_no_observation_features,A,True,natural,100.0,window6_sensitivity,20,0.12307692307692308,0.05384615384615385,0.1576923076923077,0.10865384615384617,0.1576923076923077
B,hgb_no_observation_features,A,True,natural,100.0,first6_sensitivity,20,0.03461538461538462,0.019230769230769232,0.046153846153846156,0.030192307692307695,0.046153846153846156
B,hgb_no_observation_features,A,True,natural,100.0,first12_sensitivity,20,0.08076923076923077,0.03076923076923077,0.1,0.07461538461538463,0.1
B,hgb_no_observation_features,A,True,natural,100.0,calibration_nonseptic_patients,20,94.0,89.0,98.0,90.9,96.1
B,hgb_no_observation_features,A,True,natural,250.0,patient_false_alert_rate,20,0.1043249561659848,0.06049094097019287,0.11805961426066627,0.06826417299824664,0.11778199883109293
B,hgb_no_observation_features,A,True,natural,250.0,window6_sensitivity,20,0.14038461538461539,0.11153846153846154,0.17692307692307693,0.11153846153846154,0.17326923076923076
B,hgb_no_observation_features,A,True,natural,250.0,first6_sensitivity,20,0.038461538461538464,0.03076923076923077,0.057692307692307696,0.03076923076923077,0.05403846153846154
B,hgb_no_observation_features,A,True,natural,250.0,first12_sensitivity,20,0.09230769230769231,0.07692307692307693,0.10384615384615385,0.07692307692307693,0.1001923076923077
B,hgb_no_observation_features,A,True,natural,250.0,calibration_nonseptic_patients,20,233.5,224.0,240.0,224.95,239.05
B,hgb_no_observation_features,A,True,natural,500.0,patient_false_alert_rate,20,0.10724722384570426,0.0777323202805377,0.1288720046756283,0.08161893629456458,0.12026592635885448
B,hgb_no_observation_features,A,True,natural,500.0,window6_sensitivity,20,0.14807692307692308,0.11538461538461539,0.2,0.11538461538461539,0.1853846153846154
B,hgb_no_observation_features,A,True,natural,500.0,first6_sensitivity,20,0.04038461538461539,0.03461538461538462,0.06538461538461539,0.03461538461538462,0.06538461538461539
B,hgb_no_observation_features,A,True,natural,500.0,first12_sensitivity,20,0.09807692307692309,0.07692307692307693,0.11153846153846154,0.07692307692307693,0.11153846153846154
B,hgb_no_observation_features,A,True,natural,500.0,calibration_nonseptic_patients,20,465.0,456.0,476.0,456.95,473.15
B,hgb_no_observation_features,B,False,24,100.0,patient_false_alert_rate,20,0.10515701526937482,0.03889369057908384,0.1581676750216076,0.03916738692019591,0.1316191299337367
B,hgb_no_observation_features,B,False,24,100.0,window6_sensitivity,20,0.15789473684210525,0.07894736842105263,0.3684210526315789,0.07894736842105263,0.34342105263157896
B,hgb_no_observation_features,B,False,24,100.0,first6_sensitivity,20,0.13157894736842105,0.07894736842105263,0.3157894736842105,0.07894736842105263,0.29078947368421054
B,hgb_no_observation_features,B,False,24,100.0,first12_sensitivity,20,0.15789473684210525,0.07894736842105263,0.39473684210526316,0.07894736842105263,0.34473684210526323
B,hgb_no_observation_features,B,False,24,100.0,calibration_nonseptic_patients,20,96.0,93.0,99.0,93.95,99.0
B,hgb_no_observation_features,B,False,24,250.0,patient_false_alert_rate,20,0.10847018150388937,0.07692307692307693,0.1480841256122155,0.08349178910976665,0.14644194756554307
B,hgb_no_observation_features,B,False,24,250.0,window6_sensitivity,20,0.15789473684210525,0.13157894736842105,0.34210526315789475,0.13157894736842105,0.34210526315789475
B,hgb_no_observation_features,B,False,24,250.0,first6_sensitivity,20,0.13157894736842105,0.13157894736842105,0.2894736842105263,0.13157894736842105,0.2894736842105263
B,hgb_no_observation_features,B,False,24,250.0,first12_sensitivity,20,0.15789473684210525,0.13157894736842105,0.3684210526315789,0.15657894736842104,0.3684210526315789
B,hgb_no_observation_features,B,False,24,250.0,calibration_nonseptic_patients,20,239.5,237.0,248.0,237.0,245.15
B,hgb_no_observation_features,B,False,24,500.0,patient_false_alert_rate,20,0.11077499279746471,0.09017574186113513,0.12762892538173437,0.09263900893114375,0.1273552290406223
B,hgb_no_observation_features,B,False,24,500.0,window6_sensitivity,20,0.15789473684210525,0.13157894736842105,0.34210526315789475,0.15657894736842104,0.34210526315789475
B,hgb_no_observation_features,B,False,24,500.0,first6_sensitivity,20,0.13157894736842105,0.13157894736842105,0.3157894736842105,0.13157894736842105,0.3157894736842105
B,hgb_no_observation_features,B,False,24,500.0,first12_sensitivity,20,0.15789473684210525,0.15789473684210525,0.34210526315789475,0.15789473684210525,0.34210526315789475
B,hgb_no_observation_features,B,False,24,500.0,calibration_nonseptic_patients,20,481.0,473.0,491.0,475.85,489.1
B,hgb_no_observation_features,B,False,48,100.0,patient_false_alert_rate,20,0.08551684422689318,0.05211632594298877,0.19464439965447738,0.05403109703426432,0.1399366541894616
B,hgb_no_observation_features,B,False,48,100.0,window6_sensitivity,20,0.27631578947368424,0.15789473684210525,0.4868421052631579,0.18289473684210525,0.349342105263158
B,hgb_no_observation_features,B,False,48,100.0,first6_sensitivity,20,0.13157894736842105,0.10526315789473684,0.21052631578947367,0.10526315789473684,0.14802631578947373
B,hgb_no_observation_features,B,False,48,100.0,first12_sensitivity,20,0.18421052631578946,0.17105263157894737,0.2631578947368421,0.17105263157894737,0.21315789473684213
B,hgb_no_observation_features,B,False,48,100.0,calibration_nonseptic_patients,20,96.0,93.0,99.0,93.95,99.0
B,hgb_no_observation_features,B,False,48,250.0,patient_false_alert_rate,20,0.09185142528073711,0.06536135905557156,0.13101065361359054,0.07302044342067378,0.13101065361359054
B,hgb_no_observation_features,B,False,48,250.0,window6_sensitivity,20,0.27631578947368424,0.2236842105263158,0.3157894736842105,0.24868421052631579,0.3157894736842105
B,hgb_no_observation_features,B,False,48,250.0,first6_sensitivity,20,0.11842105263157894,0.10526315789473684,0.14473684210526316,0.10526315789473684,0.14473684210526316
B,hgb_no_observation_features,B,False,48,250.0,first12_sensitivity,20,0.18421052631578946,0.17105263157894737,0.21052631578947367,0.18355263157894736,0.21052631578947367
B,hgb_no_observation_features,B,False,48,250.0,calibration_nonseptic_patients,20,239.5,237.0,248.0,237.0,245.15
B,hgb_no_observation_features,B,False,48,500.0,patient_false_alert_rate,20,0.10365678088108264,0.07630290814857472,0.1235243305499568,0.08396199251367695,0.1235243305499568
B,hgb_no_observation_features,B,False,48,500.0,window6_sensitivity,20,0.3026315789473684,0.25,0.3157894736842105,0.275,0.3157894736842105
B,hgb_no_observation_features,B,False,48,500.0,first6_sensitivity,20,0.11842105263157894,0.10526315789473684,0.14473684210526316,0.10526315789473684,0.13223684210526315
B,hgb_no_observation_features,B,False,48,500.0,first12_sensitivity,20,0.18421052631578946,0.17105263157894737,0.21052631578947367,0.18355263157894736,0.21052631578947367
B,hgb_no_observation_features,B,False,48,500.0,calibration_nonseptic_patients,20,481.0,473.0,491.0,475.85,489.1
B,hgb_no_observation_features,B,False,72,100.0,patient_false_alert_rate,20,0.07831845666570689,0.046357615894039736,0.19925136769363663,0.04909300316729053,0.13387561186294275
B,hgb_no_observation_features,B,False,72,100.0,window6_sensitivity,20,0.2815533980582524,0.17475728155339806,0.5631067961165048,0.19320388349514564,0.3786407766990293
B,hgb_no_observation_features,B,False,72,100.0,first6_sensitivity,20,0.11650485436893204,0.0970873786407767,0.20388349514563106,0.10631067961165049,0.13009708737864084
B,hgb_no_observation_features,B,False,72,100.0,first12_sensitivity,20,0.20388349514563106,0.18446601941747573,0.2524271844660194,0.19368932038834952,0.2155339805825243
B,hgb_no_observation_features,B,False,72,100.0,calibration_nonseptic_patients,20,96.0,93.0,99.0,93.95,99.0
B,hgb_no_observation_features,B,False,72,250.0,patient_false_alert_rate,20,0.0951626835588828,0.06795277857759861,0.13504175064785487,0.07670601785200115,0.12601497264612727
B,hgb_no_observation_features,B,False,72,250.0,window6_sensitivity,20,0.32038834951456313,0.2524271844660194,0.3883495145631068,0.28009708737864075,0.3699029126213592
B,hgb_no_observation_features,B,False,72,250.0,first6_sensitivity,20,0.12135922330097088,0.10679611650485436,0.1262135922330097,0.10679611650485436,0.1262135922330097
B,hgb_no_observation_features,B,False,72,250.0,first12_sensitivity,20,0.20388349514563106,0.1941747572815534,0.22330097087378642,0.1941747572815534,0.2140776699029126
B,hgb_no_observation_features,B,False,72,250.0,calibration_nonseptic_patients,20,239.5,237.0,248.0,237.0,245.15
B,hgb_no_observation_features,B,False,72,500.0,patient_false_alert_rate,20,0.1033688453786352,0.07918226317304923,0.12726749208177368,0.0862942700835013,0.12453210480852289
B,hgb_no_observation_features,B,False,72,500.0,window6_sensitivity,20,0.33980582524271846,0.2815533980582524,0.36893203883495146,0.3,0.36893203883495146
B,hgb_no_observation_features,B,False,72,500.0,first6_sensitivity,20,0.1262135922330097,0.0970873786407767,0.1262135922330097,0.10631067961165049,0.1262135922330097
B,hgb_no_observation_features,B,False,72,500.0,first12_sensitivity,20,0.19902912621359223,0.1941747572815534,0.21359223300970873,0.1941747572815534,0.20436893203883494
B,hgb_no_observation_features,B,False,72,500.0,calibration_nonseptic_patients,20,481.0,473.0,491.0,475.85,489.1
B,hgb_no_observation_features,B,False,natural,100.0,patient_false_alert_rate,20,0.07947019867549669,0.047797293406276996,0.19925136769363663,0.050532680679527785,0.13387561186294275
B,hgb_no_observation_features,B,False,natural,100.0,window6_sensitivity,20,0.37012987012987014,0.2532467532467532,0.6233766233766234,0.27175324675324675,0.46915584415584427
B,hgb_no_observation_features,B,False,natural,100.0,first6_sensitivity,20,0.09740259740259741,0.08441558441558442,0.14285714285714285,0.08441558441558442,0.11201298701298704
B,hgb_no_observation_features,B,False,natural,100.0,first12_sensitivity,20,0.16883116883116883,0.14285714285714285,0.18831168831168832,0.14285714285714285,0.18214285714285716
B,hgb_no_observation_features,B,False,natural,100.0,calibration_nonseptic_patients,20,96.0,93.0,99.0,93.95,99.0
B,hgb_no_observation_features,B,False,natural,250.0,patient_false_alert_rate,20,0.09602649006622516,0.06910452058738842,0.13504175064785487,0.07785775986179097,0.12601497264612727
B,hgb_no_observation_features,B,False,natural,250.0,window6_sensitivity,20,0.4090909090909091,0.34415584415584416,0.474025974025974,0.3626623376623377,0.4616883116883117
B,hgb_no_observation_features,B,False,natural,250.0,first6_sensitivity,20,0.09415584415584416,0.08441558441558442,0.09740259740259741,0.08441558441558442,0.09740259740259741
B,hgb_no_observation_features,B,False,natural,250.0,first12_sensitivity,20,0.15584415584415584,0.14285714285714285,0.17532467532467533,0.14902597402597403,0.17532467532467533
B,hgb_no_observation_features,B,False,natural,250.0,calibration_nonseptic_patients,20,239.5,237.0,248.0,237.0,245.15
B,hgb_no_observation_features,B,False,natural,500.0,patient_false_alert_rate,20,0.10380074863230637,0.08033400518283905,0.12726749208177368,0.08717247336596602,0.12453210480852289
B,hgb_no_observation_features,B,False,natural,500.0,window6_sensitivity,20,0.43506493506493504,0.37662337662337664,0.461038961038961,0.388961038961039,0.461038961038961
B,hgb_no_observation_features,B,False,natural,500.0,first6_sensitivity,20,0.09415584415584416,0.07792207792207792,0.09740259740259741,0.08409090909090909,0.09740259740259741
B,hgb_no_observation_features,B,False,natural,500.0,first12_sensitivity,20,0.1525974025974026,0.14935064935064934,0.16233766233766234,0.14935064935064934,0.15616883116883118
B,hgb_no_observation_features,B,False,natural,500.0,calibration_nonseptic_patients,20,481.0,473.0,491.0,475.85,489.1
B,logistic,A,True,24,100.0,patient_false_alert_rate,20,0.08584381398069611,0.04884469143024276,0.19859608072535828,0.05801403919274642,0.1763673588768646
B,logistic,A,True,24,100.0,window6_sensitivity,20,0.08823529411764706,0.07352941176470588,0.16176470588235295,0.07352941176470588,0.13382352941176473
B,logistic,A,True,24,100.0,first6_sensitivity,20,0.07352941176470588,0.058823529411764705,0.11764705882352941,0.058823529411764705,0.1036764705882353
B,logistic,A,True,24,100.0,first12_sensitivity,20,0.10294117647058823,0.08823529411764706,0.16176470588235295,0.08823529411764706,0.14779411764705883
B,logistic,A,True,24,100.0,calibration_nonseptic_patients,20,94.0,89.0,98.0,90.9,96.1
B,logistic,A,True,24,250.0,patient_false_alert_rate,20,0.10207663059374086,0.0675636150921322,0.15355367066393683,0.07312079555425563,0.1413278736472653
B,logistic,A,True,24,250.0,window6_sensitivity,20,0.09558823529411764,0.07352941176470588,0.10294117647058823,0.07352941176470588,0.10294117647058823
B,logistic,A,True,24,250.0,first6_sensitivity,20,0.07352941176470588,0.058823529411764705,0.08823529411764706,0.058823529411764705,0.08823529411764706
B,logistic,A,True,24,250.0,first12_sensitivity,20,0.11029411764705882,0.08823529411764706,0.1323529411764706,0.10220588235294117,0.1323529411764706
B,logistic,A,True,24,250.0,calibration_nonseptic_patients,20,233.5,224.0,240.0,224.95,238.1
B,logistic,A,True,24,500.0,patient_false_alert_rate,20,0.10339280491371747,0.08101784147411524,0.14068441064638784,0.08490786779760164,0.1323486399532027
B,logistic,A,True,24,500.0,window6_sensitivity,20,0.10294117647058823,0.08823529411764706,0.10294117647058823,0.08823529411764706,0.10294117647058823
B,logistic,A,True,24,500.0,first6_sensitivity,20,0.08823529411764706,0.07352941176470588,0.08823529411764706,0.07352941176470588,0.08823529411764706
B,logistic,A,True,24,500.0,first12_sensitivity,20,0.125,0.10294117647058823,0.1323529411764706,0.10294117647058823,0.1323529411764706
B,logistic,A,True,24,500.0,calibration_nonseptic_patients,20,464.5,456.0,475.0,456.95,472.15
B,logistic,A,True,48,100.0,patient_false_alert_rate,20,0.08869082407948568,0.0423728813559322,0.2375803623611923,0.04792518994739919,0.16845412039742846
B,logistic,A,True,48,100.0,window6_sensitivity,20,0.07518796992481203,0.03759398496240601,0.14285714285714285,0.051879699248120296,0.10714285714285716
B,logistic,A,True,48,100.0,first6_sensitivity,20,0.06766917293233082,0.03759398496240601,0.08270676691729323,0.051879699248120296,0.08270676691729323
B,logistic,A,True,48,100.0,first12_sensitivity,20,0.09022556390977443,0.05263157894736842,0.13533834586466165,0.06691729323308271,0.1281954887218045
B,logistic,A,True,48,100.0,calibration_nonseptic_patients,20,94.0,89.0,98.0,90.9,96.1
B,logistic,A,True,48,250.0,patient_false_alert_rate,20,0.0929281122150789,0.06721215663354763,0.15078901227352426,0.07415254237288135,0.1407948568088837
B,logistic,A,True,48,250.0,window6_sensitivity,20,0.08270676691729323,0.05263157894736842,0.09774436090225563,0.05977443609022556,0.09774436090225563
B,logistic,A,True,48,250.0,first6_sensitivity,20,0.07518796992481203,0.05263157894736842,0.08270676691729323,0.05263157894736842,0.08270676691729323
B,logistic,A,True,48,250.0,first12_sensitivity,20,0.09022556390977443,0.06766917293233082,0.12030075187969924,0.07481203007518797,0.12030075187969924
B,logistic,A,True,48,250.0,calibration_nonseptic_patients,20,233.5,224.0,240.0,224.95,239.05
B,logistic,A,True,48,500.0,patient_false_alert_rate,20,0.10403272939801286,0.08386908240794856,0.13500876680303917,0.08581239041496201,0.12529222676797194
B,logistic,A,True,48,500.0,window6_sensitivity,20,0.08270676691729323,0.07518796992481203,0.09774436090225563,0.07518796992481203,0.09774436090225563
B,logistic,A,True,48,500.0,first6_sensitivity,20,0.07518796992481203,0.06766917293233082,0.08270676691729323,0.06766917293233082,0.08270676691729323
B,logistic,A,True,48,500.0,first12_sensitivity,20,0.09398496240601503,0.09022556390977443,0.12030075187969924,0.09022556390977443,0.12030075187969924
B,logistic,A,True,48,500.0,calibration_nonseptic_patients,20,465.0,456.0,476.0,456.95,473.15
B,logistic,A,True,72,100.0,patient_false_alert_rate,20,0.08898305084745763,0.04500292226767972,0.24517825832846288,0.050555230859146705,0.17605201636469908
B,logistic,A,True,72,100.0,window6_sensitivity,20,0.09497206703910614,0.061452513966480445,0.18994413407821228,0.07206703910614526,0.1421787709497207
B,logistic,A,True,72,100.0,first6_sensitivity,20,0.0670391061452514,0.055865921787709494,0.08379888268156424,0.0611731843575419,0.07849162011173184
B,logistic,A,True,72,100.0,first12_sensitivity,20,0.08379888268156424,0.0670391061452514,0.1340782122905028,0.0776536312849162,0.1287709497206704
B,logistic,A,True,72,100.0,calibration_nonseptic_patients,20,94.0,89.0,98.0,90.9,96.1
B,logistic,A,True,72,250.0,patient_false_alert_rate,20,0.09774985388661601,0.06808883693746347,0.15838690824079485,0.06864406779661017,0.14006428988895386
B,logistic,A,True,72,250.0,window6_sensitivity,20,0.11173184357541899,0.0782122905027933,0.12849162011173185,0.0782122905027933,0.12849162011173185
B,logistic,A,True,72,250.0,first6_sensitivity,20,0.07262569832402235,0.061452513966480445,0.0782122905027933,0.061452513966480445,0.0782122905027933
B,logistic,A,True,72,250.0,first12_sensitivity,20,0.08659217877094971,0.07262569832402235,0.11731843575418995,0.07262569832402235,0.11731843575418995
B,logistic,A,True,72,250.0,calibration_nonseptic_patients,20,233.5,224.0,240.0,224.95,239.05
B,logistic,A,True,72,500.0,patient_false_alert_rate,20,0.09877264757451783,0.0853302162478083,0.1353009935710111,0.08671829339567504,0.1278053769725307
B,logistic,A,True,72,500.0,window6_sensitivity,20,0.11173184357541899,0.08379888268156424,0.12849162011173185,0.09441340782122905,0.11787709497206705
B,logistic,A,True,72,500.0,first6_sensitivity,20,0.07262569832402235,0.061452513966480445,0.0782122905027933,0.06675977653631285,0.0729050279329609
B,logistic,A,True,72,500.0,first12_sensitivity,20,0.0893854748603352,0.0782122905027933,0.11731843575418995,0.0782122905027933,0.10139664804469276
B,logistic,A,True,72,500.0,calibration_nonseptic_patients,20,465.0,456.0,476.0,456.95,473.15
B,logistic,A,True,natural,100.0,patient_false_alert_rate,20,0.08898305084745763,0.04500292226767972,0.24517825832846288,0.050555230859146705,0.17605201636469908
B,logistic,A,True,natural,100.0,window6_sensitivity,20,0.2,0.1346153846153846,0.35,0.14192307692307693,0.2915384615384616
B,logistic,A,True,natural,100.0,first6_sensitivity,20,0.05384615384615385,0.05,0.06538461538461539,0.05,0.061730769230769235
B,logistic,A,True,natural,100.0,first12_sensitivity,20,0.08461538461538462,0.06923076923076923,0.1076923076923077,0.07653846153846154,0.10403846153846155
B,logistic,A,True,natural,100.0,calibration_nonseptic_patients,20,94.0,89.0,98.0,90.9,96.1
B,logistic,A,True,natural,250.0,patient_false_alert_rate,20,0.09774985388661601,0.06808883693746347,0.15838690824079485,0.06864406779661017,0.14006428988895386
B,logistic,A,True,natural,250.0,window6_sensitivity,20,0.225,0.16538461538461538,0.27307692307692305,0.16903846153846155,0.26576923076923076
B,logistic,A,True,natural,250.0,first6_sensitivity,20,0.05384615384615385,0.05,0.057692307692307696,0.05,0.05403846153846154
B,logistic,A,True,natural,250.0,first12_sensitivity,20,0.08846153846153847,0.08076923076923077,0.09615384615384616,0.08076923076923077,0.09615384615384616
B,logistic,A,True,natural,250.0,calibration_nonseptic_patients,20,233.5,224.0,240.0,224.95,239.05
B,logistic,A,True,natural,500.0,patient_false_alert_rate,20,0.09877264757451783,0.0853302162478083,0.1353009935710111,0.08671829339567504,0.1278053769725307
B,logistic,A,True,natural,500.0,window6_sensitivity,20,0.22692307692307692,0.18461538461538463,0.25769230769230766,0.19192307692307695,0.24307692307692308
B,logistic,A,True,natural,500.0,first6_sensitivity,20,0.05384615384615385,0.05,0.057692307692307696,0.05,0.057692307692307696
B,logistic,A,True,natural,500.0,first12_sensitivity,20,0.08846153846153847,0.08076923076923077,0.09615384615384616,0.08076923076923077,0.09615384615384616
B,logistic,A,True,natural,500.0,calibration_nonseptic_patients,20,465.0,456.0,476.0,456.95,473.15
B,logistic,B,False,24,100.0,patient_false_alert_rate,20,0.10486891385767791,0.05387496398732354,0.16277729760875828,0.0705704407951599,0.15128205128205127
B,logistic,B,False,24,100.0,window6_sensitivity,20,0.3026315789473684,0.15789473684210525,0.39473684210526316,0.18289473684210525,0.36973684210526314
B,logistic,B,False,24,100.0,first6_sensitivity,20,0.2631578947368421,0.13157894736842105,0.3157894736842105,0.15657894736842104,0.29078947368421054
B,logistic,B,False,24,100.0,first12_sensitivity,20,0.2631578947368421,0.13157894736842105,0.34210526315789475,0.15657894736842104,0.3171052631578947
B,logistic,B,False,24,100.0,calibration_nonseptic_patients,20,96.0,93.0,99.0,93.95,99.0
B,logistic,B,False,24,250.0,patient_false_alert_rate,20,0.10515701526937482,0.09046384327283204,0.14001728608470182,0.09183232497839239,0.13782771535580524
B,logistic,B,False,24,250.0,window6_sensitivity,20,0.3026315789473684,0.2631578947368421,0.34210526315789475,0.2631578947368421,0.34210526315789475
B,logistic,B,False,24,250.0,first6_sensitivity,20,0.2631578947368421,0.23684210526315788,0.2894736842105263,0.23684210526315788,0.2894736842105263
B,logistic,B,False,24,250.0,first12_sensitivity,20,0.2631578947368421,0.23684210526315788,0.2894736842105263,0.23684210526315788,0.2894736842105263
B,logistic,B,False,24,250.0,calibration_nonseptic_patients,20,239.5,237.0,248.0,237.0,245.15
B,logistic,B,False,24,500.0,patient_false_alert_rate,20,0.11250360126764622,0.09190435033131662,0.12906943244021896,0.09518870642466148,0.12332180927686545
B,logistic,B,False,24,500.0,window6_sensitivity,20,0.3157894736842105,0.2631578947368421,0.34210526315789475,0.2881578947368421,0.34210526315789475
B,logistic,B,False,24,500.0,first6_sensitivity,20,0.2894736842105263,0.23684210526315788,0.2894736842105263,0.2618421052631579,0.2894736842105263
B,logistic,B,False,24,500.0,first12_sensitivity,20,0.2894736842105263,0.23684210526315788,0.2894736842105263,0.2618421052631579,0.2894736842105263
B,logistic,B,False,24,500.0,calibration_nonseptic_patients,20,481.0,473.0,491.0,475.85,489.1
B,logistic,B,False,48,100.0,patient_false_alert_rate,20,0.09976965159804203,0.058162971494385256,0.20069104520587389,0.0721134465879643,0.14570976101353303
B,logistic,B,False,48,100.0,window6_sensitivity,20,0.32894736842105265,0.21052631578947367,0.47368421052631576,0.23552631578947367,0.4111842105263158
B,logistic,B,False,48,100.0,first6_sensitivity,20,0.11842105263157894,0.09210526315789473,0.19736842105263158,0.09210526315789473,0.1598684210526316
B,logistic,B,False,48,100.0,first12_sensitivity,20,0.23684210526315788,0.18421052631578946,0.2894736842105263,0.19671052631578947,0.2644736842105263
B,logistic,B,False,48,100.0,calibration_nonseptic_patients,20,96.0,93.0,99.0,93.95,99.0
B,logistic,B,False,48,250.0,patient_false_alert_rate,20,0.10264900662251655,0.06910452058738842,0.1289951050964584,0.08168730204434207,0.12735387273250792
B,logistic,B,False,48,250.0,window6_sensitivity,20,0.32894736842105265,0.2236842105263158,0.3815789473684211,0.24868421052631579,0.3815789473684211
B,logistic,B,False,48,250.0,first6_sensitivity,20,0.13157894736842105,0.09210526315789473,0.14473684210526316,0.11710526315789473,0.14473684210526316
B,logistic,B,False,48,250.0,first12_sensitivity,20,0.23684210526315788,0.19736842105263158,0.27631578947368424,0.19736842105263158,0.27631578947368424
B,logistic,B,False,48,250.0,calibration_nonseptic_patients,20,239.5,237.0,248.0,237.0,245.15
B,logistic,B,False,48,500.0,patient_false_alert_rate,20,0.10524042614454363,0.08983587676360495,0.1289951050964584,0.09421249640080623,0.127627411459833
B,logistic,B,False,48,500.0,window6_sensitivity,20,0.32894736842105265,0.2894736842105263,0.3815789473684211,0.3144736842105263,0.3815789473684211
B,logistic,B,False,48,500.0,first6_sensitivity,20,0.13157894736842105,0.10526315789473684,0.14473684210526316,0.11776315789473683,0.14473684210526316
B,logistic,B,False,48,500.0,first12_sensitivity,20,0.23684210526315788,0.2236842105263158,0.27631578947368424,0.2236842105263158,0.2638157894736842
B,logistic,B,False,48,500.0,calibration_nonseptic_patients,20,481.0,473.0,491.0,475.85,489.1
B,logistic,B,False,72,100.0,patient_false_alert_rate,20,0.10322487762741145,0.05989058450906997,0.19378059314713506,0.06837028505614742,0.1500143967751224
B,logistic,B,False,72,100.0,window6_sensitivity,20,0.4174757281553398,0.24271844660194175,0.5631067961165048,0.28883495145631066,0.48932038834951463
B,logistic,B,False,72,100.0,first6_sensitivity,20,0.14563106796116504,0.1262135922330097,0.18446601941747573,0.1354368932038835,0.16601941747572818
B,logistic,B,False,72,100.0,first12_sensitivity,20,0.24271844660194175,0.20388349514563106,0.30097087378640774,0.22233009708737866,0.2733009708737864
B,logistic,B,False,72,100.0,calibration_nonseptic_patients,20,96.0,93.0,99.0,93.95,99.0
B,logistic,B,False,72,250.0,patient_false_alert_rate,20,0.10048949035416066,0.07198387561186294,0.13389000863806508,0.07964295997696516,0.12896631154621366
B,logistic,B,False,72,250.0,window6_sensitivity,20,0.4174757281553398,0.2912621359223301,0.46601941747572817,0.30048543689320384,0.4475728155339806
B,logistic,B,False,72,250.0,first6_sensitivity,20,0.14563106796116504,0.1262135922330097,0.1650485436893204,0.1262135922330097,0.15582524271844658
B,logistic,B,False,72,250.0,first12_sensitivity,20,0.2524271844660194,0.22330097087378642,0.27184466019417475,0.2325242718446602,0.27184466019417475
B,logistic,B,False,72,250.0,calibration_nonseptic_patients,20,239.5,237.0,248.0,237.0,245.15
B,logistic,B,False,72,500.0,patient_false_alert_rate,20,0.10466455513964872,0.09300316729052692,0.13302620213072272,0.0973797869277282,0.13138496976677225
B,logistic,B,False,72,500.0,window6_sensitivity,20,0.42718446601941745,0.3592233009708738,0.46601941747572817,0.38689320388349513,0.4567961165048544
B,logistic,B,False,72,500.0,first6_sensitivity,20,0.1553398058252427,0.13592233009708737,0.1650485436893204,0.13592233009708737,0.1650485436893204
B,logistic,B,False,72,500.0,first12_sensitivity,20,0.2621359223300971,0.24271844660194175,0.27184466019417475,0.24271844660194175,0.27184466019417475
B,logistic,B,False,72,500.0,calibration_nonseptic_patients,20,481.0,473.0,491.0,475.85,489.1
B,logistic,B,False,natural,100.0,patient_false_alert_rate,20,0.10610423265188598,0.06190613302620213,0.15001439677512238,0.07065937230060466,0.14098761877339477
B,logistic,B,False,natural,100.0,window6_sensitivity,20,0.5584415584415585,0.4025974025974026,0.6103896103896104,0.4334415584415584,0.5980519480519481
B,logistic,B,False,natural,100.0,first6_sensitivity,20,0.11038961038961038,0.09740259740259741,0.14285714285714285,0.09740259740259741,0.1366883116883117
B,logistic,B,False,natural,100.0,first12_sensitivity,20,0.19480519480519481,0.17532467532467533,0.2077922077922078,0.1814935064935065,0.2077922077922078
B,logistic,B,False,natural,100.0,calibration_nonseptic_patients,20,96.0,93.0,99.0,93.95,99.0
B,logistic,B,False,natural,250.0,patient_false_alert_rate,20,0.10365678088108264,0.06708897207025626,0.1356176216527498,0.08186006334581054,0.13069392456089837
B,logistic,B,False,natural,250.0,window6_sensitivity,20,0.5584415584415585,0.42207792207792205,0.5974025974025974,0.44675324675324674,0.5788961038961039
B,logistic,B,False,natural,250.0,first6_sensitivity,20,0.11363636363636363,0.09740259740259741,0.13636363636363635,0.09740259740259741,0.12402597402597404
B,logistic,B,False,natural,250.0,first12_sensitivity,20,0.19480519480519481,0.17532467532467533,0.2077922077922078,0.17532467532467533,0.2077922077922078
B,logistic,B,False,natural,250.0,calibration_nonseptic_patients,20,239.5,237.0,248.0,237.0,245.15
B,logistic,B,False,natural,500.0,patient_false_alert_rate,20,0.10495249064209616,0.09329110279297437,0.13302620213072272,0.09876187733947596,0.13138496976677225
B,logistic,B,False,natural,500.0,window6_sensitivity,20,0.564935064935065,0.512987012987013,0.5909090909090909,0.5376623376623377,0.5785714285714286
B,logistic,B,False,natural,500.0,first6_sensitivity,20,0.11688311688311688,0.09740259740259741,0.12337662337662338,0.09740259740259741,0.12337662337662338
B,logistic,B,False,natural,500.0,first12_sensitivity,20,0.19480519480519481,0.18831168831168832,0.2077922077922078,0.18831168831168832,0.2077922077922078
B,logistic,B,False,natural,500.0,calibration_nonseptic_patients,20,481.0,473.0,491.0,475.85,489.1
