source,model,test_site,transfer,cap,model_converged,policy,budget,calibration_seed,calibration_nonseptic_patients,patients,nonseptic_patients,septic_patients,late_cases_excluded,threshold,threshold_infinite,patient_false_alert_rate,patient_false_alert_rate_count,patient_false_alert_rate_ci_low,patient_false_alert_rate_ci_high,window6_sensitivity,window6_sensitivity_count,window6_sensitivity_ci_low,window6_sensitivity_ci_high,first6_sensitivity,first6_sensitivity_count,first6_sensitivity_ci_low,first6_sensitivity_ci_high,early_first_fraction,early_first_fraction_count,early_first_fraction_ci_low,early_first_fraction_ci_high,window12_sensitivity,window12_sensitivity_count,window12_sensitivity_ci_low,window12_sensitivity_ci_high,first12_sensitivity,first12_sensitivity_count,first12_sensitivity_ci_low,first12_sensitivity_ci_high,any_positive_alert_fraction,any_positive_alert_fraction_count,any_positive_alert_fraction_ci_low,any_positive_alert_fraction_ci_high,negative_hours,negative_alert_hours,hourly_false_positive_rate
A,logistic,A,False,natural,True,source_hourly,,,3422,3682,3422,260,0,0.0175243187331984,False,0.2969023962594974,1016,0.28162696516455105,0.31252556769320056,0.6653846153846154,173,0.604466056622284,0.7224819548179295,0.08846153846153847,23,0.056904529930987525,0.12977798138132213,0.6230769230769231,162,0.5611129270417319,0.6822002676484111,0.6807692307692308,177,0.6203551380772118,0.7370045743373173,0.16538461538461538,43,0.12234990109197903,0.21623487296439486,0.7115384615384616,185,0.6523459801135634,0.7658350955050589,112566,11742,0.10431213687969725
A,logistic,A,False,natural,True,source_patient,,,3422,3682,3422,260,0,0.033675748624532036,False,0.11104617182933957,380,0.10070881792092527,0.12205321753526233,0.4269230769230769,111,0.3660164389730295,0.48951499541929333,0.08076923076923077,21,0.05069164834563968,0.12081507516255137,0.4153846153846154,108,0.3548329910904955,0.4778879014180541,0.45384615384615384,118,0.39223958019113875,0.5165168457675833,0.11153846153846154,29,0.07598371413376193,0.15624806677190298,0.49615384615384617,129,0.4338043349454073,0.55859201932062,112566,2307,0.02049464314268962
A,logistic,A,False,natural,True,source_empirical_patient,,,3422,3682,3422,260,0,0.03349542962911016,False,0.1130917592051432,387,0.10266839735101185,0.12418119667000681,0.4307692307692308,112,0.36975164202014427,0.4933833316233948,0.08461538461538462,22,0.053787639900032665,0.12530640690882933,0.4153846153846154,108,0.3548329910904955,0.4778879014180541,0.4576923076923077,119,0.39600026223919715,0.5203597689870182,0.11538461538461539,30,0.0792184100032875,0.16060732012943613,0.5,130,0.43760437692222265,0.5623956230777774,112566,2339,0.02077892081090205
A,logistic,A,False,natural,True,source_sensitivity80,,,3422,3682,3422,260,0,0.015407878996993382,False,0.34365867913500875,1176,0.32773933486696843,0.35984558263157856,0.7076923076923077,184,0.6483310300349016,0.7622475451291513,0.07307692307692308,19,0.04456804841474121,0.11176801216837896,0.6884615384615385,179,0.6283257402334612,0.744239586781918,0.7307692307692307,190,0.6724931928110037,0.783699528977546,0.16923076923076924,44,0.12573744988780175,0.22044624449447225,0.7615384615384615,198,0.7049958640465166,0.8120119219758741,112566,15018,0.1334150631629444
A,logistic,A,False,natural,True,target_patient_all,,,3422,3682,3422,260,0,0.033675748624532036,False,0.11104617182933957,380,0.10070881792092527,0.12205321753526233,0.4269230769230769,111,0.3660164389730295,0.48951499541929333,0.08076923076923077,21,0.05069164834563968,0.12081507516255137,0.4153846153846154,108,0.3548329910904955,0.4778879014180541,0.45384615384615384,118,0.39223958019113875,0.5165168457675833,0.11153846153846154,29,0.07598371413376193,0.15624806677190298,0.49615384615384617,129,0.4338043349454073,0.55859201932062,112566,2307,0.02049464314268962
A,logistic,A,False,natural,True,target_empirical_patient_all,,,3422,3682,3422,260,0,0.03349542962911016,False,0.1130917592051432,387,0.10266839735101185,0.12418119667000681,0.4307692307692308,112,0.36975164202014427,0.4933833316233948,0.08461538461538462,22,0.053787639900032665,0.12530640690882933,0.4153846153846154,108,0.3548329910904955,0.4778879014180541,0.4576923076923077,119,0.39600026223919715,0.5203597689870182,0.11538461538461539,30,0.0792184100032875,0.16060732012943613,0.5,130,0.43760437692222265,0.5623956230777774,112566,2339,0.02077892081090205
A,logistic,B,True,natural,True,source_hourly,,,3422,3627,3473,154,0,0.0175243187331984,False,0.2142240138209041,744,0.2006798812519239,0.22825089320991146,0.4675324675324675,72,0.38679507150221737,0.5495431939115534,0.045454545454545456,7,0.018467719055790442,0.09140937878400023,0.512987012987013,79,0.43122054381353164,0.5942441941058156,0.5324675324675324,82,0.45045680608844646,0.6132049284977826,0.12987012987012986,20,0.08116628783198608,0.19342644996192487,0.5584415584415584,86,0.4762897957283101,0.6383007924239325,110910,10012,0.09027139121810476
A,logistic,B,True,natural,True,source_patient,,,3422,3627,3473,154,0,0.033675748624532036,False,0.08580477972934063,298,0.07669768123307026,0.09561597975388066,0.2922077922077922,45,0.2217880099113866,0.3708153671084596,0.06493506493506493,10,0.03157543125795952,0.11617453295680899,0.2727272727272727,42,0.20415797281954284,0.3502619759486091,0.3116883116883117,48,0.2395759600949048,0.39121372219875233,0.11038961038961038,17,0.06563574862508902,0.1708546283593505,0.33766233766233766,52,0.2635243083216708,0.41818408426253373,110910,2799,0.025236678387882065
A,logistic,B,True,natural,True,source_empirical_patient,,,3422,3627,3473,154,0,0.03349542962911016,False,0.08638065073423554,300,0.07724481247521577,0.09621956962255881,0.2922077922077922,45,0.2217880099113866,0.3708153671084596,0.06493506493506493,10,0.03157543125795952,0.11617453295680899,0.2727272727272727,42,0.20415797281954284,0.3502619759486091,0.3116883116883117,48,0.2395759600949048,0.39121372219875233,0.11038961038961038,17,0.06563574862508902,0.1708546283593505,0.33766233766233766,52,0.2635243083216708,0.41818408426253373,110910,2834,0.025552249571724823
A,logistic,B,True,natural,True,source_sensitivity80,,,3422,3627,3473,154,0,0.015407878996993382,False,0.23668298301180535,822,0.22262917845731073,0.25118138482327906,0.5064935064935064,78,0.4248347001162074,0.5878976719830555,0.05844155844155844,9,0.027068461258342454,0.10803957445511275,0.5454545454545454,84,0.46334680668187694,0.6257794444132868,0.5844155844155844,90,0.5023364772452834,0.6631820267815618,0.14935064935064934,23,0.09709247614920305,0.21562493393266466,0.6038961038961039,93,0.5220144545331564,0.6816990915912942,110910,12221,0.11018844107835182
A,logistic,B,True,natural,True,target_patient_all,,,3495,3627,3473,154,0,0.030017154655824503,False,0.10394471638353009,361,0.09398733962555708,0.11457426419812447,0.3181818181818182,49,0.24553884568577197,0.39798015651019436,0.06493506493506493,10,0.03157543125795952,0.11617453295680899,0.3116883116883117,48,0.2395759600949048,0.39121372219875233,0.33766233766233766,52,0.2635243083216708,0.41818408426253373,0.12987012987012986,20,0.08116628783198608,0.19342644996192487,0.37662337662337664,58,0.2999103500803708,0.45818207013910356,110910,3593,0.03239563610134343
A,logistic,B,True,natural,True,target_empirical_patient_all,,,3495,3627,3473,154,0,0.02999608386247286,False,0.10394471638353009,361,0.09398733962555708,0.11457426419812447,0.3181818181818182,49,0.24553884568577197,0.39798015651019436,0.06493506493506493,10,0.03157543125795952,0.11617453295680899,0.3116883116883117,48,0.2395759600949048,0.39121372219875233,0.33766233766233766,52,0.2635243083216708,0.41818408426253373,0.12987012987012986,20,0.08116628783198608,0.19342644996192487,0.37662337662337664,58,0.2999103500803708,0.45818207013910356,110910,3598,0.032440717699035254
A,logistic,A,False,24,True,source_hourly,,,3420,3487,3419,68,192,0.013777876707833068,False,0.2804913717461246,959,0.26547971432619677,0.29587927917856244,0.4852941176470588,33,0.36220809229760104,0.6097018120202793,0.11764705882352941,8,0.052183744669880794,0.2187171057077795,0.38235294117647056,26,0.26706886273993524,0.5082309045775364,0.5,34,0.3762035808908745,0.6237964191091254,0.45588235294117646,31,0.3345157029289514,0.5812149541040131,0.5,34,0.3762035808908745,0.6237964191091254,61801,6743,0.10910826685652336
A,logistic,A,False,24,True,source_patient,,,3420,3487,3419,68,192,0.024596588681534,False,0.11406844106463879,390,0.10359989999367888,0.12520192028807492,0.22058823529411764,15,0.1290402643987188,0.33759558176043064,0.10294117647058823,7,0.04240048807461239,0.20066529806477587,0.1323529411764706,9,0.06234831406343805,0.23643555430952107,0.23529411764705882,16,0.14087773625289335,0.35378699307999534,0.19117647058823528,13,0.10591088366328115,0.30470175532950394,0.23529411764705882,16,0.14087773625289335,0.35378699307999534,61801,1862,0.030128962314525654
A,logistic,A,False,24,True,source_empirical_patient,,,3420,3487,3419,68,192,0.024483691902270184,False,0.11465340742907283,392,0.10416061361172169,0.12581010554107383,0.23529411764705882,16,0.14087773625289335,0.35378699307999534,0.11764705882352941,8,0.052183744669880794,0.2187171057077795,0.1323529411764706,9,0.06234831406343805,0.23643555430952107,0.25,17,0.15288049550717692,0.3698223507979518,0.20588235294117646,14,0.11737994587851844,0.3212378679430364,0.25,17,0.15288049550717692,0.3698223507979518,61801,1890,0.030582029416999727
A,logistic,A,False,24,True,source_sensitivity80,,,3420,3487,3419,68,192,0.00776099954995946,False,0.5068733547821,1733,0.4899690791510779,0.5237658641449985,0.6911764705882353,47,0.5674391555096872,0.7976365240025869,0.16176470588235295,11,0.08361793127092192,0.27103377518830074,0.5294117647058824,36,0.404491922366421,0.6516880337113689,0.6911764705882353,47,0.5674391555096872,0.7976365240025869,0.5147058823529411,35,0.3902981879797207,0.6377919077023989,0.6911764705882353,47,0.5674391555096872,0.7976365240025869,61801,16540,0.26763320981861133
A,logistic,A,False,24,True,target_patient_all,,,3420,3487,3419,68,192,0.024596588681534,False,0.11406844106463879,390,0.10359989999367888,0.12520192028807492,0.22058823529411764,15,0.1290402643987188,0.33759558176043064,0.10294117647058823,7,0.04240048807461239,0.20066529806477587,0.1323529411764706,9,0.06234831406343805,0.23643555430952107,0.23529411764705882,16,0.14087773625289335,0.35378699307999534,0.19117647058823528,13,0.10591088366328115,0.30470175532950394,0.23529411764705882,16,0.14087773625289335,0.35378699307999534,61801,1862,0.030128962314525654
A,logistic,A,False,24,True,target_empirical_patient_all,,,3420,3487,3419,68,192,0.024483691902270184,False,0.11465340742907283,392,0.10416061361172169,0.12581010554107383,0.23529411764705882,16,0.14087773625289335,0.35378699307999534,0.11764705882352941,8,0.052183744669880794,0.2187171057077795,0.1323529411764706,9,0.06234831406343805,0.23643555430952107,0.25,17,0.15288049550717692,0.3698223507979518,0.20588235294117646,14,0.11737994587851844,0.3212378679430364,0.25,17,0.15288049550717692,0.3698223507979518,61801,1890,0.030582029416999727
A,logistic,B,True,24,True,source_hourly,,,3420,3509,3471,38,116,0.013777876707833068,False,0.20512820512820512,712,0.1918035958056611,0.21895132444853477,0.21052631578947367,8,0.09554111545587413,0.37318828360163947,0.05263157894736842,2,0.006438716715091909,0.17749059034764078,0.21052631578947367,8,0.09554111545587413,0.37318828360163947,0.2631578947368421,10,0.13403372302497357,0.43100824370223945,0.18421052631578946,7,0.07742685183884879,0.34326199431092114,0.2631578947368421,10,0.13403372302497357,0.43100824370223945,60965,5403,0.08862462068399901
A,logistic,B,True,24,True,source_patient,,,3420,3509,3471,38,116,0.024596588681534,False,0.1014116969173149,352,0.0915639183829215,0.11193647369765666,0.13157894736842105,5,0.04413744005791443,0.2808638458837533,0.02631578947368421,1,0.0006660362042023656,0.13809902979242006,0.13157894736842105,5,0.04413744005791443,0.2808638458837533,0.13157894736842105,5,0.04413744005791443,0.2808638458837533,0.13157894736842105,5,0.04413744005791443,0.2808638458837533,0.15789473684210525,6,0.060229727917384644,0.312533608291905,60965,1807,0.02963995735257935
A,logistic,B,True,24,True,source_empirical_patient,,,3420,3509,3471,38,116,0.024483691902270184,False,0.10227600115240565,355,0.09238965204205504,0.11283783391562209,0.13157894736842105,5,0.04413744005791443,0.2808638458837533,0.02631578947368421,1,0.0006660362042023656,0.13809902979242006,0.13157894736842105,5,0.04413744005791443,0.2808638458837533,0.13157894736842105,5,0.04413744005791443,0.2808638458837533,0.13157894736842105,5,0.04413744005791443,0.2808638458837533,0.15789473684210525,6,0.060229727917384644,0.312533608291905,60965,1827,0.029968014434511605
A,logistic,B,True,24,True,source_sensitivity80,,,3420,3509,3471,38,116,0.00776099954995946,False,0.3362143474503025,1167,0.3204976823986904,0.35220735054605457,0.5526315789473685,21,0.38299075116428966,0.7137585009994039,0.3157894736842105,12,0.1750253389011268,0.4865270544060217,0.23684210526315788,9,0.1144417048225307,0.4024123605714909,0.5526315789473685,21,0.38299075116428966,0.7137585009994039,0.42105263157894735,16,0.26309823725148423,0.5917855458800948,0.5526315789473685,21,0.38299075116428966,0.7137585009994039,60965,10985,0.18018535225129173
A,logistic,B,True,24,True,target_patient_all,,,3495,3509,3471,38,116,0.024128383946564906,False,0.10515701526937482,365,0.09514369681514524,0.11584077454825784,0.13157894736842105,5,0.04413744005791443,0.2808638458837533,0.02631578947368421,1,0.0006660362042023656,0.13809902979242006,0.13157894736842105,5,0.04413744005791443,0.2808638458837533,0.13157894736842105,5,0.04413744005791443,0.2808638458837533,0.13157894736842105,5,0.04413744005791443,0.2808638458837533,0.15789473684210525,6,0.060229727917384644,0.312533608291905,60965,1901,0.03118182563766095
A,logistic,B,True,24,True,target_empirical_patient_all,,,3495,3509,3471,38,116,0.024125374783224768,False,0.10515701526937482,365,0.09514369681514524,0.11584077454825784,0.13157894736842105,5,0.04413744005791443,0.2808638458837533,0.02631578947368421,1,0.0006660362042023656,0.13809902979242006,0.13157894736842105,5,0.04413744005791443,0.2808638458837533,0.13157894736842105,5,0.04413744005791443,0.2808638458837533,0.13157894736842105,5,0.04413744005791443,0.2808638458837533,0.15789473684210525,6,0.060229727917384644,0.312533608291905,60965,1901,0.03118182563766095
A,logistic,A,False,48,True,source_hourly,,,3422,3555,3422,133,127,0.016808124093465073,False,0.30362361192285214,1039,0.28824435718313723,0.31933907255316946,0.5338345864661654,71,0.4453708079621077,0.6207584890978036,0.15037593984962405,20,0.09433907269955971,0.22264661562647844,0.42857142857142855,57,0.34316782524615075,0.5172272407142386,0.5639097744360902,75,0.47525400755412844,0.6496559858417996,0.3007518796992481,40,0.2243259356033518,0.386287234438006,0.5789473684210527,77,0.4903108958781656,0.6639888584594755,108193,11354,0.10494209422051334
A,logistic,A,False,48,True,source_patient,,,3422,3555,3422,133,127,0.03196110488905229,False,0.11484511981297486,393,0.1043489161779216,0.12600430238577262,0.20300751879699247,27,0.13825044746742712,0.28144837653897953,0.09774436090225563,13,0.05307838128824095,0.16134535540848033,0.15789473684210525,21,0.10047650993053289,0.23117608812372525,0.21804511278195488,29,0.1511541723278019,0.2979059968348325,0.13533834586466165,18,0.08222474988112662,0.20543599722580047,0.2556390977443609,34,0.18398603161319907,0.3384960205164367,108193,2348,0.021701958537058776
A,logistic,A,False,48,True,source_empirical_patient,,,3422,3555,3422,133,127,0.03194255264780599,False,0.11484511981297486,393,0.1043489161779216,0.12600430238577262,0.20300751879699247,27,0.13825044746742712,0.28144837653897953,0.09774436090225563,13,0.05307838128824095,0.16134535540848033,0.15789473684210525,21,0.10047650993053289,0.23117608812372525,0.21804511278195488,29,0.1511541723278019,0.2979059968348325,0.13533834586466165,18,0.08222474988112662,0.20543599722580047,0.2556390977443609,34,0.18398603161319907,0.3384960205164367,108193,2349,0.021711201279195513
A,logistic,A,False,48,True,source_sensitivity80,,,3422,3555,3422,133,127,0.010087664622231627,False,0.510812390414962,1748,0.4939145517551471,0.5276917359848773,0.7218045112781954,96,0.6374921110751435,0.7959630122820017,0.10526315789473684,14,0.05875502930102548,0.17030467043373962,0.6390977443609023,85,0.5513323768843543,0.7205197888635723,0.7368421052631579,98,0.6534731108249416,0.8093579149678622,0.3157894736842105,42,0.23797599514832934,0.40201853251376557,0.7443609022556391,99,0.6615039794835633,0.816013968386801,108193,26988,0.2494431247862616
A,logistic,A,False,48,True,target_patient_all,,,3422,3555,3422,133,127,0.03196110488905229,False,0.11484511981297486,393,0.1043489161779216,0.12600430238577262,0.20300751879699247,27,0.13825044746742712,0.28144837653897953,0.09774436090225563,13,0.05307838128824095,0.16134535540848033,0.15789473684210525,21,0.10047650993053289,0.23117608812372525,0.21804511278195488,29,0.1511541723278019,0.2979059968348325,0.13533834586466165,18,0.08222474988112662,0.20543599722580047,0.2556390977443609,34,0.18398603161319907,0.3384960205164367,108193,2348,0.021701958537058776
A,logistic,A,False,48,True,target_empirical_patient_all,,,3422,3555,3422,133,127,0.03194255264780599,False,0.11484511981297486,393,0.1043489161779216,0.12600430238577262,0.20300751879699247,27,0.13825044746742712,0.28144837653897953,0.09774436090225563,13,0.05307838128824095,0.16134535540848033,0.15789473684210525,21,0.10047650993053289,0.23117608812372525,0.21804511278195488,29,0.1511541723278019,0.2979059968348325,0.13533834586466165,18,0.08222474988112662,0.20543599722580047,0.2556390977443609,34,0.18398603161319907,0.3384960205164367,108193,2349,0.021711201279195513
A,logistic,B,True,48,True,source_hourly,,,3422,3549,3473,76,78,0.016808124093465073,False,0.2142240138209041,744,0.2006798812519239,0.22825089320991146,0.23684210526315788,18,0.1468151076154143,0.3482393636658981,0.05263157894736842,4,0.014524558339156456,0.12930915845298477,0.3026315789473684,23,0.20245422637062865,0.41874721644690843,0.34210526315789475,26,0.237056796816216,0.45987602619535606,0.15789473684210525,12,0.08433772792007178,0.25957123739929405,0.35526315789473684,27,0.2487728665291047,0.47340859906445054,104347,8536,0.0818039809481825
A,logistic,B,True,48,True,source_patient,,,3422,3549,3473,76,78,0.03196110488905229,False,0.0883961992513677,307,0.07916074422264485,0.09833116603410655,0.10526315789473684,8,0.04655356275747649,0.19691669919168625,0.05263157894736842,4,0.014524558339156456,0.12930915845298477,0.06578947368421052,5,0.02170507787769826,0.14689038471639032,0.11842105263157894,9,0.055604208151425104,0.21293324449408876,0.10526315789473684,8,0.04655356275747649,0.19691669919168625,0.11842105263157894,9,0.055604208151425104,0.21293324449408876,104347,1981,0.018984733629141232
A,logistic,B,True,48,True,source_empirical_patient,,,3422,3549,3473,76,78,0.03194255264780599,False,0.0883961992513677,307,0.07916074422264485,0.09833116603410655,0.10526315789473684,8,0.04655356275747649,0.19691669919168625,0.05263157894736842,4,0.014524558339156456,0.12930915845298477,0.06578947368421052,5,0.02170507787769826,0.14689038471639032,0.11842105263157894,9,0.055604208151425104,0.21293324449408876,0.10526315789473684,8,0.04655356275747649,0.19691669919168625,0.11842105263157894,9,0.055604208151425104,0.21293324449408876,104347,1983,0.01900390044754521
A,logistic,B,True,48,True,source_sensitivity80,,,3422,3549,3473,76,78,0.010087664622231627,False,0.33659660236107114,1169,0.3208797402374116,0.352588997031896,0.47368421052631576,36,0.3579182134918077,0.5915633489250534,0.10526315789473684,8,0.04655356275747649,0.19691669919168625,0.39473684210526316,30,0.2844331779982396,0.5135049683161297,0.5,38,0.38302666787604156,0.6169733321239583,0.25,19,0.15771837956503856,0.36255589054950893,0.5,38,0.38302666787604156,0.6169733321239583,104347,17879,0.17134177312237056
A,logistic,B,True,48,True,target_patient_all,,,3495,3549,3473,76,78,0.029221216798264667,False,0.10308090987618773,358,0.09316164148870208,0.11367386058645408,0.13157894736842105,10,0.06494156767608714,0.22869579260761233,0.039473684210526314,3,0.00821559218059453,0.11105331912596336,0.11842105263157894,9,0.055604208151425104,0.21293324449408876,0.14473684210526316,11,0.07452893843891269,0.24423396390789112,0.11842105263157894,9,0.055604208151425104,0.21293324449408876,0.15789473684210525,12,0.08433772792007178,0.25957123739929405,104347,2530,0.024246025281033475
A,logistic,B,True,48,True,target_empirical_patient_all,,,3495,3549,3473,76,78,0.02894332289575695,False,0.10538439389576734,366,0.09536398709213183,0.11607445471484638,0.13157894736842105,10,0.06494156767608714,0.22869579260761233,0.02631578947368421,2,0.0032030053447325304,0.09184952332316582,0.13157894736842105,10,0.06494156767608714,0.22869579260761233,0.14473684210526316,11,0.07452893843891269,0.24423396390789112,0.10526315789473684,8,0.04655356275747649,0.19691669919168625,0.15789473684210525,12,0.08433772792007178,0.25957123739929405,104347,2583,0.02475394596873892
A,logistic,A,False,72,True,source_hourly,,,3422,3601,3422,179,81,0.01734095172178538,False,0.298947983635301,1023,0.2836405377547186,0.31459965902650483,0.5642458100558659,101,0.4882600995112756,0.6380680326901167,0.12849162011173185,23,0.08322653646854505,0.18653945068263075,0.5027932960893855,90,0.4272447159534296,0.5782478472926171,0.5921787709497207,106,0.5163613689791584,0.6648907544205325,0.24022346368715083,43,0.17963439459373987,0.3096247512239719,0.6312849162011173,113,0.5561028914959071,0.7020402659288483,112566,11970,0.10633761526571078
A,logistic,A,False,72,True,source_patient,,,3422,3601,3422,179,81,0.033675748624532036,False,0.11104617182933957,380,0.10070881792092527,0.12205321753526233,0.2569832402234637,46,0.19469817024611052,0.32750236143818995,0.1005586592178771,18,0.06069389338968345,0.15426618522804122,0.2346368715083799,42,0.1746418113571342,0.30363749165557563,0.2905027932960894,52,0.22518597586139386,0.3629042486457732,0.13966480446927373,25,0.09246692904627173,0.19923332629442334,0.33519553072625696,60,0.26650969546960174,0.40944401151165793,112566,2307,0.02049464314268962
A,logistic,A,False,72,True,source_empirical_patient,,,3422,3601,3422,179,81,0.03349542962911016,False,0.1130917592051432,387,0.10266839735101185,0.12418119667000681,0.26256983240223464,47,0.19974703740421776,0.3334345175227668,0.10614525139664804,19,0.06512704963655794,0.16078997243257548,0.2346368715083799,42,0.1746418113571342,0.30363749165557563,0.29608938547486036,53,0.23031100400151092,0.3687615788014854,0.1452513966480447,26,0.09712891692212323,0.20554038026928742,0.3407821229050279,61,0.2717251846260013,0.41521210150912924,112566,2339,0.02077892081090205
A,logistic,A,False,72,True,source_sensitivity80,,,3422,3601,3422,179,81,0.01118553074251484,False,0.4742840444184687,1623,0.4574356853362768,0.49117638760956517,0.7262569832402235,130,0.6547401015168604,0.7901155470026295,0.0893854748603352,16,0.05195708007267889,0.14109759605572286,0.6759776536312849,121,0.602124216744724,0.7438888511539963,0.7541899441340782,135,0.6844022280629187,0.8153584615224043,0.26256983240223464,47,0.19974703740421776,0.3334345175227668,0.7653631284916201,137,0.6963625083444243,0.8253581886428658,112566,25473,0.22629390757422313
A,logistic,A,False,72,True,target_patient_all,,,3422,3601,3422,179,81,0.033675748624532036,False,0.11104617182933957,380,0.10070881792092527,0.12205321753526233,0.2569832402234637,46,0.19469817024611052,0.32750236143818995,0.1005586592178771,18,0.06069389338968345,0.15426618522804122,0.2346368715083799,42,0.1746418113571342,0.30363749165557563,0.2905027932960894,52,0.22518597586139386,0.3629042486457732,0.13966480446927373,25,0.09246692904627173,0.19923332629442334,0.33519553072625696,60,0.26650969546960174,0.40944401151165793,112566,2307,0.02049464314268962
A,logistic,A,False,72,True,target_empirical_patient_all,,,3422,3601,3422,179,81,0.03349542962911016,False,0.1130917592051432,387,0.10266839735101185,0.12418119667000681,0.26256983240223464,47,0.19974703740421776,0.3334345175227668,0.10614525139664804,19,0.06512704963655794,0.16078997243257548,0.2346368715083799,42,0.1746418113571342,0.30363749165557563,0.29608938547486036,53,0.23031100400151092,0.3687615788014854,0.1452513966480447,26,0.09712891692212323,0.20554038026928742,0.3407821229050279,61,0.2717251846260013,0.41521210150912924,112566,2339,0.02077892081090205
A,logistic,B,True,72,True,source_hourly,,,3422,3576,3473,103,51,0.01734095172178538,False,0.21566369133314137,749,0.20208513568685157,0.22972254591185542,0.30097087378640774,31,0.21450095343107392,0.3992417360722904,0.05825242718446602,6,0.021675197891915614,0.1224870389279571,0.34951456310679613,36,0.25817940318255245,0.4497512526240457,0.3883495145631068,40,0.2938722991894624,0.4894224719920425,0.17475728155339806,18,0.10698786790745927,0.26205719367859703,0.4077669902912621,42,0.31195273366303455,0.5090272528299795,108739,8824,0.08114843800292443
A,logistic,B,True,72,True,source_patient,,,3422,3576,3473,103,51,0.033675748624532036,False,0.08350129570976102,290,0.07451042333567731,0.09320035889074828,0.1262135922330097,13,0.0689477159644516,0.2061553381009616,0.06796116504854369,7,0.027758689442317217,0.13502237890852511,0.06796116504854369,7,0.027758689442317217,0.13502237890852511,0.13592233009708737,14,0.07634820193888285,0.21752844249638562,0.11650485436893204,12,0.061670976723435085,0.1946687035221929,0.13592233009708737,14,0.07634820193888285,0.21752844249638562,108739,1923,0.017684547402495886
A,logistic,B,True,72,True,source_empirical_patient,,,3422,3576,3473,103,51,0.03349542962911016,False,0.08407716671465591,292,0.07505704539904078,0.09380445564599689,0.1262135922330097,13,0.0689477159644516,0.2061553381009616,0.06796116504854369,7,0.027758689442317217,0.13502237890852511,0.06796116504854369,7,0.027758689442317217,0.13502237890852511,0.13592233009708737,14,0.07634820193888285,0.21752844249638562,0.11650485436893204,12,0.061670976723435085,0.1946687035221929,0.13592233009708737,14,0.07634820193888285,0.21752844249638562,108739,1951,0.017942044712568626
A,logistic,B,True,72,True,source_sensitivity80,,,3422,3576,3473,103,51,0.01118553074251484,False,0.3138496976677224,1090,0.29843417945440975,0.32957917273657117,0.5436893203883495,56,0.4426065199671983,0.6421944614110374,0.10679611650485436,11,0.05453161738774678,0.18305701794429705,0.4854368932038835,50,0.38575196930459527,0.5859808673069975,0.5825242718446602,60,0.48122638415367236,0.6789504166153447,0.27184466019417475,28,0.18884305959164718,0.36840014032691376,0.5922330097087378,61,0.4909727471700204,0.6880472663369654,108739,17122,0.15745960510948234
A,logistic,B,True,72,True,target_patient_all,,,3495,3576,3473,103,51,0.029712954898105496,False,0.10279297437374028,357,0.09288645770362028,0.11337367729918481,0.14563106796116504,15,0.08386118144674826,0.22879763117362556,0.06796116504854369,7,0.027758689442317217,0.13502237890852511,0.11650485436893204,12,0.061670976723435085,0.1946687035221929,0.1650485436893204,17,0.09918840626765517,0.2510555558852129,0.14563106796116504,15,0.08386118144674826,0.22879763117362556,0.18446601941747573,19,0.11486974621752469,0.27298112196149343,108739,2695,0.024784116094501513
A,logistic,B,True,72,True,target_empirical_patient_all,,,3495,3576,3473,103,51,0.029603106813561195,False,0.10336884537863518,359,0.09343684979773562,0.113974019438755,0.14563106796116504,15,0.08386118144674826,0.22879763117362556,0.06796116504854369,7,0.027758689442317217,0.13502237890852511,0.11650485436893204,12,0.061670976723435085,0.1946687035221929,0.1650485436893204,17,0.09918840626765517,0.2510555558852129,0.14563106796116504,15,0.08386118144674826,0.22879763117362556,0.18446601941747573,19,0.11486974621752469,0.27298112196149343,108739,2727,0.02507839873458465
A,hgb,A,False,natural,True,source_hourly,,,3422,3682,3422,260,0,0.013977184932076126,False,0.3246639392168323,1111,0.30898450663475835,0.34064348920744897,0.7384615384615385,192,0.6805870458043747,0.79080989192768,0.11153846153846154,29,0.07598371413376193,0.15624806677190298,0.6692307692307692,174,0.608431909892698,0.7261190822013037,0.7576923076923077,197,0.7009140065447756,0.8084921771429588,0.2153846153846154,56,0.16699465554781523,0.2703899882302071,0.7807692307692308,203,0.7254924933335027,0.8295218662633832,112566,11376,0.10106071104951761
A,hgb,A,False,natural,True,source_patient,,,3422,3682,3422,260,0,0.035746331797951565,False,0.108708357685564,372,0.0984706842118827,0.11961986043397142,0.5,130,0.43760437692222265,0.5623956230777774,0.06923076923076923,18,0.04154374938080101,0.10720931548723328,0.4807692307692308,125,0.4186398066606019,0.5433419768273844,0.5115384615384615,133,0.44902587420770024,0.5737850605643537,0.13076923076923078,34,0.09228944800343739,0.1779171090290837,0.55,143,0.48732968129650733,0.6115174905704333,112566,1863,0.016550290496242206
A,hgb,A,False,natural,True,source_empirical_patient,,,3422,3682,3422,260,0,0.03570305753024042,False,0.108708357685564,372,0.0984706842118827,0.11961986043397142,0.5,130,0.43760437692222265,0.5623956230777774,0.06923076923076923,18,0.04154374938080101,0.10720931548723328,0.4807692307692308,125,0.4186398066606019,0.5433419768273844,0.5115384615384615,133,0.44902587420770024,0.5737850605643537,0.13076923076923078,34,0.09228944800343739,0.1779171090290837,0.55,143,0.48732968129650733,0.6115174905704333,112566,1866,0.01657694152763712
A,hgb,A,False,natural,True,source_sensitivity80,,,3422,3682,3422,260,0,0.012491399264694898,False,0.3609000584453536,1235,0.3447874053615794,0.3772507327376082,0.7615384615384615,198,0.7049958640465166,0.8120119219758741,0.1076923076923077,28,0.07276342867941939,0.15187499124978418,0.6961538461538461,181,0.6363141643386621,0.7514566038205615,0.7846153846153846,204,0.7296100117697929,0.8330053444521848,0.2153846153846154,56,0.16699465554781523,0.2703899882302071,0.8038461538461539,209,0.7502950746013148,0.8503233889966193,112566,13477,0.11972531670308974
A,hgb,A,False,natural,True,target_patient_all,,,3422,3682,3422,260,0,0.035746331797951565,False,0.108708357685564,372,0.0984706842118827,0.11961986043397142,0.5,130,0.43760437692222265,0.5623956230777774,0.06923076923076923,18,0.04154374938080101,0.10720931548723328,0.4807692307692308,125,0.4186398066606019,0.5433419768273844,0.5115384615384615,133,0.44902587420770024,0.5737850605643537,0.13076923076923078,34,0.09228944800343739,0.1779171090290837,0.55,143,0.48732968129650733,0.6115174905704333,112566,1863,0.016550290496242206
A,hgb,A,False,natural,True,target_empirical_patient_all,,,3422,3682,3422,260,0,0.03570305753024042,False,0.108708357685564,372,0.0984706842118827,0.11961986043397142,0.5,130,0.43760437692222265,0.5623956230777774,0.06923076923076923,18,0.04154374938080101,0.10720931548723328,0.4807692307692308,125,0.4186398066606019,0.5433419768273844,0.5115384615384615,133,0.44902587420770024,0.5737850605643537,0.13076923076923078,34,0.09228944800343739,0.1779171090290837,0.55,143,0.48732968129650733,0.6115174905704333,112566,1866,0.01657694152763712
A,hgb,B,True,natural,True,source_hourly,,,3422,3627,3473,154,0,0.013977184932076126,False,0.2286207889432767,794,0.21474336187438892,0.24295649921883197,0.5584415584415584,86,0.4762897957283101,0.6383007924239325,0.09740259740259741,15,0.05554678626924192,0.1555594165354727,0.551948051948052,85,0.4698116549411819,0.6320467904623439,0.5974025974025974,92,0.5154413326274325,0.6755406335664116,0.15584415584415584,24,0.10247735007166976,0.22295205632731505,0.6493506493506493,100,0.568423830477059,0.7244071305946688,110910,7686,0.06929943197186908
A,hgb,B,True,natural,True,source_patient,,,3422,3627,3473,154,0,0.035746331797951565,False,0.0751511661387849,261,0.06659970499354659,0.08442572711708218,0.42857142857142855,66,0.34923148751687877,0.5107138210913531,0.05194805194805195,8,0.022691322331244903,0.09979076774374385,0.3961038961038961,61,0.3183009084087059,0.4779855454668436,0.43506493506493504,67,0.35545861076495344,0.5172187167507608,0.09090909090909091,14,0.05059551791712918,0.14782552221879086,0.44805194805194803,69,0.367953209537656,0.5301883450588181,110910,3297,0.029726805517987558
A,hgb,B,True,natural,True,source_empirical_patient,,,3422,3627,3473,154,0,0.03570305753024042,False,0.0751511661387849,261,0.06659970499354659,0.08442572711708218,0.42857142857142855,66,0.34923148751687877,0.5107138210913531,0.05194805194805195,8,0.022691322331244903,0.09979076774374385,0.3961038961038961,61,0.3183009084087059,0.4779855454668436,0.43506493506493504,67,0.35545861076495344,0.5172187167507608,0.09090909090909091,14,0.05059551791712918,0.14782552221879086,0.44805194805194803,69,0.367953209537656,0.5301883450588181,110910,3301,0.029762870796141015
A,hgb,B,True,natural,True,source_sensitivity80,,,3422,3627,3473,154,0,0.012491399264694898,False,0.25885401670025915,899,0.2443507570638874,0.2737642801617085,0.5844155844155844,90,0.5023364772452834,0.6631820267815618,0.1038961038961039,16,0.06056196521313005,0.16323424514689489,0.5714285714285714,88,0.48928617890864684,0.6507685124831213,0.6168831168831169,95,0.5352026309685574,0.6939737308154645,0.16233766233766234,25,0.10789697375694772,0.2302460073380077,0.6753246753246753,104,0.5952694666688938,0.7484819629402996,110910,8769,0.07906410603191777
A,hgb,B,True,natural,True,target_patient_all,,,3495,3627,3473,154,0,0.026975598992269367,False,0.10423265188597754,362,0.09426262096484525,0.1148743502834932,0.44805194805194803,69,0.367953209537656,0.5301883450588181,0.05194805194805195,8,0.022691322331244903,0.09979076774374385,0.44805194805194803,69,0.367953209537656,0.5301883450588181,0.461038961038961,71,0.38050119184962744,0.5431047961980957,0.11688311688311688,18,0.07076359466897236,0.178424551200866,0.5,77,0.418461961567171,0.5815380384328289,110910,4093,0.036903795870525655
A,hgb,B,True,natural,True,target_empirical_patient_all,,,3495,3627,3473,154,0,0.026798315219203245,False,0.104520587388425,363,0.0945379264690737,0.11517441229050569,0.44805194805194803,69,0.367953209537656,0.5301883450588181,0.05194805194805195,8,0.022691322331244903,0.09979076774374385,0.44805194805194803,69,0.367953209537656,0.5301883450588181,0.461038961038961,71,0.38050119184962744,0.5431047961980957,0.11688311688311688,18,0.07076359466897236,0.178424551200866,0.5,77,0.418461961567171,0.5815380384328289,110910,4112,0.037075105941754574
A,hgb,A,False,24,True,source_hourly,,,3420,3487,3419,68,192,0.011763620288703432,False,0.27844398947060545,952,0.2634677928686779,0.29379995613757154,0.5735294117647058,39,0.44767179668826146,0.6927739136955706,0.25,17,0.15288049550717692,0.3698223507979518,0.3382352941176471,23,0.22789377929624155,0.46317102705458024,0.5882352941176471,40,0.4622672603364508,0.706264911305879,0.5294117647058824,36,0.404491922366421,0.6516880337113689,0.5882352941176471,40,0.4622672603364508,0.706264911305879,61801,6347,0.10270060355010437
A,hgb,A,False,24,True,source_patient,,,3420,3487,3419,68,192,0.024363753650463484,False,0.10938871014916643,374,0.09911745621431248,0.12033318396930316,0.3088235294117647,21,0.20236347599741297,0.43256084449031273,0.20588235294117646,14,0.11737994587851844,0.3212378679430364,0.1323529411764706,9,0.06234831406343805,0.23643555430952107,0.3382352941176471,23,0.22789377929624155,0.46317102705458024,0.3382352941176471,23,0.22789377929624155,0.46317102705458024,0.3382352941176471,23,0.22789377929624155,0.46317102705458024,61801,1678,0.027151664212553196
A,hgb,A,False,24,True,source_empirical_patient,,,3420,3487,3419,68,192,0.02433703991839072,False,0.10938871014916643,374,0.09911745621431248,0.12033318396930316,0.3088235294117647,21,0.20236347599741297,0.43256084449031273,0.20588235294117646,14,0.11737994587851844,0.3212378679430364,0.1323529411764706,9,0.06234831406343805,0.23643555430952107,0.3382352941176471,23,0.22789377929624155,0.46317102705458024,0.3382352941176471,23,0.22789377929624155,0.46317102705458024,0.3382352941176471,23,0.22789377929624155,0.46317102705458024,61801,1681,0.027200207116389704
A,hgb,A,False,24,True,source_sensitivity80,,,3420,3487,3419,68,192,0.007050561473292143,False,0.467388125182802,1598,0.4505517254790105,0.4842803533638657,0.7058823529411765,48,0.582926394690971,0.8102131440829528,0.23529411764705882,16,0.14087773625289335,0.35378699307999534,0.5,34,0.3762035808908745,0.6237964191091254,0.7352941176470589,50,0.614289597061012,0.834961528064907,0.6176470588235294,42,0.49176909542246344,0.7329311372600649,0.7352941176470589,50,0.614289597061012,0.834961528064907,61801,13145,0.21269882364363035
A,hgb,A,False,24,True,target_patient_all,,,3420,3487,3419,68,192,0.024363753650463484,False,0.10938871014916643,374,0.09911745621431248,0.12033318396930316,0.3088235294117647,21,0.20236347599741297,0.43256084449031273,0.20588235294117646,14,0.11737994587851844,0.3212378679430364,0.1323529411764706,9,0.06234831406343805,0.23643555430952107,0.3382352941176471,23,0.22789377929624155,0.46317102705458024,0.3382352941176471,23,0.22789377929624155,0.46317102705458024,0.3382352941176471,23,0.22789377929624155,0.46317102705458024,61801,1678,0.027151664212553196
A,hgb,A,False,24,True,target_empirical_patient_all,,,3420,3487,3419,68,192,0.02433703991839072,False,0.10938871014916643,374,0.09911745621431248,0.12033318396930316,0.3088235294117647,21,0.20236347599741297,0.43256084449031273,0.20588235294117646,14,0.11737994587851844,0.3212378679430364,0.1323529411764706,9,0.06234831406343805,0.23643555430952107,0.3382352941176471,23,0.22789377929624155,0.46317102705458024,0.3382352941176471,23,0.22789377929624155,0.46317102705458024,0.3382352941176471,23,0.22789377929624155,0.46317102705458024,61801,1681,0.027200207116389704
A,hgb,B,True,24,True,source_hourly,,,3420,3509,3471,38,116,0.011763620288703432,False,0.1780466724286949,618,0.16545128307211482,0.19118677444715515,0.2631578947368421,10,0.13403372302497357,0.43100824370223945,0.13157894736842105,5,0.04413744005791443,0.2808638458837533,0.18421052631578946,7,0.07742685183884879,0.34326199431092114,0.3157894736842105,12,0.1750253389011268,0.4865270544060217,0.2631578947368421,10,0.13403372302497357,0.43100824370223945,0.3157894736842105,12,0.1750253389011268,0.4865270544060217,60965,2948,0.048355613876814564
A,hgb,B,True,24,True,source_patient,,,3420,3509,3471,38,116,0.024363753650463484,False,0.058484586574474216,203,0.050908658382726124,0.06681435771403343,0.05263157894736842,2,0.006438716715091909,0.17749059034764078,0.05263157894736842,2,0.006438716715091909,0.17749059034764078,0.02631578947368421,1,0.0006660362042023656,0.13809902979242006,0.07894736842105263,3,0.016586475864529524,0.21377329118061816,0.07894736842105263,3,0.016586475864529524,0.21377329118061816,0.07894736842105263,3,0.016586475864529524,0.21377329118061816,60965,712,0.01167883211678832
A,hgb,B,True,24,True,source_empirical_patient,,,3420,3509,3471,38,116,0.02433703991839072,False,0.058484586574474216,203,0.050908658382726124,0.06681435771403343,0.05263157894736842,2,0.006438716715091909,0.17749059034764078,0.05263157894736842,2,0.006438716715091909,0.17749059034764078,0.02631578947368421,1,0.0006660362042023656,0.13809902979242006,0.07894736842105263,3,0.016586475864529524,0.21377329118061816,0.07894736842105263,3,0.016586475864529524,0.21377329118061816,0.07894736842105263,3,0.016586475864529524,0.21377329118061816,60965,712,0.01167883211678832
A,hgb,B,True,24,True,source_sensitivity80,,,3420,3509,3471,38,116,0.007050561473292143,False,0.3408239700374532,1183,0.32505111852905855,0.3568653716676146,0.6052631578947368,23,0.43386153860952953,0.7596121063559645,0.3157894736842105,12,0.1750253389011268,0.4865270544060217,0.34210526315789475,13,0.19632909294904966,0.5135267551606642,0.6578947368421053,25,0.4864732448393359,0.8036709070509503,0.5789473684210527,22,0.40821445411990515,0.7369017627485158,0.6578947368421053,25,0.4864732448393359,0.8036709070509503,60965,6937,0.11378659886820307
A,hgb,B,True,24,True,target_patient_all,,,3495,3509,3471,38,116,0.017737835967296545,False,0.09939498703543648,345,0.08963808945497266,0.109832420191874,0.15789473684210525,6,0.060229727917384644,0.312533608291905,0.13157894736842105,5,0.04413744005791443,0.2808638458837533,0.05263157894736842,2,0.006438716715091909,0.17749059034764078,0.18421052631578946,7,0.07742685183884879,0.34326199431092114,0.18421052631578946,7,0.07742685183884879,0.34326199431092114,0.18421052631578946,7,0.07742685183884879,0.34326199431092114,60965,1298,0.02129090461740343
A,hgb,B,True,24,True,target_empirical_patient_all,,,3495,3509,3471,38,116,0.017732256839489816,False,0.09939498703543648,345,0.08963808945497266,0.109832420191874,0.15789473684210525,6,0.060229727917384644,0.312533608291905,0.13157894736842105,5,0.04413744005791443,0.2808638458837533,0.05263157894736842,2,0.006438716715091909,0.17749059034764078,0.18421052631578946,7,0.07742685183884879,0.34326199431092114,0.18421052631578946,7,0.07742685183884879,0.34326199431092114,0.18421052631578946,7,0.07742685183884879,0.34326199431092114,60965,1298,0.02129090461740343
A,hgb,A,False,48,True,source_hourly,,,3422,3555,3422,133,127,0.012742405618103091,False,0.3103448275862069,1062,0.29486563992358555,0.32614868982300116,0.5639097744360902,75,0.47525400755412844,0.6496559858417996,0.15789473684210525,21,0.10047650993053289,0.23117608812372525,0.45864661654135336,61,0.3719884212221685,0.5471869937104158,0.5939849624060151,79,0.5054458467957861,0.6782431299264944,0.37593984962406013,50,0.29348967265660164,0.4640450094811272,0.6165413533834586,82,0.5282973334704966,0.6994742029230292,108193,11010,0.10176259092547577
A,hgb,A,False,48,True,source_patient,,,3422,3555,3422,133,127,0.03029385420880939,False,0.1016949152542373,348,0.09176557189242653,0.11231053308100045,0.20300751879699247,27,0.13825044746742712,0.28144837653897953,0.08270676691729323,11,0.042010814423931495,0.14316626566952273,0.19548872180451127,26,0.13185279951314016,0.2731673412183535,0.24060150375939848,32,0.17076075842272537,0.32234978933429465,0.15789473684210525,21,0.10047650993053289,0.23117608812372525,0.2781954887218045,37,0.20403698771799827,0.3625078889248565,108193,2013,0.018605639921251835
A,hgb,A,False,48,True,source_empirical_patient,,,3422,3555,3422,133,127,0.0302357991764687,False,0.10227936879018118,350,0.09232377934988825,0.11292019358834096,0.20300751879699247,27,0.13825044746742712,0.28144837653897953,0.08270676691729323,11,0.042010814423931495,0.14316626566952273,0.19548872180451127,26,0.13185279951314016,0.2731673412183535,0.24060150375939848,32,0.17076075842272537,0.32234978933429465,0.15789473684210525,21,0.10047650993053289,0.23117608812372525,0.2781954887218045,37,0.20403698771799827,0.3625078889248565,108193,2025,0.018716552826892684
A,hgb,A,False,48,True,source_sensitivity80,,,3422,3555,3422,133,127,0.007788312511080102,False,0.48947983635300996,1675,0.4726000321132058,0.5063776338669304,0.7368421052631579,98,0.6534731108249416,0.8093579149678622,0.12781954887218044,17,0.07625530265616293,0.19674822617521334,0.6541353383458647,87,0.5667942631511651,0.7344436649033399,0.7443609022556391,99,0.6615039794835633,0.816013968386801,0.3533834586466165,47,0.2725074237595083,0.4409473831742606,0.7819548872180451,104,0.7020940031651675,0.8488458276721981,108193,22462,0.20761047387538936
A,hgb,A,False,48,True,target_patient_all,,,3422,3555,3422,133,127,0.03029385420880939,False,0.1016949152542373,348,0.09176557189242653,0.11231053308100045,0.20300751879699247,27,0.13825044746742712,0.28144837653897953,0.08270676691729323,11,0.042010814423931495,0.14316626566952273,0.19548872180451127,26,0.13185279951314016,0.2731673412183535,0.24060150375939848,32,0.17076075842272537,0.32234978933429465,0.15789473684210525,21,0.10047650993053289,0.23117608812372525,0.2781954887218045,37,0.20403698771799827,0.3625078889248565,108193,2013,0.018605639921251835
A,hgb,A,False,48,True,target_empirical_patient_all,,,3422,3555,3422,133,127,0.0302357991764687,False,0.10227936879018118,350,0.09232377934988825,0.11292019358834096,0.20300751879699247,27,0.13825044746742712,0.28144837653897953,0.08270676691729323,11,0.042010814423931495,0.14316626566952273,0.19548872180451127,26,0.13185279951314016,0.2731673412183535,0.24060150375939848,32,0.17076075842272537,0.32234978933429465,0.15789473684210525,21,0.10047650993053289,0.23117608812372525,0.2781954887218045,37,0.20403698771799827,0.3625078889248565,108193,2025,0.018716552826892684
A,hgb,B,True,48,True,source_hourly,,,3422,3549,3473,76,78,0.012742405618103091,False,0.19781169018139938,687,0.1846780842540918,0.21145597596887955,0.27631578947368424,21,0.17987242755715135,0.390857050783399,0.10526315789473684,8,0.04655356275747649,0.19691669919168625,0.3157894736842105,24,0.21389459225458077,0.432547901806526,0.32894736842105265,25,0.2254298046273536,0.4462565948263055,0.19736842105263158,15,0.11488530434881021,0.30455125069259564,0.42105263157894735,32,0.3086157248141728,0.5398336531470997,104347,4573,0.04382493028069805
A,hgb,B,True,48,True,source_patient,,,3422,3549,3473,76,78,0.03029385420880939,False,0.05557155197235819,193,0.04818526008222992,0.06371664885762447,0.07894736842105263,6,0.029523783669068708,0.16395590488076908,0.039473684210526314,3,0.00821559218059453,0.11105331912596336,0.10526315789473684,8,0.04655356275747649,0.19691669919168625,0.11842105263157894,9,0.055604208151425104,0.21293324449408876,0.10526315789473684,8,0.04655356275747649,0.19691669919168625,0.14473684210526316,11,0.07452893843891269,0.24423396390789112,104347,794,0.0076092269063796755
A,hgb,B,True,48,True,source_empirical_patient,,,3422,3549,3473,76,78,0.0302357991764687,False,0.05557155197235819,193,0.04818526008222992,0.06371664885762447,0.07894736842105263,6,0.029523783669068708,0.16395590488076908,0.039473684210526314,3,0.00821559218059453,0.11105331912596336,0.10526315789473684,8,0.04655356275747649,0.19691669919168625,0.11842105263157894,9,0.055604208151425104,0.21293324449408876,0.10526315789473684,8,0.04655356275747649,0.19691669919168625,0.14473684210526316,11,0.07452893843891269,0.24423396390789112,104347,798,0.007647560543187633
A,hgb,B,True,48,True,source_sensitivity80,,,3422,3549,3473,76,78,0.007788312511080102,False,0.3619349265764469,1257,0.34593032857390565,0.37817228522789714,0.5131578947368421,39,0.39569398511206655,0.6295653056913165,0.17105263157894737,13,0.09434516099442763,0.27472658858330284,0.5131578947368421,39,0.39569398511206655,0.6295653056913165,0.6052631578947368,46,0.48649503168387026,0.7155668220017605,0.34210526315789475,26,0.237056796816216,0.45987602619535606,0.6842105263157895,52,0.5674520981934741,0.7861054077454193,104347,10585,0.10144038640305902
A,hgb,B,True,48,True,target_patient_all,,,3495,3549,3473,76,78,0.02063945315623199,False,0.10308090987618773,358,0.09316164148870208,0.11367386058645408,0.14473684210526316,11,0.07452893843891269,0.24423396390789112,0.07894736842105263,6,0.029523783669068708,0.16395590488076908,0.17105263157894737,13,0.09434516099442763,0.27472658858330284,0.19736842105263158,15,0.11488530434881021,0.30455125069259564,0.15789473684210525,12,0.08433772792007178,0.25957123739929405,0.25,19,0.15771837956503856,0.36255589054950893,104347,1791,0.017163885880763223
A,hgb,B,True,48,True,target_empirical_patient_all,,,3495,3549,3473,76,78,0.02062172693318633,False,0.10308090987618773,358,0.09316164148870208,0.11367386058645408,0.14473684210526316,11,0.07452893843891269,0.24423396390789112,0.07894736842105263,6,0.029523783669068708,0.16395590488076908,0.17105263157894737,13,0.09434516099442763,0.27472658858330284,0.19736842105263158,15,0.11488530434881021,0.30455125069259564,0.15789473684210525,12,0.08433772792007178,0.25957123739929405,0.25,19,0.15771837956503856,0.36255589054950893,104347,1794,0.017192636108369193
A,hgb,A,False,72,True,source_hourly,,,3422,3601,3422,179,81,0.013783469193689741,False,0.3287551139684395,1125,0.31302156578046697,0.34478176543355893,0.6201117318435754,111,0.5446994798592768,0.6914751870704019,0.1564245810055866,28,0.10652986203865035,0.21808077713316787,0.5251396648044693,94,0.4493051741949818,0.6001278467589041,0.6480446927374302,116,0.5732831426037663,0.7178120626768202,0.3016759776536313,54,0.23544794499336952,0.3746071789058747,0.6815642458100558,122,0.6079246258759976,0.7490716234831443,112566,11617,0.10320167723824246
A,hgb,A,False,72,True,source_patient,,,3422,3601,3422,179,81,0.035746331797951565,False,0.108708357685564,372,0.0984706842118827,0.11961986043397142,0.2849162011173184,51,0.22007306321733228,0.35703499597653354,0.1005586592178771,18,0.06069389338968345,0.15426618522804122,0.24581005586592178,44,0.18464153847759565,0.3155977719370812,0.29608938547486036,53,0.23031100400151092,0.3687615788014854,0.18435754189944134,33,0.13043204408986273,0.24904711886955372,0.3463687150837989,62,0.2769513067158902,0.4209696774388879,112566,1863,0.016550290496242206
A,hgb,A,False,72,True,source_empirical_patient,,,3422,3601,3422,179,81,0.03570305753024042,False,0.108708357685564,372,0.0984706842118827,0.11961986043397142,0.2849162011173184,51,0.22007306321733228,0.35703499597653354,0.1005586592178771,18,0.06069389338968345,0.15426618522804122,0.24581005586592178,44,0.18464153847759565,0.3155977719370812,0.29608938547486036,53,0.23031100400151092,0.3687615788014854,0.18435754189944134,33,0.13043204408986273,0.24904711886955372,0.3463687150837989,62,0.2769513067158902,0.4209696774388879,112566,1866,0.01657694152763712
A,hgb,A,False,72,True,source_sensitivity80,,,3422,3601,3422,179,81,0.008246485240535669,False,0.5075978959672706,1737,0.4907008245848229,0.5244819722228966,0.776536312849162,139,0.708381128779163,0.8352982062316037,0.10614525139664804,19,0.06512704963655794,0.16078997243257548,0.7094972067039106,127,0.6370957513542268,0.7748140241386061,0.7877094972067039,141,0.7204610857717051,0.8451753358906873,0.27932960893854747,50,0.21497248016558412,0.35115361751545326,0.8156424581005587,146,0.7509528811304462,0.8695679559101372,112566,23734,0.21084519304230406
A,hgb,A,False,72,True,target_patient_all,,,3422,3601,3422,179,81,0.035746331797951565,False,0.108708357685564,372,0.0984706842118827,0.11961986043397142,0.2849162011173184,51,0.22007306321733228,0.35703499597653354,0.1005586592178771,18,0.06069389338968345,0.15426618522804122,0.24581005586592178,44,0.18464153847759565,0.3155977719370812,0.29608938547486036,53,0.23031100400151092,0.3687615788014854,0.18435754189944134,33,0.13043204408986273,0.24904711886955372,0.3463687150837989,62,0.2769513067158902,0.4209696774388879,112566,1863,0.016550290496242206
A,hgb,A,False,72,True,target_empirical_patient_all,,,3422,3601,3422,179,81,0.03570305753024042,False,0.108708357685564,372,0.0984706842118827,0.11961986043397142,0.2849162011173184,51,0.22007306321733228,0.35703499597653354,0.1005586592178771,18,0.06069389338968345,0.15426618522804122,0.24581005586592178,44,0.18464153847759565,0.3155977719370812,0.29608938547486036,53,0.23031100400151092,0.3687615788014854,0.18435754189944134,33,0.13043204408986273,0.24904711886955372,0.3463687150837989,62,0.2769513067158902,0.4209696774388879,112566,1866,0.01657694152763712
A,hgb,B,True,72,True,source_hourly,,,3422,3576,3473,103,51,0.013783469193689741,False,0.23380362798733084,812,0.21981199453339959,0.24824474549230885,0.3786407766990291,39,0.28488969188023683,0.47956317731524917,0.1553398058252427,16,0.09147723937328406,0.23997102513634974,0.33980582524271846,35,0.24935750142950974,0.43973378977813266,0.42718446601941745,44,0.3301836251019866,0.528483127388902,0.24271844660194175,25,0.1636449808215356,0.3371127526296998,0.49514563106796117,51,0.3951388117172553,0.5954387942396668,108739,5638,0.05184892264964732
A,hgb,B,True,72,True,source_patient,,,3422,3576,3473,103,51,0.035746331797951565,False,0.07486323063633746,260,0.06632746006493212,0.0841226178153128,0.17475728155339806,18,0.10698786790745927,0.26205719367859703,0.06796116504854369,7,0.027758689442317217,0.13502237890852511,0.1262135922330097,13,0.0689477159644516,0.2061553381009616,0.18446601941747573,19,0.11486974621752469,0.27298112196149343,0.1262135922330097,13,0.0689477159644516,0.2061553381009616,0.1941747572815534,20,0.12282893122170677,0.2838318727266412,108739,1298,0.011936839588372158
A,hgb,B,True,72,True,source_empirical_patient,,,3422,3576,3473,103,51,0.03570305753024042,False,0.07486323063633746,260,0.06632746006493212,0.0841226178153128,0.17475728155339806,18,0.10698786790745927,0.26205719367859703,0.06796116504854369,7,0.027758689442317217,0.13502237890852511,0.1262135922330097,13,0.0689477159644516,0.2061553381009616,0.18446601941747573,19,0.11486974621752469,0.27298112196149343,0.1262135922330097,13,0.0689477159644516,0.2061553381009616,0.1941747572815534,20,0.12282893122170677,0.2838318727266412,108739,1300,0.011955232253377353
A,hgb,B,True,72,True,source_sensitivity80,,,3422,3576,3473,103,51,0.008246485240535669,False,0.3930319608407717,1365,0.3767397941611084,0.4095044284675546,0.5631067961165048,58,0.4618438972603665,0.6606455009859864,0.14563106796116504,15,0.08386118144674826,0.22879763117362556,0.5728155339805825,59,0.4715168726110978,0.6698163748980134,0.6310679611650486,65,0.5303347281198056,0.7240537621996148,0.27184466019417475,28,0.18884305959164718,0.36840014032691376,0.7184466019417476,74,0.6212718676830293,0.8026531327099886,108739,12088,0.11116526729140419
A,hgb,B,True,72,True,target_patient_all,,,3495,3576,3473,103,51,0.026975598992269367,False,0.10423265188597754,362,0.09426262096484525,0.1148743502834932,0.1941747572815534,20,0.12282893122170677,0.2838318727266412,0.06796116504854369,7,0.027758689442317217,0.13502237890852511,0.1941747572815534,20,0.12282893122170677,0.2838318727266412,0.21359223300970873,22,0.13896186452588058,0.3053293296902471,0.1553398058252427,16,0.09147723937328406,0.23997102513634974,0.2621359223300971,27,0.18039022815035816,0.3580227188307681,108739,1974,0.01815356036012838
A,hgb,B,True,72,True,target_empirical_patient_all,,,3495,3576,3473,103,51,0.026798315219203245,False,0.104520587388425,363,0.0945379264690737,0.11517441229050569,0.1941747572815534,20,0.12282893122170677,0.2838318727266412,0.06796116504854369,7,0.027758689442317217,0.13502237890852511,0.1941747572815534,20,0.12282893122170677,0.2838318727266412,0.21359223300970873,22,0.13896186452588058,0.3053293296902471,0.1553398058252427,16,0.09147723937328406,0.23997102513634974,0.2621359223300971,27,0.18039022815035816,0.3580227188307681,108739,1993,0.01832829067767774
A,hgb_no_observation_features,A,False,natural,True,source_hourly,,,3422,3682,3422,260,0,0.019704533064867864,False,0.24693161893629456,845,0.2325584076513037,0.2617384486151496,0.5807692307692308,151,0.5182327066856658,0.6414429002104186,0.057692307692307696,15,0.03264595656049222,0.0933703024539803,0.6153846153846154,160,0.553282234585166,0.6748242958704112,0.6192307692307693,161,0.5571956427531601,0.6785142306880214,0.1423076923076923,37,0.1022176612983699,0.19077885503803618,0.6730769230769231,175,0.6124020159925121,0.7297519207313237,112566,10844,0.09633459481548602
A,hgb_no_observation_features,A,False,natural,True,source_patient,,,3422,3682,3422,260,0,0.04074578935779344,False,0.1011104617182934,346,0.09120746807632336,0.11170076931977725,0.3153846153846154,82,0.2593756927723424,0.37566176662507306,0.06538461538461539,17,0.038547040160282396,0.10262487074598114,0.36538461538461536,95,0.3067652485488799,0.4271117327609946,0.36153846153846153,94,0.30309504797622655,0.42317870848445227,0.13076923076923078,34,0.09228944800343739,0.1779171090290837,0.4307692307692308,112,0.36975164202014427,0.4933833316233948,112566,3017,0.026802053906152836
A,hgb_no_observation_features,A,False,natural,True,source_empirical_patient,,,3422,3682,3422,260,0,0.04061694979260595,False,0.1016949152542373,348,0.09176557189242653,0.11231053308100045,0.3153846153846154,82,0.2593756927723424,0.37566176662507306,0.06538461538461539,17,0.038547040160282396,0.10262487074598114,0.36538461538461536,95,0.3067652485488799,0.4271117327609946,0.36153846153846153,94,0.30309504797622655,0.42317870848445227,0.13076923076923078,34,0.09228944800343739,0.1779171090290837,0.4307692307692308,112,0.36975164202014427,0.4933833316233948,112566,3038,0.02698861112591724
A,hgb_no_observation_features,A,False,natural,True,source_sensitivity80,,,3422,3682,3422,260,0,0.011905272801859075,False,0.40824079485680886,1397,0.3917110834866443,0.4249274778805923,0.7115384615384616,185,0.6523459801135634,0.7658350955050589,0.06538461538461539,17,0.038547040160282396,0.10262487074598114,0.7076923076923077,184,0.6483310300349016,0.7622475451291513,0.7461538461538462,194,0.6887016964158197,0.7978991734107859,0.17692307692307693,46,0.1325378370352357,0.2288443282079319,0.7730769230769231,201,0.7172759729308574,0.8225360615332309,112566,21942,0.1949256436224082
A,hgb_no_observation_features,A,False,natural,True,target_patient_all,,,3422,3682,3422,260,0,0.04074578935779344,False,0.1011104617182934,346,0.09120746807632336,0.11170076931977725,0.3153846153846154,82,0.2593756927723424,0.37566176662507306,0.06538461538461539,17,0.038547040160282396,0.10262487074598114,0.36538461538461536,95,0.3067652485488799,0.4271117327609946,0.36153846153846153,94,0.30309504797622655,0.42317870848445227,0.13076923076923078,34,0.09228944800343739,0.1779171090290837,0.4307692307692308,112,0.36975164202014427,0.4933833316233948,112566,3017,0.026802053906152836
A,hgb_no_observation_features,A,False,natural,True,target_empirical_patient_all,,,3422,3682,3422,260,0,0.04061694979260595,False,0.1016949152542373,348,0.09176557189242653,0.11231053308100045,0.3153846153846154,82,0.2593756927723424,0.37566176662507306,0.06538461538461539,17,0.038547040160282396,0.10262487074598114,0.36538461538461536,95,0.3067652485488799,0.4271117327609946,0.36153846153846153,94,0.30309504797622655,0.42317870848445227,0.13076923076923078,34,0.09228944800343739,0.1779171090290837,0.4307692307692308,112,0.36975164202014427,0.4933833316233948,112566,3038,0.02698861112591724
A,hgb_no_observation_features,B,True,natural,True,source_hourly,,,3422,3627,3473,154,0,0.019704533064867864,False,0.1540454938093867,535,0.14219064378336896,0.16648583452995222,0.3181818181818182,49,0.24553884568577197,0.39798015651019436,0.07792207792207792,12,0.04091098735376322,0.13215791655397827,0.35064935064935066,54,0.2755928694053313,0.431576169522941,0.33766233766233766,52,0.2635243083216708,0.41818408426253373,0.11038961038961038,17,0.06563574862508902,0.1708546283593505,0.42857142857142855,66,0.34923148751687877,0.5107138210913531,110910,5745,0.051798755747903706
A,hgb_no_observation_features,B,True,natural,True,source_patient,,,3422,3627,3473,154,0,0.04074578935779344,False,0.058162971494385256,202,0.05060958483972006,0.0664703565088166,0.16233766233766234,25,0.10789697375694772,0.2302460073380077,0.032467532467532464,5,0.010624575174314588,0.074139540815779,0.2077922077922078,32,0.14668295710506496,0.28048878625548723,0.18181818181818182,28,0.12434817614954381,0.25194360460297427,0.045454545454545456,7,0.018467719055790442,0.09140937878400023,0.24025974025974026,37,0.17515463972983172,0.3156343759716255,110910,1507,0.013587593544315211
A,hgb_no_observation_features,B,True,natural,True,source_empirical_patient,,,3422,3627,3473,154,0,0.04061694979260595,False,0.05873884249928016,204,0.05114892539556912,0.06708169393776735,0.16233766233766234,25,0.10789697375694772,0.2302460073380077,0.032467532467532464,5,0.010624575174314588,0.074139540815779,0.2077922077922078,32,0.14668295710506496,0.28048878625548723,0.18181818181818182,28,0.12434817614954381,0.25194360460297427,0.045454545454545456,7,0.018467719055790442,0.09140937878400023,0.24025974025974026,37,0.17515463972983172,0.3156343759716255,110910,1520,0.013704805698313949
A,hgb_no_observation_features,B,True,natural,True,source_sensitivity80,,,3422,3627,3473,154,0,0.011905272801859075,False,0.2640368557443133,917,0.24943569962243073,0.2790362356121416,0.525974025974026,81,0.44403158016120214,0.6068978453508936,0.07792207792207792,12,0.04091098735376322,0.13215791655397827,0.564935064935065,87,0.4827812832492392,0.6445413892350467,0.577922077922078,89,0.495804551471393,0.6569820862246672,0.16233766233766234,25,0.10789697375694772,0.2302460073380077,0.6428571428571429,99,0.5617503359716175,0.7183500240108307,110910,12002,0.10821386709945001
A,hgb_no_observation_features,B,True,natural,True,target_patient_all,,,3495,3627,3473,154,0,0.02721491839666973,False,0.10480852289087245,364,0.09481325605001653,0.1154744503068023,0.24025974025974026,37,0.17515463972983172,0.3156343759716255,0.05844155844155844,9,0.027068461258342454,0.10803957445511275,0.2727272727272727,42,0.20415797281954284,0.3502619759486091,0.2597402597402597,40,0.19249737247736853,0.3364688501075953,0.07142857142857142,11,0.03619427133597008,0.12421014584494618,0.33116883116883117,51,0.2575132730410363,0.41146509885234017,110910,3286,0.02962762600306555
A,hgb_no_observation_features,B,True,natural,True,target_empirical_patient_all,,,3495,3627,3473,154,0,0.027189278002339036,False,0.10480852289087245,364,0.09481325605001653,0.1154744503068023,0.24025974025974026,37,0.17515463972983172,0.3156343759716255,0.05844155844155844,9,0.027068461258342454,0.10803957445511275,0.2727272727272727,42,0.20415797281954284,0.3502619759486091,0.2597402597402597,40,0.19249737247736853,0.3364688501075953,0.07142857142857142,11,0.03619427133597008,0.12421014584494618,0.33116883116883117,51,0.2575132730410363,0.41146509885234017,110910,3289,0.02965467496168064
A,hgb_no_observation_features,A,False,24,True,source_hourly,,,3420,3487,3419,68,192,0.015095217626831116,False,0.2374963439602223,812,0.22331515746511246,0.2521277913814349,0.4117647058823529,28,0.29373508869412107,0.5377327396635492,0.17647058823529413,12,0.09465001424524797,0.28797283844071664,0.27941176470588236,19,0.17734305837253575,0.4014586611137198,0.45588235294117646,31,0.3345157029289514,0.5812149541040131,0.39705882352941174,27,0.2803486968377239,0.5230341896460267,0.45588235294117646,31,0.3345157029289514,0.5812149541040131,61801,5916,0.09572660636559278
A,hgb_no_observation_features,A,False,24,True,source_patient,,,3420,3487,3419,68,192,0.029891812028390998,False,0.09973676513600468,341,0.08989189022276217,0.11027200940167117,0.22058823529411764,15,0.1290402643987188,0.33759558176043064,0.10294117647058823,7,0.04240048807461239,0.20066529806477587,0.1323529411764706,9,0.06234831406343805,0.23643555430952107,0.23529411764705882,16,0.14087773625289335,0.35378699307999534,0.23529411764705882,16,0.14087773625289335,0.35378699307999534,0.23529411764705882,16,0.14087773625289335,0.35378699307999534,61801,1966,0.03181178298085791
A,hgb_no_observation_features,A,False,24,True,source_empirical_patient,,,3420,3487,3419,68,192,0.02987540825258287,False,0.09973676513600468,341,0.08989189022276217,0.11027200940167117,0.22058823529411764,15,0.1290402643987188,0.33759558176043064,0.10294117647058823,7,0.04240048807461239,0.20066529806477587,0.1323529411764706,9,0.06234831406343805,0.23643555430952107,0.23529411764705882,16,0.14087773625289335,0.35378699307999534,0.23529411764705882,16,0.14087773625289335,0.35378699307999534,0.23529411764705882,16,0.14087773625289335,0.35378699307999534,61801,1966,0.03181178298085791
A,hgb_no_observation_features,A,False,24,True,source_sensitivity80,,,3420,3487,3419,68,192,0.006969566678200025,False,0.5045334893243638,1725,0.48763032240657994,0.5214288955168013,0.7058823529411765,48,0.582926394690971,0.8102131440829528,0.17647058823529413,12,0.09465001424524797,0.28797283844071664,0.5294117647058824,36,0.404491922366421,0.6516880337113689,0.7058823529411765,48,0.582926394690971,0.8102131440829528,0.5588235294117647,38,0.433178076850381,0.679179935326291,0.7058823529411765,48,0.582926394690971,0.8102131440829528,61801,16644,0.2693160304849436
A,hgb_no_observation_features,A,False,24,True,target_patient_all,,,3420,3487,3419,68,192,0.029891812028390998,False,0.09973676513600468,341,0.08989189022276217,0.11027200940167117,0.22058823529411764,15,0.1290402643987188,0.33759558176043064,0.10294117647058823,7,0.04240048807461239,0.20066529806477587,0.1323529411764706,9,0.06234831406343805,0.23643555430952107,0.23529411764705882,16,0.14087773625289335,0.35378699307999534,0.23529411764705882,16,0.14087773625289335,0.35378699307999534,0.23529411764705882,16,0.14087773625289335,0.35378699307999534,61801,1966,0.03181178298085791
A,hgb_no_observation_features,A,False,24,True,target_empirical_patient_all,,,3420,3487,3419,68,192,0.02987540825258287,False,0.09973676513600468,341,0.08989189022276217,0.11027200940167117,0.22058823529411764,15,0.1290402643987188,0.33759558176043064,0.10294117647058823,7,0.04240048807461239,0.20066529806477587,0.1323529411764706,9,0.06234831406343805,0.23643555430952107,0.23529411764705882,16,0.14087773625289335,0.35378699307999534,0.23529411764705882,16,0.14087773625289335,0.35378699307999534,0.23529411764705882,16,0.14087773625289335,0.35378699307999534,61801,1966,0.03181178298085791
A,hgb_no_observation_features,B,True,24,True,source_hourly,,,3420,3509,3471,38,116,0.015095217626831116,False,0.16421780466724287,570,0.1520357378458812,0.17696825163754987,0.23684210526315788,9,0.1144417048225307,0.4024123605714909,0.15789473684210525,6,0.060229727917384644,0.312533608291905,0.07894736842105263,3,0.016586475864529524,0.21377329118061816,0.23684210526315788,9,0.1144417048225307,0.4024123605714909,0.23684210526315788,9,0.1144417048225307,0.4024123605714909,0.23684210526315788,9,0.1144417048225307,0.4024123605714909,60965,3239,0.05312884441892889
A,hgb_no_observation_features,B,True,24,True,source_patient,,,3420,3509,3471,38,116,0.029891812028390998,False,0.06136560069144339,213,0.0536095378733626,0.06987019774822387,0.10526315789473684,4,0.029434517445787737,0.24804937921702191,0.10526315789473684,4,0.029434517445787737,0.24804937921702191,0.0,0,0.0,0.09251276141587829,0.10526315789473684,4,0.029434517445787737,0.24804937921702191,0.10526315789473684,4,0.029434517445787737,0.24804937921702191,0.10526315789473684,4,0.029434517445787737,0.24804937921702191,60965,1006,0.016501271221192486
A,hgb_no_observation_features,B,True,24,True,source_empirical_patient,,,3420,3509,3471,38,116,0.02987540825258287,False,0.061653702103140307,214,0.05387990623654659,0.07017550315647049,0.10526315789473684,4,0.029434517445787737,0.24804937921702191,0.10526315789473684,4,0.029434517445787737,0.24804937921702191,0.0,0,0.0,0.09251276141587829,0.10526315789473684,4,0.029434517445787737,0.24804937921702191,0.10526315789473684,4,0.029434517445787737,0.24804937921702191,0.10526315789473684,4,0.029434517445787737,0.24804937921702191,60965,1008,0.016534076929385712
A,hgb_no_observation_features,B,True,24,True,source_sensitivity80,,,3420,3509,3471,38,116,0.006969566678200025,False,0.3874963987323538,1345,0.37124559485691144,0.4039369495039147,0.6578947368421053,25,0.4864732448393359,0.8036709070509503,0.23684210526315788,9,0.1144417048225307,0.4024123605714909,0.47368421052631576,18,0.3098073016082087,0.6418165637394962,0.7105263157894737,27,0.5409679330757076,0.8457537132120901,0.6052631578947368,23,0.43386153860952953,0.7596121063559645,0.7105263157894737,27,0.5409679330757076,0.8457537132120901,60965,10294,0.16885098007053229
A,hgb_no_observation_features,B,True,24,True,target_patient_all,,,3495,3509,3471,38,116,0.02214043745779239,False,0.09968308844713339,346,0.08991313132267958,0.11013307552761624,0.10526315789473684,4,0.029434517445787737,0.24804937921702191,0.10526315789473684,4,0.029434517445787737,0.24804937921702191,0.02631578947368421,1,0.0006660362042023656,0.13809902979242006,0.13157894736842105,5,0.04413744005791443,0.2808638458837533,0.13157894736842105,5,0.04413744005791443,0.2808638458837533,0.13157894736842105,5,0.04413744005791443,0.2808638458837533,60965,1719,0.028196506192077423
A,hgb_no_observation_features,B,True,24,True,target_empirical_patient_all,,,3495,3509,3471,38,116,0.022102547134282453,False,0.09997118985883031,347,0.09018819887059241,0.11043370527997741,0.10526315789473684,4,0.029434517445787737,0.24804937921702191,0.10526315789473684,4,0.029434517445787737,0.24804937921702191,0.02631578947368421,1,0.0006660362042023656,0.13809902979242006,0.13157894736842105,5,0.04413744005791443,0.2808638458837533,0.13157894736842105,5,0.04413744005791443,0.2808638458837533,0.13157894736842105,5,0.04413744005791443,0.2808638458837533,60965,1723,0.028262117608463873
A,hgb_no_observation_features,A,False,48,True,source_hourly,,,3422,3555,3422,133,127,0.01908356091469415,False,0.2516072472238457,861,0.2371392848426076,0.26650078178421216,0.45864661654135336,61,0.3719884212221685,0.5471869937104158,0.09022556390977443,12,0.04749346961835971,0.15230218500904943,0.42857142857142855,57,0.34316782524615075,0.5172272407142386,0.49624060150375937,66,0.4084435094158471,0.5842087707676301,0.24812030075187969,33,0.177358631844645,0.3304372575417398,0.518796992481203,69,0.43054324634997737,0.6061953225877244,108193,10345,0.09561616740454558
A,hgb_no_observation_features,A,False,48,True,source_patient,,,3422,3555,3422,133,127,0.040275107992924,False,0.09877264757451783,338,0.08897610536808702,0.1092606657058021,0.20300751879699247,27,0.13825044746742712,0.28144837653897953,0.07518796992481203,10,0.0366433629149933,0.13392679217941933,0.18045112781954886,24,0.11917398027279852,0.2564934432255194,0.24060150375939848,32,0.17076075842272537,0.32234978933429465,0.15789473684210525,21,0.10047650993053289,0.23117608812372525,0.2556390977443609,34,0.18398603161319907,0.3384960205164367,108193,2749,0.025408298133890363
A,hgb_no_observation_features,A,False,48,True,source_empirical_patient,,,3422,3555,3422,133,127,0.04016054349450023,False,0.09906487434248977,339,0.08925493252746124,0.1095657714802554,0.20300751879699247,27,0.13825044746742712,0.28144837653897953,0.07518796992481203,10,0.0366433629149933,0.13392679217941933,0.18045112781954886,24,0.11917398027279852,0.2564934432255194,0.24060150375939848,32,0.17076075842272537,0.32234978933429465,0.15789473684210525,21,0.10047650993053289,0.23117608812372525,0.2556390977443609,34,0.18398603161319907,0.3384960205164367,108193,2759,0.025500725555257734
A,hgb_no_observation_features,A,False,48,True,source_sensitivity80,,,3422,3555,3422,133,127,0.007639268803619184,False,0.5610753945061367,1920,0.544256010667913,0.5777903087263552,0.7518796992481203,100,0.6695627424582602,0.822641368155355,0.09774436090225563,13,0.05307838128824095,0.16134535540848033,0.6917293233082706,92,0.6058352889008171,0.7688610883089532,0.7744360902255639,103,0.6939148481372835,0.8423425439517109,0.3458646616541353,46,0.2655563350966601,0.4332057368488349,0.7894736842105263,105,0.710305852400668,0.855315274732137,108193,33724,0.3117022358193229
A,hgb_no_observation_features,A,False,48,True,target_patient_all,,,3422,3555,3422,133,127,0.040275107992924,False,0.09877264757451783,338,0.08897610536808702,0.1092606657058021,0.20300751879699247,27,0.13825044746742712,0.28144837653897953,0.07518796992481203,10,0.0366433629149933,0.13392679217941933,0.18045112781954886,24,0.11917398027279852,0.2564934432255194,0.24060150375939848,32,0.17076075842272537,0.32234978933429465,0.15789473684210525,21,0.10047650993053289,0.23117608812372525,0.2556390977443609,34,0.18398603161319907,0.3384960205164367,108193,2749,0.025408298133890363
A,hgb_no_observation_features,A,False,48,True,target_empirical_patient_all,,,3422,3555,3422,133,127,0.04016054349450023,False,0.09906487434248977,339,0.08925493252746124,0.1095657714802554,0.20300751879699247,27,0.13825044746742712,0.28144837653897953,0.07518796992481203,10,0.0366433629149933,0.13392679217941933,0.18045112781954886,24,0.11917398027279852,0.2564934432255194,0.24060150375939848,32,0.17076075842272537,0.32234978933429465,0.15789473684210525,21,0.10047650993053289,0.23117608812372525,0.2556390977443609,34,0.18398603161319907,0.3384960205164367,108193,2759,0.025500725555257734
A,hgb_no_observation_features,B,True,48,True,source_hourly,,,3422,3549,3473,76,78,0.01908356091469415,False,0.1540454938093867,535,0.14219064378336896,0.16648583452995222,0.19736842105263158,15,0.11488530434881021,0.30455125069259564,0.07894736842105263,6,0.029523783669068708,0.16395590488076908,0.17105263157894737,13,0.09434516099442763,0.27472658858330284,0.19736842105263158,15,0.11488530434881021,0.30455125069259564,0.11842105263157894,9,0.055604208151425104,0.21293324449408876,0.25,19,0.15771837956503856,0.36255589054950893,104347,5006,0.047974546465159515
A,hgb_no_observation_features,B,True,48,True,source_patient,,,3422,3549,3473,76,78,0.040275107992924,False,0.055859487474805646,194,0.04845440544967059,0.06402283886466818,0.09210526315789473,7,0.03783805191796394,0.18060789141060657,0.05263157894736842,4,0.014524558339156456,0.12930915845298477,0.05263157894736842,4,0.014524558339156456,0.12930915845298477,0.09210526315789473,7,0.03783805191796394,0.18060789141060657,0.06578947368421052,5,0.02170507787769826,0.14689038471639032,0.10526315789473684,8,0.04655356275747649,0.19691669919168625,104347,1225,0.011739676272437157
A,hgb_no_observation_features,B,True,48,True,source_empirical_patient,,,3422,3549,3473,76,78,0.04016054349450023,False,0.05643535847970055,196,0.04899286664069544,0.06463504962182812,0.09210526315789473,7,0.03783805191796394,0.18060789141060657,0.05263157894736842,4,0.014524558339156456,0.12930915845298477,0.05263157894736842,4,0.014524558339156456,0.12930915845298477,0.09210526315789473,7,0.03783805191796394,0.18060789141060657,0.06578947368421052,5,0.02170507787769826,0.14689038471639032,0.10526315789473684,8,0.04655356275747649,0.19691669919168625,104347,1231,0.011797176727649093
A,hgb_no_observation_features,B,True,48,True,source_sensitivity80,,,3422,3549,3473,76,78,0.007639268803619184,False,0.4077166714655917,1416,0.3913128819573113,0.42427599909731134,0.6052631578947368,46,0.48649503168387026,0.7155668220017605,0.15789473684210525,12,0.08433772792007178,0.25957123739929405,0.5394736842105263,41,0.42125482503267064,0.6545224698415699,0.6447368421052632,49,0.5265914009355495,0.7512271334708953,0.32894736842105265,25,0.2254298046273536,0.4462565948263055,0.6973684210526315,53,0.5812527835530916,0.7975457736293714,104347,18783,0.18000517504096908
A,hgb_no_observation_features,B,True,48,True,target_patient_all,,,3495,3549,3473,76,78,0.02647182172587681,False,0.10480852289087245,364,0.09481325605001653,0.1154744503068023,0.13157894736842105,10,0.06494156767608714,0.22869579260761233,0.09210526315789473,7,0.03783805191796394,0.18060789141060657,0.10526315789473684,8,0.04655356275747649,0.19691669919168625,0.15789473684210525,12,0.08433772792007178,0.25957123739929405,0.11842105263157894,9,0.055604208151425104,0.21293324449408876,0.19736842105263158,15,0.11488530434881021,0.30455125069259564,104347,2832,0.027140214860034307
A,hgb_no_observation_features,B,True,48,True,target_empirical_patient_all,,,3495,3549,3473,76,78,0.0263669834435329,False,0.10538439389576734,366,0.09536398709213183,0.11607445471484638,0.13157894736842105,10,0.06494156767608714,0.22869579260761233,0.09210526315789473,7,0.03783805191796394,0.18060789141060657,0.10526315789473684,8,0.04655356275747649,0.19691669919168625,0.15789473684210525,12,0.08433772792007178,0.25957123739929405,0.11842105263157894,9,0.055604208151425104,0.21293324449408876,0.19736842105263158,15,0.11488530434881021,0.30455125069259564,104347,2855,0.027360633271680066
A,hgb_no_observation_features,A,False,72,True,source_hourly,,,3422,3601,3422,179,81,0.019541063436768945,False,0.2489772063120982,852,0.23456226306800784,0.26382224740816973,0.48044692737430167,86,0.40532859841562635,0.5562234813671054,0.0782122905027933,14,0.04341815096501695,0.12774550128366266,0.4860335195530726,87,0.41079408729362066,0.5617431045092448,0.5307262569832403,95,0.4548428740286438,0.6055752331189403,0.19553072625698323,35,0.14013494242234056,0.2612963957287662,0.5642458100558659,101,0.4882600995112756,0.6380680326901167,112566,10976,0.09750724019686229
A,hgb_no_observation_features,A,False,72,True,source_patient,,,3422,3601,3422,179,81,0.04074578935779344,False,0.1011104617182934,346,0.09120746807632336,0.11170076931977725,0.22905027932960895,41,0.16966414969243807,0.29763565244887374,0.07262569832402235,13,0.03923484978655507,0.12099025779855815,0.2346368715083799,42,0.1746418113571342,0.30363749165557563,0.2681564245810056,48,0.20480922101146015,0.33935361185097523,0.1452513966480447,26,0.09712891692212323,0.20554038026928742,0.30726256983240224,55,0.24059660696419477,0.3804412312330381,112566,3017,0.026802053906152836
A,hgb_no_observation_features,A,False,72,True,source_empirical_patient,,,3422,3601,3422,179,81,0.04061694979260595,False,0.1016949152542373,348,0.09176557189242653,0.11231053308100045,0.22905027932960895,41,0.16966414969243807,0.29763565244887374,0.07262569832402235,13,0.03923484978655507,0.12099025779855815,0.2346368715083799,42,0.1746418113571342,0.30363749165557563,0.2681564245810056,48,0.20480922101146015,0.33935361185097523,0.1452513966480447,26,0.09712891692212323,0.20554038026928742,0.30726256983240224,55,0.24059660696419477,0.3804412312330381,112566,3038,0.02698861112591724
A,hgb_no_observation_features,A,False,72,True,source_sensitivity80,,,3422,3601,3422,179,81,0.008866051535215936,False,0.5102279368790181,1746,0.4933301862328915,0.5271081940666029,0.7486033519553073,134,0.6784431254110741,0.8103370964450547,0.07262569832402235,13,0.03923484978655507,0.12099025779855815,0.7262569832402235,130,0.6547401015168604,0.7901155470026295,0.776536312849162,139,0.708381128779163,0.8352982062316037,0.26256983240223464,47,0.19974703740421776,0.3334345175227668,0.7988826815642458,143,0.7326057837020168,0.8549859583909374,112566,30988,0.2752873869552085
A,hgb_no_observation_features,A,False,72,True,target_patient_all,,,3422,3601,3422,179,81,0.04074578935779344,False,0.1011104617182934,346,0.09120746807632336,0.11170076931977725,0.22905027932960895,41,0.16966414969243807,0.29763565244887374,0.07262569832402235,13,0.03923484978655507,0.12099025779855815,0.2346368715083799,42,0.1746418113571342,0.30363749165557563,0.2681564245810056,48,0.20480922101146015,0.33935361185097523,0.1452513966480447,26,0.09712891692212323,0.20554038026928742,0.30726256983240224,55,0.24059660696419477,0.3804412312330381,112566,3017,0.026802053906152836
A,hgb_no_observation_features,A,False,72,True,target_empirical_patient_all,,,3422,3601,3422,179,81,0.04061694979260595,False,0.1016949152542373,348,0.09176557189242653,0.11231053308100045,0.22905027932960895,41,0.16966414969243807,0.29763565244887374,0.07262569832402235,13,0.03923484978655507,0.12099025779855815,0.2346368715083799,42,0.1746418113571342,0.30363749165557563,0.2681564245810056,48,0.20480922101146015,0.33935361185097523,0.1452513966480447,26,0.09712891692212323,0.20554038026928742,0.30726256983240224,55,0.24059660696419477,0.3804412312330381,112566,3038,0.02698861112591724
A,hgb_no_observation_features,B,True,72,True,source_hourly,,,3422,3576,3473,103,51,0.019541063436768945,False,0.15375755830693924,534,0.14191213175665618,0.16618896978025202,0.24271844660194175,25,0.1636449808215356,0.3371127526296998,0.08737864077669903,9,0.0407364266467046,0.15939919045550538,0.22330097087378642,23,0.14712818715208828,0.31598269781531585,0.2621359223300971,27,0.18039022815035816,0.3580227188307681,0.13592233009708737,14,0.07634820193888285,0.21752844249638562,0.3106796116504854,32,0.22314836772188176,0.40942997139844595,108739,5207,0.0478853033410276
A,hgb_no_observation_features,B,True,72,True,source_patient,,,3422,3576,3473,103,51,0.04074578935779344,False,0.056723293982147996,197,0.04926218164538008,0.06494107118084362,0.0970873786407767,10,0.04754641843921187,0.17130628035434806,0.04854368932038835,5,0.01594759405181337,0.10965614775948962,0.06796116504854369,7,0.027758689442317217,0.13502237890852511,0.10679611650485436,11,0.05453161738774678,0.18305701794429705,0.06796116504854369,7,0.027758689442317217,0.13502237890852511,0.11650485436893204,12,0.061670976723435085,0.1946687035221929,108739,1313,0.012074784575911126
A,hgb_no_observation_features,B,True,72,True,source_empirical_patient,,,3422,3576,3473,103,51,0.04061694979260595,False,0.057299164987042905,199,0.04980097846434556,0.06555294864414697,0.0970873786407767,10,0.04754641843921187,0.17130628035434806,0.04854368932038835,5,0.01594759405181337,0.10965614775948962,0.06796116504854369,7,0.027758689442317217,0.13502237890852511,0.10679611650485436,11,0.05453161738774678,0.18305701794429705,0.06796116504854369,7,0.027758689442317217,0.13502237890852511,0.11650485436893204,12,0.061670976723435085,0.1946687035221929,108739,1324,0.012175944233439704
A,hgb_no_observation_features,B,True,72,True,source_sensitivity80,,,3422,3576,3473,103,51,0.008866051535215936,False,0.3561762165274978,1237,0.3402327074541896,0.3723622047382258,0.5533980582524272,57,0.45220718833042667,0.6514381074320373,0.11650485436893204,12,0.061670976723435085,0.1946687035221929,0.5631067961165048,58,0.4618438972603665,0.6606455009859864,0.6213592233009708,64,0.5204368226847509,0.7151103081197632,0.24271844660194175,25,0.1636449808215356,0.3371127526296998,0.6796116504854369,70,0.5804259498661548,0.7681589995782577,108739,16558,0.15227287357801708
A,hgb_no_observation_features,B,True,72,True,target_patient_all,,,3495,3576,3473,103,51,0.026872005192322426,False,0.1062482004031097,369,0.09619026205916362,0.11697428355371699,0.14563106796116504,15,0.08386118144674826,0.22879763117362556,0.07766990291262135,8,0.03412864449825134,0.1473139422310497,0.13592233009708737,14,0.07634820193888285,0.21752844249638562,0.17475728155339806,18,0.10698786790745927,0.26205719367859703,0.0970873786407767,10,0.04754641843921187,0.17130628035434806,0.21359223300970873,22,0.13896186452588058,0.3053293296902471,108739,2984,0.027441856187752325
A,hgb_no_observation_features,B,True,72,True,target_empirical_patient_all,,,3495,3576,3473,103,51,0.02684854247005516,False,0.1062482004031097,369,0.09619026205916362,0.11697428355371699,0.14563106796116504,15,0.08386118144674826,0.22879763117362556,0.07766990291262135,8,0.03412864449825134,0.1473139422310497,0.13592233009708737,14,0.07634820193888285,0.21752844249638562,0.17475728155339806,18,0.10698786790745927,0.26205719367859703,0.0970873786407767,10,0.04754641843921187,0.17130628035434806,0.21359223300970873,22,0.13896186452588058,0.3053293296902471,108739,2991,0.02750623051527051
B,logistic,A,True,natural,True,source_hourly,,,3495,3682,3422,260,0,0.010981752573481784,False,0.6297486849795442,2155,0.6133186258730808,0.6459567384449741,0.7230769230769231,188,0.664419577870804,0.7765686654760942,0.04230769230769231,11,0.021306124410337163,0.07443784999427439,0.7730769230769231,201,0.7172759729308574,0.8225360615332309,0.7807692307692308,203,0.7254924933335027,0.8295218662633832,0.15,39,0.10888975444551353,0.19930174131913775,0.8153846153846154,212,0.7627890963844601,0.8606294997661971,112566,32572,0.2893591315317236
B,logistic,A,True,natural,True,source_patient,,,3495,3682,3422,260,0,0.023844649237488674,False,0.489187609585038,1674,0.4723082640151227,0.5060854482448529,0.5807692307692308,151,0.5182327066856658,0.6414429002104186,0.06538461538461539,17,0.038547040160282396,0.10262487074598114,0.6423076923076924,167,0.5807583146571658,0.7005711271370584,0.6461538461538462,168,0.5846993643060456,0.7042332480935142,0.1346153846153846,35,0.0955876927993484,0.18221515197375376,0.7076923076923077,184,0.6483310300349016,0.7622475451291513,112566,12779,0.1135245100652062
B,logistic,A,True,natural,True,source_empirical_patient,,,3495,3682,3422,260,0,0.023791281581110577,False,0.489187609585038,1674,0.4723082640151227,0.5060854482448529,0.5807692307692308,151,0.5182327066856658,0.6414429002104186,0.06538461538461539,17,0.038547040160282396,0.10262487074598114,0.6423076923076924,167,0.5807583146571658,0.7005711271370584,0.6461538461538462,168,0.5846993643060456,0.7042332480935142,0.1346153846153846,35,0.0955876927993484,0.18221515197375376,0.7076923076923077,184,0.6483310300349016,0.7622475451291513,112566,12819,0.11387985715047172
B,logistic,A,True,natural,True,source_sensitivity80,,,3495,3682,3422,260,0,0.00900870872686696,False,0.6598480420806546,2258,0.643697263491057,0.67572525207451,0.7538461538461538,196,0.6968377503218184,0.8049667442520922,0.04230769230769231,11,0.021306124410337163,0.07443784999427439,0.8,208,0.7461446245880814,0.8468734876718608,0.8115384615384615,211,0.7586171500694373,0.8572015632405678,0.16153846153846155,42,0.1189710961248018,0.2120149839123937,0.8423076923076923,219,0.7922136623610171,0.8843987118941903,112566,39040,0.34681875521916034
B,logistic,A,True,natural,True,target_patient_all,,,3422,3682,3422,260,0,0.11250631903816018,False,0.10198714202220924,349,0.09204466271544698,0.1126153761922881,0.22692307692307692,59,0.17746393846676908,0.28272402706914257,0.05384615384615385,14,0.029747358573078628,0.08869513158163991,0.2846153846153846,74,0.23058216150684105,0.343634316621696,0.26153846153846155,68,0.20919010807232002,0.3194129541956254,0.09230769230769231,24,0.060041087107546756,0.13423091478953855,0.3384615384615385,88,0.2811594239862942,0.399495579935102,112566,841,0.007471172467707833
B,logistic,A,True,natural,True,target_empirical_patient_all,,,3422,3682,3422,260,0,0.11207116687282712,False,0.10198714202220924,349,0.09204466271544698,0.1126153761922881,0.22692307692307692,59,0.17746393846676908,0.28272402706914257,0.05384615384615385,14,0.029747358573078628,0.08869513158163991,0.2846153846153846,74,0.23058216150684105,0.343634316621696,0.26153846153846155,68,0.20919010807232002,0.3194129541956254,0.09230769230769231,24,0.060041087107546756,0.13423091478953855,0.3384615384615385,88,0.2811594239862942,0.399495579935102,112566,844,0.0074978234991027485
B,logistic,B,False,natural,True,source_hourly,,,3495,3627,3473,154,0,0.010981752573481784,False,0.2562625971782321,890,0.24180927894816098,0.2711273103317246,0.7337662337662337,113,0.6566252361706353,0.8016818841084835,0.12337662337662338,19,0.07594157997544664,0.18594747950447785,0.6363636363636364,98,0.5550916309125594,0.7122779580395031,0.7532467532467533,116,0.6774008602873501,0.8190848809241055,0.18831168831168832,29,0.1298913617102031,0.2591189943974714,0.7597402597402597,117,0.6843656240283744,0.8248453602701683,110910,11798,0.10637453791362365
B,logistic,B,False,natural,True,source_patient,,,3495,3627,3473,154,0,0.023844649237488674,False,0.1056723293982148,367,0.09563938837982551,0.11637442127892889,0.564935064935065,87,0.4827812832492392,0.6445413892350467,0.11688311688311688,18,0.07076359466897236,0.178424551200866,0.487012987012987,75,0.4057558058941844,0.5687794561864683,0.5844155844155844,90,0.5023364772452834,0.6631820267815618,0.2077922077922078,32,0.14668295710506496,0.28048878625548723,0.6038961038961039,93,0.5220144545331564,0.6816990915912942,110910,3879,0.03497430348931566
B,logistic,B,False,natural,True,source_empirical_patient,,,3495,3627,3473,154,0,0.023791281581110577,False,0.10596026490066225,368,0.09591481339726493,0.11667436419697648,0.564935064935065,87,0.4827812832492392,0.6445413892350467,0.11688311688311688,18,0.07076359466897236,0.178424551200866,0.487012987012987,75,0.4057558058941844,0.5687794561864683,0.5844155844155844,90,0.5023364772452834,0.6631820267815618,0.2077922077922078,32,0.14668295710506496,0.28048878625548723,0.6038961038961039,93,0.5220144545331564,0.6816990915912942,110910,3893,0.03510053196285276
B,logistic,B,False,natural,True,source_sensitivity80,,,3495,3627,3473,154,0,0.00900870872686696,False,0.3124100201554852,1085,0.29701499698209805,0.32812143310184294,0.7727272727272727,119,0.6983576496114221,0.8363021624504441,0.11688311688311688,18,0.07076359466897236,0.178424551200866,0.6948051948051948,107,0.6155690317302548,0.7663703416509007,0.7987012987012987,123,0.7266093582159681,0.8589402287377077,0.2012987012987013,31,0.14105977126229227,0.2733906417840318,0.8116883116883117,125,0.7408810056025286,0.8701086382897969,110910,15477,0.13954557749526644
B,logistic,B,False,natural,True,target_patient_all,,,3495,3627,3473,154,0,0.023844649237488674,False,0.1056723293982148,367,0.09563938837982551,0.11637442127892889,0.564935064935065,87,0.4827812832492392,0.6445413892350467,0.11688311688311688,18,0.07076359466897236,0.178424551200866,0.487012987012987,75,0.4057558058941844,0.5687794561864683,0.5844155844155844,90,0.5023364772452834,0.6631820267815618,0.2077922077922078,32,0.14668295710506496,0.28048878625548723,0.6038961038961039,93,0.5220144545331564,0.6816990915912942,110910,3879,0.03497430348931566
B,logistic,B,False,natural,True,target_empirical_patient_all,,,3495,3627,3473,154,0,0.023791281581110577,False,0.10596026490066225,368,0.09591481339726493,0.11667436419697648,0.564935064935065,87,0.4827812832492392,0.6445413892350467,0.11688311688311688,18,0.07076359466897236,0.178424551200866,0.487012987012987,75,0.4057558058941844,0.5687794561864683,0.5844155844155844,90,0.5023364772452834,0.6631820267815618,0.2077922077922078,32,0.14668295710506496,0.28048878625548723,0.6038961038961039,93,0.5220144545331564,0.6816990915912942,110910,3893,0.03510053196285276
B,logistic,A,True,24,True,source_hourly,,,3495,3487,3419,68,192,0.007060591613921313,False,0.6323486399532027,2162,0.6159326890209955,0.6485379329322871,0.6029411764705882,41,0.4769658103539732,0.7196513031622761,0.14705882352941177,10,0.07284005147874212,0.2538634149294704,0.5147058823529411,35,0.3902981879797207,0.6377919077023989,0.6617647058823529,45,0.5368289729454199,0.7721062207037585,0.5294117647058824,36,0.404491922366421,0.6516880337113689,0.6617647058823529,45,0.5368289729454199,0.7721062207037585,61801,21079,0.3410786233232472
B,logistic,A,True,24,True,source_patient,,,3495,3487,3419,68,192,0.015752311460557934,False,0.4855220824802574,1660,0.4686415220445465,0.5024274272741439,0.39705882352941174,27,0.2803486968377239,0.5230341896460267,0.11764705882352941,8,0.052183744669880794,0.2187171057077795,0.36764705882352944,25,0.2538978939439749,0.4933209062234989,0.4852941176470588,33,0.36220809229760104,0.6097018120202793,0.39705882352941174,27,0.2803486968377239,0.5230341896460267,0.4852941176470588,33,0.36220809229760104,0.6097018120202793,61801,9220,0.14918852445753306
B,logistic,A,True,24,True,source_empirical_patient,,,3495,3487,3419,68,192,0.015697642284674178,False,0.4866920152091255,1664,0.4698093641124602,0.5035974478707439,0.39705882352941174,27,0.2803486968377239,0.5230341896460267,0.11764705882352941,8,0.052183744669880794,0.2187171057077795,0.36764705882352944,25,0.2538978939439749,0.4933209062234989,0.4852941176470588,33,0.36220809229760104,0.6097018120202793,0.39705882352941174,27,0.2803486968377239,0.5230341896460267,0.4852941176470588,33,0.36220809229760104,0.6097018120202793,61801,9257,0.14978722027151664
B,logistic,A,True,24,True,source_sensitivity80,,,3495,3487,3419,68,192,0.003141941524374796,False,0.7812225797016672,2671,0.7669812987360713,0.7949813042889133,0.7647058823529411,52,0.6462130069200045,0.8591222637471065,0.07352941176470588,5,0.024305211050669552,0.1633121273456038,0.7794117647058824,53,0.6624044182395694,0.8709597356012813,0.8529411764705882,58,0.7461365850705295,0.9271599485212578,0.6323529411764706,43,0.5066790937765011,0.7461021060560249,0.8529411764705882,58,0.7461365850705295,0.9271599485212578,61801,32247,0.5217876733386191
B,logistic,A,True,24,True,target_patient_all,,,3420,3487,3419,68,192,0.08440999558995314,False,0.10324656332260895,353,0.0932434687768985,0.11393377948098245,0.10294117647058823,7,0.04240048807461239,0.20066529806477587,0.08823529411764706,6,0.03307248088965989,0.1822231986679339,0.07352941176470588,5,0.024305211050669552,0.1633121273456038,0.14705882352941177,10,0.07284005147874212,0.2538634149294704,0.1323529411764706,9,0.06234831406343805,0.23643555430952107,0.16176470588235295,11,0.08361793127092192,0.27103377518830074,61801,698,0.011294315625960744
B,logistic,A,True,24,True,target_empirical_patient_all,,,3420,3487,3419,68,192,0.08440492440539268,False,0.10324656332260895,353,0.0932434687768985,0.11393377948098245,0.10294117647058823,7,0.04240048807461239,0.20066529806477587,0.08823529411764706,6,0.03307248088965989,0.1822231986679339,0.07352941176470588,5,0.024305211050669552,0.1633121273456038,0.14705882352941177,10,0.07284005147874212,0.2538634149294704,0.1323529411764706,9,0.06234831406343805,0.23643555430952107,0.16176470588235295,11,0.08361793127092192,0.27103377518830074,61801,698,0.011294315625960744
B,logistic,B,False,24,True,source_hourly,,,3495,3509,3471,38,116,0.007060591613921313,False,0.2803226735811005,973,0.2654263708723135,0.2955898425153835,0.5789473684210527,22,0.40821445411990515,0.7369017627485158,0.34210526315789475,13,0.19632909294904966,0.5135267551606642,0.2894736842105263,11,0.15424628678790986,0.4590320669242924,0.6052631578947368,23,0.43386153860952953,0.7596121063559645,0.5,19,0.33378900611309653,0.6662109938869034,0.631578947368421,24,0.4599427859244378,0.7818749649038482,60965,6467,0.10607725744279504
B,logistic,B,False,24,True,source_patient,,,3495,3509,3471,38,116,0.015752311460557934,False,0.11264765197349468,391,0.10231520163823628,0.12363747018495651,0.3157894736842105,12,0.1750253389011268,0.4865270544060217,0.2894736842105263,11,0.15424628678790986,0.4590320669242924,0.02631578947368421,1,0.0006660362042023656,0.13809902979242006,0.3157894736842105,12,0.1750253389011268,0.4865270544060217,0.2894736842105263,11,0.15424628678790986,0.4590320669242924,0.3157894736842105,12,0.1750253389011268,0.4865270544060217,60965,1728,0.028344131878946938
B,logistic,B,False,24,True,source_empirical_patient,,,3495,3509,3471,38,116,0.015697642284674178,False,0.11293575338519159,392,0.10259133224965912,0.12393704061261829,0.3157894736842105,12,0.1750253389011268,0.4865270544060217,0.2894736842105263,11,0.15424628678790986,0.4590320669242924,0.02631578947368421,1,0.0006660362042023656,0.13809902979242006,0.3157894736842105,12,0.1750253389011268,0.4865270544060217,0.2894736842105263,11,0.15424628678790986,0.4590320669242924,0.3157894736842105,12,0.1750253389011268,0.4865270544060217,60965,1734,0.028442549003526614
B,logistic,B,False,24,True,source_sensitivity80,,,3495,3509,3471,38,116,0.003141941524374796,False,0.6047248631518295,2099,0.5882333264823745,0.6210397796453542,0.8421052631578947,32,0.687466391708095,0.9397702720826153,0.15789473684210525,6,0.060229727917384644,0.312533608291905,0.6842105263157895,26,0.5134729455939784,0.8249746610988732,0.8421052631578947,32,0.687466391708095,0.9397702720826153,0.5789473684210527,22,0.40821445411990515,0.7369017627485158,0.8421052631578947,32,0.687466391708095,0.9397702720826153,60965,19494,0.31975723775937015
B,logistic,B,False,24,True,target_patient_all,,,3495,3509,3471,38,116,0.015752311460557934,False,0.11264765197349468,391,0.10231520163823628,0.12363747018495651,0.3157894736842105,12,0.1750253389011268,0.4865270544060217,0.2894736842105263,11,0.15424628678790986,0.4590320669242924,0.02631578947368421,1,0.0006660362042023656,0.13809902979242006,0.3157894736842105,12,0.1750253389011268,0.4865270544060217,0.2894736842105263,11,0.15424628678790986,0.4590320669242924,0.3157894736842105,12,0.1750253389011268,0.4865270544060217,60965,1728,0.028344131878946938
B,logistic,B,False,24,True,target_empirical_patient_all,,,3495,3509,3471,38,116,0.015697642284674178,False,0.11293575338519159,392,0.10259133224965912,0.12393704061261829,0.3157894736842105,12,0.1750253389011268,0.4865270544060217,0.2894736842105263,11,0.15424628678790986,0.4590320669242924,0.02631578947368421,1,0.0006660362042023656,0.13809902979242006,0.3157894736842105,12,0.1750253389011268,0.4865270544060217,0.2894736842105263,11,0.15424628678790986,0.4590320669242924,0.3157894736842105,12,0.1750253389011268,0.4865270544060217,60965,1734,0.028442549003526614
B,logistic,A,True,48,True,source_hourly,,,3495,3555,3422,133,127,0.009535085298915835,False,0.646697837521917,2213,0.6304165225795779,0.6627281160761838,0.5864661654135338,78,0.4978685443782179,0.6711258957386773,0.08270676691729323,11,0.042010814423931495,0.14316626566952273,0.631578947368421,84,0.5436332565864939,0.713525610736935,0.6917293233082706,92,0.6058352889008171,0.7688610883089532,0.3157894736842105,42,0.23797599514832934,0.40201853251376557,0.7142857142857143,95,0.6295406407961357,0.7892256002975508,108193,34799,0.3216381836163153
B,logistic,A,True,48,True,source_patient,,,3495,3555,3422,133,127,0.02275879315070629,False,0.4941554646405611,1691,0.47726909975971005,0.5110518257674265,0.39849624060150374,53,0.31465961166754824,0.4869570393769906,0.09774436090225563,13,0.05307838128824095,0.16134535540848033,0.41353383458646614,55,0.3288741042613227,0.5021314556217822,0.46616541353383456,62,0.3792415109021963,0.5546291920378923,0.21804511278195488,29,0.1511541723278019,0.2979059968348325,0.5112781954887218,68,0.4231578059948591,0.5988853474297073,108193,12635,0.1167820468976736
B,logistic,A,True,48,True,source_empirical_patient,,,3495,3555,3422,133,127,0.022675272745389045,False,0.49532437171244886,1695,0.47843659547203876,0.5122201449474846,0.39849624060150374,53,0.31465961166754824,0.4869570393769906,0.09774436090225563,13,0.05307838128824095,0.16134535540848033,0.41353383458646614,55,0.3288741042613227,0.5021314556217822,0.46616541353383456,62,0.3792415109021963,0.5546291920378923,0.21804511278195488,29,0.1511541723278019,0.2979059968348325,0.5112781954887218,68,0.4231578059948591,0.5988853474297073,108193,12697,0.11735509691015131
B,logistic,A,True,48,True,source_sensitivity80,,,3495,3555,3422,133,127,0.005510745271831422,False,0.7378725891291642,2525,0.7227920895138138,0.7525456113827297,0.7443609022556391,99,0.6615039794835633,0.816013968386801,0.07518796992481203,10,0.0366433629149933,0.13392679217941933,0.706766917293233,94,0.6216143774473805,0.7824624193183901,0.7744360902255639,103,0.6939148481372835,0.8423425439517109,0.3082706766917293,41,0.2311389116910468,0.39416471109918294,0.7819548872180451,104,0.7020940031651675,0.8488458276721981,108193,51233,0.47353340789145326
B,logistic,A,True,48,True,target_patient_all,,,3422,3555,3422,133,127,0.1094196896152275,False,0.1016949152542373,348,0.09176557189242653,0.11231053308100045,0.08270676691729323,11,0.042010814423931495,0.14316626566952273,0.07518796992481203,10,0.0366433629149933,0.13392679217941933,0.045112781954887216,6,0.016733073189056275,0.0956047614257361,0.10526315789473684,14,0.05875502930102548,0.17030467043373962,0.09774436090225563,13,0.05307838128824095,0.16134535540848033,0.12030075187969924,16,0.07035020486518623,0.1880002868028819,108193,813,0.0075143493571672845
B,logistic,A,True,48,True,target_empirical_patient_all,,,3422,3555,3422,133,127,0.1089704672120586,False,0.10257159555815312,351,0.09260292169770505,0.11322498536652971,0.08270676691729323,11,0.042010814423931495,0.14316626566952273,0.07518796992481203,10,0.0366433629149933,0.13392679217941933,0.045112781954887216,6,0.016733073189056275,0.0956047614257361,0.10526315789473684,14,0.05875502930102548,0.17030467043373962,0.09774436090225563,13,0.05307838128824095,0.16134535540848033,0.12030075187969924,16,0.07035020486518623,0.1880002868028819,108193,819,0.007569805809987707
B,logistic,B,False,48,True,source_hourly,,,3495,3549,3473,76,78,0.009535085298915835,False,0.28505614742297725,990,0.27008420030411895,0.30039073646166425,0.6052631578947368,46,0.48649503168387026,0.7155668220017605,0.19736842105263158,15,0.11488530434881021,0.30455125069259564,0.4473684210526316,34,0.3331131078209214,0.5658511778841637,0.618421052631579,47,0.4997786550913032,0.727536985431197,0.3157894736842105,24,0.21389459225458077,0.432547901806526,0.6447368421052632,49,0.5265914009355495,0.7512271334708953,104347,11253,0.10784210374998802
B,logistic,B,False,48,True,source_patient,,,3495,3549,3473,76,78,0.02275879315070629,False,0.104520587388425,363,0.0945379264690737,0.11517441229050569,0.32894736842105265,25,0.2254298046273536,0.4462565948263055,0.13157894736842105,10,0.06494156767608714,0.22869579260761233,0.21052631578947367,16,0.1253900899371169,0.31924445777250976,0.34210526315789475,26,0.237056796816216,0.45987602619535606,0.23684210526315788,18,0.1468151076154143,0.3482393636658981,0.34210526315789475,26,0.237056796816216,0.45987602619535606,104347,2530,0.024246025281033475
B,logistic,B,False,48,True,source_empirical_patient,,,3495,3549,3473,76,78,0.022675272745389045,False,0.10538439389576734,366,0.09536398709213183,0.11607445471484638,0.32894736842105265,25,0.2254298046273536,0.4462565948263055,0.13157894736842105,10,0.06494156767608714,0.22869579260761233,0.21052631578947367,16,0.1253900899371169,0.31924445777250976,0.34210526315789475,26,0.237056796816216,0.45987602619535606,0.23684210526315788,18,0.1468151076154143,0.3482393636658981,0.34210526315789475,26,0.237056796816216,0.45987602619535606,104347,2549,0.024428110055871276
B,logistic,B,False,48,True,source_sensitivity80,,,3495,3549,3473,76,78,0.005510745271831422,False,0.4794126115750072,1665,0.4626770122614893,0.4961829032329558,0.7368421052631579,56,0.623239947410814,0.8312605531782771,0.17105263157894737,13,0.09434516099442763,0.27472658858330284,0.6052631578947368,46,0.48649503168387026,0.7155668220017605,0.7763157894736842,59,0.6661954909061145,0.8639636001210749,0.3684210526315789,28,0.260575635260201,0.486856423457652,0.7763157894736842,59,0.6661954909061145,0.8639636001210749,104347,24139,0.2313339147268249
B,logistic,B,False,48,True,target_patient_all,,,3495,3549,3473,76,78,0.02275879315070629,False,0.104520587388425,363,0.0945379264690737,0.11517441229050569,0.32894736842105265,25,0.2254298046273536,0.4462565948263055,0.13157894736842105,10,0.06494156767608714,0.22869579260761233,0.21052631578947367,16,0.1253900899371169,0.31924445777250976,0.34210526315789475,26,0.237056796816216,0.45987602619535606,0.23684210526315788,18,0.1468151076154143,0.3482393636658981,0.34210526315789475,26,0.237056796816216,0.45987602619535606,104347,2530,0.024246025281033475
B,logistic,B,False,48,True,target_empirical_patient_all,,,3495,3549,3473,76,78,0.022675272745389045,False,0.10538439389576734,366,0.09536398709213183,0.11607445471484638,0.32894736842105265,25,0.2254298046273536,0.4462565948263055,0.13157894736842105,10,0.06494156767608714,0.22869579260761233,0.21052631578947367,16,0.1253900899371169,0.31924445777250976,0.34210526315789475,26,0.237056796816216,0.45987602619535606,0.23684210526315788,18,0.1468151076154143,0.3482393636658981,0.34210526315789475,26,0.237056796816216,0.45987602619535606,104347,2549,0.024428110055871276
B,logistic,A,True,72,True,source_hourly,,,3495,3601,3422,179,81,0.01007525727770201,False,0.6440677966101694,2204,0.6277619753633918,0.660127086992791,0.6480446927374302,116,0.5732831426037663,0.7178120626768202,0.055865921787709494,10,0.027111779965404526,0.10033781505244077,0.7094972067039106,127,0.6370957513542268,0.7748140241386061,0.7374301675977654,132,0.6665654824772331,0.8002529625957823,0.2346368715083799,42,0.1746418113571342,0.30363749165557563,0.7653631284916201,137,0.6963625083444243,0.8253581886428658,112566,35408,0.3145532398770499
B,logistic,A,True,72,True,source_patient,,,3495,3601,3422,179,81,0.02333030876430549,False,0.4935710111046172,1689,0.4766853862197177,0.5104676318619725,0.44692737430167595,80,0.37272623266967203,0.5229155270969557,0.0782122905027933,14,0.04341815096501695,0.12774550128366266,0.5251396648044693,94,0.4493051741949818,0.6001278467589041,0.5363128491620112,96,0.46038963338960115,0.6110135421224898,0.18435754189944134,33,0.13043204408986273,0.24904711886955372,0.6033519553072626,108,0.5276677686655231,0.6755535750510123,112566,13167,0.11697137679228187
B,logistic,A,True,72,True,source_empirical_patient,,,3495,3601,3422,179,81,0.0233048622157066,False,0.4941554646405611,1691,0.47726909975971005,0.5110518257674265,0.44692737430167595,80,0.37272623266967203,0.5229155270969557,0.0782122905027933,14,0.04341815096501695,0.12774550128366266,0.5307262569832403,95,0.4548428740286438,0.6055752331189403,0.5363128491620112,96,0.46038963338960115,0.6110135421224898,0.18435754189944134,33,0.13043204408986273,0.24904711886955372,0.6089385474860335,109,0.5333353215766886,0.6808705352729668,112566,13191,0.11718458504344118
B,logistic,A,True,72,True,source_sensitivity80,,,3495,3601,3422,179,81,0.006383226125880958,False,0.7150789012273524,2447,0.699630125267934,0.730159367000767,0.7597765363128491,136,0.6903752487760282,0.8203656054062601,0.055865921787709494,10,0.027111779965404526,0.10033781505244077,0.7597765363128491,136,0.6903752487760282,0.8203656054062601,0.7932960893854749,142,0.7265251114525102,0.8500892061260696,0.22905027932960895,41,0.16966414969243807,0.29763565244887374,0.8156424581005587,146,0.7509528811304462,0.8695679559101372,112566,50082,0.4449123181067107
B,logistic,A,True,72,True,target_patient_all,,,3422,3601,3422,179,81,0.11207116687282712,False,0.10198714202220924,349,0.09204466271544698,0.1126153761922881,0.11173184357541899,20,0.06959931846303088,0.16727701888203259,0.07262569832402235,13,0.03923484978655507,0.12099025779855815,0.09497206703910614,17,0.05630278147792922,0.1477030511109098,0.13966480446927373,25,0.09246692904627173,0.19923332629442334,0.1005586592178771,18,0.06069389338968345,0.15426618522804122,0.16759776536312848,30,0.11602595996574754,0.23052977090455765,112566,844,0.0074978234991027485
B,logistic,A,True,72,True,target_empirical_patient_all,,,3422,3601,3422,179,81,0.11198090367118169,False,0.10227936879018118,350,0.09232377934988825,0.11292019358834096,0.11173184357541899,20,0.06959931846303088,0.16727701888203259,0.07262569832402235,13,0.03923484978655507,0.12099025779855815,0.09497206703910614,17,0.05630278147792922,0.1477030511109098,0.13966480446927373,25,0.09246692904627173,0.19923332629442334,0.1005586592178771,18,0.06069389338968345,0.15426618522804122,0.16759776536312848,30,0.11602595996574754,0.23052977090455765,112566,846,0.007515590853366025
B,logistic,B,False,72,True,source_hourly,,,3495,3576,3473,103,51,0.01007525727770201,False,0.2769939533544486,962,0.262159355507635,0.292204836261156,0.6699029126213593,69,0.5703249915538742,0.7594222785818732,0.18446601941747573,19,0.11486974621752469,0.27298112196149343,0.5145631067961165,53,0.4140191326930024,0.6142480306954047,0.6893203883495146,71,0.590570028601554,0.7768516322781182,0.2912621359223301,30,0.205899998662693,0.38900820631877653,0.6990291262135923,72,0.6007582639277098,0.785499046568926,108739,11516,0.10590496509991815
B,logistic,B,False,72,True,source_patient,,,3495,3576,3473,103,51,0.02333030876430549,False,0.10682407140800461,371,0.09674122997804473,0.11757405191936271,0.42718446601941745,44,0.3301836251019866,0.528483127388902,0.1553398058252427,16,0.09147723937328406,0.23997102513634974,0.30097087378640774,31,0.21450095343107392,0.3992417360722904,0.4368932038834951,45,0.3393544990140136,0.5381561027396335,0.27184466019417475,28,0.18884305959164718,0.36840014032691376,0.4563106796116505,47,0.3578055385889626,0.5573934800328016,108739,2744,0.025234736387128812
B,logistic,B,False,72,True,source_empirical_patient,,,3495,3576,3473,103,51,0.0233048622157066,False,0.10711200691045206,372,0.09701674906728985,0.11787390109491394,0.42718446601941745,44,0.3301836251019866,0.528483127388902,0.1553398058252427,16,0.09147723937328406,0.23997102513634974,0.30097087378640774,31,0.21450095343107392,0.3992417360722904,0.4368932038834951,45,0.3393544990140136,0.5381561027396335,0.27184466019417475,28,0.18884305959164718,0.36840014032691376,0.4563106796116505,47,0.3578055385889626,0.5573934800328016,108739,2748,0.025271521717139204
B,logistic,B,False,72,True,source_sensitivity80,,,3495,3576,3473,103,51,0.006383226125880958,False,0.43334293118341494,1505,0.4167803874501277,0.45001781078383213,0.7669902912621359,79,0.6734236638795212,0.8446431837794973,0.1650485436893204,17,0.09918840626765517,0.2510555558852129,0.6310679611650486,65,0.5303347281198056,0.7240537621996148,0.7864077669902912,81,0.6946706703097527,0.8610381354741194,0.30097087378640774,31,0.21450095343107392,0.3992417360722904,0.7961165048543689,82,0.705386566992918,0.8691390497891107,108739,21988,0.20220895906712402
B,logistic,B,False,72,True,target_patient_all,,,3495,3576,3473,103,51,0.02333030876430549,False,0.10682407140800461,371,0.09674122997804473,0.11757405191936271,0.42718446601941745,44,0.3301836251019866,0.528483127388902,0.1553398058252427,16,0.09147723937328406,0.23997102513634974,0.30097087378640774,31,0.21450095343107392,0.3992417360722904,0.4368932038834951,45,0.3393544990140136,0.5381561027396335,0.27184466019417475,28,0.18884305959164718,0.36840014032691376,0.4563106796116505,47,0.3578055385889626,0.5573934800328016,108739,2744,0.025234736387128812
B,logistic,B,False,72,True,target_empirical_patient_all,,,3495,3576,3473,103,51,0.0233048622157066,False,0.10711200691045206,372,0.09701674906728985,0.11787390109491394,0.42718446601941745,44,0.3301836251019866,0.528483127388902,0.1553398058252427,16,0.09147723937328406,0.23997102513634974,0.30097087378640774,31,0.21450095343107392,0.3992417360722904,0.4368932038834951,45,0.3393544990140136,0.5381561027396335,0.27184466019417475,28,0.18884305959164718,0.36840014032691376,0.4563106796116505,47,0.3578055385889626,0.5573934800328016,108739,2748,0.025271521717139204
B,hgb,A,True,natural,True,source_hourly,,,3495,3682,3422,260,0,0.007666274787902478,False,0.603156049094097,2064,0.5865354460953387,0.6196001745494308,0.8307692307692308,216,0.7795537555055277,0.8742625501121982,0.10384615384615385,27,0.0695582381767777,0.14748746085110562,0.75,195,0.6927670081758962,0.8014357140033141,0.8384615384615385,218,0.7879850160876063,0.8810289038751982,0.21923076923076923,57,0.1704781337366168,0.2745075066664972,0.8538461538461538,222,0.8049547652481163,0.8944513816965782,112566,27643,0.2455714869498783
B,hgb,A,True,natural,True,source_patient,,,3495,3682,3422,260,0,0.020346180277781935,False,0.3115137346580947,1066,0.29601755922773976,0.3273325795211423,0.5884615384615385,153,0.5259952029543866,0.6488873907842796,0.07307692307692308,19,0.04456804841474121,0.11176801216837896,0.5807692307692308,151,0.5182327066856658,0.6414429002104186,0.6192307692307693,161,0.5571956427531601,0.6785142306880214,0.1576923076923077,41,0.11560128810580968,0.20778633763898294,0.6538461538461539,170,0.5925936592326151,0.7115452070483556,112566,8246,0.07325480162748965
B,hgb,A,True,natural,True,source_empirical_patient,,,3495,3682,3422,260,0,0.020311395947746537,False,0.31180596142606665,1067,0.2963055570636761,0.3276285339495234,0.5884615384615385,153,0.5259952029543866,0.6488873907842796,0.07307692307692308,19,0.04456804841474121,0.11176801216837896,0.5807692307692308,151,0.5182327066856658,0.6414429002104186,0.6192307692307693,161,0.5571956427531601,0.6785142306880214,0.1576923076923077,41,0.11560128810580968,0.20778633763898294,0.6538461538461539,170,0.5925936592326151,0.7115452070483556,112566,8265,0.07342359149299078
B,hgb,A,True,natural,True,source_sensitivity80,,,3495,3682,3422,260,0,0.00925265778488608,False,0.5452951490356517,1866,0.5284327365148056,0.5620800870863453,0.7846153846153846,204,0.7296100117697929,0.8330053444521848,0.11153846153846154,29,0.07598371413376193,0.15624806677190298,0.7115384615384616,185,0.6523459801135634,0.7658350955050589,0.8,208,0.7461446245880814,0.8468734876718608,0.21153846153846154,55,0.16351762237271178,0.2662661421818209,0.823076923076923,214,0.7711556717920681,0.8674621629647643,112566,22410,0.19908320452001493
B,hgb,A,True,natural,True,target_patient_all,,,3422,3682,3422,260,0,0.05501590692143607,False,0.11104617182933957,380,0.10070881792092527,0.12205321753526233,0.36153846153846153,94,0.30309504797622655,0.42317870848445227,0.07692307692307693,20,0.04761793388225715,0.11630274170964292,0.40384615384615385,105,0.3436830893226146,0.46622739051810147,0.40384615384615385,105,0.3436830893226146,0.46622739051810147,0.11153846153846154,29,0.07598371413376193,0.15624806677190298,0.4807692307692308,125,0.4186398066606019,0.5433419768273844,112566,1736,0.015422063500524138
B,hgb,A,True,natural,True,target_empirical_patient_all,,,3422,3682,3422,260,0,0.05481943186678497,False,0.11133839859731151,381,0.10098868927507765,0.1223572828888754,0.36153846153846153,94,0.30309504797622655,0.42317870848445227,0.07692307692307693,20,0.04761793388225715,0.11630274170964292,0.40384615384615385,105,0.3436830893226146,0.46622739051810147,0.40384615384615385,105,0.3436830893226146,0.46622739051810147,0.11153846153846154,29,0.07598371413376193,0.15624806677190298,0.4807692307692308,125,0.4186398066606019,0.5433419768273844,112566,1747,0.015519783948972158
B,hgb,B,False,natural,True,source_hourly,,,3495,3627,3473,154,0,0.007666274787902478,False,0.26173337172473365,909,0.24717540040951944,0.2766934687012764,0.7857142857142857,121,0.7124370525869215,0.8476690938244609,0.14935064935064934,23,0.09709247614920305,0.21562493393266466,0.6623376623376623,102,0.5818159157374663,0.7364756916783293,0.8051948051948052,124,0.7337323206695141,0.8645377525148343,0.2077922077922078,32,0.14668295710506496,0.28048878625548723,0.8116883116883117,125,0.7408810056025286,0.8701086382897969,110910,11622,0.10478766567487152
B,hgb,B,False,natural,True,source_patient,,,3495,3627,3473,154,0,0.020346180277781935,False,0.10336884537863518,359,0.09343684979773562,0.113974019438755,0.564935064935065,87,0.4827812832492392,0.6445413892350467,0.12337662337662338,19,0.07594157997544664,0.18594747950447785,0.4805194805194805,74,0.39942240822170416,0.5623805006127327,0.5844155844155844,90,0.5023364772452834,0.6631820267815618,0.19480519480519481,30,0.1354622474851656,0.26626767933048573,0.6038961038961039,93,0.5220144545331564,0.6816990915912942,110910,4154,0.03745379136236588
B,hgb,B,False,natural,True,source_empirical_patient,,,3495,3627,3473,154,0,0.020311395947746537,False,0.10336884537863518,359,0.09343684979773562,0.113974019438755,0.564935064935065,87,0.4827812832492392,0.6445413892350467,0.12337662337662338,19,0.07594157997544664,0.18594747950447785,0.4805194805194805,74,0.39942240822170416,0.5623805006127327,0.5844155844155844,90,0.5023364772452834,0.6631820267815618,0.19480519480519481,30,0.1354622474851656,0.26626767933048573,0.6038961038961039,93,0.5220144545331564,0.6816990915912942,110910,4163,0.03753493823821116
B,hgb,B,False,natural,True,source_sensitivity80,,,3495,3627,3473,154,0,0.00925265778488608,False,0.22286207889432766,774,0.20911508734431794,0.23707713513928008,0.7467532467532467,115,0.6704562022115017,0.8133037923349342,0.16233766233766234,25,0.10789697375694772,0.2302460073380077,0.6233766233766234,96,0.5418179298608965,0.7000896499196292,0.7727272727272727,119,0.6983576496114221,0.8363021624504441,0.24025974025974026,37,0.17515463972983172,0.3156343759716255,0.7857142857142857,121,0.7124370525869215,0.8476690938244609,110910,9478,0.08545667658461815
B,hgb,B,False,natural,True,target_patient_all,,,3495,3627,3473,154,0,0.020346180277781935,False,0.10336884537863518,359,0.09343684979773562,0.113974019438755,0.564935064935065,87,0.4827812832492392,0.6445413892350467,0.12337662337662338,19,0.07594157997544664,0.18594747950447785,0.4805194805194805,74,0.39942240822170416,0.5623805006127327,0.5844155844155844,90,0.5023364772452834,0.6631820267815618,0.19480519480519481,30,0.1354622474851656,0.26626767933048573,0.6038961038961039,93,0.5220144545331564,0.6816990915912942,110910,4154,0.03745379136236588
B,hgb,B,False,natural,True,target_empirical_patient_all,,,3495,3627,3473,154,0,0.020311395947746537,False,0.10336884537863518,359,0.09343684979773562,0.113974019438755,0.564935064935065,87,0.4827812832492392,0.6445413892350467,0.12337662337662338,19,0.07594157997544664,0.18594747950447785,0.4805194805194805,74,0.39942240822170416,0.5623805006127327,0.5844155844155844,90,0.5023364772452834,0.6631820267815618,0.19480519480519481,30,0.1354622474851656,0.26626767933048573,0.6038961038961039,93,0.5220144545331564,0.6816990915912942,110910,4163,0.03753493823821116
B,hgb,A,True,24,True,source_hourly,,,3495,3487,3419,68,192,0.004251789020906164,False,0.6636443404504241,2269,0.6475265728265056,0.6794817860761151,0.7352941176470589,50,0.614289597061012,0.834961528064907,0.3235294117647059,22,0.2150673847383855,0.4479252439251471,0.4411764705882353,30,0.32082006467370905,0.566821923149619,0.7647058823529411,52,0.6462130069200045,0.8591222637471065,0.7352941176470589,50,0.614289597061012,0.834961528064907,0.7647058823529411,52,0.6462130069200045,0.8591222637471065,61801,19852,0.3212245756541156
B,hgb,A,True,24,True,source_patient,,,3495,3487,3419,68,192,0.009728574721459724,False,0.3775957882421761,1291,0.3613102189888799,0.3940909714927912,0.4852941176470588,33,0.36220809229760104,0.6097018120202793,0.3382352941176471,23,0.22789377929624155,0.46317102705458024,0.16176470588235295,11,0.08361793127092192,0.27103377518830074,0.5,34,0.3762035808908745,0.6237964191091254,0.5,34,0.3762035808908745,0.6237964191091254,0.5,34,0.3762035808908745,0.6237964191091254,61801,7428,0.12019222989919257
B,hgb,A,True,24,True,source_empirical_patient,,,3495,3487,3419,68,192,0.009722763267191752,False,0.3775957882421761,1291,0.3613102189888799,0.3940909714927912,0.4852941176470588,33,0.36220809229760104,0.6097018120202793,0.3382352941176471,23,0.22789377929624155,0.46317102705458024,0.16176470588235295,11,0.08361793127092192,0.27103377518830074,0.5,34,0.3762035808908745,0.6237964191091254,0.5,34,0.3762035808908745,0.6237964191091254,0.5,34,0.3762035808908745,0.6237964191091254,61801,7434,0.12028931570686559
B,hgb,A,True,24,True,source_sensitivity80,,,3495,3487,3419,68,192,0.0024423224340607455,False,0.8435214975138929,2884,0.8309043988155135,0.8555480315708376,0.9264705882352942,63,0.8366878726543961,0.9756947889493305,0.20588235294117646,14,0.11737994587851844,0.3212378679430364,0.7205882352941176,49,0.5985413388862801,0.8226569416274643,0.9264705882352942,63,0.8366878726543961,0.9756947889493305,0.7647058823529411,52,0.6462130069200045,0.8591222637471065,0.9264705882352942,63,0.8366878726543961,0.9756947889493305,61801,32532,0.5263992492030873
B,hgb,A,True,24,True,target_patient_all,,,3420,3487,3419,68,192,0.028620004974365888,False,0.11494589061128985,393,0.10444100370929053,0.12611416498775302,0.11764705882352941,8,0.052183744669880794,0.2187171057077795,0.07352941176470588,5,0.024305211050669552,0.1633121273456038,0.07352941176470588,5,0.024305211050669552,0.1633121273456038,0.14705882352941177,10,0.07284005147874212,0.2538634149294704,0.14705882352941177,10,0.07284005147874212,0.2538634149294704,0.14705882352941177,10,0.07284005147874212,0.2538634149294704,61801,1437,0.02325205093768709
B,hgb,A,True,24,True,target_empirical_patient_all,,,3420,3487,3419,68,192,0.02858091129872815,False,0.11523837379350688,394,0.10472141590087443,0.12641820241229754,0.11764705882352941,8,0.052183744669880794,0.2187171057077795,0.07352941176470588,5,0.024305211050669552,0.1633121273456038,0.07352941176470588,5,0.024305211050669552,0.1633121273456038,0.14705882352941177,10,0.07284005147874212,0.2538634149294704,0.14705882352941177,10,0.07284005147874212,0.2538634149294704,0.14705882352941177,10,0.07284005147874212,0.2538634149294704,61801,1440,0.0233005938415236
B,hgb,B,False,24,True,source_hourly,,,3495,3509,3471,38,116,0.004251789020906164,False,0.3050993949870354,1059,0.28980673412336566,0.32072099241229973,0.6052631578947368,23,0.43386153860952953,0.7596121063559645,0.2894736842105263,11,0.15424628678790986,0.4590320669242924,0.3684210526315789,14,0.21812503509615175,0.5400572140755622,0.6578947368421053,25,0.4864732448393359,0.8036709070509503,0.5526315789473685,21,0.38299075116428966,0.7137585009994039,0.6578947368421053,25,0.4864732448393359,0.8036709070509503,60965,6793,0.11142458787829082
B,hgb,B,False,24,True,source_patient,,,3495,3509,3471,38,116,0.009728574721459724,False,0.11495246326707001,399,0.10452485212688369,0.12603342997849468,0.2894736842105263,11,0.15424628678790986,0.4590320669242924,0.2894736842105263,11,0.15424628678790986,0.4590320669242924,0.0,0,0.0,0.09251276141587829,0.2894736842105263,11,0.15424628678790986,0.4590320669242924,0.2894736842105263,11,0.15424628678790986,0.4590320669242924,0.2894736842105263,11,0.15424628678790986,0.4590320669242924,60965,1845,0.030263265808250634
B,hgb,B,False,24,True,source_empirical_patient,,,3495,3509,3471,38,116,0.009722763267191752,False,0.11495246326707001,399,0.10452485212688369,0.12603342997849468,0.2894736842105263,11,0.15424628678790986,0.4590320669242924,0.2894736842105263,11,0.15424628678790986,0.4590320669242924,0.0,0,0.0,0.09251276141587829,0.2894736842105263,11,0.15424628678790986,0.4590320669242924,0.2894736842105263,11,0.15424628678790986,0.4590320669242924,0.2894736842105263,11,0.15424628678790986,0.4590320669242924,60965,1845,0.030263265808250634
B,hgb,B,False,24,True,source_sensitivity80,,,3495,3509,3471,38,116,0.0024423224340607455,False,0.5352924229328724,1858,0.5185322220719875,0.5519931160602447,0.868421052631579,33,0.7191361541162467,0.9558625599420856,0.2894736842105263,11,0.15424628678790986,0.4590320669242924,0.5789473684210527,22,0.40821445411990515,0.7369017627485158,0.868421052631579,33,0.7191361541162467,0.9558625599420856,0.7105263157894737,27,0.5409679330757076,0.8457537132120901,0.868421052631579,33,0.7191361541162467,0.9558625599420856,60965,14523,0.23821865004510784
B,hgb,B,False,24,True,target_patient_all,,,3495,3509,3471,38,116,0.009728574721459724,False,0.11495246326707001,399,0.10452485212688369,0.12603342997849468,0.2894736842105263,11,0.15424628678790986,0.4590320669242924,0.2894736842105263,11,0.15424628678790986,0.4590320669242924,0.0,0,0.0,0.09251276141587829,0.2894736842105263,11,0.15424628678790986,0.4590320669242924,0.2894736842105263,11,0.15424628678790986,0.4590320669242924,0.2894736842105263,11,0.15424628678790986,0.4590320669242924,60965,1845,0.030263265808250634
B,hgb,B,False,24,True,target_empirical_patient_all,,,3495,3509,3471,38,116,0.009722763267191752,False,0.11495246326707001,399,0.10452485212688369,0.12603342997849468,0.2894736842105263,11,0.15424628678790986,0.4590320669242924,0.2894736842105263,11,0.15424628678790986,0.4590320669242924,0.0,0,0.0,0.09251276141587829,0.2894736842105263,11,0.15424628678790986,0.4590320669242924,0.2894736842105263,11,0.15424628678790986,0.4590320669242924,0.2894736842105263,11,0.15424628678790986,0.4590320669242924,60965,1845,0.030263265808250634
B,hgb,A,True,48,True,source_hourly,,,3495,3555,3422,133,127,0.005999898489692888,False,0.668907071887785,2289,0.6528541126502452,0.6846709355126668,0.7218045112781954,96,0.6374921110751435,0.7959630122820017,0.17293233082706766,23,0.11289653883422504,0.24809717588716565,0.6015037593984962,80,0.5130429606230095,0.6853403883324518,0.7669172932330827,102,0.6857672619477564,0.8358066426264147,0.40601503759398494,54,0.3217568700735056,0.494554153204214,0.7744360902255639,103,0.6939148481372835,0.8423425439517109,108193,32615,0.3014520347896814
B,hgb,A,True,48,True,source_patient,,,3495,3555,3422,133,127,0.01743068853814233,False,0.3287551139684395,1125,0.31302156578046697,0.34478176543355893,0.3533834586466165,47,0.2725074237595083,0.4409473831742606,0.11278195488721804,15,0.06451472747403368,0.17918755548969167,0.3233082706766917,43,0.24483670822251155,0.40984914504605363,0.40601503759398494,54,0.3217568700735056,0.494554153204214,0.2556390977443609,34,0.18398603161319907,0.3384960205164367,0.43609022556390975,58,0.3503440141582002,0.5247459924458715,108193,8822,0.08153947113029493
B,hgb,A,True,48,True,source_empirical_patient,,,3495,3555,3422,133,127,0.017293704287542913,False,0.3308007013442431,1132,0.3150406030913976,0.3468503961517994,0.3533834586466165,47,0.2725074237595083,0.4409473831742606,0.11278195488721804,15,0.06451472747403368,0.17918755548969167,0.3233082706766917,43,0.24483670822251155,0.40984914504605363,0.40601503759398494,54,0.3217568700735056,0.494554153204214,0.2556390977443609,34,0.18398603161319907,0.3384960205164367,0.43609022556390975,58,0.3503440141582002,0.5247459924458715,108193,8897,0.08223267679055023
B,hgb,A,True,48,True,source_sensitivity80,,,3495,3555,3422,133,127,0.004189908190306462,False,0.7694330800701344,2633,0.7549479730106199,0.7834563848738371,0.8270676691729323,110,0.7519028241128344,0.887103461165775,0.18045112781954886,24,0.11917398027279852,0.2564934432255194,0.6541353383458647,87,0.5667942631511651,0.7344436649033399,0.8345864661654135,111,0.7603412097772168,0.8933367607306972,0.42105263157894735,56,0.3360111415405246,0.5096891041218343,0.8345864661654135,111,0.7603412097772168,0.8933367607306972,108193,45543,0.42094220513341896
B,hgb,A,True,48,True,target_patient_all,,,3422,3555,3422,133,127,0.04801669678009952,False,0.1130917592051432,387,0.10266839735101185,0.12418119667000681,0.11278195488721804,15,0.06451472747403368,0.17918755548969167,0.07518796992481203,10,0.0366433629149933,0.13392679217941933,0.09022556390977443,12,0.04749346961835971,0.15230218500904943,0.15037593984962405,20,0.09433907269955971,0.22264661562647844,0.11278195488721804,15,0.06451472747403368,0.17918755548969167,0.16541353383458646,22,0.10666323926930278,0.23965879022278327,108193,1792,0.01656299390903293
B,hgb,A,True,48,True,target_empirical_patient_all,,,3422,3555,3422,133,127,0.047955287506352834,False,0.11338398597311514,388,0.10294842796381394,0.12448510329724523,0.11278195488721804,15,0.06451472747403368,0.17918755548969167,0.07518796992481203,10,0.0366433629149933,0.13392679217941933,0.09022556390977443,12,0.04749346961835971,0.15230218500904943,0.15037593984962405,20,0.09433907269955971,0.22264661562647844,0.11278195488721804,15,0.06451472747403368,0.17918755548969167,0.16541353383458646,22,0.10666323926930278,0.23965879022278327,108193,1796,0.016599964877579882
B,hgb,B,False,48,True,source_hourly,,,3495,3549,3473,76,78,0.005999898489692888,False,0.3126979556579326,1086,0.2972988196558896,0.3284129948391951,0.631578947368421,48,0.513143576542348,0.7394243647397989,0.19736842105263158,15,0.11488530434881021,0.30455125069259564,0.4605263157894737,35,0.34547753015843,0.5787451749673292,0.6578947368421053,50,0.5401239738046439,0.762943203183784,0.3157894736842105,24,0.21389459225458077,0.432547901806526,0.6578947368421053,50,0.5401239738046439,0.762943203183784,104347,11078,0.10616500713963986
B,hgb,B,False,48,True,source_patient,,,3495,3549,3473,76,78,0.01743068853814233,False,0.10423265188597754,362,0.09426262096484525,0.1148743502834932,0.27631578947368424,21,0.17987242755715135,0.390857050783399,0.14473684210526316,11,0.07452893843891269,0.24423396390789112,0.15789473684210525,12,0.08433772792007178,0.25957123739929405,0.3026315789473684,23,0.20245422637062865,0.41874721644690843,0.19736842105263158,15,0.11488530434881021,0.30455125069259564,0.3026315789473684,23,0.20245422637062865,0.41874721644690843,104347,2255,0.021610587750486358
B,hgb,B,False,48,True,source_empirical_patient,,,3495,3549,3473,76,78,0.017293704287542913,False,0.1050964583933199,365,0.09508860962004702,0.1157744644194296,0.27631578947368424,21,0.17987242755715135,0.390857050783399,0.14473684210526316,11,0.07452893843891269,0.24423396390789112,0.15789473684210525,12,0.08433772792007178,0.25957123739929405,0.3026315789473684,23,0.20245422637062865,0.41874721644690843,0.19736842105263158,15,0.11488530434881021,0.30455125069259564,0.3026315789473684,23,0.20245422637062865,0.41874721644690843,104347,2287,0.021917256844950023
B,hgb,B,False,48,True,source_sensitivity80,,,3495,3549,3473,76,78,0.004189908190306462,False,0.43017564065649294,1494,0.4136302683756234,0.446838687754497,0.7368421052631579,56,0.623239947410814,0.8312605531782771,0.17105263157894737,13,0.09434516099442763,0.27472658858330284,0.5921052631578947,45,0.4732913222037313,0.7035154623276428,0.7631578947368421,58,0.6517606363341018,0.8531848923845857,0.3684210526315789,28,0.260575635260201,0.486856423457652,0.7631578947368421,58,0.6517606363341018,0.8531848923845857,104347,17923,0.17176344312725808
B,hgb,B,False,48,True,target_patient_all,,,3495,3549,3473,76,78,0.01743068853814233,False,0.10423265188597754,362,0.09426262096484525,0.1148743502834932,0.27631578947368424,21,0.17987242755715135,0.390857050783399,0.14473684210526316,11,0.07452893843891269,0.24423396390789112,0.15789473684210525,12,0.08433772792007178,0.25957123739929405,0.3026315789473684,23,0.20245422637062865,0.41874721644690843,0.19736842105263158,15,0.11488530434881021,0.30455125069259564,0.3026315789473684,23,0.20245422637062865,0.41874721644690843,104347,2255,0.021610587750486358
B,hgb,B,False,48,True,target_empirical_patient_all,,,3495,3549,3473,76,78,0.017293704287542913,False,0.1050964583933199,365,0.09508860962004702,0.1157744644194296,0.27631578947368424,21,0.17987242755715135,0.390857050783399,0.14473684210526316,11,0.07452893843891269,0.24423396390789112,0.15789473684210525,12,0.08433772792007178,0.25957123739929405,0.3026315789473684,23,0.20245422637062865,0.41874721644690843,0.19736842105263158,15,0.11488530434881021,0.30455125069259564,0.3026315789473684,23,0.20245422637062865,0.41874721644690843,104347,2287,0.021917256844950023
B,hgb,A,True,72,True,source_hourly,,,3495,3601,3422,179,81,0.0066294367527707145,False,0.6484511981297487,2219,0.6321865149802472,0.664461841045036,0.776536312849162,139,0.708381128779163,0.8352982062316037,0.1452513966480447,26,0.09712891692212323,0.20554038026928742,0.664804469273743,119,0.590555988488342,0.7334903045303982,0.7988826815642458,143,0.7326057837020168,0.8549859583909374,0.31843575418994413,57,0.25092837651685573,0.39207537412400234,0.8100558659217877,145,0.7448191109515143,0.8647259292997687,112566,32217,0.286205426149992
B,hgb,A,True,72,True,source_patient,,,3495,3601,3422,179,81,0.01989938408918887,False,0.3161893629456458,1082,0.3006263846789064,0.33206699094645636,0.4134078212290503,74,0.3404549724282268,0.4892776029134362,0.10614525139664804,19,0.06512704963655794,0.16078997243257548,0.39664804469273746,71,0.3244464249489876,0.4723322313344769,0.4581005586592179,82,0.38355724823827025,0.534054529033668,0.22346368715083798,40,0.16470179376839633,0.29161887122083696,0.5027932960893855,90,0.4272447159534296,0.5782478472926171,112566,8500,0.07551125561892578
B,hgb,A,True,72,True,source_empirical_patient,,,3495,3601,3422,179,81,0.019897087711440033,False,0.3164815897136178,1083,0.3009144969460743,0.33236283102923997,0.4134078212290503,74,0.3404549724282268,0.4892776029134362,0.10614525139664804,19,0.06512704963655794,0.16078997243257548,0.39664804469273746,71,0.3244464249489876,0.4723322313344769,0.4581005586592179,82,0.38355724823827025,0.534054529033668,0.22346368715083798,40,0.16470179376839633,0.29161887122083696,0.5027932960893855,90,0.4272447159534296,0.5782478472926171,112566,8502,0.07552902297318906
B,hgb,A,True,72,True,source_sensitivity80,,,3495,3601,3422,179,81,0.005611468634529328,False,0.6972530683810637,2386,0.6815494234467504,0.7126190031135208,0.8156424581005587,146,0.7509528811304462,0.8695679559101372,0.13966480446927373,25,0.09246692904627173,0.19923332629442334,0.7039106145251397,126,0.6312384211985146,0.7696889959984891,0.8379888268156425,150,0.7756837724720131,0.8887334718220844,0.329608938547486,59,0.2613049706374942,0.403665282680943,0.8435754189944135,151,0.7819192228668321,0.8934701379613497,112566,37966,0.33727768597978075
B,hgb,A,True,72,True,target_patient_all,,,3422,3601,3422,179,81,0.05501590692143607,False,0.11104617182933957,380,0.10070881792092527,0.12205321753526233,0.18435754189944134,33,0.13043204408986273,0.24904711886955372,0.11173184357541899,20,0.06959931846303088,0.16727701888203259,0.13966480446927373,25,0.09246692904627173,0.19923332629442334,0.20670391061452514,37,0.14991079387393041,0.27347488854748975,0.1564245810055866,28,0.10652986203865035,0.21808077713316787,0.25139664804469275,45,0.18966290355494525,0.32155687458892585,112566,1736,0.015422063500524138
B,hgb,A,True,72,True,target_empirical_patient_all,,,3422,3601,3422,179,81,0.05481943186678497,False,0.11133839859731151,381,0.10098868927507765,0.1223572828888754,0.18435754189944134,33,0.13043204408986273,0.24904711886955372,0.11173184357541899,20,0.06959931846303088,0.16727701888203259,0.13966480446927373,25,0.09246692904627173,0.19923332629442334,0.20670391061452514,37,0.14991079387393041,0.27347488854748975,0.1564245810055866,28,0.10652986203865035,0.21808077713316787,0.25139664804469275,45,0.18966290355494525,0.32155687458892585,112566,1747,0.015519783948972158
B,hgb,B,False,72,True,source_hourly,,,3495,3576,3473,103,51,0.0066294367527707145,False,0.30118053556003455,1046,0.28595136393287973,0.31674507828811876,0.7087378640776699,73,0.6109917936812232,0.794100001337307,0.18446601941747573,19,0.11486974621752469,0.27298112196149343,0.5533980582524272,57,0.45220718833042667,0.6514381074320373,0.7378640776699029,76,0.6419772811692319,0.8196097718496417,0.3106796116504854,32,0.22314836772188176,0.40942997139844595,0.7378640776699029,76,0.6419772811692319,0.8196097718496417,108739,11484,0.10561068245983501
B,hgb,B,False,72,True,source_patient,,,3495,3576,3473,103,51,0.01989938408918887,False,0.10423265188597754,362,0.09426262096484525,0.1148743502834932,0.3786407766990291,39,0.28488969188023683,0.47956317731524917,0.18446601941747573,19,0.11486974621752469,0.27298112196149343,0.23300970873786409,24,0.1553568162205027,0.32657633612047876,0.39805825242718446,41,0.30289348518284137,0.4992436756515697,0.2524271844660194,26,0.1719901964613698,0.34759420237290434,0.4174757281553398,43,0.3210495833846553,0.5187736158463276,108739,2602,0.023928857171759903
B,hgb,B,False,72,True,source_empirical_patient,,,3495,3576,3473,103,51,0.019897087711440033,False,0.10423265188597754,362,0.09426262096484525,0.1148743502834932,0.3786407766990291,39,0.28488969188023683,0.47956317731524917,0.18446601941747573,19,0.11486974621752469,0.27298112196149343,0.23300970873786409,24,0.1553568162205027,0.32657633612047876,0.39805825242718446,41,0.30289348518284137,0.4992436756515697,0.2524271844660194,26,0.1719901964613698,0.34759420237290434,0.4174757281553398,43,0.3210495833846553,0.5187736158463276,108739,2603,0.0239380535042625
B,hgb,B,False,72,True,source_sensitivity80,,,3495,3576,3473,103,51,0.005611468634529328,False,0.3489778289663115,1212,0.3331142137309261,0.3650960733508425,0.7572815533980582,78,0.6628872473703,0.8363550191784643,0.18446601941747573,19,0.11486974621752469,0.27298112196149343,0.5922330097087378,61,0.4909727471700204,0.6880472663369654,0.7766990291262136,80,0.6840173021846842,0.8528718128479117,0.30097087378640774,31,0.21450095343107392,0.3992417360722904,0.7766990291262136,80,0.6840173021846842,0.8528718128479117,108739,14215,0.13072586652443005
B,hgb,B,False,72,True,target_patient_all,,,3495,3576,3473,103,51,0.01989938408918887,False,0.10423265188597754,362,0.09426262096484525,0.1148743502834932,0.3786407766990291,39,0.28488969188023683,0.47956317731524917,0.18446601941747573,19,0.11486974621752469,0.27298112196149343,0.23300970873786409,24,0.1553568162205027,0.32657633612047876,0.39805825242718446,41,0.30289348518284137,0.4992436756515697,0.2524271844660194,26,0.1719901964613698,0.34759420237290434,0.4174757281553398,43,0.3210495833846553,0.5187736158463276,108739,2602,0.023928857171759903
B,hgb,B,False,72,True,target_empirical_patient_all,,,3495,3576,3473,103,51,0.019897087711440033,False,0.10423265188597754,362,0.09426262096484525,0.1148743502834932,0.3786407766990291,39,0.28488969188023683,0.47956317731524917,0.18446601941747573,19,0.11486974621752469,0.27298112196149343,0.23300970873786409,24,0.1553568162205027,0.32657633612047876,0.39805825242718446,41,0.30289348518284137,0.4992436756515697,0.2524271844660194,26,0.1719901964613698,0.34759420237290434,0.4174757281553398,43,0.3210495833846553,0.5187736158463276,108739,2603,0.0239380535042625
B,hgb_no_observation_features,A,True,natural,True,source_hourly,,,3495,3682,3422,260,0,0.011076022210605347,False,0.5748100526008182,1967,0.5580419960437668,0.5914501408076025,0.7461538461538462,194,0.6887016964158197,0.7978991734107859,0.07692307692307693,20,0.04761793388225715,0.11630274170964292,0.7384615384615385,192,0.6805870458043747,0.79080989192768,0.7692307692307693,200,0.7131767503836866,0.8190339650234727,0.2076923076923077,54,0.16004716303415034,0.26213584516883837,0.8153846153846154,212,0.7627890963844601,0.8606294997661971,112566,31268,0.2777748165520672
B,hgb_no_observation_features,A,True,natural,True,source_patient,,,3495,3682,3422,260,0,0.02672470988598033,False,0.32028053769725306,1096,0.30466060118447963,0.3362081078103124,0.4807692307692308,125,0.4186398066606019,0.5433419768273844,0.07692307692307693,20,0.04761793388225715,0.11630274170964292,0.5615384615384615,146,0.49889096617302897,0.6227669479849403,0.5269230769230769,137,0.4643044453156518,0.5889210407444236,0.14615384615384616,38,0.1055486183034218,0.19504523475188376,0.6384615384615384,166,0.5768212915155477,0.6969049520237736,112566,12029,0.10686175221647744
B,hgb_no_observation_features,A,True,natural,True,source_empirical_patient,,,3495,3682,3422,260,0,0.02672104097281133,False,0.32028053769725306,1096,0.30466060118447963,0.3362081078103124,0.4807692307692308,125,0.4186398066606019,0.5433419768273844,0.07692307692307693,20,0.04761793388225715,0.11630274170964292,0.5615384615384615,146,0.49889096617302897,0.6227669479849403,0.5269230769230769,137,0.4643044453156518,0.5889210407444236,0.14615384615384616,38,0.1055486183034218,0.19504523475188376,0.6384615384615384,166,0.5768212915155477,0.6969049520237736,112566,12032,0.10688840324787235
B,hgb_no_observation_features,A,True,natural,True,source_sensitivity80,,,3495,3682,3422,260,0,0.0067090573169346695,False,0.7241379310344828,2478,0.7088296598337298,0.7390623313730028,0.8423076923076923,219,0.7922136623610171,0.8843987118941903,0.07307692307692308,19,0.04456804841474121,0.11176801216837896,0.8153846153846154,212,0.7627890963844601,0.8606294997661971,0.8615384615384616,224,0.8134977233371483,0.9011027705692849,0.20384615384615384,53,0.1565834125095002,0.25799896802704114,0.8884615384615384,231,0.843751933228097,0.9240162858662381,112566,48285,0.42894835030115663
B,hgb_no_observation_features,A,True,natural,True,target_patient_all,,,3422,3682,3422,260,0,0.08054750676845894,False,0.10520163646990065,360,0.09511634408892898,0.11596697429928321,0.1423076923076923,37,0.1022176612983699,0.19077885503803618,0.038461538461538464,10,0.01859528197658067,0.06959294205488485,0.2923076923076923,76,0.2377524548708487,0.35166896996509844,0.18461538461538463,48,0.1393705002338029,0.23721090361553987,0.09230769230769231,24,0.060041087107546756,0.13423091478953855,0.33076923076923076,86,0.2738809177986963,0.391568090107302,112566,2686,0.023861556775580547
B,hgb_no_observation_features,A,True,natural,True,target_empirical_patient_all,,,3422,3682,3422,260,0,0.08044334602985176,False,0.10549386323787259,361,0.09539573832660274,0.11627151510704584,0.1423076923076923,37,0.1022176612983699,0.19077885503803618,0.038461538461538464,10,0.01859528197658067,0.06959294205488485,0.2923076923076923,76,0.2377524548708487,0.35166896996509844,0.18461538461538463,48,0.1393705002338029,0.23721090361553987,0.09230769230769231,24,0.060041087107546756,0.13423091478953855,0.33076923076923076,86,0.2738809177986963,0.391568090107302,112566,2691,0.02390597516123874
B,hgb_no_observation_features,B,False,natural,True,source_hourly,,,3495,3627,3473,154,0,0.011076022210605347,False,0.24301756406564928,844,0.22883012636583014,0.2576388519512428,0.6623376623376623,102,0.5818159157374663,0.7364756916783293,0.13636363636363635,21,0.08643472116234327,0.20086414095359145,0.6168831168831169,95,0.5352026309685574,0.6939737308154645,0.6883116883116883,106,0.6087862778012476,0.7604240399050952,0.2012987012987013,31,0.14105977126229227,0.2733906417840318,0.7532467532467533,116,0.6774008602873501,0.8190848809241055,110910,11940,0.10765485528807141
B,hgb_no_observation_features,B,False,natural,True,source_patient,,,3495,3627,3473,154,0,0.02672470988598033,False,0.10020155485171321,348,0.0904109224941885,0.11067091296509052,0.42857142857142855,66,0.34923148751687877,0.5107138210913531,0.09090909090909091,14,0.05059551791712918,0.14782552221879086,0.42207792207792205,65,0.3430179137753327,0.504195448528607,0.45454545454545453,70,0.37422055558671313,0.536653193318123,0.15584415584415584,24,0.10247735007166976,0.22295205632731505,0.512987012987013,79,0.43122054381353164,0.5942441941058156,110910,3835,0.034577585429627626
B,hgb_no_observation_features,B,False,natural,True,source_empirical_patient,,,3495,3627,3473,154,0,0.02672104097281133,False,0.10020155485171321,348,0.0904109224941885,0.11067091296509052,0.42857142857142855,66,0.34923148751687877,0.5107138210913531,0.09090909090909091,14,0.05059551791712918,0.14782552221879086,0.42207792207792205,65,0.3430179137753327,0.504195448528607,0.45454545454545453,70,0.37422055558671313,0.536653193318123,0.15584415584415584,24,0.10247735007166976,0.22295205632731505,0.512987012987013,79,0.43122054381353164,0.5942441941058156,110910,3835,0.034577585429627626
B,hgb_no_observation_features,B,False,natural,True,source_sensitivity80,,,3495,3627,3473,154,0,0.0067090573169346695,False,0.36279873308378924,1260,0.34678518655887064,0.379043582595607,0.7987012987012987,123,0.7266093582159681,0.8589402287377077,0.14935064935064934,23,0.09709247614920305,0.21562493393266466,0.7207792207792207,111,0.6428691043914179,0.7899834918521238,0.8376623376623377,129,0.7697539926619923,0.8921030262430523,0.24025974025974026,37,0.17515463972983172,0.3156343759716255,0.8701298701298701,134,0.8065735500380751,0.9188337121680139,110910,20460,0.18447389775493644
B,hgb_no_observation_features,B,False,natural,True,target_patient_all,,,3495,3627,3473,154,0,0.02672470988598033,False,0.10020155485171321,348,0.0904109224941885,0.11067091296509052,0.42857142857142855,66,0.34923148751687877,0.5107138210913531,0.09090909090909091,14,0.05059551791712918,0.14782552221879086,0.42207792207792205,65,0.3430179137753327,0.504195448528607,0.45454545454545453,70,0.37422055558671313,0.536653193318123,0.15584415584415584,24,0.10247735007166976,0.22295205632731505,0.512987012987013,79,0.43122054381353164,0.5942441941058156,110910,3835,0.034577585429627626
B,hgb_no_observation_features,B,False,natural,True,target_empirical_patient_all,,,3495,3627,3473,154,0,0.02672104097281133,False,0.10020155485171321,348,0.0904109224941885,0.11067091296509052,0.42857142857142855,66,0.34923148751687877,0.5107138210913531,0.09090909090909091,14,0.05059551791712918,0.14782552221879086,0.42207792207792205,65,0.3430179137753327,0.504195448528607,0.45454545454545453,70,0.37422055558671313,0.536653193318123,0.15584415584415584,24,0.10247735007166976,0.22295205632731505,0.512987012987013,79,0.43122054381353164,0.5942441941058156,110910,3835,0.034577585429627626
B,hgb_no_observation_features,A,True,24,True,source_hourly,,,3495,3487,3419,68,192,0.0073415729482141446,False,0.5957882421760748,2037,0.5791164626916401,0.6122960100555052,0.6764705882352942,46,0.552074756074853,0.7849326152616146,0.23529411764705882,16,0.14087773625289335,0.35378699307999534,0.47058823529411764,32,0.34831196628863115,0.595508077633579,0.7058823529411765,48,0.582926394690971,0.8102131440829528,0.6470588235294118,44,0.5216981423850415,0.7591615112733705,0.7058823529411765,48,0.582926394690971,0.8102131440829528,61801,18425,0.29813433439588355
B,hgb_no_observation_features,A,True,24,True,source_patient,,,3495,3487,3419,68,192,0.017049136358921555,False,0.3226089499853758,1103,0.30695035633592815,0.3385714525132709,0.45588235294117646,31,0.3345157029289514,0.5812149541040131,0.22058823529411764,15,0.1290402643987188,0.33759558176043064,0.2647058823529412,18,0.16503847193509305,0.38571040293898784,0.4852941176470588,33,0.36220809229760104,0.6097018120202793,0.45588235294117646,31,0.3345157029289514,0.5812149541040131,0.4852941176470588,33,0.36220809229760104,0.6097018120202793,61801,7512,0.12155143120661478
B,hgb_no_observation_features,A,True,24,True,source_empirical_patient,,,3495,3487,3419,68,192,0.017049103166966093,False,0.3226089499853758,1103,0.30695035633592815,0.3385714525132709,0.45588235294117646,31,0.3345157029289514,0.5812149541040131,0.22058823529411764,15,0.1290402643987188,0.33759558176043064,0.2647058823529412,18,0.16503847193509305,0.38571040293898784,0.4852941176470588,33,0.36220809229760104,0.6097018120202793,0.45588235294117646,31,0.3345157029289514,0.5812149541040131,0.4852941176470588,33,0.36220809229760104,0.6097018120202793,61801,7512,0.12155143120661478
B,hgb_no_observation_features,A,True,24,True,source_sensitivity80,,,3495,3487,3419,68,192,0.0026449142639556086,False,0.8906112898508336,3045,0.8796668160306969,0.9008825437856876,0.9117647058823529,62,0.8177768013320661,0.9669275191103401,0.2647058823529412,18,0.16503847193509305,0.38571040293898784,0.6470588235294118,44,0.5216981423850415,0.7591615112733705,0.9117647058823529,62,0.8177768013320661,0.9669275191103401,0.7647058823529411,52,0.6462130069200045,0.8591222637471065,0.9117647058823529,62,0.8177768013320661,0.9669275191103401,61801,38491,0.6228216371903367
B,hgb_no_observation_features,A,True,24,True,target_patient_all,,,3420,3487,3419,68,192,0.05046397884886005,False,0.09710441649605148,332,0.08738071543789275,0.10752318228044373,0.07352941176470588,5,0.024305211050669552,0.1633121273456038,0.04411764705882353,3,0.009192195202787379,0.12356262433177878,0.04411764705882353,3,0.009192195202787379,0.12356262433177878,0.08823529411764706,6,0.03307248088965989,0.1822231986679339,0.08823529411764706,6,0.03307248088965989,0.1822231986679339,0.08823529411764706,6,0.03307248088965989,0.1822231986679339,61801,1738,0.028122522289283344
B,hgb_no_observation_features,A,True,24,True,target_empirical_patient_all,,,3420,3487,3419,68,192,0.05037966709405622,False,0.0973968996782685,333,0.08765962584381018,0.1078287161058515,0.07352941176470588,5,0.024305211050669552,0.1633121273456038,0.04411764705882353,3,0.009192195202787379,0.12356262433177878,0.04411764705882353,3,0.009192195202787379,0.12356262433177878,0.08823529411764706,6,0.03307248088965989,0.1822231986679339,0.08823529411764706,6,0.03307248088965989,0.1822231986679339,0.08823529411764706,6,0.03307248088965989,0.1822231986679339,61801,1743,0.028203427129010857
B,hgb_no_observation_features,B,False,24,True,source_hourly,,,3495,3509,3471,38,116,0.0073415729482141446,False,0.2526649380581965,877,0.23827794564690885,0.2674696647703305,0.5263157894736842,20,0.35818343626050364,0.6901926983917913,0.2894736842105263,11,0.15424628678790986,0.4590320669242924,0.3157894736842105,12,0.1750253389011268,0.4865270544060217,0.6052631578947368,23,0.43386153860952953,0.7596121063559645,0.5,19,0.33378900611309653,0.6662109938869034,0.6052631578947368,23,0.43386153860952953,0.7596121063559645,60965,6543,0.10732387435413762
B,hgb_no_observation_features,B,False,24,True,source_patient,,,3495,3509,3471,38,116,0.017049136358921555,False,0.11063094209161625,384,0.10038290317335698,0.12153986340866249,0.15789473684210525,6,0.060229727917384644,0.312533608291905,0.13157894736842105,5,0.04413744005791443,0.2808638458837533,0.05263157894736842,2,0.006438716715091909,0.17749059034764078,0.18421052631578946,7,0.07742685183884879,0.34326199431092114,0.15789473684210525,6,0.060229727917384644,0.312533608291905,0.18421052631578946,7,0.07742685183884879,0.34326199431092114,60965,2103,0.03449520216517674
B,hgb_no_observation_features,B,False,24,True,source_empirical_patient,,,3495,3509,3471,38,116,0.017049103166966093,False,0.11063094209161625,384,0.10038290317335698,0.12153986340866249,0.15789473684210525,6,0.060229727917384644,0.312533608291905,0.13157894736842105,5,0.04413744005791443,0.2808638458837533,0.05263157894736842,2,0.006438716715091909,0.17749059034764078,0.18421052631578946,7,0.07742685183884879,0.34326199431092114,0.15789473684210525,6,0.060229727917384644,0.312533608291905,0.18421052631578946,7,0.07742685183884879,0.34326199431092114,60965,2103,0.03449520216517674
B,hgb_no_observation_features,B,False,24,True,source_sensitivity80,,,3495,3509,3471,38,116,0.0026449142639556086,False,0.6171132238547969,2142,0.6007049357760224,0.6333239854178186,0.8947368421052632,34,0.751950620782978,0.9705654825542123,0.34210526315789475,13,0.19632909294904966,0.5135267551606642,0.5526315789473685,21,0.38299075116428966,0.7137585009994039,0.8947368421052632,34,0.751950620782978,0.9705654825542123,0.7105263157894737,27,0.5409679330757076,0.8457537132120901,0.8947368421052632,34,0.751950620782978,0.9705654825542123,60965,20534,0.33681620601984746
B,hgb_no_observation_features,B,False,24,True,target_patient_all,,,3495,3509,3471,38,116,0.017049136358921555,False,0.11063094209161625,384,0.10038290317335698,0.12153986340866249,0.15789473684210525,6,0.060229727917384644,0.312533608291905,0.13157894736842105,5,0.04413744005791443,0.2808638458837533,0.05263157894736842,2,0.006438716715091909,0.17749059034764078,0.18421052631578946,7,0.07742685183884879,0.34326199431092114,0.15789473684210525,6,0.060229727917384644,0.312533608291905,0.18421052631578946,7,0.07742685183884879,0.34326199431092114,60965,2103,0.03449520216517674
B,hgb_no_observation_features,B,False,24,True,target_empirical_patient_all,,,3495,3509,3471,38,116,0.017049103166966093,False,0.11063094209161625,384,0.10038290317335698,0.12153986340866249,0.15789473684210525,6,0.060229727917384644,0.312533608291905,0.13157894736842105,5,0.04413744005791443,0.2808638458837533,0.05263157894736842,2,0.006438716715091909,0.17749059034764078,0.18421052631578946,7,0.07742685183884879,0.34326199431092114,0.15789473684210525,6,0.060229727917384644,0.312533608291905,0.18421052631578946,7,0.07742685183884879,0.34326199431092114,60965,2103,0.03449520216517674
B,hgb_no_observation_features,A,True,48,True,source_hourly,,,3495,3555,3422,133,127,0.010259765256398318,False,0.5940970192869667,2033,0.577423140796473,0.6106099251763384,0.706766917293233,94,0.6216143774473805,0.7824624193183901,0.14285714285714285,19,0.0882539943003321,0.21406762003738308,0.6090225563909775,81,0.5206600594197437,0.6924174815890092,0.7293233082706767,97,0.6454693863086456,0.8026740142375586,0.40601503759398494,54,0.3217568700735056,0.494554153204214,0.7518796992481203,100,0.6695627424582602,0.822641368155355,108193,31490,0.29105394988585215
B,hgb_no_observation_features,A,True,48,True,source_patient,,,3495,3555,3422,133,127,0.025650637342602554,False,0.32057276446522504,1097,0.3049488124645721,0.3365038489519882,0.42105263157894735,56,0.3360111415405246,0.5096891041218343,0.14285714285714285,19,0.0882539943003321,0.21406762003738308,0.3609022556390977,48,0.2794802111364275,0.4486676231156457,0.45112781954887216,60,0.3647544169190346,0.5397257773876064,0.2556390977443609,34,0.18398603161319907,0.3384960205164367,0.5037593984962406,67,0.4157912292323699,0.5915564905841529,108193,11666,0.10782582976717532
B,hgb_no_observation_features,A,True,48,True,source_empirical_patient,,,3495,3555,3422,133,127,0.025590383288999038,False,0.32086499123319695,1098,0.30523703077836783,0.33679958306498253,0.42105263157894735,56,0.3360111415405246,0.5096891041218343,0.14285714285714285,19,0.0882539943003321,0.21406762003738308,0.3609022556390977,48,0.2794802111364275,0.4486676231156457,0.45112781954887216,60,0.3647544169190346,0.5397257773876064,0.2556390977443609,34,0.18398603161319907,0.3384960205164367,0.5037593984962406,67,0.4157912292323699,0.5915564905841529,108193,11708,0.10821402493691828
B,hgb_no_observation_features,A,True,48,True,source_sensitivity80,,,3495,3555,3422,133,127,0.005692801261524612,False,0.7668030391583869,2624,0.752264260925433,0.7808845471642117,0.7969924812030075,106,0.7185516234610203,0.8617495525325729,0.14285714285714285,19,0.0882539943003321,0.21406762003738308,0.6842105263157895,91,0.5979814674862344,0.7620240048516707,0.8045112781954887,107,0.7268326587816465,0.8681472004868598,0.38345864661654133,51,0.30052579707697075,0.4717026665295035,0.8270676691729323,110,0.7519028241128344,0.887103461165775,108193,51186,0.4730989990110266
B,hgb_no_observation_features,A,True,48,True,target_patient_all,,,3422,3555,3422,133,127,0.07823459248150738,False,0.10607831677381648,363,0.0959546007487311,0.1168805230407221,0.09022556390977443,12,0.04749346961835971,0.15230218500904943,0.05263157894736842,7,0.02141968024912915,0.10543472857237658,0.11278195488721804,15,0.06451472747403368,0.17918755548969167,0.12781954887218044,17,0.07625530265616293,0.19674822617521334,0.10526315789473684,14,0.05875502930102548,0.17030467043373962,0.16541353383458646,22,0.10666323926930278,0.23965879022278327,108193,2631,0.024317654561755383
B,hgb_no_observation_features,A,True,48,True,target_empirical_patient_all,,,3422,3555,3422,133,127,0.07817785637509782,False,0.10607831677381648,363,0.0959546007487311,0.1168805230407221,0.09022556390977443,12,0.04749346961835971,0.15230218500904943,0.05263157894736842,7,0.02141968024912915,0.10543472857237658,0.11278195488721804,15,0.06451472747403368,0.17918755548969167,0.12781954887218044,17,0.07625530265616293,0.19674822617521334,0.10526315789473684,14,0.05875502930102548,0.17030467043373962,0.16541353383458646,22,0.10666323926930278,0.23965879022278327,108193,2638,0.024382353756712542
B,hgb_no_observation_features,B,False,48,True,source_hourly,,,3495,3549,3473,76,78,0.010259765256398318,False,0.25741433918802187,894,0.24293874235455457,0.27229937925649184,0.5789473684210527,44,0.4601663468529003,0.6913842751858272,0.2236842105263158,17,0.13603639987892516,0.3338045090938854,0.40789473684210525,31,0.29648453767235716,0.5267086777962686,0.618421052631579,47,0.4997786550913032,0.727536985431197,0.3157894736842105,24,0.21389459225458077,0.432547901806526,0.631578947368421,48,0.513143576542348,0.7394243647397989,104347,10985,0.10527375008385483
B,hgb_no_observation_features,B,False,48,True,source_patient,,,3495,3549,3473,76,78,0.025650637342602554,False,0.09847394183702851,342,0.0887617074424304,0.10886793258559917,0.2894736842105263,22,0.19111218708831845,0.40485143905736776,0.10526315789473684,8,0.04655356275747649,0.19691669919168625,0.23684210526315788,18,0.1468151076154143,0.3482393636658981,0.34210526315789475,26,0.237056796816216,0.45987602619535606,0.17105263157894737,13,0.09434516099442763,0.27472658858330284,0.34210526315789475,26,0.237056796816216,0.45987602619535606,104347,3080,0.029516900342127707
B,hgb_no_observation_features,B,False,48,True,source_empirical_patient,,,3495,3549,3473,76,78,0.025590383288999038,False,0.09876187733947596,343,0.08903651204392536,0.10916849364448997,0.2894736842105263,22,0.19111218708831845,0.40485143905736776,0.10526315789473684,8,0.04655356275747649,0.19691669919168625,0.23684210526315788,18,0.1468151076154143,0.3482393636658981,0.34210526315789475,26,0.237056796816216,0.45987602619535606,0.17105263157894737,13,0.09434516099442763,0.27472658858330284,0.34210526315789475,26,0.237056796816216,0.45987602619535606,104347,3091,0.029622317843349594
B,hgb_no_observation_features,B,False,48,True,source_sensitivity80,,,3495,3549,3473,76,78,0.005692801261524612,False,0.4103080909876188,1425,0.3938861784407123,0.42688117228688505,0.7763157894736842,59,0.6661954909061145,0.8639636001210749,0.18421052631578946,14,0.10453276041563338,0.2897156019558712,0.618421052631579,47,0.4997786550913032,0.727536985431197,0.7894736842105263,60,0.6807555422274902,0.8746099100628831,0.35526315789473684,27,0.2487728665291047,0.47340859906445054,0.8026315789473685,61,0.6954487493074043,0.8851146956511898,104347,21057,0.20179784756629324
B,hgb_no_observation_features,B,False,48,True,target_patient_all,,,3495,3549,3473,76,78,0.025650637342602554,False,0.09847394183702851,342,0.0887617074424304,0.10886793258559917,0.2894736842105263,22,0.19111218708831845,0.40485143905736776,0.10526315789473684,8,0.04655356275747649,0.19691669919168625,0.23684210526315788,18,0.1468151076154143,0.3482393636658981,0.34210526315789475,26,0.237056796816216,0.45987602619535606,0.17105263157894737,13,0.09434516099442763,0.27472658858330284,0.34210526315789475,26,0.237056796816216,0.45987602619535606,104347,3080,0.029516900342127707
B,hgb_no_observation_features,B,False,48,True,target_empirical_patient_all,,,3495,3549,3473,76,78,0.025590383288999038,False,0.09876187733947596,343,0.08903651204392536,0.10916849364448997,0.2894736842105263,22,0.19111218708831845,0.40485143905736776,0.10526315789473684,8,0.04655356275747649,0.19691669919168625,0.23684210526315788,18,0.1468151076154143,0.3482393636658981,0.34210526315789475,26,0.237056796816216,0.45987602619535606,0.17105263157894737,13,0.09434516099442763,0.27472658858330284,0.34210526315789475,26,0.237056796816216,0.45987602619535606,104347,3091,0.029622317843349594
B,hgb_no_observation_features,A,True,72,True,source_hourly,,,3495,3601,3422,179,81,0.010729258524310408,False,0.5859146697837522,2005,0.5691976584552294,0.6024847112800995,0.7206703910614525,129,0.6488463824845467,0.7850275198344159,0.11173184357541899,20,0.06959931846303088,0.16727701888203259,0.6480446927374302,116,0.5732831426037663,0.7178120626768202,0.7374301675977654,132,0.6665654824772331,0.8002529625957823,0.30726256983240224,55,0.24059660696419477,0.3804412312330381,0.7597765363128491,136,0.6903752487760282,0.8203656054062601,112566,32324,0.2871559796030773
B,hgb_no_observation_features,A,True,72,True,source_patient,,,3495,3601,3422,179,81,0.02672104097281133,False,0.32028053769725306,1096,0.30466060118447963,0.3362081078103124,0.39106145251396646,70,0.31912946472703313,0.46666467842331133,0.11173184357541899,20,0.06959931846303088,0.16727701888203259,0.4134078212290503,74,0.3404549724282268,0.4892776029134362,0.45251396648044695,81,0.37813716347859205,0.5284895910846803,0.2011173184357542,36,0.14501404160906262,0.2673942162979832,0.5251396648044693,94,0.4493051741949818,0.6001278467589041,112566,12032,0.10688840324787235
B,hgb_no_observation_features,A,True,72,True,source_empirical_patient,,,3495,3601,3422,179,81,0.026695935727172753,False,0.32028053769725306,1096,0.30466060118447963,0.3362081078103124,0.39106145251396646,70,0.31912946472703313,0.46666467842331133,0.11173184357541899,20,0.06959931846303088,0.16727701888203259,0.4134078212290503,74,0.3404549724282268,0.4892776029134362,0.45251396648044695,81,0.37813716347859205,0.5284895910846803,0.2011173184357542,36,0.14501404160906262,0.2673942162979832,0.5251396648044693,94,0.4493051741949818,0.6001278467589041,112566,12041,0.1069683563420571
B,hgb_no_observation_features,A,True,72,True,source_sensitivity80,,,3495,3601,3422,179,81,0.005763195008754756,False,0.7676797194623027,2627,0.753158746171966,0.7817419119605619,0.8100558659217877,145,0.7448191109515143,0.8647259292997687,0.1005586592178771,18,0.06069389338968345,0.15426618522804122,0.7541899441340782,135,0.6844022280629187,0.8153584615224043,0.8212290502793296,147,0.7571055358223306,0.8743904719739906,0.29608938547486036,53,0.23031100400151092,0.3687615788014854,0.8547486033519553,153,0.7944596197307126,0.9028710830778768,112566,53880,0.4786525238526731
B,hgb_no_observation_features,A,True,72,True,target_patient_all,,,3422,3601,3422,179,81,0.08054750676845894,False,0.10520163646990065,360,0.09511634408892898,0.11596697429928321,0.09497206703910614,17,0.05630278147792922,0.1477030511109098,0.0446927374301676,8,0.019489845429093326,0.08616078530927322,0.1564245810055866,28,0.10652986203865035,0.21808077713316787,0.13966480446927373,25,0.09246692904627173,0.19923332629442334,0.1005586592178771,18,0.06069389338968345,0.15426618522804122,0.2011173184357542,36,0.14501404160906262,0.2673942162979832,112566,2686,0.023861556775580547
B,hgb_no_observation_features,A,True,72,True,target_empirical_patient_all,,,3422,3601,3422,179,81,0.08044334602985176,False,0.10549386323787259,361,0.09539573832660274,0.11627151510704584,0.09497206703910614,17,0.05630278147792922,0.1477030511109098,0.0446927374301676,8,0.019489845429093326,0.08616078530927322,0.1564245810055866,28,0.10652986203865035,0.21808077713316787,0.13966480446927373,25,0.09246692904627173,0.19923332629442334,0.1005586592178771,18,0.06069389338968345,0.15426618522804122,0.2011173184357542,36,0.14501404160906262,0.2673942162979832,112566,2691,0.02390597516123874
B,hgb_no_observation_features,B,False,72,True,source_hourly,,,3495,3576,3473,103,51,0.010729258524310408,False,0.2525194356464152,877,0.23813944106677967,0.2673171691440658,0.6310679611650486,65,0.5303347281198056,0.7240537621996148,0.21359223300970873,22,0.13896186452588058,0.3053293296902471,0.47572815533980584,49,0.3764007370729785,0.5764873865184581,0.6601941747572816,68,0.5602662102218672,0.7506424985704903,0.2912621359223301,30,0.205899998662693,0.38900820631877653,0.6893203883495146,71,0.590570028601554,0.7768516322781182,108739,11310,0.10401052060438297
B,hgb_no_observation_features,B,False,72,True,source_patient,,,3495,3576,3473,103,51,0.02672104097281133,False,0.09962568384681832,346,0.089861081225102,0.11007002203483081,0.3300970873786408,34,0.24057772141812683,0.4296750084461257,0.11650485436893204,12,0.061670976723435085,0.1946687035221929,0.2815533980582524,29,0.19734686729001144,0.37872813231697067,0.36893203883495146,38,0.27594623780038513,0.4696652718801943,0.20388349514563106,21,0.13086095021088925,0.2946134330070819,0.39805825242718446,41,0.30289348518284137,0.4992436756515697,108739,3250,0.029888080633443382
B,hgb_no_observation_features,B,False,72,True,source_empirical_patient,,,3495,3576,3473,103,51,0.026695935727172753,False,0.09962568384681832,346,0.089861081225102,0.11007002203483081,0.3300970873786408,34,0.24057772141812683,0.4296750084461257,0.11650485436893204,12,0.061670976723435085,0.1946687035221929,0.2815533980582524,29,0.19734686729001144,0.37872813231697067,0.36893203883495146,38,0.27594623780038513,0.4696652718801943,0.20388349514563106,21,0.13086095021088925,0.2946134330070819,0.39805825242718446,41,0.30289348518284137,0.4992436756515697,108739,3256,0.02994325862845897
B,hgb_no_observation_features,B,False,72,True,source_sensitivity80,,,3495,3576,3473,103,51,0.005763195008754756,False,0.409156348977829,1421,0.39274243314798335,0.42572337548409195,0.8252427184466019,85,0.737942806321403,0.8930121320925407,0.17475728155339806,18,0.10698786790745927,0.26205719367859703,0.6796116504854369,70,0.5804259498661548,0.7681589995782577,0.8349514563106796,86,0.748944444114787,0.9008115937323449,0.30097087378640774,31,0.21450095343107392,0.3992417360722904,0.8543689320388349,88,0.7712023688263744,0.9161388185532517,108739,22379,0.20580472507563982
B,hgb_no_observation_features,B,False,72,True,target_patient_all,,,3495,3576,3473,103,51,0.02672104097281133,False,0.09962568384681832,346,0.089861081225102,0.11007002203483081,0.3300970873786408,34,0.24057772141812683,0.4296750084461257,0.11650485436893204,12,0.061670976723435085,0.1946687035221929,0.2815533980582524,29,0.19734686729001144,0.37872813231697067,0.36893203883495146,38,0.27594623780038513,0.4696652718801943,0.20388349514563106,21,0.13086095021088925,0.2946134330070819,0.39805825242718446,41,0.30289348518284137,0.4992436756515697,108739,3250,0.029888080633443382
B,hgb_no_observation_features,B,False,72,True,target_empirical_patient_all,,,3495,3576,3473,103,51,0.026695935727172753,False,0.09962568384681832,346,0.089861081225102,0.11007002203483081,0.3300970873786408,34,0.24057772141812683,0.4296750084461257,0.11650485436893204,12,0.061670976723435085,0.1946687035221929,0.2815533980582524,29,0.19734686729001144,0.37872813231697067,0.36893203883495146,38,0.27594623780038513,0.4696652718801943,0.20388349514563106,21,0.13086095021088925,0.2946134330070819,0.39805825242718446,41,0.30289348518284137,0.4992436756515697,108739,3256,0.02994325862845897
