id,site,septic,any_alert,timely_crossing,timely_first_alert,premature_first_alert,first_alert_hour,onset_hour,record_hours,max_score,negative_hour_alerts,negative_hours,policy
A_p009188,A,False,False,False,False,False,,,37.0,0.002585671338870188,0,32,source_hourly
A_p017365,A,False,False,False,False,False,,,56.0,0.005819986184999226,0,51,source_hourly
A_p011573,A,False,False,False,False,False,,,41.0,0.0029159621292474723,0,36,source_hourly
A_p002384,A,False,False,False,False,False,,,27.0,0.0016720255447790133,0,22,source_hourly
A_p004930,A,False,True,False,False,False,15.0,,42.0,0.010746391568898695,2,37,source_hourly
A_p014812,A,False,False,False,False,False,,,55.0,0.004046211538944347,0,50,source_hourly
A_p003725,A,False,True,False,False,False,22.0,,37.0,0.02274590090332754,13,32,source_hourly
A_p006831,A,False,False,False,False,False,,,38.0,0.0036619806185612626,0,33,source_hourly
A_p014947,A,False,True,False,False,False,39.0,,42.0,0.012670317201312276,3,37,source_hourly
A_p013825,A,False,True,False,False,False,17.0,,26.0,0.01157899822664598,10,21,source_hourly
A_p006193,A,False,False,False,False,False,,,26.0,0.003048962347924783,0,21,source_hourly
A_p017748,A,False,True,False,False,False,16.0,,54.0,0.017514408111349633,19,49,source_hourly
A_p017029,A,False,True,False,False,False,15.0,,45.0,0.014555325865613353,12,40,source_hourly
A_p017150,A,False,True,False,False,False,8.0,,40.0,0.041546318582571275,9,35,source_hourly
A_p017763,A,False,False,False,False,False,,,42.0,0.0017320107168934465,0,37,source_hourly
A_p018289,A,True,False,False,False,False,,17.0,20.0,0.0019126490545772438,0,0,source_hourly
A_p004129,A,False,False,False,False,False,,,50.0,0.0032692243991446547,0,45,source_hourly
A_p006274,A,False,True,False,False,False,10.0,,45.0,0.008491791938377766,4,40,source_hourly
A_p009221,A,False,True,False,False,False,8.0,,26.0,0.01565458419181813,2,21,source_hourly
A_p003918,A,False,False,False,False,False,,,27.0,0.0023992922900838375,0,22,source_hourly
A_p018060,A,False,False,False,False,False,,,39.0,0.0008379630750812269,0,34,source_hourly
A_p013679,A,False,False,False,False,False,,,34.0,0.0006722046595318026,0,29,source_hourly
A_p018873,A,False,False,False,False,False,,,49.0,0.0033677448276415146,0,44,source_hourly
A_p009969,A,False,False,False,False,False,,,40.0,0.0009808404305636014,0,35,source_hourly
A_p015996,A,False,True,False,False,False,8.0,,53.0,0.018744971781106897,17,48,source_hourly
A_p017867,A,True,True,True,False,True,33.0,102.0,105.0,0.16378111453736943,0,0,source_hourly
A_p007944,A,False,True,False,False,False,9.0,,38.0,0.01218298735617915,1,33,source_hourly
A_p014013,A,False,False,False,False,False,,,46.0,0.0028047795373095704,0,41,source_hourly
A_p017782,A,False,False,False,False,False,,,22.0,0.0015121837001475878,0,17,source_hourly
A_p001007,A,False,False,False,False,False,,,41.0,0.0014016312102817809,0,36,source_hourly
A_p011832,A,False,True,False,False,False,21.0,,23.0,0.006335508739875987,1,18,source_hourly
A_p009525,A,False,True,False,False,False,17.0,,43.0,0.016268117421304285,3,38,source_hourly
A_p006099,A,False,True,False,False,False,24.0,,38.0,0.01957761704561065,15,33,source_hourly
A_p005118,A,False,False,False,False,False,,,39.0,0.0025033796545298726,0,34,source_hourly
A_p013148,A,False,False,False,False,False,,,15.0,0.001124526544629244,0,10,source_hourly
A_p018863,A,False,False,False,False,False,,,18.0,0.002915084413603799,0,13,source_hourly
A_p007983,A,False,False,False,False,False,,,54.0,0.0038190347439377454,0,49,source_hourly
A_p010442,A,False,False,False,False,False,,,45.0,0.0022012294229942267,0,40,source_hourly
A_p018354,A,False,True,False,False,False,9.0,,25.0,0.049651570895140454,10,20,source_hourly
A_p010988,A,False,True,False,False,False,10.0,,48.0,0.00799346903917771,8,43,source_hourly
A_p007813,A,False,False,False,False,False,,,37.0,0.0027874377581869466,0,32,source_hourly
A_p017550,A,False,False,False,False,False,,,22.0,0.000691797481747272,0,17,source_hourly
A_p007471,A,False,False,False,False,False,,,46.0,0.0017641422331019455,0,41,source_hourly
A_p001927,A,False,True,False,False,False,53.0,,54.0,0.010561525911804582,2,49,source_hourly
A_p003024,A,False,True,False,False,False,17.0,,49.0,0.02034567635100381,26,44,source_hourly
A_p017109,A,False,False,False,False,False,,,29.0,0.002354506196403319,0,23,source_hourly
A_p002664,A,False,False,False,False,False,,,24.0,0.004490532698180029,0,19,source_hourly
A_p001024,A,False,False,False,False,False,,,40.0,0.005155730584236413,0,35,source_hourly
A_p009080,A,False,True,False,False,False,9.0,,36.0,0.051808973189479024,22,31,source_hourly
A_p015020,A,False,False,False,False,False,,,48.0,0.0013112518765432863,0,43,source_hourly
A_p017099,A,False,True,False,False,False,10.0,,28.0,0.00804802393333581,1,23,source_hourly
A_p008010,A,False,True,False,False,False,10.0,,41.0,0.014289760001331057,22,36,source_hourly
A_p013268,A,False,False,False,False,False,,,51.0,0.003566023609697617,0,46,source_hourly
A_p016240,A,False,True,False,False,False,13.0,,19.0,0.008467846323903192,4,14,source_hourly
A_p005838,A,False,False,False,False,False,,,11.0,0.00032666239345566824,0,6,source_hourly
A_p014661,A,False,False,False,False,False,,,43.0,0.0015719880172084832,0,38,source_hourly
A_p016186,A,False,True,False,False,False,14.0,,50.0,0.007904537285411729,3,45,source_hourly
A_p015472,A,False,True,False,False,False,35.0,,43.0,0.009844720264239368,2,38,source_hourly
A_p003474,A,False,False,False,False,False,,,52.0,0.0015642085305306664,0,47,source_hourly
A_p013025,A,False,False,False,False,False,,,50.0,0.0018207684243236036,0,45,source_hourly
A_p013177,A,False,False,False,False,False,,,31.0,0.0017997455065405406,0,26,source_hourly
A_p011431,A,False,False,False,False,False,,,27.0,0.0014836219178693787,0,22,source_hourly
A_p004735,A,False,False,False,False,False,,,14.0,0.0009004894896909877,0,9,source_hourly
A_p016819,A,False,False,False,False,False,,,37.0,0.003802825304894213,0,32,source_hourly
A_p000432,A,False,False,False,False,False,,,37.0,0.0015776017211998428,0,32,source_hourly
A_p006747,A,False,True,False,False,False,53.0,,57.0,0.027713356455372314,5,52,source_hourly
A_p014791,A,False,False,False,False,False,,,29.0,0.003985122200767919,0,24,source_hourly
A_p011556,A,False,False,False,False,False,,,36.0,0.003060810192417381,0,31,source_hourly
A_p012430,A,False,True,False,False,False,11.0,,57.0,0.011527750909352088,9,52,source_hourly
A_p011139,A,False,False,False,False,False,,,20.0,0.004850200153833503,0,15,source_hourly
A_p003923,A,False,True,False,False,False,8.0,,25.0,0.02938079279503533,8,20,source_hourly
A_p007157,A,False,True,False,False,False,24.0,,58.0,0.011634101819824183,18,53,source_hourly
A_p018216,A,False,False,False,False,False,,,29.0,0.0023832156602816524,0,24,source_hourly
A_p006423,A,False,False,False,False,False,,,23.0,0.000876015394565168,0,18,source_hourly
A_p012595,A,False,True,False,False,False,14.0,,20.0,0.022046255675868123,1,15,source_hourly
A_p015284,A,False,True,False,False,False,8.0,,56.0,0.04695289531266891,37,51,source_hourly
A_p016399,A,False,False,False,False,False,,,36.0,0.002923846949134627,0,31,source_hourly
A_p003815,A,False,True,False,False,False,23.0,,37.0,0.007408080913091298,2,32,source_hourly
A_p003920,A,True,True,True,False,True,25.0,79.0,82.0,0.4042937272928381,0,0,source_hourly
A_p018802,A,False,False,False,False,False,,,20.0,0.0010808542125050823,0,15,source_hourly
A_p013354,A,False,False,False,False,False,,,52.0,0.004446773366043164,0,47,source_hourly
A_p009524,A,False,False,False,False,False,,,17.0,0.004484671528833839,0,12,source_hourly
A_p018410,A,False,False,False,False,False,,,36.0,0.0010935629182080792,0,31,source_hourly
A_p013339,A,False,False,False,False,False,,,40.0,0.0016895369328018535,0,35,source_hourly
A_p015583,A,False,True,False,False,False,22.0,,45.0,0.016101954069479223,17,40,source_hourly
A_p014292,A,False,True,False,False,False,11.0,,49.0,0.012729768751650683,4,44,source_hourly
A_p009491,A,False,True,False,False,False,9.0,,55.0,0.010965030126108997,8,50,source_hourly
A_p016780,A,False,True,False,False,False,33.0,,59.0,0.011755657308732249,8,54,source_hourly
A_p013080,A,False,False,False,False,False,,,19.0,0.004360773649623993,0,14,source_hourly
A_p001983,A,False,False,False,False,False,,,23.0,0.0010055847107305791,0,18,source_hourly
A_p005267,A,False,False,False,False,False,,,25.0,0.0016080767730044128,0,20,source_hourly
A_p018839,A,False,True,False,False,False,30.0,,31.0,0.006741208203733606,1,26,source_hourly
A_p007867,A,False,False,False,False,False,,,12.0,0.000865772276305717,0,7,source_hourly
A_p006716,A,False,False,False,False,False,,,33.0,0.0011512616204902915,0,28,source_hourly
A_p007942,A,False,True,False,False,False,8.0,,44.0,0.031108178404463924,12,39,source_hourly
A_p015110,A,False,False,False,False,False,,,20.0,0.00214045103907184,0,15,source_hourly
A_p016546,A,False,False,False,False,False,,,26.0,0.0017447489693997148,0,21,source_hourly
A_p002711,A,False,True,False,False,False,43.0,,46.0,0.009238599998625502,4,41,source_hourly
A_p006001,A,False,True,False,False,False,9.0,,41.0,0.008750901794068129,3,36,source_hourly
A_p000946,A,False,True,False,False,False,33.0,,56.0,0.03109694497845502,21,51,source_hourly
A_p014911,A,False,True,False,False,False,26.0,,42.0,0.009806650890481638,4,37,source_hourly
A_p011789,A,False,False,False,False,False,,,13.0,0.0007512902079219614,0,8,source_hourly
A_p017235,A,False,True,False,False,False,8.0,,57.0,0.035161121283732014,34,52,source_hourly
A_p006464,A,False,True,False,False,False,35.0,,59.0,0.051044019549360324,17,54,source_hourly
A_p003224,A,False,True,False,False,False,11.0,,23.0,0.007678395755304481,2,18,source_hourly
A_p004549,A,False,True,False,False,False,6.0,,52.0,0.027265336309656843,7,47,source_hourly
A_p002503,A,False,False,False,False,False,,,46.0,0.0032554487736159575,0,41,source_hourly
A_p003035,A,False,False,False,False,False,,,18.0,0.0005086925137814292,0,13,source_hourly
A_p018838,A,False,True,False,False,False,24.0,,44.0,0.039615287780568165,12,39,source_hourly
A_p000117,A,False,False,False,False,False,,,48.0,0.0025329622568899916,0,43,source_hourly
A_p017495,A,False,False,False,False,False,,,38.0,0.0016999106985424715,0,33,source_hourly
A_p007535,A,False,False,False,False,False,,,36.0,0.0009072731783727683,0,31,source_hourly
A_p000224,A,False,False,False,False,False,,,39.0,0.001475190087701394,0,34,source_hourly
A_p007898,A,False,True,False,False,False,43.0,,50.0,0.008382760033966869,6,45,source_hourly
A_p012483,A,False,False,False,False,False,,,20.0,0.0008828862818517969,0,15,source_hourly
A_p010492,A,False,False,False,False,False,,,38.0,0.00222425261447806,0,33,source_hourly
A_p017350,A,False,False,False,False,False,,,17.0,0.00038294591077715637,0,12,source_hourly
A_p006501,A,False,False,False,False,False,,,38.0,0.0016507653761205206,0,33,source_hourly
A_p003798,A,False,True,False,False,False,13.0,,39.0,0.008214588392987417,2,34,source_hourly
A_p008339,A,False,True,False,False,False,30.0,,46.0,0.008335610653941325,1,41,source_hourly
A_p007962,A,False,True,False,False,False,13.0,,52.0,0.05029992638953418,7,47,source_hourly
A_p008810,A,False,False,False,False,False,,,47.0,0.0036245005750765377,0,42,source_hourly
A_p000004,A,False,False,False,False,False,,,29.0,0.0013485000229055144,0,24,source_hourly
A_p010884,A,False,True,False,False,False,10.0,,40.0,0.02461902370638172,23,35,source_hourly
A_p017704,A,False,True,False,False,False,21.0,,39.0,0.006533264052880493,3,34,source_hourly
A_p007734,A,False,False,False,False,False,,,41.0,0.005229282884253303,0,36,source_hourly
A_p017207,A,False,False,False,False,False,,,46.0,0.005009968669273524,0,41,source_hourly
A_p009285,A,False,False,False,False,False,,,27.0,0.0015744184582370919,0,22,source_hourly
A_p017092,A,False,False,False,False,False,,,43.0,0.0010030380225087088,0,38,source_hourly
A_p004128,A,False,True,False,False,False,8.0,,51.0,0.06010487034609762,26,46,source_hourly
A_p014349,A,False,True,False,False,False,22.0,,41.0,0.01178963379702541,2,36,source_hourly
A_p016576,A,False,False,False,False,False,,,52.0,0.004828547278198264,0,47,source_hourly
A_p002661,A,False,False,False,False,False,,,38.0,0.004497926101084784,0,33,source_hourly
A_p007705,A,False,True,False,False,False,11.0,,39.0,0.03336910591808247,1,34,source_hourly
A_p001879,A,False,False,False,False,False,,,28.0,0.003517917514771833,0,23,source_hourly
A_p005114,A,False,False,False,False,False,,,13.0,0.002595755483454144,0,8,source_hourly
A_p010649,A,False,True,False,False,False,13.0,,36.0,0.020043732475126516,10,31,source_hourly
A_p010657,A,False,True,False,False,False,48.0,,49.0,0.009667107334864354,2,44,source_hourly
A_p016904,A,False,True,False,False,False,8.0,,55.0,0.022303511066904237,11,50,source_hourly
A_p011100,A,False,False,False,False,False,,,37.0,0.0038714697240412018,0,32,source_hourly
A_p003770,A,False,True,False,False,False,11.0,,52.0,0.009009731488918302,6,47,source_hourly
A_p003814,A,False,True,False,False,False,8.0,,59.0,0.04747455358844419,15,54,source_hourly
A_p020460,A,False,False,False,False,False,,,11.0,0.0029830144012442075,0,6,source_hourly
A_p020546,A,False,True,False,False,False,43.0,,54.0,0.03033589477178062,12,49,source_hourly
A_p005473,A,False,False,False,False,False,,,37.0,0.003819101096582598,0,32,source_hourly
A_p010505,A,False,True,False,False,False,7.0,,45.0,0.022665968288236877,16,40,source_hourly
A_p019392,A,False,False,False,False,False,,,36.0,0.005417268277319625,0,31,source_hourly
A_p014817,A,False,False,False,False,False,,,27.0,0.004387605230621446,0,22,source_hourly
A_p013035,A,True,True,True,False,True,60.0,152.0,155.0,0.5383881608587419,0,0,source_hourly
A_p015986,A,False,True,False,False,False,9.0,,33.0,0.024606657215178036,14,28,source_hourly
A_p014230,A,False,False,False,False,False,,,50.0,0.005084518956232169,0,45,source_hourly
A_p002817,A,False,True,False,False,False,14.0,,38.0,0.027155663638076755,18,33,source_hourly
A_p013358,A,False,False,False,False,False,,,53.0,0.005499628857433795,0,48,source_hourly
A_p014882,A,True,True,True,False,True,8.0,15.0,18.0,0.01939207098069297,0,0,source_hourly
A_p008144,A,False,False,False,False,False,,,51.0,0.002415084822175546,0,46,source_hourly
A_p011959,A,False,True,False,False,False,9.0,,48.0,0.01252289456511048,18,43,source_hourly
A_p017073,A,False,True,False,False,False,12.0,,49.0,0.009509214541439829,4,44,source_hourly
A_p002975,A,False,True,False,False,False,22.0,,36.0,0.006446539463360074,2,30,source_hourly
A_p007398,A,False,False,False,False,False,,,19.0,0.0021019779243510554,0,14,source_hourly
A_p004151,A,False,False,False,False,False,,,26.0,0.004888338101068998,0,21,source_hourly
A_p001608,A,False,False,False,False,False,,,17.0,0.0008405196970806093,0,12,source_hourly
A_p005184,A,False,False,False,False,False,,,27.0,0.0036948084668587187,0,22,source_hourly
A_p000079,A,False,True,False,False,False,8.0,,42.0,0.2719937606868471,35,37,source_hourly
A_p012094,A,False,False,False,False,False,,,28.0,0.002054080616662535,0,23,source_hourly
A_p002264,A,False,True,False,False,False,35.0,,48.0,0.011464462011439648,12,43,source_hourly
A_p007936,A,False,False,False,False,False,,,23.0,0.0037542578927687227,0,18,source_hourly
A_p003635,A,False,True,False,False,False,9.0,,40.0,0.01687021465843212,6,35,source_hourly
A_p017097,A,False,False,False,False,False,,,41.0,0.00130678067525679,0,36,source_hourly
A_p002680,A,False,False,False,False,False,,,44.0,0.003646470051015806,0,39,source_hourly
A_p015886,A,False,False,False,False,False,,,47.0,0.002280589018700052,0,40,source_hourly
A_p006021,A,False,False,False,False,False,,,30.0,0.0005352242100156289,0,25,source_hourly
A_p009243,A,False,False,False,False,False,,,46.0,0.002503483765798814,0,41,source_hourly
A_p003049,A,False,False,False,False,False,,,9.0,0.0026156530695277402,0,4,source_hourly
A_p009312,A,False,False,False,False,False,,,21.0,0.0007327673676270651,0,16,source_hourly
A_p006353,A,False,True,False,False,False,10.0,,48.0,0.015984308095102772,9,43,source_hourly
A_p002121,A,False,False,False,False,False,,,57.0,0.00520036286745468,0,52,source_hourly
A_p002787,A,False,True,False,False,False,18.0,,41.0,0.03500828539054212,21,36,source_hourly
A_p019286,A,False,True,False,False,False,8.0,,31.0,0.07783138272425566,8,26,source_hourly
A_p019386,A,False,True,False,False,False,41.0,,47.0,0.01133993978668817,7,42,source_hourly
A_p010283,A,False,False,False,False,False,,,39.0,0.0017238655128023947,0,34,source_hourly
A_p008904,A,False,True,False,False,False,8.0,,27.0,0.0071478828927703224,3,22,source_hourly
A_p005811,A,False,True,False,False,False,12.0,,22.0,0.01630659287057181,9,17,source_hourly
A_p012181,A,False,True,False,False,False,57.0,,58.0,0.012841384277953918,2,53,source_hourly
A_p013373,A,False,False,False,False,False,,,27.0,0.0008181478665675937,0,22,source_hourly
A_p004304,A,False,False,False,False,False,,,39.0,0.0012497246293205965,0,34,source_hourly
A_p005926,A,False,False,False,False,False,,,25.0,0.003602407610591802,0,20,source_hourly
A_p004410,A,False,True,False,False,False,17.0,,59.0,0.0673314541386228,34,54,source_hourly
A_p015809,A,True,False,False,False,False,,19.0,22.0,0.004197521662723569,0,0,source_hourly
A_p001090,A,False,False,False,False,False,,,51.0,0.003573773706492693,0,46,source_hourly
A_p018773,A,False,False,False,False,False,,,41.0,0.0011606545310960295,0,36,source_hourly
A_p010389,A,True,True,True,False,True,68.0,130.0,133.0,0.06336980448982402,0,0,source_hourly
A_p014283,A,False,True,False,False,False,55.0,,59.0,0.015499714185020774,5,54,source_hourly
A_p017352,A,False,True,False,False,False,11.0,,24.0,0.01505142032943352,1,19,source_hourly
A_p007055,A,False,True,False,False,False,15.0,,57.0,0.060821990826647174,27,52,source_hourly
A_p016259,A,False,False,False,False,False,,,37.0,0.0014432354609325406,0,32,source_hourly
A_p017296,A,False,True,False,False,False,40.0,,51.0,0.030697993216047152,11,46,source_hourly
A_p012649,A,False,False,False,False,False,,,36.0,0.0005392542113050439,0,31,source_hourly
A_p018924,A,False,False,False,False,False,,,29.0,0.0034314388603069383,0,24,source_hourly
A_p017387,A,False,True,False,False,False,32.0,,45.0,0.01986606180128136,9,40,source_hourly
A_p010010,A,False,False,False,False,False,,,27.0,0.0022240779418299036,0,22,source_hourly
A_p011528,A,False,True,False,False,False,8.0,,42.0,0.03623696285485829,29,37,source_hourly
A_p017664,A,False,False,False,False,False,,,42.0,0.0015391541661090207,0,37,source_hourly
A_p019623,A,False,True,False,False,False,44.0,,59.0,0.020844008378531644,15,54,source_hourly
A_p006809,A,False,True,False,False,False,8.0,,47.0,0.013782577662235635,4,42,source_hourly
A_p008637,A,False,True,False,False,False,40.0,,55.0,0.007911643997788901,7,50,source_hourly
A_p013555,A,False,False,False,False,False,,,22.0,0.0021569499156831374,0,17,source_hourly
A_p007591,A,False,True,False,False,False,8.0,,43.0,0.031112732683752836,10,38,source_hourly
A_p011418,A,False,True,False,False,False,9.0,,23.0,0.007770388884349531,1,18,source_hourly
A_p007672,A,False,False,False,False,False,,,42.0,0.005703432207385296,0,37,source_hourly
A_p002752,A,False,False,False,False,False,,,51.0,0.001957249236256031,0,46,source_hourly
A_p001567,A,False,False,False,False,False,,,41.0,0.000810116013458422,0,36,source_hourly
A_p002125,A,True,True,True,False,True,53.0,88.0,90.0,0.22056442451997157,0,0,source_hourly
A_p013621,A,False,True,False,False,False,18.0,,55.0,0.055452853417812996,34,50,source_hourly
A_p001487,A,False,True,False,False,False,10.0,,28.0,0.018104979549203235,5,23,source_hourly
A_p019754,A,False,False,False,False,False,,,23.0,0.001053289765752261,0,18,source_hourly
A_p011607,A,True,True,False,False,True,8.0,32.0,34.0,0.018942538206217604,0,0,source_hourly
A_p016463,A,False,False,False,False,False,,,41.0,0.0012238513424779707,0,36,source_hourly
A_p015531,A,False,False,False,False,False,,,21.0,0.004335122884171803,0,16,source_hourly
A_p013048,A,False,True,False,False,False,10.0,,36.0,0.013714393338420413,3,31,source_hourly
A_p009034,A,False,False,False,False,False,,,40.0,0.00145338801506343,0,35,source_hourly
A_p007434,A,False,False,False,False,False,,,26.0,0.0023992089449390575,0,21,source_hourly
A_p012270,A,False,False,False,False,False,,,42.0,0.002994933116659004,0,37,source_hourly
A_p017253,A,False,False,False,False,False,,,37.0,0.003628217790716616,0,32,source_hourly
A_p006506,A,False,True,False,False,False,8.0,,41.0,0.048638166969495904,4,36,source_hourly
A_p014307,A,False,True,False,False,False,18.0,,54.0,0.010376149309175683,4,49,source_hourly
A_p014875,A,False,False,False,False,False,,,28.0,0.0015234915458245863,0,23,source_hourly
A_p001040,A,True,True,True,False,True,40.0,213.0,216.0,0.6508492075170236,0,0,source_hourly
A_p019235,A,False,False,False,False,False,,,20.0,0.0016228745885240774,0,13,source_hourly
A_p018941,A,True,True,True,False,True,8.0,22.0,25.0,0.04663705129509794,0,0,source_hourly
A_p013876,A,False,False,False,False,False,,,54.0,0.0016412317186267418,0,49,source_hourly
A_p006741,A,False,False,False,False,False,,,43.0,0.0017172918321097371,0,38,source_hourly
A_p017660,A,False,True,False,False,False,14.0,,45.0,0.006256519828101003,1,40,source_hourly
A_p017003,A,False,True,False,False,False,6.0,,54.0,0.06642588988231571,8,49,source_hourly
A_p018610,A,False,False,False,False,False,,,43.0,0.002144144023846765,0,38,source_hourly
A_p010633,A,False,False,False,False,False,,,24.0,0.003959011899261112,0,19,source_hourly
A_p009089,A,False,True,False,False,False,13.0,,28.0,0.006714421630221712,1,23,source_hourly
A_p020515,A,False,True,False,False,False,8.0,,28.0,0.12625734580168807,6,23,source_hourly
A_p006584,A,False,False,False,False,False,,,49.0,0.0029321811317687386,0,44,source_hourly
A_p012635,A,False,False,False,False,False,,,23.0,0.00353171175949371,0,18,source_hourly
A_p016699,A,False,False,False,False,False,,,53.0,0.004422557142265968,0,48,source_hourly
A_p013660,A,False,False,False,False,False,,,45.0,0.005177131527493942,0,40,source_hourly
A_p019106,A,False,True,False,False,False,44.0,,51.0,0.012960630579613386,4,46,source_hourly
A_p003073,A,True,True,True,False,True,12.0,126.0,129.0,0.03639299149950482,0,0,source_hourly
A_p012256,A,False,True,False,False,False,43.0,,46.0,0.007056015177733787,2,41,source_hourly
A_p012782,A,False,False,False,False,False,,,26.0,0.0009387323264321171,0,21,source_hourly
A_p008512,A,False,True,False,False,False,12.0,,35.0,0.020684921183346458,16,30,source_hourly
A_p000680,A,False,False,False,False,False,,,23.0,0.0036141792538878247,0,18,source_hourly
A_p008882,A,False,False,False,False,False,,,29.0,0.0011546247106642982,0,24,source_hourly
A_p004495,A,False,True,False,False,False,23.0,,24.0,0.0059249166125150115,1,19,source_hourly
A_p004955,A,False,False,False,False,False,,,36.0,0.0007080452899192877,0,31,source_hourly
A_p001333,A,False,False,False,False,False,,,12.0,0.0009205001934456696,0,7,source_hourly
A_p006719,A,False,False,False,False,False,,,47.0,0.005118560740289507,0,42,source_hourly
A_p008227,A,False,False,False,False,False,,,18.0,0.0013939377642170848,0,13,source_hourly
A_p004275,A,False,False,False,False,False,,,35.0,0.0013673930638946935,0,30,source_hourly
A_p013740,A,False,True,False,False,False,23.0,,52.0,0.0178689520588066,4,47,source_hourly
A_p019204,A,False,True,False,False,False,23.0,,39.0,0.053109388701000626,10,34,source_hourly
A_p008275,A,True,False,False,False,False,,52.0,55.0,0.0031093843565325845,0,0,source_hourly
A_p015565,A,False,True,False,False,False,42.0,,59.0,0.03539138764865707,17,54,source_hourly
A_p014679,A,False,True,False,False,False,15.0,,28.0,0.009923832241917669,6,23,source_hourly
A_p002987,A,False,False,False,False,False,,,44.0,0.005761174501304305,0,39,source_hourly
A_p017297,A,False,False,False,False,False,,,52.0,0.005203426809862379,0,47,source_hourly
A_p004036,A,False,True,False,False,False,13.0,,53.0,0.011881914881810191,16,48,source_hourly
A_p002656,A,False,False,False,False,False,,,34.0,0.002995135613403452,0,29,source_hourly
A_p018325,A,False,True,False,False,False,12.0,,24.0,0.023987855857224807,10,19,source_hourly
A_p008593,A,False,False,False,False,False,,,19.0,0.0005250377809558416,0,14,source_hourly
A_p006755,A,False,True,False,False,False,26.0,,56.0,0.027381146723995678,22,51,source_hourly
A_p009997,A,False,True,False,False,False,11.0,,29.0,0.008476619516908257,6,24,source_hourly
A_p013620,A,False,True,False,False,False,12.0,,42.0,0.010077731630931572,21,37,source_hourly
A_p007503,A,False,False,False,False,False,,,27.0,0.00046244691515651246,0,22,source_hourly
A_p015146,A,False,False,False,False,False,,,23.0,0.0026181881130183434,0,18,source_hourly
A_p010608,A,False,True,False,False,False,32.0,,45.0,0.019645449852212265,14,40,source_hourly
A_p004970,A,False,True,False,False,False,28.0,,36.0,0.006713604842397018,1,31,source_hourly
A_p020570,A,False,False,False,False,False,,,43.0,0.001464920322900567,0,38,source_hourly
A_p012254,A,False,False,False,False,False,,,53.0,0.003678522146240784,0,48,source_hourly
A_p011287,A,False,True,False,False,False,43.0,,44.0,0.006136617134091057,2,39,source_hourly
A_p002952,A,False,False,False,False,False,,,20.0,0.002871320412705736,0,15,source_hourly
A_p015903,A,False,True,False,False,False,43.0,,53.0,0.009447226794401525,10,48,source_hourly
A_p010521,A,False,False,False,False,False,,,36.0,0.0016926985008433849,0,31,source_hourly
A_p007099,A,False,True,False,False,False,31.0,,54.0,0.013951434290316748,15,49,source_hourly
A_p019089,A,False,True,False,False,False,26.0,,38.0,0.01604232831752757,4,33,source_hourly
A_p009705,A,False,False,False,False,False,,,36.0,0.003122750645253541,0,31,source_hourly
A_p018305,A,True,True,False,False,True,9.0,36.0,39.0,0.012427674651909498,0,0,source_hourly
A_p016013,A,False,True,False,False,False,15.0,,37.0,0.014926405974064066,10,32,source_hourly
A_p001617,A,False,False,False,False,False,,,24.0,0.005590487602488288,0,19,source_hourly
A_p008157,A,False,False,False,False,False,,,23.0,0.004041752951448306,0,18,source_hourly
A_p003201,A,False,True,False,False,False,43.0,,56.0,0.011065013516257197,2,51,source_hourly
A_p005620,A,False,False,False,False,False,,,24.0,0.0007944313224793229,0,19,source_hourly
A_p005535,A,False,False,False,False,False,,,21.0,0.0019181809847194288,0,16,source_hourly
A_p009188,A,False,False,False,False,False,,,37.0,0.002585671338870188,0,32,source_patient
A_p017365,A,False,False,False,False,False,,,56.0,0.005819986184999226,0,51,source_patient
A_p011573,A,False,False,False,False,False,,,41.0,0.0029159621292474723,0,36,source_patient
A_p002384,A,False,False,False,False,False,,,27.0,0.0016720255447790133,0,22,source_patient
A_p004930,A,False,False,False,False,False,,,42.0,0.010746391568898695,0,37,source_patient
A_p014812,A,False,False,False,False,False,,,55.0,0.004046211538944347,0,50,source_patient
A_p003725,A,False,False,False,False,False,,,37.0,0.02274590090332754,0,32,source_patient
A_p006831,A,False,False,False,False,False,,,38.0,0.0036619806185612626,0,33,source_patient
A_p014947,A,False,False,False,False,False,,,42.0,0.012670317201312276,0,37,source_patient
A_p013825,A,False,False,False,False,False,,,26.0,0.01157899822664598,0,21,source_patient
A_p006193,A,False,False,False,False,False,,,26.0,0.003048962347924783,0,21,source_patient
A_p017748,A,False,False,False,False,False,,,54.0,0.017514408111349633,0,49,source_patient
A_p017029,A,False,False,False,False,False,,,45.0,0.014555325865613353,0,40,source_patient
A_p017150,A,False,True,False,False,False,13.0,,40.0,0.041546318582571275,3,35,source_patient
A_p017763,A,False,False,False,False,False,,,42.0,0.0017320107168934465,0,37,source_patient
A_p018289,A,True,False,False,False,False,,17.0,20.0,0.0019126490545772438,0,0,source_patient
A_p004129,A,False,False,False,False,False,,,50.0,0.0032692243991446547,0,45,source_patient
A_p006274,A,False,False,False,False,False,,,45.0,0.008491791938377766,0,40,source_patient
A_p009221,A,False,False,False,False,False,,,26.0,0.01565458419181813,0,21,source_patient
A_p003918,A,False,False,False,False,False,,,27.0,0.0023992922900838375,0,22,source_patient
A_p018060,A,False,False,False,False,False,,,39.0,0.0008379630750812269,0,34,source_patient
A_p013679,A,False,False,False,False,False,,,34.0,0.0006722046595318026,0,29,source_patient
A_p018873,A,False,False,False,False,False,,,49.0,0.0033677448276415146,0,44,source_patient
A_p009969,A,False,False,False,False,False,,,40.0,0.0009808404305636014,0,35,source_patient
A_p015996,A,False,False,False,False,False,,,53.0,0.018744971781106897,0,48,source_patient
A_p017867,A,True,True,True,False,True,73.0,102.0,105.0,0.16378111453736943,0,0,source_patient
A_p007944,A,False,False,False,False,False,,,38.0,0.01218298735617915,0,33,source_patient
A_p014013,A,False,False,False,False,False,,,46.0,0.0028047795373095704,0,41,source_patient
A_p017782,A,False,False,False,False,False,,,22.0,0.0015121837001475878,0,17,source_patient
A_p001007,A,False,False,False,False,False,,,41.0,0.0014016312102817809,0,36,source_patient
A_p011832,A,False,False,False,False,False,,,23.0,0.006335508739875987,0,18,source_patient
A_p009525,A,False,False,False,False,False,,,43.0,0.016268117421304285,0,38,source_patient
A_p006099,A,False,False,False,False,False,,,38.0,0.01957761704561065,0,33,source_patient
A_p005118,A,False,False,False,False,False,,,39.0,0.0025033796545298726,0,34,source_patient
A_p013148,A,False,False,False,False,False,,,15.0,0.001124526544629244,0,10,source_patient
A_p018863,A,False,False,False,False,False,,,18.0,0.002915084413603799,0,13,source_patient
A_p007983,A,False,False,False,False,False,,,54.0,0.0038190347439377454,0,49,source_patient
A_p010442,A,False,False,False,False,False,,,45.0,0.0022012294229942267,0,40,source_patient
A_p018354,A,False,True,False,False,False,11.0,,25.0,0.049651570895140454,3,20,source_patient
A_p010988,A,False,False,False,False,False,,,48.0,0.00799346903917771,0,43,source_patient
A_p007813,A,False,False,False,False,False,,,37.0,0.0027874377581869466,0,32,source_patient
A_p017550,A,False,False,False,False,False,,,22.0,0.000691797481747272,0,17,source_patient
A_p007471,A,False,False,False,False,False,,,46.0,0.0017641422331019455,0,41,source_patient
A_p001927,A,False,False,False,False,False,,,54.0,0.010561525911804582,0,49,source_patient
A_p003024,A,False,False,False,False,False,,,49.0,0.02034567635100381,0,44,source_patient
A_p017109,A,False,False,False,False,False,,,29.0,0.002354506196403319,0,23,source_patient
A_p002664,A,False,False,False,False,False,,,24.0,0.004490532698180029,0,19,source_patient
A_p001024,A,False,False,False,False,False,,,40.0,0.005155730584236413,0,35,source_patient
A_p009080,A,False,True,False,False,False,24.0,,36.0,0.051808973189479024,9,31,source_patient
A_p015020,A,False,False,False,False,False,,,48.0,0.0013112518765432863,0,43,source_patient
A_p017099,A,False,False,False,False,False,,,28.0,0.00804802393333581,0,23,source_patient
A_p008010,A,False,False,False,False,False,,,41.0,0.014289760001331057,0,36,source_patient
A_p013268,A,False,False,False,False,False,,,51.0,0.003566023609697617,0,46,source_patient
A_p016240,A,False,False,False,False,False,,,19.0,0.008467846323903192,0,14,source_patient
A_p005838,A,False,False,False,False,False,,,11.0,0.00032666239345566824,0,6,source_patient
A_p014661,A,False,False,False,False,False,,,43.0,0.0015719880172084832,0,38,source_patient
A_p016186,A,False,False,False,False,False,,,50.0,0.007904537285411729,0,45,source_patient
A_p015472,A,False,False,False,False,False,,,43.0,0.009844720264239368,0,38,source_patient
A_p003474,A,False,False,False,False,False,,,52.0,0.0015642085305306664,0,47,source_patient
A_p013025,A,False,False,False,False,False,,,50.0,0.0018207684243236036,0,45,source_patient
A_p013177,A,False,False,False,False,False,,,31.0,0.0017997455065405406,0,26,source_patient
A_p011431,A,False,False,False,False,False,,,27.0,0.0014836219178693787,0,22,source_patient
A_p004735,A,False,False,False,False,False,,,14.0,0.0009004894896909877,0,9,source_patient
A_p016819,A,False,False,False,False,False,,,37.0,0.003802825304894213,0,32,source_patient
A_p000432,A,False,False,False,False,False,,,37.0,0.0015776017211998428,0,32,source_patient
A_p006747,A,False,True,False,False,False,55.0,,57.0,0.027713356455372314,2,52,source_patient
A_p014791,A,False,False,False,False,False,,,29.0,0.003985122200767919,0,24,source_patient
A_p011556,A,False,False,False,False,False,,,36.0,0.003060810192417381,0,31,source_patient
A_p012430,A,False,False,False,False,False,,,57.0,0.011527750909352088,0,52,source_patient
A_p011139,A,False,False,False,False,False,,,20.0,0.004850200153833503,0,15,source_patient
A_p003923,A,False,True,False,False,False,24.0,,25.0,0.02938079279503533,2,20,source_patient
A_p007157,A,False,False,False,False,False,,,58.0,0.011634101819824183,0,53,source_patient
A_p018216,A,False,False,False,False,False,,,29.0,0.0023832156602816524,0,24,source_patient
A_p006423,A,False,False,False,False,False,,,23.0,0.000876015394565168,0,18,source_patient
A_p012595,A,False,False,False,False,False,,,20.0,0.022046255675868123,0,15,source_patient
A_p015284,A,False,True,False,False,False,12.0,,56.0,0.04695289531266891,11,51,source_patient
A_p016399,A,False,False,False,False,False,,,36.0,0.002923846949134627,0,31,source_patient
A_p003815,A,False,False,False,False,False,,,37.0,0.007408080913091298,0,32,source_patient
A_p003920,A,True,True,True,False,True,62.0,79.0,82.0,0.4042937272928381,0,0,source_patient
A_p018802,A,False,False,False,False,False,,,20.0,0.0010808542125050823,0,15,source_patient
A_p013354,A,False,False,False,False,False,,,52.0,0.004446773366043164,0,47,source_patient
A_p009524,A,False,False,False,False,False,,,17.0,0.004484671528833839,0,12,source_patient
A_p018410,A,False,False,False,False,False,,,36.0,0.0010935629182080792,0,31,source_patient
A_p013339,A,False,False,False,False,False,,,40.0,0.0016895369328018535,0,35,source_patient
A_p015583,A,False,False,False,False,False,,,45.0,0.016101954069479223,0,40,source_patient
A_p014292,A,False,False,False,False,False,,,49.0,0.012729768751650683,0,44,source_patient
A_p009491,A,False,False,False,False,False,,,55.0,0.010965030126108997,0,50,source_patient
A_p016780,A,False,False,False,False,False,,,59.0,0.011755657308732249,0,54,source_patient
A_p013080,A,False,False,False,False,False,,,19.0,0.004360773649623993,0,14,source_patient
A_p001983,A,False,False,False,False,False,,,23.0,0.0010055847107305791,0,18,source_patient
A_p005267,A,False,False,False,False,False,,,25.0,0.0016080767730044128,0,20,source_patient
A_p018839,A,False,False,False,False,False,,,31.0,0.006741208203733606,0,26,source_patient
A_p007867,A,False,False,False,False,False,,,12.0,0.000865772276305717,0,7,source_patient
A_p006716,A,False,False,False,False,False,,,33.0,0.0011512616204902915,0,28,source_patient
A_p007942,A,False,True,False,False,False,9.0,,44.0,0.031108178404463924,1,39,source_patient
A_p015110,A,False,False,False,False,False,,,20.0,0.00214045103907184,0,15,source_patient
A_p016546,A,False,False,False,False,False,,,26.0,0.0017447489693997148,0,21,source_patient
A_p002711,A,False,False,False,False,False,,,46.0,0.009238599998625502,0,41,source_patient
A_p006001,A,False,False,False,False,False,,,41.0,0.008750901794068129,0,36,source_patient
A_p000946,A,False,True,False,False,False,55.0,,56.0,0.03109694497845502,2,51,source_patient
A_p014911,A,False,False,False,False,False,,,42.0,0.009806650890481638,0,37,source_patient
A_p011789,A,False,False,False,False,False,,,13.0,0.0007512902079219614,0,8,source_patient
A_p017235,A,False,True,False,False,False,47.0,,57.0,0.035161121283732014,2,52,source_patient
A_p006464,A,False,True,False,False,False,44.0,,59.0,0.051044019549360324,6,54,source_patient
A_p003224,A,False,False,False,False,False,,,23.0,0.007678395755304481,0,18,source_patient
A_p004549,A,False,True,False,False,False,7.0,,52.0,0.027265336309656843,1,47,source_patient
A_p002503,A,False,False,False,False,False,,,46.0,0.0032554487736159575,0,41,source_patient
A_p003035,A,False,False,False,False,False,,,18.0,0.0005086925137814292,0,13,source_patient
A_p018838,A,False,True,False,False,False,43.0,,44.0,0.039615287780568165,2,39,source_patient
A_p000117,A,False,False,False,False,False,,,48.0,0.0025329622568899916,0,43,source_patient
A_p017495,A,False,False,False,False,False,,,38.0,0.0016999106985424715,0,33,source_patient
A_p007535,A,False,False,False,False,False,,,36.0,0.0009072731783727683,0,31,source_patient
A_p000224,A,False,False,False,False,False,,,39.0,0.001475190087701394,0,34,source_patient
A_p007898,A,False,False,False,False,False,,,50.0,0.008382760033966869,0,45,source_patient
A_p012483,A,False,False,False,False,False,,,20.0,0.0008828862818517969,0,15,source_patient
A_p010492,A,False,False,False,False,False,,,38.0,0.00222425261447806,0,33,source_patient
A_p017350,A,False,False,False,False,False,,,17.0,0.00038294591077715637,0,12,source_patient
A_p006501,A,False,False,False,False,False,,,38.0,0.0016507653761205206,0,33,source_patient
A_p003798,A,False,False,False,False,False,,,39.0,0.008214588392987417,0,34,source_patient
A_p008339,A,False,False,False,False,False,,,46.0,0.008335610653941325,0,41,source_patient
A_p007962,A,False,True,False,False,False,49.0,,52.0,0.05029992638953418,4,47,source_patient
A_p008810,A,False,False,False,False,False,,,47.0,0.0036245005750765377,0,42,source_patient
A_p000004,A,False,False,False,False,False,,,29.0,0.0013485000229055144,0,24,source_patient
A_p010884,A,False,True,False,False,False,40.0,,40.0,0.02461902370638172,1,35,source_patient
A_p017704,A,False,False,False,False,False,,,39.0,0.006533264052880493,0,34,source_patient
A_p007734,A,False,False,False,False,False,,,41.0,0.005229282884253303,0,36,source_patient
A_p017207,A,False,False,False,False,False,,,46.0,0.005009968669273524,0,41,source_patient
A_p009285,A,False,False,False,False,False,,,27.0,0.0015744184582370919,0,22,source_patient
A_p017092,A,False,False,False,False,False,,,43.0,0.0010030380225087088,0,38,source_patient
A_p004128,A,False,True,False,False,False,9.0,,51.0,0.06010487034609762,5,46,source_patient
A_p014349,A,False,False,False,False,False,,,41.0,0.01178963379702541,0,36,source_patient
A_p016576,A,False,False,False,False,False,,,52.0,0.004828547278198264,0,47,source_patient
A_p002661,A,False,False,False,False,False,,,38.0,0.004497926101084784,0,33,source_patient
A_p007705,A,False,True,False,False,False,11.0,,39.0,0.03336910591808247,1,34,source_patient
A_p001879,A,False,False,False,False,False,,,28.0,0.003517917514771833,0,23,source_patient
A_p005114,A,False,False,False,False,False,,,13.0,0.002595755483454144,0,8,source_patient
A_p010649,A,False,False,False,False,False,,,36.0,0.020043732475126516,0,31,source_patient
A_p010657,A,False,False,False,False,False,,,49.0,0.009667107334864354,0,44,source_patient
A_p016904,A,False,False,False,False,False,,,55.0,0.022303511066904237,0,50,source_patient
A_p011100,A,False,False,False,False,False,,,37.0,0.0038714697240412018,0,32,source_patient
A_p003770,A,False,False,False,False,False,,,52.0,0.009009731488918302,0,47,source_patient
A_p003814,A,False,True,False,False,False,10.0,,59.0,0.04747455358844419,3,54,source_patient
A_p020460,A,False,False,False,False,False,,,11.0,0.0029830144012442075,0,6,source_patient
A_p020546,A,False,True,False,False,False,53.0,,54.0,0.03033589477178062,2,49,source_patient
A_p005473,A,False,False,False,False,False,,,37.0,0.003819101096582598,0,32,source_patient
A_p010505,A,False,False,False,False,False,,,45.0,0.022665968288236877,0,40,source_patient
A_p019392,A,False,False,False,False,False,,,36.0,0.005417268277319625,0,31,source_patient
A_p014817,A,False,False,False,False,False,,,27.0,0.004387605230621446,0,22,source_patient
A_p013035,A,True,True,True,False,True,64.0,152.0,155.0,0.5383881608587419,0,0,source_patient
A_p015986,A,False,True,False,False,False,15.0,,33.0,0.024606657215178036,1,28,source_patient
A_p014230,A,False,False,False,False,False,,,50.0,0.005084518956232169,0,45,source_patient
A_p002817,A,False,True,False,False,False,19.0,,38.0,0.027155663638076755,3,33,source_patient
A_p013358,A,False,False,False,False,False,,,53.0,0.005499628857433795,0,48,source_patient
A_p014882,A,True,False,False,False,False,,15.0,18.0,0.01939207098069297,0,0,source_patient
A_p008144,A,False,False,False,False,False,,,51.0,0.002415084822175546,0,46,source_patient
A_p011959,A,False,False,False,False,False,,,48.0,0.01252289456511048,0,43,source_patient
A_p017073,A,False,False,False,False,False,,,49.0,0.009509214541439829,0,44,source_patient
A_p002975,A,False,False,False,False,False,,,36.0,0.006446539463360074,0,30,source_patient
A_p007398,A,False,False,False,False,False,,,19.0,0.0021019779243510554,0,14,source_patient
A_p004151,A,False,False,False,False,False,,,26.0,0.004888338101068998,0,21,source_patient
A_p001608,A,False,False,False,False,False,,,17.0,0.0008405196970806093,0,12,source_patient
A_p005184,A,False,False,False,False,False,,,27.0,0.0036948084668587187,0,22,source_patient
A_p000079,A,False,True,False,False,False,16.0,,42.0,0.2719937606868471,25,37,source_patient
A_p012094,A,False,False,False,False,False,,,28.0,0.002054080616662535,0,23,source_patient
A_p002264,A,False,False,False,False,False,,,48.0,0.011464462011439648,0,43,source_patient
A_p007936,A,False,False,False,False,False,,,23.0,0.0037542578927687227,0,18,source_patient
A_p003635,A,False,False,False,False,False,,,40.0,0.01687021465843212,0,35,source_patient
A_p017097,A,False,False,False,False,False,,,41.0,0.00130678067525679,0,36,source_patient
A_p002680,A,False,False,False,False,False,,,44.0,0.003646470051015806,0,39,source_patient
A_p015886,A,False,False,False,False,False,,,47.0,0.002280589018700052,0,40,source_patient
A_p006021,A,False,False,False,False,False,,,30.0,0.0005352242100156289,0,25,source_patient
A_p009243,A,False,False,False,False,False,,,46.0,0.002503483765798814,0,41,source_patient
A_p003049,A,False,False,False,False,False,,,9.0,0.0026156530695277402,0,4,source_patient
A_p009312,A,False,False,False,False,False,,,21.0,0.0007327673676270651,0,16,source_patient
A_p006353,A,False,False,False,False,False,,,48.0,0.015984308095102772,0,43,source_patient
A_p002121,A,False,False,False,False,False,,,57.0,0.00520036286745468,0,52,source_patient
A_p002787,A,False,True,False,False,False,39.0,,41.0,0.03500828539054212,3,36,source_patient
A_p019286,A,False,True,False,False,False,8.0,,31.0,0.07783138272425566,6,26,source_patient
A_p019386,A,False,False,False,False,False,,,47.0,0.01133993978668817,0,42,source_patient
A_p010283,A,False,False,False,False,False,,,39.0,0.0017238655128023947,0,34,source_patient
A_p008904,A,False,False,False,False,False,,,27.0,0.0071478828927703224,0,22,source_patient
A_p005811,A,False,False,False,False,False,,,22.0,0.01630659287057181,0,17,source_patient
A_p012181,A,False,False,False,False,False,,,58.0,0.012841384277953918,0,53,source_patient
A_p013373,A,False,False,False,False,False,,,27.0,0.0008181478665675937,0,22,source_patient
A_p004304,A,False,False,False,False,False,,,39.0,0.0012497246293205965,0,34,source_patient
A_p005926,A,False,False,False,False,False,,,25.0,0.003602407610591802,0,20,source_patient
A_p004410,A,False,True,False,False,False,20.0,,59.0,0.0673314541386228,7,54,source_patient
A_p015809,A,True,False,False,False,False,,19.0,22.0,0.004197521662723569,0,0,source_patient
A_p001090,A,False,False,False,False,False,,,51.0,0.003573773706492693,0,46,source_patient
A_p018773,A,False,False,False,False,False,,,41.0,0.0011606545310960295,0,36,source_patient
A_p010389,A,True,True,True,False,True,98.0,130.0,133.0,0.06336980448982402,0,0,source_patient
A_p014283,A,False,False,False,False,False,,,59.0,0.015499714185020774,0,54,source_patient
A_p017352,A,False,False,False,False,False,,,24.0,0.01505142032943352,0,19,source_patient
A_p007055,A,False,True,False,False,False,50.0,,57.0,0.060821990826647174,6,52,source_patient
A_p016259,A,False,False,False,False,False,,,37.0,0.0014432354609325406,0,32,source_patient
A_p017296,A,False,True,False,False,False,51.0,,51.0,0.030697993216047152,1,46,source_patient
A_p012649,A,False,False,False,False,False,,,36.0,0.0005392542113050439,0,31,source_patient
A_p018924,A,False,False,False,False,False,,,29.0,0.0034314388603069383,0,24,source_patient
A_p017387,A,False,False,False,False,False,,,45.0,0.01986606180128136,0,40,source_patient
A_p010010,A,False,False,False,False,False,,,27.0,0.0022240779418299036,0,22,source_patient
A_p011528,A,False,True,False,False,False,9.0,,42.0,0.03623696285485829,10,37,source_patient
A_p017664,A,False,False,False,False,False,,,42.0,0.0015391541661090207,0,37,source_patient
A_p019623,A,False,False,False,False,False,,,59.0,0.020844008378531644,0,54,source_patient
A_p006809,A,False,False,False,False,False,,,47.0,0.013782577662235635,0,42,source_patient
A_p008637,A,False,False,False,False,False,,,55.0,0.007911643997788901,0,50,source_patient
A_p013555,A,False,False,False,False,False,,,22.0,0.0021569499156831374,0,17,source_patient
A_p007591,A,False,True,False,False,False,11.0,,43.0,0.031112732683752836,1,38,source_patient
A_p011418,A,False,False,False,False,False,,,23.0,0.007770388884349531,0,18,source_patient
A_p007672,A,False,False,False,False,False,,,42.0,0.005703432207385296,0,37,source_patient
A_p002752,A,False,False,False,False,False,,,51.0,0.001957249236256031,0,46,source_patient
A_p001567,A,False,False,False,False,False,,,41.0,0.000810116013458422,0,36,source_patient
A_p002125,A,True,True,True,False,True,63.0,88.0,90.0,0.22056442451997157,0,0,source_patient
A_p013621,A,False,True,False,False,False,28.0,,55.0,0.055452853417812996,13,50,source_patient
A_p001487,A,False,False,False,False,False,,,28.0,0.018104979549203235,0,23,source_patient
A_p019754,A,False,False,False,False,False,,,23.0,0.001053289765752261,0,18,source_patient
A_p011607,A,True,False,False,False,False,,32.0,34.0,0.018942538206217604,0,0,source_patient
A_p016463,A,False,False,False,False,False,,,41.0,0.0012238513424779707,0,36,source_patient
A_p015531,A,False,False,False,False,False,,,21.0,0.004335122884171803,0,16,source_patient
A_p013048,A,False,False,False,False,False,,,36.0,0.013714393338420413,0,31,source_patient
A_p009034,A,False,False,False,False,False,,,40.0,0.00145338801506343,0,35,source_patient
A_p007434,A,False,False,False,False,False,,,26.0,0.0023992089449390575,0,21,source_patient
A_p012270,A,False,False,False,False,False,,,42.0,0.002994933116659004,0,37,source_patient
A_p017253,A,False,False,False,False,False,,,37.0,0.003628217790716616,0,32,source_patient
A_p006506,A,False,True,False,False,False,8.0,,41.0,0.048638166969495904,3,36,source_patient
A_p014307,A,False,False,False,False,False,,,54.0,0.010376149309175683,0,49,source_patient
A_p014875,A,False,False,False,False,False,,,28.0,0.0015234915458245863,0,23,source_patient
A_p001040,A,True,True,True,False,True,57.0,213.0,216.0,0.6508492075170236,0,0,source_patient
A_p019235,A,False,False,False,False,False,,,20.0,0.0016228745885240774,0,13,source_patient
A_p018941,A,True,True,True,False,True,8.0,22.0,25.0,0.04663705129509794,0,0,source_patient
A_p013876,A,False,False,False,False,False,,,54.0,0.0016412317186267418,0,49,source_patient
A_p006741,A,False,False,False,False,False,,,43.0,0.0017172918321097371,0,38,source_patient
A_p017660,A,False,False,False,False,False,,,45.0,0.006256519828101003,0,40,source_patient
A_p017003,A,False,True,False,False,False,8.0,,54.0,0.06642588988231571,3,49,source_patient
A_p018610,A,False,False,False,False,False,,,43.0,0.002144144023846765,0,38,source_patient
A_p010633,A,False,False,False,False,False,,,24.0,0.003959011899261112,0,19,source_patient
A_p009089,A,False,False,False,False,False,,,28.0,0.006714421630221712,0,23,source_patient
A_p020515,A,False,True,False,False,False,12.0,,28.0,0.12625734580168807,1,23,source_patient
A_p006584,A,False,False,False,False,False,,,49.0,0.0029321811317687386,0,44,source_patient
A_p012635,A,False,False,False,False,False,,,23.0,0.00353171175949371,0,18,source_patient
A_p016699,A,False,False,False,False,False,,,53.0,0.004422557142265968,0,48,source_patient
A_p013660,A,False,False,False,False,False,,,45.0,0.005177131527493942,0,40,source_patient
A_p019106,A,False,False,False,False,False,,,51.0,0.012960630579613386,0,46,source_patient
A_p003073,A,True,True,False,False,True,18.0,126.0,129.0,0.03639299149950482,0,0,source_patient
A_p012256,A,False,False,False,False,False,,,46.0,0.007056015177733787,0,41,source_patient
A_p012782,A,False,False,False,False,False,,,26.0,0.0009387323264321171,0,21,source_patient
A_p008512,A,False,False,False,False,False,,,35.0,0.020684921183346458,0,30,source_patient
A_p000680,A,False,False,False,False,False,,,23.0,0.0036141792538878247,0,18,source_patient
A_p008882,A,False,False,False,False,False,,,29.0,0.0011546247106642982,0,24,source_patient
A_p004495,A,False,False,False,False,False,,,24.0,0.0059249166125150115,0,19,source_patient
A_p004955,A,False,False,False,False,False,,,36.0,0.0007080452899192877,0,31,source_patient
A_p001333,A,False,False,False,False,False,,,12.0,0.0009205001934456696,0,7,source_patient
A_p006719,A,False,False,False,False,False,,,47.0,0.005118560740289507,0,42,source_patient
A_p008227,A,False,False,False,False,False,,,18.0,0.0013939377642170848,0,13,source_patient
A_p004275,A,False,False,False,False,False,,,35.0,0.0013673930638946935,0,30,source_patient
A_p013740,A,False,False,False,False,False,,,52.0,0.0178689520588066,0,47,source_patient
A_p019204,A,False,True,False,False,False,32.0,,39.0,0.053109388701000626,6,34,source_patient
A_p008275,A,True,False,False,False,False,,52.0,55.0,0.0031093843565325845,0,0,source_patient
A_p015565,A,False,True,False,False,False,46.0,,59.0,0.03539138764865707,3,54,source_patient
A_p014679,A,False,False,False,False,False,,,28.0,0.009923832241917669,0,23,source_patient
A_p002987,A,False,False,False,False,False,,,44.0,0.005761174501304305,0,39,source_patient
A_p017297,A,False,False,False,False,False,,,52.0,0.005203426809862379,0,47,source_patient
A_p004036,A,False,False,False,False,False,,,53.0,0.011881914881810191,0,48,source_patient
A_p002656,A,False,False,False,False,False,,,34.0,0.002995135613403452,0,29,source_patient
A_p018325,A,False,False,False,False,False,,,24.0,0.023987855857224807,0,19,source_patient
A_p008593,A,False,False,False,False,False,,,19.0,0.0005250377809558416,0,14,source_patient
A_p006755,A,False,True,False,False,False,26.0,,56.0,0.027381146723995678,2,51,source_patient
A_p009997,A,False,False,False,False,False,,,29.0,0.008476619516908257,0,24,source_patient
A_p013620,A,False,False,False,False,False,,,42.0,0.010077731630931572,0,37,source_patient
A_p007503,A,False,False,False,False,False,,,27.0,0.00046244691515651246,0,22,source_patient
A_p015146,A,False,False,False,False,False,,,23.0,0.0026181881130183434,0,18,source_patient
A_p010608,A,False,False,False,False,False,,,45.0,0.019645449852212265,0,40,source_patient
A_p004970,A,False,False,False,False,False,,,36.0,0.006713604842397018,0,31,source_patient
A_p020570,A,False,False,False,False,False,,,43.0,0.001464920322900567,0,38,source_patient
A_p012254,A,False,False,False,False,False,,,53.0,0.003678522146240784,0,48,source_patient
A_p011287,A,False,False,False,False,False,,,44.0,0.006136617134091057,0,39,source_patient
A_p002952,A,False,False,False,False,False,,,20.0,0.002871320412705736,0,15,source_patient
A_p015903,A,False,False,False,False,False,,,53.0,0.009447226794401525,0,48,source_patient
A_p010521,A,False,False,False,False,False,,,36.0,0.0016926985008433849,0,31,source_patient
A_p007099,A,False,False,False,False,False,,,54.0,0.013951434290316748,0,49,source_patient
A_p019089,A,False,False,False,False,False,,,38.0,0.01604232831752757,0,33,source_patient
A_p009705,A,False,False,False,False,False,,,36.0,0.003122750645253541,0,31,source_patient
A_p018305,A,True,False,False,False,False,,36.0,39.0,0.012427674651909498,0,0,source_patient
A_p016013,A,False,False,False,False,False,,,37.0,0.014926405974064066,0,32,source_patient
A_p001617,A,False,False,False,False,False,,,24.0,0.005590487602488288,0,19,source_patient
A_p008157,A,False,False,False,False,False,,,23.0,0.004041752951448306,0,18,source_patient
A_p003201,A,False,False,False,False,False,,,56.0,0.011065013516257197,0,51,source_patient
A_p005620,A,False,False,False,False,False,,,24.0,0.0007944313224793229,0,19,source_patient
A_p005535,A,False,False,False,False,False,,,21.0,0.0019181809847194288,0,16,source_patient
B_p116334,B,False,False,False,False,False,,,22.0,0.000593236869016771,0,17,source_hourly
B_p101028,B,False,True,False,False,False,47.0,,56.0,0.021337948749711927,9,51,source_hourly
B_p117325,B,True,True,True,False,True,13.0,95.0,98.0,0.08802061233423213,0,0,source_hourly
B_p110776,B,False,False,False,False,False,,,23.0,0.0033627201032290673,0,18,source_hourly
B_p116053,B,False,True,False,False,False,9.0,,55.0,0.02936430638880279,24,50,source_hourly
B_p111715,B,False,True,False,False,False,9.0,,32.0,0.01320121473050718,11,27,source_hourly
B_p115950,B,False,False,False,False,False,,,22.0,0.0009464055606614215,0,17,source_hourly
B_p113352,B,False,True,False,False,False,53.0,,57.0,0.01744761265782449,5,52,source_hourly
B_p117211,B,False,True,False,False,False,43.0,,51.0,0.023335892796896178,7,46,source_hourly
B_p101615,B,False,True,False,False,False,43.0,,53.0,0.03062752613441631,11,48,source_hourly
B_p103596,B,False,False,False,False,False,,,42.0,0.00150309758315476,0,37,source_hourly
B_p112005,B,False,True,False,False,False,6.0,,55.0,0.16707586540255795,49,50,source_hourly
B_p100424,B,False,False,False,False,False,,,58.0,0.0024861949265850636,0,53,source_hourly
B_p119346,B,False,True,False,False,False,25.0,,37.0,0.010078055928548746,1,32,source_hourly
B_p105625,B,False,False,False,False,False,,,20.0,0.0010054585640620753,0,15,source_hourly
B_p103666,B,False,False,False,False,False,,,46.0,0.0010446196760544619,0,41,source_hourly
B_p103135,B,False,False,False,False,False,,,50.0,0.0022463368795980826,0,45,source_hourly
B_p103333,B,False,False,False,False,False,,,48.0,0.004520786263690573,0,43,source_hourly
B_p115716,B,False,False,False,False,False,,,17.0,0.0012855452377910405,0,12,source_hourly
B_p109840,B,False,True,False,False,False,8.0,,39.0,0.01885283302544674,19,34,source_hourly
B_p101756,B,False,False,False,False,False,,,51.0,0.0017828334491736613,0,46,source_hourly
B_p105669,B,True,True,True,False,True,59.0,80.0,82.0,0.04907054135978561,0,0,source_hourly
B_p104693,B,False,True,False,False,False,8.0,,56.0,0.016953250603998878,29,51,source_hourly
B_p115555,B,False,True,False,False,False,9.0,,39.0,0.008176640909312034,6,34,source_hourly
B_p102785,B,False,True,False,False,False,25.0,,36.0,0.010754163172179922,3,31,source_hourly
B_p117825,B,False,True,False,False,False,11.0,,37.0,0.015743621054106326,5,32,source_hourly
B_p109984,B,False,True,False,False,False,47.0,,49.0,0.006613826493095761,2,44,source_hourly
B_p119972,B,False,False,False,False,False,,,41.0,0.001381279501992422,0,36,source_hourly
B_p113606,B,False,False,False,False,False,,,55.0,0.003817360879201024,0,50,source_hourly
B_p112646,B,False,False,False,False,False,,,21.0,0.0015733132383492126,0,16,source_hourly
B_p114788,B,False,False,False,False,False,,,20.0,0.002094520699149758,0,15,source_hourly
B_p106704,B,False,True,False,False,False,22.0,,96.0,0.23018081618224023,56,91,source_hourly
B_p102049,B,False,True,False,False,False,29.0,,36.0,0.024292620707555033,3,31,source_hourly
B_p105816,B,False,True,False,False,False,8.0,,37.0,0.062270113324358715,19,32,source_hourly
B_p109345,B,False,True,False,False,False,40.0,,40.0,0.006009473940817198,1,35,source_hourly
B_p110149,B,False,True,False,False,False,9.0,,47.0,0.02382261900229153,17,42,source_hourly
B_p112706,B,False,False,False,False,False,,,24.0,0.001155152650960235,0,19,source_hourly
B_p112162,B,False,False,False,False,False,,,37.0,0.0011869931343057613,0,32,source_hourly
B_p119984,B,False,True,False,False,False,39.0,,53.0,0.033550371777723215,13,48,source_hourly
B_p108517,B,False,False,False,False,False,,,53.0,0.002356350608803706,0,48,source_hourly
B_p110230,B,False,False,False,False,False,,,32.0,0.0017633819540433884,0,27,source_hourly
B_p101280,B,False,False,False,False,False,,,41.0,0.0027063369247795526,0,36,source_hourly
B_p104955,B,False,True,False,False,False,28.0,,43.0,0.007961141218918966,2,38,source_hourly
B_p101831,B,False,True,False,False,False,16.0,,41.0,0.005889375817714932,1,36,source_hourly
B_p115136,B,False,False,False,False,False,,,50.0,0.005164989735179186,0,45,source_hourly
B_p105343,B,False,False,False,False,False,,,36.0,0.005657451075003987,0,31,source_hourly
B_p106348,B,False,True,False,False,False,53.0,,59.0,0.013467925305138094,5,54,source_hourly
B_p106019,B,False,False,False,False,False,,,22.0,0.0021243183881213823,0,17,source_hourly
B_p118088,B,False,False,False,False,False,,,48.0,0.0038954587820623325,0,43,source_hourly
B_p109716,B,False,True,False,False,False,26.0,,37.0,0.008859099028254993,5,32,source_hourly
B_p109140,B,False,False,False,False,False,,,49.0,0.002181800249794527,0,44,source_hourly
B_p117378,B,False,False,False,False,False,,,18.0,0.001111778225343269,0,13,source_hourly
B_p104064,B,False,True,False,False,False,9.0,,32.0,0.01731018682558547,6,27,source_hourly
B_p100889,B,False,True,False,False,False,53.0,,58.0,0.007962429740662306,4,53,source_hourly
B_p116768,B,False,False,False,False,False,,,22.0,0.0022571557348008615,0,17,source_hourly
B_p105736,B,False,False,False,False,False,,,19.0,0.003431124773146776,0,14,source_hourly
B_p105054,B,False,True,False,False,False,17.0,,32.0,0.010285709741773301,6,27,source_hourly
B_p105806,B,False,False,False,False,False,,,37.0,0.000992427388375563,0,32,source_hourly
B_p108256,B,False,False,False,False,False,,,19.0,0.003463499971762217,0,14,source_hourly
B_p119792,B,False,False,False,False,False,,,39.0,0.0038713527010562363,0,34,source_hourly
B_p113598,B,False,True,False,False,False,8.0,,43.0,0.07580687411653755,36,38,source_hourly
B_p100867,B,False,False,False,False,False,,,10.0,0.000739373214912998,0,5,source_hourly
B_p119559,B,False,False,False,False,False,,,54.0,0.005814923098763593,0,49,source_hourly
B_p106116,B,False,True,False,False,False,8.0,,36.0,0.01553407541440128,15,31,source_hourly
B_p101269,B,False,False,False,False,False,,,37.0,0.003619116604108475,0,32,source_hourly
B_p110889,B,False,False,False,False,False,,,47.0,0.001102457896471006,0,42,source_hourly
B_p101425,B,False,False,False,False,False,,,8.0,0.0003498281445586263,0,3,source_hourly
B_p116050,B,False,True,False,False,False,35.0,,48.0,0.018836383844840144,12,43,source_hourly
B_p102643,B,True,True,True,True,False,15.0,20.0,23.0,0.009973913590515082,0,0,source_hourly
B_p109720,B,False,False,False,False,False,,,53.0,0.0023976178166490725,0,48,source_hourly
B_p107696,B,False,False,False,False,False,,,35.0,0.00227371310158671,0,30,source_hourly
B_p117747,B,False,False,False,False,False,,,15.0,0.0021712484206495722,0,10,source_hourly
B_p110781,B,False,False,False,False,False,,,14.0,0.0036678341112584664,0,9,source_hourly
B_p104882,B,False,True,False,False,False,11.0,,48.0,0.014392298706805298,15,43,source_hourly
B_p103697,B,False,False,False,False,False,,,44.0,0.004627644738762685,0,39,source_hourly
B_p102190,B,False,False,False,False,False,,,46.0,0.0014924018937486079,0,41,source_hourly
B_p115175,B,False,True,False,False,False,13.0,,32.0,0.011669138272349406,6,27,source_hourly
B_p106288,B,False,True,False,False,False,9.0,,18.0,0.010384095785325023,1,13,source_hourly
B_p118794,B,False,False,False,False,False,,,27.0,0.00137039963105731,0,22,source_hourly
B_p115860,B,False,False,False,False,False,,,41.0,0.0041799889792035125,0,36,source_hourly
B_p108346,B,False,False,False,False,False,,,40.0,0.0025031523323862256,0,35,source_hourly
B_p110871,B,False,True,False,False,False,13.0,,44.0,0.016032268079851635,14,39,source_hourly
B_p113909,B,False,False,False,False,False,,,39.0,0.005532164208518822,0,34,source_hourly
B_p109665,B,False,False,False,False,False,,,37.0,0.0023288916313100407,0,32,source_hourly
B_p110681,B,False,True,False,False,False,11.0,,20.0,0.02172624403178544,10,15,source_hourly
B_p117539,B,False,True,False,False,False,11.0,,60.0,0.18179707910568454,50,55,source_hourly
B_p118078,B,False,False,False,False,False,,,31.0,0.001030411649019351,0,26,source_hourly
B_p108040,B,False,False,False,False,False,,,15.0,0.003123472276978326,0,10,source_hourly
B_p116371,B,False,False,False,False,False,,,29.0,0.0015732240304758456,0,24,source_hourly
B_p102942,B,False,True,False,False,False,39.0,,52.0,0.007185902178274743,1,47,source_hourly
B_p112945,B,False,True,False,False,False,8.0,,58.0,0.022332282079167043,20,53,source_hourly
B_p104541,B,True,True,True,False,True,11.0,25.0,28.0,0.013726329774700443,0,0,source_hourly
B_p115439,B,False,True,False,False,False,9.0,,36.0,0.007848520483907648,2,31,source_hourly
B_p107231,B,False,True,False,False,False,15.0,,24.0,0.013261550822839663,7,19,source_hourly
B_p112986,B,False,True,False,False,False,43.0,,47.0,0.027480057016708335,5,42,source_hourly
B_p106807,B,False,False,False,False,False,,,47.0,0.0019495483547449554,0,42,source_hourly
B_p117496,B,False,False,False,False,False,,,20.0,0.0012725029868599063,0,15,source_hourly
B_p107040,B,False,False,False,False,False,,,44.0,0.002590764415797502,0,39,source_hourly
B_p105958,B,False,True,False,False,False,10.0,,51.0,0.010653816616681466,10,46,source_hourly
B_p113314,B,False,False,False,False,False,,,22.0,0.002584378142390798,0,17,source_hourly
B_p112596,B,False,True,False,False,False,60.0,,91.0,0.24355982376830063,32,86,source_hourly
B_p103621,B,False,False,False,False,False,,,29.0,0.0007559009450169023,0,24,source_hourly
B_p111146,B,False,True,False,False,False,13.0,,28.0,0.0116132673306843,6,23,source_hourly
B_p107283,B,True,True,True,False,True,47.0,222.0,225.0,0.3661879233052531,0,0,source_hourly
B_p113530,B,False,False,False,False,False,,,44.0,0.003757841702647692,0,39,source_hourly
B_p102338,B,False,True,False,False,False,21.0,,23.0,0.006098524903537887,2,18,source_hourly
B_p104364,B,False,False,False,False,False,,,38.0,0.0013170940032665016,0,33,source_hourly
B_p107954,B,False,False,False,False,False,,,20.0,0.0012767754650519839,0,15,source_hourly
B_p111738,B,False,False,False,False,False,,,30.0,0.0029967154385485534,0,25,source_hourly
B_p118572,B,True,True,True,False,True,72.0,79.0,82.0,0.05775275703281439,0,0,source_hourly
B_p103934,B,False,False,False,False,False,,,36.0,0.0016511757253972442,0,31,source_hourly
B_p103419,B,False,True,False,False,False,10.0,,54.0,0.01628584860659167,24,49,source_hourly
B_p109078,B,False,True,False,False,False,8.0,,48.0,0.026656630811522274,27,43,source_hourly
B_p108748,B,False,False,False,False,False,,,14.0,0.0014732921955630876,0,9,source_hourly
B_p106375,B,False,False,False,False,False,,,13.0,0.000423728853626123,0,8,source_hourly
B_p109596,B,False,True,False,False,False,10.0,,53.0,0.01590264413070606,12,48,source_hourly
B_p101974,B,False,True,False,False,False,25.0,,57.0,0.03111165731738463,20,52,source_hourly
B_p117013,B,False,True,False,False,False,8.0,,38.0,0.07319127953051924,16,33,source_hourly
B_p112240,B,False,True,False,False,False,9.0,,39.0,0.02412318807743403,28,34,source_hourly
B_p113122,B,False,False,False,False,False,,,54.0,0.0046049883724021265,0,49,source_hourly
B_p114253,B,False,True,False,False,False,26.0,,50.0,0.007346476835134944,4,45,source_hourly
B_p105109,B,False,False,False,False,False,,,48.0,0.002283792920795563,0,43,source_hourly
B_p105464,B,False,True,False,False,False,9.0,,26.0,0.010151664002807516,2,21,source_hourly
B_p102759,B,False,True,False,False,False,36.0,,41.0,0.007023675143305445,1,36,source_hourly
B_p104084,B,False,True,False,False,False,9.0,,41.0,0.032284159304914434,26,36,source_hourly
B_p102131,B,False,False,False,False,False,,,27.0,0.0023635176617975134,0,22,source_hourly
B_p113837,B,False,False,False,False,False,,,46.0,0.0010366609143096846,0,41,source_hourly
B_p105576,B,False,False,False,False,False,,,45.0,0.0025756821513779164,0,40,source_hourly
B_p117443,B,False,True,False,False,False,31.0,,38.0,0.017053500535701285,6,33,source_hourly
B_p102405,B,False,False,False,False,False,,,26.0,0.004293427509122206,0,21,source_hourly
B_p102309,B,False,True,False,False,False,8.0,,45.0,0.0260020556855126,13,40,source_hourly
B_p106958,B,False,True,False,False,False,23.0,,31.0,0.006951872234964892,5,26,source_hourly
B_p102053,B,False,False,False,False,False,,,23.0,0.0022767967919686415,0,18,source_hourly
B_p108046,B,False,True,False,False,False,22.0,,27.0,0.00829599548214817,1,22,source_hourly
B_p114287,B,False,False,False,False,False,,,43.0,0.0017750035454371818,0,38,source_hourly
B_p107064,B,False,False,False,False,False,,,21.0,0.0012532809456364455,0,16,source_hourly
B_p114503,B,False,False,False,False,False,,,20.0,0.005454058640976814,0,15,source_hourly
B_p101165,B,False,True,False,False,False,27.0,,30.0,0.008681436206649212,3,25,source_hourly
B_p101483,B,False,True,False,False,False,11.0,,153.0,0.1666346197550001,117,148,source_hourly
B_p113034,B,False,False,False,False,False,,,46.0,0.0052506404392485264,0,41,source_hourly
B_p110805,B,False,False,False,False,False,,,13.0,0.0019894117323075357,0,8,source_hourly
B_p105306,B,False,False,False,False,False,,,35.0,0.005063312662021754,0,30,source_hourly
B_p100957,B,False,False,False,False,False,,,23.0,0.00258972197248886,0,18,source_hourly
B_p108356,B,False,False,False,False,False,,,14.0,0.003942214390611941,0,9,source_hourly
B_p112364,B,False,True,False,False,False,53.0,,56.0,0.012175957061633809,4,51,source_hourly
B_p100070,B,False,False,False,False,False,,,17.0,0.000739751477845312,0,12,source_hourly
B_p110975,B,False,True,False,False,False,8.0,,43.0,0.022141566245211793,25,38,source_hourly
B_p118526,B,False,True,False,False,False,8.0,,44.0,0.024494700038346973,16,39,source_hourly
B_p119870,B,False,False,False,False,False,,,26.0,0.0009361025306349851,0,21,source_hourly
B_p117259,B,False,False,False,False,False,,,20.0,0.0024200169928854497,0,15,source_hourly
B_p100958,B,False,False,False,False,False,,,19.0,0.0020917286576061255,0,14,source_hourly
B_p115822,B,False,False,False,False,False,,,47.0,0.0043107037480811985,0,42,source_hourly
B_p118966,B,True,True,True,False,True,43.0,79.0,82.0,0.01663967884034154,0,0,source_hourly
B_p101861,B,False,True,False,False,False,10.0,,40.0,0.06907004908454575,13,35,source_hourly
B_p108468,B,False,False,False,False,False,,,24.0,0.0033007946608745765,0,19,source_hourly
B_p114991,B,False,True,False,False,False,8.0,,48.0,0.06305235062529736,25,43,source_hourly
B_p107443,B,False,False,False,False,False,,,17.0,0.0007114205764390663,0,12,source_hourly
B_p119471,B,False,False,False,False,False,,,44.0,0.005803282182443064,0,39,source_hourly
B_p109601,B,False,True,False,False,False,17.0,,232.0,0.36214479195164034,193,227,source_hourly
B_p102420,B,False,True,False,False,False,42.0,,45.0,0.01277716131969705,3,40,source_hourly
B_p118559,B,False,False,False,False,False,,,39.0,0.001383456941525185,0,34,source_hourly
B_p118307,B,False,False,False,False,False,,,36.0,0.002722396521587886,0,31,source_hourly
B_p118994,B,False,False,False,False,False,,,49.0,0.003668385015548653,0,44,source_hourly
B_p105477,B,False,False,False,False,False,,,22.0,0.0015943606810899474,0,17,source_hourly
B_p104445,B,True,True,True,False,True,27.0,110.0,113.0,0.10063190058582897,0,0,source_hourly
B_p114041,B,False,False,False,False,False,,,24.0,0.0014597020000219009,0,19,source_hourly
B_p112383,B,False,False,False,False,False,,,23.0,0.0029781263562730204,0,18,source_hourly
B_p103095,B,False,True,False,False,False,18.0,,59.0,0.026388989529043245,25,54,source_hourly
B_p113938,B,False,True,False,False,False,8.0,,45.0,0.02992600873654136,5,40,source_hourly
B_p109507,B,False,False,False,False,False,,,48.0,0.002967943532763758,0,43,source_hourly
B_p109331,B,False,True,False,False,False,8.0,,19.0,0.08926846466427867,12,14,source_hourly
B_p118638,B,False,False,False,False,False,,,22.0,0.0014174345359458736,0,17,source_hourly
B_p109130,B,False,True,False,False,False,10.0,,11.0,0.012067455463007727,2,6,source_hourly
B_p116365,B,False,False,False,False,False,,,13.0,0.00306855462979095,0,8,source_hourly
B_p103997,B,False,False,False,False,False,,,35.0,0.003115928980094909,0,30,source_hourly
B_p103747,B,False,False,False,False,False,,,38.0,0.0004515652638623917,0,33,source_hourly
B_p102917,B,False,False,False,False,False,,,19.0,0.0020541408594321846,0,14,source_hourly
B_p113663,B,False,False,False,False,False,,,19.0,0.003261221953708998,0,14,source_hourly
B_p110692,B,False,True,False,False,False,13.0,,53.0,0.005899593804218591,1,48,source_hourly
B_p113605,B,False,False,False,False,False,,,43.0,0.0037257894460369723,0,38,source_hourly
B_p116245,B,False,False,False,False,False,,,15.0,0.000871876451453274,0,10,source_hourly
B_p103961,B,False,True,False,False,False,13.0,,54.0,0.012493689147675192,8,49,source_hourly
B_p107227,B,False,False,False,False,False,,,26.0,0.0036993162431374887,0,21,source_hourly
B_p107856,B,False,False,False,False,False,,,47.0,0.001274114479711813,0,42,source_hourly
B_p113964,B,False,False,False,False,False,,,25.0,0.004458049847931793,0,20,source_hourly
B_p118995,B,False,True,False,False,False,8.0,,39.0,0.008240264372048143,2,34,source_hourly
B_p118554,B,False,True,False,False,False,10.0,,53.0,0.013995088050583663,6,48,source_hourly
B_p107485,B,False,False,False,False,False,,,18.0,0.000961791729374331,0,13,source_hourly
B_p119581,B,False,True,False,False,False,8.0,,57.0,0.02554841484571379,28,52,source_hourly
B_p115195,B,False,True,False,False,False,16.0,,41.0,0.007644290005150979,2,36,source_hourly
B_p102325,B,False,False,False,False,False,,,21.0,0.0012791141905433175,0,16,source_hourly
B_p105131,B,False,True,False,False,False,8.0,,47.0,0.01402401590892235,6,42,source_hourly
B_p118543,B,False,False,False,False,False,,,41.0,0.005288608925760526,0,36,source_hourly
B_p110538,B,False,False,False,False,False,,,42.0,0.0047160268577525035,0,37,source_hourly
B_p103587,B,False,True,False,False,False,10.0,,33.0,0.013063190349045111,9,28,source_hourly
B_p112819,B,False,True,False,False,False,14.0,,21.0,0.01146954026112057,7,16,source_hourly
B_p117452,B,False,True,False,False,False,9.0,,37.0,0.08021298307504655,29,32,source_hourly
B_p114983,B,False,True,False,False,False,8.0,,46.0,0.015978625775498374,9,41,source_hourly
B_p106177,B,False,False,False,False,False,,,27.0,0.0023037586639306903,0,22,source_hourly
B_p114154,B,False,False,False,False,False,,,19.0,0.0027093115746179217,0,14,source_hourly
B_p118970,B,False,True,False,False,False,45.0,,47.0,0.007096707556709841,3,42,source_hourly
B_p110566,B,False,True,False,False,False,41.0,,50.0,0.020968577960645312,10,45,source_hourly
B_p105469,B,False,True,False,False,False,8.0,,25.0,0.07706268473635244,18,20,source_hourly
B_p111666,B,False,False,False,False,False,,,27.0,0.00307494817670239,0,22,source_hourly
B_p119366,B,False,False,False,False,False,,,23.0,0.004360699627138415,0,18,source_hourly
B_p100961,B,False,False,False,False,False,,,47.0,0.0038099997509711955,0,42,source_hourly
B_p109260,B,False,False,False,False,False,,,51.0,0.003592792121837419,0,46,source_hourly
B_p107348,B,False,False,False,False,False,,,24.0,0.0018401525424148722,0,19,source_hourly
B_p111176,B,False,True,False,False,False,17.0,,50.0,0.014327023933500193,20,45,source_hourly
B_p106561,B,False,False,False,False,False,,,38.0,0.004351368039033978,0,33,source_hourly
B_p107248,B,False,True,False,False,False,16.0,,48.0,0.01484148488721067,3,43,source_hourly
B_p116382,B,True,False,False,False,False,,36.0,39.0,0.0036154363644994207,0,0,source_hourly
B_p115874,B,False,False,False,False,False,,,41.0,0.004143811686270741,0,36,source_hourly
B_p105218,B,False,False,False,False,False,,,14.0,0.0033843186370809755,0,9,source_hourly
B_p114753,B,False,True,False,False,False,43.0,,43.0,0.00898639309589698,1,38,source_hourly
B_p100308,B,False,True,False,False,False,21.0,,34.0,0.017506118796453876,4,29,source_hourly
B_p118807,B,False,False,False,False,False,,,23.0,0.0025523881326599933,0,18,source_hourly
B_p100616,B,False,False,False,False,False,,,21.0,0.002286528789439763,0,16,source_hourly
B_p113041,B,False,False,False,False,False,,,48.0,0.0048059341108511,0,43,source_hourly
B_p112688,B,False,True,False,False,False,8.0,,47.0,0.02313164213486453,8,42,source_hourly
B_p102996,B,False,True,False,False,False,8.0,,58.0,0.010823348029528184,8,53,source_hourly
B_p110808,B,False,False,False,False,False,,,50.0,0.0019575136475412105,0,45,source_hourly
B_p108832,B,False,True,False,False,False,24.0,,39.0,0.007412885533014194,1,34,source_hourly
B_p110756,B,False,True,False,False,False,8.0,,13.0,0.036820270702865504,6,8,source_hourly
B_p118614,B,False,True,False,False,False,11.0,,14.0,0.015149080817127599,4,9,source_hourly
B_p102801,B,False,False,False,False,False,,,59.0,0.00304227888790526,0,54,source_hourly
B_p116935,B,False,False,False,False,False,,,10.0,0.0016192802357817711,0,5,source_hourly
B_p114793,B,False,False,False,False,False,,,43.0,0.001872859687038794,0,38,source_hourly
B_p109745,B,False,True,False,False,False,8.0,,59.0,0.015417448200609116,12,54,source_hourly
B_p100682,B,False,False,False,False,False,,,8.0,0.0006701810908765638,0,3,source_hourly
B_p106488,B,True,True,True,False,True,57.0,177.0,180.0,0.09911977681029611,0,0,source_hourly
B_p118169,B,False,False,False,False,False,,,50.0,0.003920428135415878,0,45,source_hourly
B_p101800,B,False,True,False,False,False,15.0,,89.0,0.07601821453193734,49,84,source_hourly
B_p110587,B,False,False,False,False,False,,,27.0,0.001970099514079427,0,22,source_hourly
B_p101988,B,False,True,False,False,False,13.0,,15.0,0.00725480770541706,3,10,source_hourly
B_p107047,B,False,True,False,False,False,55.0,,59.0,0.009882845963490481,5,54,source_hourly
B_p103524,B,False,False,False,False,False,,,23.0,0.0003905314569314117,0,18,source_hourly
B_p114967,B,False,False,False,False,False,,,38.0,0.0026575222651414507,0,33,source_hourly
B_p111853,B,False,False,False,False,False,,,35.0,0.004981065456370826,0,30,source_hourly
B_p118131,B,False,True,False,False,False,17.0,,26.0,0.009786418899347206,7,21,source_hourly
B_p102921,B,False,False,False,False,False,,,22.0,0.001405250945264489,0,17,source_hourly
B_p117124,B,True,True,True,False,True,7.0,219.0,221.0,0.41829350295731194,0,0,source_hourly
B_p104143,B,False,True,False,False,False,8.0,,40.0,0.00691668980877105,4,35,source_hourly
B_p105641,B,False,False,False,False,False,,,35.0,0.005077954157053119,0,30,source_hourly
B_p105028,B,False,True,False,False,False,9.0,,18.0,0.048957401527375204,10,13,source_hourly
B_p118645,B,False,True,False,False,False,43.0,,46.0,0.007488960068727766,3,41,source_hourly
B_p103080,B,True,False,False,False,False,,18.0,21.0,0.0015840377064048926,0,0,source_hourly
B_p110032,B,False,True,False,False,False,39.0,,140.0,0.5372324475144401,102,135,source_hourly
B_p114857,B,False,False,False,False,False,,,24.0,0.004126251615702838,0,19,source_hourly
B_p108806,B,False,False,False,False,False,,,24.0,0.0023342855747616386,0,19,source_hourly
B_p111071,B,False,True,False,False,False,8.0,,31.0,0.011680720986966259,2,26,source_hourly
B_p118254,B,False,False,False,False,False,,,18.0,0.004442790672835071,0,13,source_hourly
B_p119729,B,False,True,False,False,False,10.0,,28.0,0.029945374332734132,5,23,source_hourly
B_p118278,B,False,False,False,False,False,,,41.0,0.0016917010636963107,0,36,source_hourly
B_p104252,B,False,True,False,False,False,6.0,,26.0,0.37470103829385976,21,21,source_hourly
B_p118677,B,False,False,False,False,False,,,54.0,0.005680938367259833,0,49,source_hourly
B_p105445,B,False,False,False,False,False,,,15.0,0.005763691485695706,0,10,source_hourly
B_p106794,B,False,False,False,False,False,,,20.0,0.0008252658717274234,0,15,source_hourly
B_p116639,B,False,True,False,False,False,47.0,,50.0,0.01426581039134243,4,45,source_hourly
B_p116244,B,False,False,False,False,False,,,46.0,0.0024502273695766407,0,41,source_hourly
B_p115240,B,False,False,False,False,False,,,34.0,0.0027139800284489853,0,29,source_hourly
B_p109990,B,False,True,False,False,False,28.0,,40.0,0.017149592308182884,9,35,source_hourly
B_p101212,B,False,False,False,False,False,,,38.0,0.0020385997407186608,0,33,source_hourly
B_p104562,B,False,True,False,False,False,36.0,,47.0,0.01072437167691204,6,42,source_hourly
B_p115789,B,False,True,False,False,False,43.0,,50.0,0.014279368676686771,8,45,source_hourly
B_p100251,B,False,True,False,False,False,11.0,,39.0,0.014823124584671655,5,34,source_hourly
B_p110736,B,True,False,False,False,False,,15.0,18.0,0.0028849140282145532,0,0,source_hourly
B_p111708,B,False,True,False,False,False,6.0,,42.0,0.07014257098707306,13,37,source_hourly
B_p101090,B,True,True,True,False,True,50.0,58.0,61.0,0.024924267391287742,0,0,source_hourly
B_p116891,B,False,True,False,False,False,14.0,,25.0,0.020374206547109194,3,20,source_hourly
B_p103069,B,False,True,False,False,False,17.0,,57.0,0.04365091093031636,34,52,source_hourly
B_p104406,B,False,False,False,False,False,,,20.0,0.0023958225019590504,0,15,source_hourly
B_p103258,B,False,True,False,False,False,30.0,,42.0,0.07952146637141937,13,37,source_hourly
B_p119123,B,False,True,False,False,False,36.0,,48.0,0.007447632015187784,4,43,source_hourly
B_p119897,B,False,True,False,False,False,43.0,,45.0,0.012168086421586193,3,40,source_hourly
B_p105534,B,False,True,False,False,False,20.0,,38.0,0.017938260691946022,9,33,source_hourly
B_p120000,B,False,False,False,False,False,,,35.0,0.0013859564647685859,0,30,source_hourly
B_p104573,B,False,False,False,False,False,,,25.0,0.0018765262774147725,0,20,source_hourly
B_p115906,B,False,True,False,False,False,26.0,,38.0,0.04489751874542949,7,33,source_hourly
B_p114045,B,False,True,False,False,False,40.0,,59.0,0.07786440982501522,19,54,source_hourly
B_p106416,B,False,True,False,False,False,10.0,,289.0,0.7823084967428617,267,284,source_hourly
B_p108505,B,False,True,False,False,False,16.0,,42.0,0.03220646534263946,22,37,source_hourly
B_p102051,B,False,False,False,False,False,,,16.0,0.0006815194961066596,0,11,source_hourly
B_p119925,B,False,True,False,False,False,8.0,,47.0,0.01461730968919405,5,42,source_hourly
B_p118847,B,False,False,False,False,False,,,16.0,0.004595901798233245,0,11,source_hourly
B_p116809,B,False,False,False,False,False,,,32.0,0.003848928961196632,0,27,source_hourly
B_p115001,B,False,False,False,False,False,,,23.0,0.001523884820412828,0,18,source_hourly
B_p112352,B,False,True,False,False,False,47.0,,54.0,0.014495398244000963,7,49,source_hourly
B_p115736,B,False,True,False,False,False,47.0,,59.0,0.030167469175080387,13,54,source_hourly
B_p102008,B,False,False,False,False,False,,,23.0,0.002580602870724283,0,18,source_hourly
B_p102393,B,False,False,False,False,False,,,16.0,0.0025637804709823407,0,11,source_hourly
B_p100834,B,False,False,False,False,False,,,24.0,0.001019966482232222,0,19,source_hourly
B_p110563,B,False,False,False,False,False,,,36.0,0.0020896144941574164,0,31,source_hourly
B_p117200,B,False,False,False,False,False,,,36.0,0.0013783741708090424,0,31,source_hourly
B_p103456,B,False,True,False,False,False,8.0,,23.0,0.012718694448499436,7,18,source_hourly
B_p102271,B,False,True,False,False,False,23.0,,36.0,0.008469519770471737,3,31,source_hourly
B_p111328,B,False,True,False,False,False,10.0,,45.0,0.010969263154153525,19,40,source_hourly
B_p119019,B,False,False,False,False,False,,,23.0,0.0006259578772131259,0,18,source_hourly
B_p115089,B,False,True,False,False,False,22.0,,55.0,0.026962642247330526,17,50,source_hourly
B_p119542,B,False,True,False,False,False,35.0,,55.0,0.014055010333435898,7,50,source_hourly
B_p119790,B,False,False,False,False,False,,,22.0,0.0033026666246016387,0,17,source_hourly
B_p114455,B,False,True,False,False,False,8.0,,38.0,0.06806832159283856,1,33,source_hourly
B_p101112,B,False,False,False,False,False,,,50.0,0.0018010185290610057,0,45,source_hourly
B_p107817,B,False,False,False,False,False,,,25.0,0.0048571769337897724,0,17,source_hourly
B_p101698,B,False,False,False,False,False,,,34.0,0.0036872381022622215,0,29,source_hourly
B_p119292,B,False,False,False,False,False,,,27.0,0.0019668543525743973,0,22,source_hourly
B_p119243,B,False,True,False,False,False,10.0,,12.0,0.018004363171382678,1,7,source_hourly
B_p102981,B,False,True,False,False,False,44.0,,44.0,0.005957915895900258,1,39,source_hourly
B_p118463,B,False,True,False,False,False,14.0,,44.0,0.006397824916564514,1,39,source_hourly
B_p113664,B,False,False,False,False,False,,,34.0,0.004840156188615799,0,29,source_hourly
B_p105644,B,False,False,False,False,False,,,18.0,0.0014229924849072464,0,13,source_hourly
B_p119069,B,False,False,False,False,False,,,43.0,0.005820555202010885,0,38,source_hourly
B_p101760,B,False,False,False,False,False,,,51.0,0.002190790291536455,0,46,source_hourly
B_p110468,B,False,False,False,False,False,,,37.0,0.0022810145454540765,0,32,source_hourly
B_p116779,B,False,False,False,False,False,,,45.0,0.0032237479625467328,0,40,source_hourly
B_p102017,B,False,False,False,False,False,,,41.0,0.0015489215227256267,0,36,source_hourly
B_p105031,B,False,False,False,False,False,,,39.0,0.0014985247026287809,0,34,source_hourly
B_p117311,B,False,True,False,False,False,8.0,,38.0,0.09976511369465765,20,33,source_hourly
B_p114372,B,False,True,False,False,False,7.0,,55.0,0.021786277067312728,13,50,source_hourly
B_p115606,B,False,False,False,False,False,,,44.0,0.0016379030928525893,0,39,source_hourly
B_p117119,B,False,True,False,False,False,21.0,,23.0,0.007365963233091113,2,18,source_hourly
B_p111527,B,False,False,False,False,False,,,44.0,0.0038063836160187057,0,39,source_hourly
B_p113489,B,True,True,False,False,True,9.0,50.0,52.0,0.007123506608640456,0,0,source_hourly
B_p101466,B,False,False,False,False,False,,,15.0,0.0017387257003549247,0,10,source_hourly
B_p101706,B,False,False,False,False,False,,,20.0,0.002427638787632463,0,15,source_hourly
B_p109476,B,False,True,False,False,False,8.0,,48.0,0.031218088857656187,11,43,source_hourly
B_p109986,B,False,False,False,False,False,,,50.0,0.004977673958900401,0,45,source_hourly
B_p108335,B,False,False,False,False,False,,,21.0,0.0012384068521613257,0,16,source_hourly
B_p107156,B,False,True,False,False,False,46.0,,53.0,0.006535914175132377,1,48,source_hourly
B_p112228,B,False,True,False,False,False,28.0,,43.0,0.007475826807579366,4,38,source_hourly
B_p115287,B,False,True,False,False,False,8.0,,38.0,0.010570151620813654,4,33,source_hourly
B_p112671,B,False,False,False,False,False,,,23.0,0.001022543378640907,0,18,source_hourly
B_p110193,B,False,False,False,False,False,,,47.0,0.004863841898045699,0,42,source_hourly
B_p103233,B,False,True,False,False,False,24.0,,46.0,0.10883953438862531,4,41,source_hourly
B_p104906,B,False,False,False,False,False,,,56.0,0.0033076987735025693,0,51,source_hourly
B_p100411,B,False,True,False,False,False,8.0,,20.0,0.00698495438923132,1,15,source_hourly
B_p110312,B,False,False,False,False,False,,,24.0,0.003656774993378053,0,19,source_hourly
B_p108903,B,False,False,False,False,False,,,18.0,0.0042193383998309925,0,13,source_hourly
B_p119237,B,False,False,False,False,False,,,36.0,0.0036151680746796208,0,31,source_hourly
B_p114557,B,False,True,False,False,False,25.0,,28.0,0.0062074634036952455,1,23,source_hourly
B_p100293,B,False,True,False,False,False,8.0,,47.0,0.07444485909501167,40,42,source_hourly
B_p101208,B,False,True,False,False,False,9.0,,36.0,0.012977277709739464,13,31,source_hourly
B_p112191,B,False,True,False,False,False,9.0,,43.0,0.00825779243753181,3,38,source_hourly
B_p109368,B,False,True,False,False,False,49.0,,50.0,0.006288075912750818,1,45,source_hourly
B_p110515,B,False,False,False,False,False,,,40.0,0.0026712197178118233,0,35,source_hourly
B_p100083,B,False,False,False,False,False,,,21.0,0.0014912057494839166,0,16,source_hourly
B_p105214,B,False,False,False,False,False,,,36.0,0.003466100945661426,0,31,source_hourly
B_p103517,B,False,False,False,False,False,,,28.0,0.0050290813158093885,0,23,source_hourly
B_p101909,B,False,True,False,False,False,11.0,,45.0,0.008211063412424235,1,40,source_hourly
B_p105756,B,False,True,False,False,False,6.0,,40.0,0.011152791260379942,2,35,source_hourly
B_p111131,B,False,False,False,False,False,,,23.0,0.003192108140879592,0,18,source_hourly
B_p115532,B,False,False,False,False,False,,,19.0,0.002234503850650383,0,14,source_hourly
B_p115188,B,False,True,False,False,False,8.0,,50.0,0.04359261309343256,31,45,source_hourly
B_p108471,B,False,False,False,False,False,,,26.0,0.002590504256842392,0,21,source_hourly
B_p103319,B,False,True,False,False,False,47.0,,50.0,0.01244666074517492,4,45,source_hourly
B_p119263,B,False,False,False,False,False,,,24.0,0.0026533735170955306,0,19,source_hourly
B_p108082,B,False,False,False,False,False,,,42.0,0.0016327868110802583,0,37,source_hourly
B_p108715,B,False,True,False,False,False,9.0,,21.0,0.01937467107411382,4,16,source_hourly
B_p117285,B,False,True,False,False,False,48.0,,53.0,0.009749306200470424,6,48,source_hourly
B_p111107,B,False,True,False,False,False,43.0,,44.0,0.013566848985257356,2,39,source_hourly
B_p106412,B,False,False,False,False,False,,,19.0,0.0017853509470777751,0,14,source_hourly
B_p107779,B,False,False,False,False,False,,,15.0,0.0022193429543224726,0,10,source_hourly
B_p114752,B,False,False,False,False,False,,,8.0,0.0006485652569499684,0,3,source_hourly
B_p109515,B,False,True,False,False,False,9.0,,44.0,0.012633079335928006,7,39,source_hourly
B_p112569,B,True,True,True,False,True,7.0,59.0,62.0,0.10252074552455916,0,0,source_hourly
B_p105948,B,False,True,False,False,False,12.0,,17.0,0.008809543893492902,5,12,source_hourly
B_p109021,B,False,False,False,False,False,,,38.0,0.005587770235532099,0,33,source_hourly
B_p112138,B,False,False,False,False,False,,,47.0,0.004008065333459932,0,42,source_hourly
B_p114011,B,False,False,False,False,False,,,22.0,0.002857248426695993,0,17,source_hourly
B_p100237,B,False,True,False,False,False,54.0,,57.0,0.009294560580046858,4,52,source_hourly
B_p118875,B,False,True,False,False,False,10.0,,24.0,0.020625926273719522,8,19,source_hourly
B_p113524,B,False,False,False,False,False,,,39.0,0.0012094626107904823,0,34,source_hourly
B_p111591,B,False,False,False,False,False,,,18.0,0.0008303399025878315,0,13,source_hourly
B_p106452,B,False,False,False,False,False,,,38.0,0.001324115718790943,0,33,source_hourly
B_p114355,B,False,False,False,False,False,,,36.0,0.0035611243725906755,0,31,source_hourly
B_p107286,B,False,False,False,False,False,,,37.0,0.0012094205112657124,0,32,source_hourly
B_p100976,B,False,False,False,False,False,,,20.0,0.0023668772978866857,0,15,source_hourly
B_p112362,B,False,False,False,False,False,,,40.0,0.004095725295382285,0,35,source_hourly
B_p109489,B,False,False,False,False,False,,,43.0,0.003346498306309672,0,38,source_hourly
B_p111046,B,False,False,False,False,False,,,16.0,0.0046379068436674135,0,11,source_hourly
B_p109234,B,False,True,False,False,False,41.0,,47.0,0.013209176523197107,5,42,source_hourly
B_p102577,B,False,False,False,False,False,,,46.0,0.0019789676054622696,0,41,source_hourly
B_p107545,B,False,True,False,False,False,13.0,,21.0,0.04987015660984403,9,16,source_hourly
B_p110967,B,False,False,False,False,False,,,21.0,0.0007949626978305771,0,16,source_hourly
B_p105733,B,False,True,False,False,False,45.0,,51.0,0.012103882499169674,5,46,source_hourly
B_p116309,B,False,False,False,False,False,,,39.0,0.0037963833096100372,0,34,source_hourly
B_p115593,B,False,True,False,False,False,40.0,,65.0,0.2385273204639449,22,60,source_hourly
B_p117535,B,False,False,False,False,False,,,18.0,0.0019650001027912436,0,13,source_hourly
B_p101833,B,False,False,False,False,False,,,13.0,0.0017459880001217877,0,8,source_hourly
B_p103582,B,False,True,False,False,False,9.0,,41.0,0.0067652645478716335,3,36,source_hourly
B_p113085,B,False,True,False,False,False,18.0,,28.0,0.007138605718292825,4,23,source_hourly
B_p108495,B,False,True,False,False,False,34.0,,38.0,0.006690541507471427,1,33,source_hourly
B_p111519,B,False,False,False,False,False,,,54.0,0.002549382899374642,0,49,source_hourly
B_p117333,B,False,False,False,False,False,,,19.0,0.001539819647928845,0,14,source_hourly
B_p108915,B,False,False,False,False,False,,,24.0,0.003457198018338262,0,19,source_hourly
B_p117546,B,False,False,False,False,False,,,18.0,0.001102446048370357,0,13,source_hourly
B_p114463,B,False,True,False,False,False,10.0,,55.0,0.01577985566387786,4,50,source_hourly
B_p110485,B,False,False,False,False,False,,,47.0,0.0025608144732582536,0,42,source_hourly
B_p108672,B,False,True,False,False,False,45.0,,49.0,0.010566678598619128,3,44,source_hourly
B_p113462,B,False,False,False,False,False,,,40.0,0.0033232919911598325,0,35,source_hourly
B_p105405,B,True,True,True,False,True,7.0,203.0,205.0,0.34115850414638726,0,0,source_hourly
B_p118429,B,True,True,True,False,True,8.0,23.0,26.0,0.05417298790331178,0,0,source_hourly
B_p109684,B,False,False,False,False,False,,,25.0,0.0004746511684867846,0,20,source_hourly
B_p113360,B,False,False,False,False,False,,,13.0,0.0009655272696889656,0,8,source_hourly
B_p101366,B,False,True,False,False,False,8.0,,22.0,0.021468693348293922,6,17,source_hourly
B_p105662,B,False,False,False,False,False,,,41.0,0.003997117162921086,0,36,source_hourly
B_p104880,B,False,False,False,False,False,,,38.0,0.004044386764174616,0,33,source_hourly
B_p111720,B,False,False,False,False,False,,,56.0,0.0050361155225062,0,51,source_hourly
B_p103570,B,False,True,False,False,False,17.0,,21.0,0.008629109039075865,3,16,source_hourly
B_p113532,B,False,False,False,False,False,,,40.0,0.004325781201504785,0,35,source_hourly
B_p115561,B,False,True,False,False,False,13.0,,38.0,0.008033753583115172,6,33,source_hourly
B_p103634,B,False,True,False,False,False,8.0,,54.0,0.10086415795950537,47,49,source_hourly
B_p110322,B,False,True,False,False,False,44.0,,56.0,0.01143557840976766,4,51,source_hourly
B_p100564,B,False,True,False,False,False,8.0,,57.0,0.0565607050680167,40,52,source_hourly
B_p108575,B,False,True,False,False,False,45.0,,49.0,0.013362036118953386,5,44,source_hourly
B_p100073,B,True,False,False,False,False,,25.0,27.0,0.0033593837783665757,0,0,source_hourly
B_p103081,B,False,False,False,False,False,,,45.0,0.004526149634265431,0,40,source_hourly
B_p115045,B,False,False,False,False,False,,,58.0,0.004579100606343794,0,53,source_hourly
B_p115704,B,False,False,False,False,False,,,21.0,0.002580290697704673,0,16,source_hourly
B_p108347,B,False,False,False,False,False,,,18.0,0.0011137500866415383,0,13,source_hourly
B_p104429,B,False,True,False,False,False,23.0,,55.0,0.010591852318799784,3,50,source_hourly
B_p115046,B,False,False,False,False,False,,,15.0,0.002124430088665237,0,10,source_hourly
B_p116880,B,False,False,False,False,False,,,55.0,0.005269893522457105,0,50,source_hourly
B_p107657,B,False,True,False,False,False,13.0,,58.0,0.03376938647395703,11,53,source_hourly
B_p104047,B,False,True,False,False,False,28.0,,47.0,0.018072651368750286,18,42,source_hourly
B_p111364,B,False,False,False,False,False,,,38.0,0.004188911977317006,0,33,source_hourly
B_p119154,B,False,True,False,False,False,10.0,,25.0,0.009899438257625235,4,20,source_hourly
B_p114541,B,False,False,False,False,False,,,21.0,0.001576530562975086,0,16,source_hourly
B_p106506,B,False,True,False,False,False,8.0,,45.0,0.023032096895143406,7,40,source_hourly
B_p101115,B,False,False,False,False,False,,,54.0,0.004830549910500338,0,49,source_hourly
B_p112083,B,False,True,False,False,False,28.0,,57.0,0.017065794866791276,16,52,source_hourly
B_p114117,B,False,True,False,False,False,44.0,,46.0,0.006992080037248759,3,41,source_hourly
B_p105354,B,False,False,False,False,False,,,37.0,0.0020697258399943607,0,32,source_hourly
B_p112153,B,True,False,False,False,False,,19.0,22.0,0.0023801239874710065,0,0,source_hourly
B_p115147,B,False,True,False,False,False,8.0,,58.0,0.09634412256892994,31,53,source_hourly
B_p110909,B,False,True,False,False,False,60.0,,89.0,0.03716415937938027,30,84,source_hourly
B_p107787,B,False,False,False,False,False,,,19.0,0.002479914535737381,0,14,source_hourly
B_p111086,B,False,True,False,False,False,26.0,,44.0,0.014742033008799027,2,39,source_hourly
B_p117081,B,False,True,False,False,False,33.0,,40.0,0.010370013149863924,1,35,source_hourly
B_p116224,B,False,False,False,False,False,,,19.0,0.004246636520128104,0,14,source_hourly
B_p104388,B,False,False,False,False,False,,,19.0,0.004555675518871073,0,14,source_hourly
B_p116287,B,False,True,False,False,False,16.0,,41.0,0.015073183030672684,12,36,source_hourly
B_p107290,B,False,False,False,False,False,,,27.0,0.0018872234231255974,0,22,source_hourly
B_p105286,B,False,False,False,False,False,,,49.0,0.002333457161754194,0,44,source_hourly
B_p104410,B,False,False,False,False,False,,,53.0,0.005268632060804764,0,48,source_hourly
B_p109168,B,False,False,False,False,False,,,46.0,0.003883309533346669,0,41,source_hourly
B_p115999,B,False,True,False,False,False,6.0,,18.0,0.010781770735010552,4,13,source_hourly
B_p119148,B,False,False,False,False,False,,,22.0,0.005335537629633617,0,17,source_hourly
B_p105490,B,False,True,False,False,False,40.0,,49.0,0.015826722254232515,8,44,source_hourly
B_p101238,B,False,True,False,False,False,8.0,,47.0,0.04860757854008789,16,42,source_hourly
B_p109142,B,False,False,False,False,False,,,22.0,0.0024776931156669014,0,17,source_hourly
B_p111177,B,False,False,False,False,False,,,54.0,0.005227600322484877,0,49,source_hourly
B_p119669,B,False,True,False,False,False,7.0,,17.0,0.09596543882629739,11,12,source_hourly
B_p101938,B,False,True,False,False,False,35.0,,36.0,0.006080268762476529,1,31,source_hourly
B_p109035,B,False,False,False,False,False,,,31.0,0.0008505624780826675,0,26,source_hourly
B_p108857,B,False,True,False,False,False,36.0,,39.0,0.00970531982400617,3,34,source_hourly
B_p116996,B,False,False,False,False,False,,,32.0,0.001977875687691957,0,27,source_hourly
B_p101152,B,False,False,False,False,False,,,31.0,0.0014491534246467335,0,26,source_hourly
B_p115937,B,False,True,False,False,False,9.0,,84.0,0.3414655799504624,36,79,source_hourly
B_p108537,B,False,False,False,False,False,,,27.0,0.0027174855626913887,0,22,source_hourly
B_p111346,B,False,True,False,False,False,9.0,,47.0,0.01973382076293005,10,42,source_hourly
B_p109910,B,False,True,False,False,False,22.0,,26.0,0.006071144533237261,4,21,source_hourly
B_p113040,B,False,False,False,False,False,,,40.0,0.0007947381459893875,0,35,source_hourly
B_p111882,B,False,True,False,False,False,8.0,,40.0,0.009040893797882428,3,35,source_hourly
B_p115897,B,False,True,False,False,False,43.0,,44.0,0.026901757684456597,2,39,source_hourly
B_p115982,B,False,False,False,False,False,,,39.0,0.0032755071089663524,0,34,source_hourly
B_p117097,B,False,False,False,False,False,,,44.0,0.00566143608051247,0,39,source_hourly
B_p115367,B,False,False,False,False,False,,,39.0,0.003922321215876558,0,34,source_hourly
B_p115052,B,False,False,False,False,False,,,41.0,0.004925407068788447,0,36,source_hourly
B_p108360,B,False,True,False,False,False,9.0,,19.0,0.00881832989446814,3,14,source_hourly
B_p109108,B,False,False,False,False,False,,,27.0,0.0032950431192093114,0,22,source_hourly
B_p119709,B,False,False,False,False,False,,,39.0,0.0031016685098011706,0,34,source_hourly
B_p113911,B,False,True,False,False,False,10.0,,26.0,0.009895557073108054,1,21,source_hourly
B_p101602,B,False,True,False,False,False,14.0,,43.0,0.05792138716233187,30,38,source_hourly
B_p103605,B,False,False,False,False,False,,,23.0,0.0005457769949543845,0,18,source_hourly
B_p108529,B,False,True,False,False,False,25.0,,41.0,0.008358941711212303,3,36,source_hourly
B_p110229,B,False,False,False,False,False,,,20.0,0.0027501949495294144,0,15,source_hourly
B_p109123,B,False,False,False,False,False,,,46.0,0.0031463571973819942,0,41,source_hourly
B_p102194,B,False,False,False,False,False,,,21.0,0.003180204627705919,0,16,source_hourly
B_p101531,B,False,True,False,False,False,13.0,,44.0,0.02716207982318749,14,39,source_hourly
B_p108810,B,False,False,False,False,False,,,21.0,0.00105406030475171,0,16,source_hourly
B_p119256,B,False,True,False,False,False,12.0,,46.0,0.030207104949978865,22,41,source_hourly
B_p116602,B,False,False,False,False,False,,,23.0,0.003406806249859422,0,18,source_hourly
B_p113535,B,False,False,False,False,False,,,24.0,0.003787707289257507,0,19,source_hourly
B_p112637,B,False,False,False,False,False,,,39.0,0.0027253239535539545,0,34,source_hourly
B_p103176,B,False,False,False,False,False,,,18.0,0.004269937178538904,0,13,source_hourly
B_p103936,B,False,True,False,False,False,44.0,,46.0,0.0063434732930217385,2,41,source_hourly
B_p108705,B,False,True,False,False,False,10.0,,18.0,0.006164966899716485,1,13,source_hourly
B_p117162,B,False,True,False,False,False,9.0,,19.0,0.008590366640424481,2,14,source_hourly
B_p112626,B,False,False,False,False,False,,,21.0,0.0005379100071169496,0,16,source_hourly
B_p105860,B,False,True,False,False,False,10.0,,50.0,0.04403228612553203,24,45,source_hourly
B_p117997,B,False,True,False,False,False,8.0,,46.0,0.01504588014083101,7,41,source_hourly
B_p113238,B,False,True,False,False,False,11.0,,52.0,0.044545207728218315,26,47,source_hourly
B_p116591,B,False,True,False,False,False,45.0,,86.0,0.09901360779807714,42,81,source_hourly
B_p107677,B,False,False,False,False,False,,,36.0,0.0010529265062665903,0,31,source_hourly
B_p111239,B,False,True,False,False,False,8.0,,163.0,0.2689228263041749,130,158,source_hourly
B_p106269,B,False,False,False,False,False,,,19.0,0.004606216437297635,0,14,source_hourly
B_p113141,B,False,True,False,False,False,48.0,,56.0,0.017155870614165732,6,51,source_hourly
B_p101486,B,False,True,False,False,False,10.0,,37.0,0.016056171045020367,13,32,source_hourly
B_p119700,B,False,False,False,False,False,,,21.0,0.0010513542318278959,0,16,source_hourly
B_p117616,B,False,False,False,False,False,,,45.0,0.002686062115421324,0,40,source_hourly
B_p114325,B,False,True,False,False,False,45.0,,59.0,0.03635674785587682,10,54,source_hourly
B_p101450,B,False,True,False,False,False,35.0,,49.0,0.019239246084203698,15,44,source_hourly
B_p106688,B,False,False,False,False,False,,,56.0,0.00545262943016302,0,51,source_hourly
B_p113482,B,False,False,False,False,False,,,28.0,0.0005406123905904291,0,23,source_hourly
B_p107291,B,False,False,False,False,False,,,36.0,0.0025020208195609467,0,31,source_hourly
B_p106725,B,False,False,False,False,False,,,44.0,0.00326911731018824,0,39,source_hourly
B_p117929,B,False,False,False,False,False,,,24.0,0.002836992006865474,0,19,source_hourly
B_p110798,B,False,False,False,False,False,,,43.0,0.0014225031744238372,0,38,source_hourly
B_p104164,B,False,False,False,False,False,,,42.0,0.0031138763646022566,0,37,source_hourly
B_p100979,B,False,True,False,False,False,53.0,,54.0,0.00979868620253908,2,49,source_hourly
B_p101137,B,False,True,False,False,False,40.0,,43.0,0.04146354843709429,4,38,source_hourly
B_p110882,B,False,False,False,False,False,,,43.0,0.005321620671968485,0,38,source_hourly
B_p113497,B,False,False,False,False,False,,,38.0,0.0033024315193820467,0,33,source_hourly
B_p112422,B,False,True,False,False,False,44.0,,50.0,0.0070952469984741666,2,45,source_hourly
B_p104215,B,False,False,False,False,False,,,37.0,0.005264930460136488,0,32,source_hourly
B_p110657,B,False,False,False,False,False,,,26.0,0.0019235070491392225,0,21,source_hourly
B_p116803,B,False,False,False,False,False,,,40.0,0.004404618724709779,0,35,source_hourly
B_p118137,B,False,False,False,False,False,,,36.0,0.00440832833475084,0,31,source_hourly
B_p116439,B,False,True,False,False,False,45.0,,336.0,0.3833620724776829,291,331,source_hourly
B_p117478,B,False,False,False,False,False,,,22.0,0.0015007486256815308,0,17,source_hourly
B_p119752,B,False,False,False,False,False,,,21.0,0.0016635715068812876,0,16,source_hourly
B_p108248,B,False,False,False,False,False,,,21.0,0.0014762301927443303,0,16,source_hourly
B_p101015,B,False,True,False,False,False,53.0,,55.0,0.006090961693291944,2,50,source_hourly
B_p100277,B,False,True,False,False,False,29.0,,40.0,0.00842129567950848,1,35,source_hourly
B_p107225,B,False,True,False,False,False,19.0,,39.0,0.04137795364979428,9,34,source_hourly
B_p103787,B,False,True,False,False,False,43.0,,57.0,0.02127704328210482,9,52,source_hourly
B_p105623,B,False,True,False,False,False,35.0,,37.0,0.006787140072855212,3,32,source_hourly
B_p101134,B,False,True,False,False,False,53.0,,54.0,0.008609469302378311,2,49,source_hourly
B_p104799,B,False,False,False,False,False,,,27.0,0.003424521225003778,0,22,source_hourly
B_p115376,B,False,True,False,False,False,11.0,,37.0,0.026505853334436964,15,32,source_hourly
B_p111310,B,False,False,False,False,False,,,23.0,0.0008178356776490552,0,18,source_hourly
B_p101542,B,False,True,False,False,False,10.0,,25.0,0.031916143758699445,14,20,source_hourly
B_p100467,B,False,False,False,False,False,,,35.0,0.002460877944816593,0,30,source_hourly
B_p101658,B,False,True,False,False,False,25.0,,41.0,0.008118548091381789,2,36,source_hourly
B_p118438,B,False,True,False,False,False,33.0,,41.0,0.0063672215417929,1,36,source_hourly
B_p110720,B,False,False,False,False,False,,,18.0,0.0006550938345550504,0,13,source_hourly
B_p118345,B,False,False,False,False,False,,,9.0,0.0005446682820551783,0,4,source_hourly
B_p118537,B,False,True,False,False,False,8.0,,32.0,0.059216352741679065,17,27,source_hourly
B_p109268,B,False,False,False,False,False,,,44.0,0.001336194034591126,0,39,source_hourly
B_p110857,B,False,False,False,False,False,,,21.0,0.0015397343628073981,0,16,source_hourly
B_p113659,B,False,False,False,False,False,,,41.0,0.002883079659907274,0,36,source_hourly
B_p111574,B,False,False,False,False,False,,,19.0,0.0016114393728589905,0,14,source_hourly
B_p100366,B,False,False,False,False,False,,,22.0,0.003010239524257059,0,17,source_hourly
B_p110444,B,False,False,False,False,False,,,38.0,0.003702968704770967,0,33,source_hourly
B_p115838,B,False,True,False,False,False,44.0,,52.0,0.01170856931023699,7,47,source_hourly
B_p107828,B,False,True,False,False,False,55.0,,55.0,0.008716570015473669,1,50,source_hourly
B_p108879,B,False,True,False,False,False,39.0,,51.0,0.01985849946381143,13,46,source_hourly
B_p117844,B,False,False,False,False,False,,,23.0,0.0040826611666218045,0,18,source_hourly
B_p112427,B,False,True,False,False,False,22.0,,43.0,0.024409218614035617,15,38,source_hourly
B_p100445,B,False,False,False,False,False,,,37.0,0.0023252040337797034,0,32,source_hourly
B_p114710,B,True,False,False,False,False,,17.0,20.0,0.004751533741465391,0,0,source_hourly
B_p118074,B,False,True,False,False,False,9.0,,55.0,0.05667362539841357,22,50,source_hourly
B_p119766,B,False,False,False,False,False,,,24.0,0.002671727953137236,0,19,source_hourly
B_p105229,B,False,True,False,False,False,27.0,,51.0,0.047686829396825205,23,46,source_hourly
B_p109873,B,False,False,False,False,False,,,18.0,0.0011389579287609283,0,13,source_hourly
B_p106481,B,False,False,False,False,False,,,21.0,0.0018499563875276623,0,16,source_hourly
B_p102908,B,False,False,False,False,False,,,17.0,0.0013089307108162934,0,12,source_hourly
B_p114970,B,False,True,False,False,False,43.0,,43.0,0.006397930428488357,1,38,source_hourly
B_p108401,B,False,False,False,False,False,,,37.0,0.0024853264215944303,0,32,source_hourly
B_p104721,B,False,False,False,False,False,,,28.0,0.0028889645353073643,0,23,source_hourly
B_p117394,B,False,True,False,False,False,12.0,,16.0,0.015407558836568374,3,11,source_hourly
B_p113012,B,False,False,False,False,False,,,30.0,0.0022482170689096417,0,25,source_hourly
B_p112333,B,False,True,False,False,False,27.0,,56.0,0.042861290582224064,24,51,source_hourly
B_p114957,B,False,False,False,False,False,,,21.0,0.001253457115783369,0,16,source_hourly
B_p106487,B,False,True,False,False,False,35.0,,43.0,0.008835159166610828,3,38,source_hourly
B_p113342,B,False,False,False,False,False,,,48.0,0.005446180333647691,0,43,source_hourly
B_p104976,B,False,True,False,False,False,33.0,,38.0,0.010871554417901918,3,33,source_hourly
B_p106660,B,False,True,False,False,False,9.0,,28.0,0.029000050998689245,14,23,source_hourly
B_p103683,B,False,False,False,False,False,,,19.0,0.0036455994886567446,0,14,source_hourly
B_p101085,B,False,False,False,False,False,,,17.0,0.003842218854010087,0,12,source_hourly
B_p116689,B,False,False,False,False,False,,,14.0,0.00420286965452632,0,9,source_hourly
B_p112039,B,False,False,False,False,False,,,18.0,0.0017570722406156057,0,13,source_hourly
B_p113940,B,False,False,False,False,False,,,23.0,0.0013908615394874146,0,18,source_hourly
B_p112526,B,False,False,False,False,False,,,41.0,0.005214945892579893,0,36,source_hourly
B_p107445,B,False,True,False,False,False,17.0,,129.0,0.35878077931437147,101,124,source_hourly
B_p101368,B,False,False,False,False,False,,,21.0,0.0004233521060156499,0,16,source_hourly
B_p103645,B,False,True,False,False,False,22.0,,54.0,0.032316537409093606,21,49,source_hourly
B_p113805,B,False,False,False,False,False,,,26.0,0.003405022246129069,0,21,source_hourly
B_p114523,B,False,False,False,False,False,,,24.0,0.0019081430062425555,0,19,source_hourly
B_p100085,B,False,False,False,False,False,,,39.0,0.0007269508822591844,0,34,source_hourly
B_p119913,B,False,False,False,False,False,,,54.0,0.004049201445388442,0,49,source_hourly
B_p108919,B,False,True,False,False,False,10.0,,19.0,0.05816176136234652,10,14,source_hourly
B_p115717,B,False,False,False,False,False,,,37.0,0.0009093561482883024,0,32,source_hourly
B_p117610,B,False,False,False,False,False,,,43.0,0.003686161869695968,0,38,source_hourly
B_p106120,B,False,False,False,False,False,,,26.0,0.0024795493696502177,0,21,source_hourly
B_p106266,B,False,False,False,False,False,,,44.0,0.002146469880556004,0,39,source_hourly
B_p106186,B,False,False,False,False,False,,,26.0,0.00185839183234012,0,21,source_hourly
B_p110671,B,False,True,False,False,False,34.0,,48.0,0.013736680112546905,13,43,source_hourly
B_p112911,B,False,True,False,False,False,46.0,,55.0,0.018477858748285784,9,50,source_hourly
B_p119182,B,False,True,False,False,False,13.0,,20.0,0.006043921410347489,1,15,source_hourly
B_p118391,B,False,False,False,False,False,,,21.0,0.0032798399450578333,0,16,source_hourly
B_p110954,B,False,True,False,False,False,44.0,,49.0,0.00785981842567784,1,44,source_hourly
B_p108453,B,False,False,False,False,False,,,22.0,0.0014722451724834694,0,17,source_hourly
B_p105562,B,False,False,False,False,False,,,12.0,0.0008282752768628172,0,7,source_hourly
B_p101285,B,False,True,False,False,False,44.0,,48.0,0.010246533146248848,5,42,source_hourly
B_p103911,B,False,False,False,False,False,,,20.0,0.001991574534354207,0,15,source_hourly
B_p119304,B,False,False,False,False,False,,,18.0,0.0013436694479965216,0,13,source_hourly
B_p105040,B,False,False,False,False,False,,,39.0,0.0037363901276795545,0,34,source_hourly
B_p109497,B,False,False,False,False,False,,,35.0,0.0015339054782523955,0,30,source_hourly
B_p101661,B,False,True,False,False,False,8.0,,41.0,0.009038467855626052,2,36,source_hourly
B_p115514,B,False,True,False,False,False,11.0,,48.0,0.016330792410638662,6,43,source_hourly
B_p112037,B,False,False,False,False,False,,,51.0,0.004881308390404862,0,46,source_hourly
B_p116844,B,False,False,False,False,False,,,40.0,0.0010256380689137286,0,35,source_hourly
B_p114068,B,False,True,False,False,False,44.0,,55.0,0.006262109753953061,1,50,source_hourly
B_p118846,B,False,True,False,False,False,16.0,,25.0,0.006378302750513225,1,20,source_hourly
B_p114971,B,False,True,False,False,False,10.0,,23.0,0.01076339399837382,12,18,source_hourly
B_p101002,B,False,True,False,False,False,48.0,,54.0,0.01291099390174635,6,49,source_hourly
B_p117534,B,True,True,True,False,True,8.0,181.0,184.0,0.30528295339600475,0,0,source_hourly
B_p109508,B,False,True,False,False,False,15.0,,39.0,0.014515779353073579,8,34,source_hourly
B_p104078,B,False,True,False,False,False,13.0,,20.0,0.0073050084239188965,1,15,source_hourly
B_p115665,B,False,False,False,False,False,,,23.0,0.004171250926759499,0,18,source_hourly
B_p114638,B,True,False,False,False,False,,18.0,21.0,0.00037064404493186286,0,0,source_hourly
B_p115779,B,False,False,False,False,False,,,38.0,0.001589703087675959,0,33,source_hourly
B_p112563,B,False,True,False,False,False,43.0,,48.0,0.007391565671386786,2,43,source_hourly
B_p111442,B,False,False,False,False,False,,,17.0,0.0028346125190324947,0,12,source_hourly
B_p107463,B,False,False,False,False,False,,,34.0,0.0022460263313643274,0,29,source_hourly
B_p101617,B,False,True,False,False,False,8.0,,10.0,0.009723752503903718,2,5,source_hourly
B_p104319,B,False,False,False,False,False,,,25.0,0.0025278820771062506,0,20,source_hourly
B_p115625,B,True,True,True,True,False,14.0,19.0,22.0,0.010015874964064428,0,0,source_hourly
B_p104011,B,False,False,False,False,False,,,44.0,0.0014819076042123947,0,39,source_hourly
B_p109397,B,False,False,False,False,False,,,17.0,0.0010914296521891817,0,12,source_hourly
B_p114754,B,False,True,False,False,False,14.0,,46.0,0.06169814564502944,27,41,source_hourly
B_p113527,B,False,True,False,False,False,50.0,,51.0,0.005872006174528444,1,46,source_hourly
B_p117249,B,False,False,False,False,False,,,31.0,0.0024998878550654747,0,26,source_hourly
B_p117935,B,False,False,False,False,False,,,43.0,0.0035893145827750805,0,38,source_hourly
B_p106576,B,False,False,False,False,False,,,39.0,0.005184708270473216,0,34,source_hourly
B_p101415,B,False,False,False,False,False,,,40.0,0.0025921857643083747,0,35,source_hourly
B_p117604,B,False,False,False,False,False,,,45.0,0.004500877566044286,0,40,source_hourly
B_p109801,B,False,True,False,False,False,15.0,,23.0,0.007665339538665717,6,18,source_hourly
B_p112128,B,False,True,False,False,False,9.0,,18.0,0.028911482143227193,10,13,source_hourly
B_p102104,B,False,False,False,False,False,,,41.0,0.0018522111520014057,0,36,source_hourly
B_p101802,B,False,False,False,False,False,,,36.0,0.001324836299926671,0,31,source_hourly
B_p116815,B,False,False,False,False,False,,,22.0,0.00039211185073932187,0,17,source_hourly
B_p109779,B,False,True,False,False,False,8.0,,52.0,0.011687444139218345,14,47,source_hourly
B_p105022,B,False,True,False,False,False,17.0,,42.0,0.007301755542623207,1,37,source_hourly
B_p113707,B,False,False,False,False,False,,,21.0,0.0015588357159702442,0,16,source_hourly
B_p117710,B,False,False,False,False,False,,,38.0,0.0006236590363207652,0,33,source_hourly
B_p113983,B,False,False,False,False,False,,,22.0,0.002207321609787765,0,17,source_hourly
B_p103714,B,False,False,False,False,False,,,27.0,0.0006227908390909453,0,22,source_hourly
B_p119109,B,True,True,True,False,True,37.0,65.0,68.0,0.5792849147623236,0,0,source_hourly
B_p109803,B,False,False,False,False,False,,,45.0,0.0037487353675631947,0,40,source_hourly
B_p102603,B,False,False,False,False,False,,,53.0,0.004561489056825452,0,48,source_hourly
B_p100873,B,False,True,False,False,False,58.0,,58.0,0.006602944427579477,1,53,source_hourly
B_p111588,B,False,False,False,False,False,,,10.0,0.0012718543859630157,0,5,source_hourly
B_p118936,B,False,False,False,False,False,,,22.0,0.001551281816071289,0,17,source_hourly
B_p105340,B,False,True,False,False,False,8.0,,23.0,0.009577851748864125,3,18,source_hourly
B_p100395,B,False,True,False,False,False,12.0,,39.0,0.009120034210013676,4,34,source_hourly
B_p119483,B,False,False,False,False,False,,,43.0,0.0020119524991641237,0,38,source_hourly
B_p101840,B,False,True,False,False,False,15.0,,33.0,0.007258454456603609,3,28,source_hourly
B_p115219,B,False,True,False,False,False,11.0,,38.0,0.11191530040084376,9,33,source_hourly
B_p113918,B,False,True,False,False,False,6.0,,50.0,0.07169064866787217,45,45,source_hourly
B_p104807,B,False,False,False,False,False,,,40.0,0.0015313108147965997,0,35,source_hourly
B_p116220,B,False,True,False,False,False,16.0,,50.0,0.009699047933579466,9,45,source_hourly
B_p110902,B,False,True,False,False,False,53.0,,65.0,0.041812216682715925,13,60,source_hourly
B_p100905,B,False,False,False,False,False,,,49.0,0.0035022950729047294,0,44,source_hourly
B_p111488,B,False,True,False,False,False,10.0,,36.0,0.07442712709503252,20,31,source_hourly
B_p100854,B,False,False,False,False,False,,,16.0,0.0004390210617705535,0,11,source_hourly
B_p113995,B,False,False,False,False,False,,,30.0,0.0018239045390226847,0,25,source_hourly
B_p112903,B,False,False,False,False,False,,,37.0,0.005088358389652097,0,32,source_hourly
B_p103302,B,False,False,False,False,False,,,38.0,0.0018467791042783078,0,33,source_hourly
B_p101998,B,False,False,False,False,False,,,19.0,0.005117394096339835,0,14,source_hourly
B_p108870,B,False,True,False,False,False,32.0,,50.0,0.01642893395211731,14,45,source_hourly
B_p116165,B,False,True,False,False,False,56.0,,58.0,0.011736965457766734,3,53,source_hourly
B_p106837,B,False,True,False,False,False,53.0,,53.0,0.00589997010955573,1,48,source_hourly
B_p102189,B,False,False,False,False,False,,,49.0,0.003323780759516068,0,44,source_hourly
B_p104923,B,False,False,False,False,False,,,47.0,0.0050316400865104425,0,42,source_hourly
B_p105263,B,False,False,False,False,False,,,42.0,0.0026097328952627485,0,37,source_hourly
B_p104578,B,False,True,False,False,False,22.0,,46.0,0.014868714827393104,9,41,source_hourly
B_p109577,B,False,False,False,False,False,,,19.0,0.00039240596541955015,0,14,source_hourly
B_p103811,B,False,False,False,False,False,,,25.0,0.0027846104533222407,0,20,source_hourly
B_p113593,B,False,False,False,False,False,,,21.0,0.0026677702902901143,0,16,source_hourly
B_p104382,B,False,False,False,False,False,,,21.0,0.0028904760096158106,0,16,source_hourly
B_p100495,B,False,False,False,False,False,,,23.0,0.004128729924059807,0,18,source_hourly
B_p103829,B,False,True,False,False,False,43.0,,53.0,0.01346023389408658,8,48,source_hourly
B_p102595,B,False,False,False,False,False,,,23.0,0.002712610742968407,0,18,source_hourly
B_p110881,B,True,True,True,False,True,58.0,170.0,172.0,0.24878099901844222,0,0,source_hourly
B_p114839,B,False,False,False,False,False,,,17.0,0.002004854191873288,0,12,source_hourly
B_p116684,B,False,False,False,False,False,,,41.0,0.0021879008381954714,0,36,source_hourly
B_p104234,B,False,False,False,False,False,,,42.0,0.0013581330580278521,0,37,source_hourly
B_p114097,B,False,False,False,False,False,,,40.0,0.002817846765704724,0,35,source_hourly
B_p102165,B,False,False,False,False,False,,,12.0,0.0017348689268884953,0,7,source_hourly
B_p109080,B,True,True,True,False,True,10.0,145.0,148.0,0.12071366753529968,0,0,source_hourly
B_p103349,B,False,True,False,False,False,53.0,,57.0,0.011200804390254813,5,52,source_hourly
B_p104690,B,False,True,False,False,False,44.0,,51.0,0.019560765347154948,8,46,source_hourly
B_p112505,B,False,False,False,False,False,,,37.0,0.0006422328488997379,0,32,source_hourly
B_p103203,B,False,False,False,False,False,,,21.0,0.0007316913777199265,0,16,source_hourly
B_p113420,B,False,False,False,False,False,,,21.0,0.00048210625367645825,0,16,source_hourly
B_p109621,B,False,False,False,False,False,,,21.0,0.001425429555089696,0,16,source_hourly
B_p109495,B,False,False,False,False,False,,,30.0,0.003672623562954171,0,25,source_hourly
B_p114177,B,False,False,False,False,False,,,15.0,0.001573022976240447,0,10,source_hourly
B_p101365,B,False,False,False,False,False,,,18.0,0.0028846573267636037,0,13,source_hourly
B_p114981,B,False,True,False,False,False,54.0,,54.0,0.0065150806432157414,1,49,source_hourly
B_p114817,B,False,True,False,False,False,53.0,,56.0,0.008165366860685799,4,51,source_hourly
B_p101571,B,False,True,False,False,False,13.0,,34.0,0.010618560447572676,18,29,source_hourly
B_p102090,B,False,True,False,False,False,53.0,,58.0,0.027604830516503913,6,53,source_hourly
B_p103364,B,False,False,False,False,False,,,20.0,0.001107507849899169,0,15,source_hourly
B_p103481,B,False,False,False,False,False,,,19.0,0.0012847661773707551,0,14,source_hourly
B_p103800,B,False,False,False,False,False,,,38.0,0.001162218998241151,0,33,source_hourly
B_p112389,B,False,True,False,False,False,43.0,,49.0,0.03137590177234732,7,44,source_hourly
B_p100264,B,False,False,False,False,False,,,28.0,0.004406509263463043,0,23,source_hourly
B_p117629,B,False,False,False,False,False,,,18.0,0.0031075468889086313,0,13,source_hourly
B_p105813,B,False,True,False,False,False,23.0,,46.0,0.027616522278362615,12,41,source_hourly
B_p101964,B,False,True,False,False,False,20.0,,26.0,0.015113989456574157,6,21,source_hourly
B_p109835,B,False,False,False,False,False,,,39.0,0.0014580691680416214,0,34,source_hourly
B_p111659,B,False,False,False,False,False,,,34.0,0.004048570025577092,0,29,source_hourly
B_p102876,B,False,False,False,False,False,,,35.0,0.0032855647563606507,0,30,source_hourly
B_p110910,B,False,False,False,False,False,,,20.0,0.0016590826362356946,0,15,source_hourly
B_p103868,B,False,False,False,False,False,,,22.0,0.0014052062612164781,0,17,source_hourly
B_p118601,B,False,True,False,False,False,11.0,,25.0,0.006974940824518585,1,20,source_hourly
B_p115477,B,False,True,False,False,False,9.0,,37.0,0.00604928317678065,3,32,source_hourly
B_p100820,B,False,True,False,False,False,49.0,,58.0,0.06012996291972925,9,53,source_hourly
B_p105664,B,False,False,False,False,False,,,37.0,0.0038440958982447434,0,32,source_hourly
B_p118235,B,False,True,False,False,False,9.0,,22.0,0.09361480728599081,14,17,source_hourly
B_p106137,B,False,False,False,False,False,,,13.0,0.0018705426213848739,0,8,source_hourly
B_p111266,B,False,True,False,False,False,43.0,,45.0,0.006045931881186929,1,40,source_hourly
B_p111927,B,False,True,False,False,False,42.0,,44.0,0.007470707877089426,2,39,source_hourly
B_p115452,B,False,False,False,False,False,,,22.0,0.001895059500247744,0,17,source_hourly
B_p109253,B,False,False,False,False,False,,,38.0,0.005196048485744805,0,33,source_hourly
B_p105027,B,False,True,False,False,False,11.0,,37.0,0.014725524834207714,10,32,source_hourly
B_p116960,B,False,True,False,False,False,46.0,,46.0,0.007932814388632109,1,41,source_hourly
B_p101855,B,False,False,False,False,False,,,44.0,0.003866689123608948,0,39,source_hourly
B_p106007,B,False,True,False,False,False,8.0,,45.0,0.05855943939744508,6,40,source_hourly
B_p105503,B,False,False,False,False,False,,,18.0,0.003872936915324531,0,13,source_hourly
B_p105738,B,False,False,False,False,False,,,34.0,0.004127000511721728,0,29,source_hourly
B_p101821,B,False,False,False,False,False,,,39.0,0.0017050303805951927,0,34,source_hourly
B_p113001,B,False,True,False,False,False,23.0,,47.0,0.013616438435062722,6,42,source_hourly
B_p118695,B,False,True,False,False,False,18.0,,51.0,0.011569837447736745,14,46,source_hourly
B_p104777,B,False,True,False,False,False,8.0,,45.0,0.014062519211902534,23,40,source_hourly
B_p101169,B,False,False,False,False,False,,,19.0,0.0022854372497088733,0,14,source_hourly
B_p111703,B,False,False,False,False,False,,,25.0,0.005222458295385553,0,20,source_hourly
B_p108350,B,False,False,False,False,False,,,41.0,0.0015348654656971614,0,36,source_hourly
B_p104723,B,False,False,False,False,False,,,45.0,0.0029793291069485674,0,40,source_hourly
B_p110999,B,False,False,False,False,False,,,41.0,0.0035563395303256974,0,36,source_hourly
B_p112850,B,False,False,False,False,False,,,20.0,0.0012967385730513594,0,15,source_hourly
B_p100253,B,False,False,False,False,False,,,20.0,0.0027500166372398647,0,15,source_hourly
B_p108525,B,False,False,False,False,False,,,26.0,0.001379764548711021,0,21,source_hourly
B_p108212,B,False,True,False,False,False,26.0,,44.0,0.16439707625976974,10,39,source_hourly
B_p110060,B,False,True,False,False,False,15.0,,16.0,0.009213350385261138,2,11,source_hourly
B_p102108,B,False,False,False,False,False,,,38.0,0.0027321809646263864,0,33,source_hourly
B_p119797,B,False,True,False,False,False,16.0,,38.0,0.010768096771516168,8,33,source_hourly
B_p118925,B,False,True,False,False,False,22.0,,38.0,0.011260923454347144,11,33,source_hourly
B_p107130,B,False,False,False,False,False,,,37.0,0.0016484072349364721,0,32,source_hourly
B_p102062,B,False,True,False,False,False,43.0,,46.0,0.006860191246633112,4,41,source_hourly
B_p108308,B,False,True,False,False,False,11.0,,43.0,0.01107947838068332,2,38,source_hourly
B_p102605,B,False,False,False,False,False,,,37.0,0.003236552844050227,0,32,source_hourly
B_p114876,B,False,False,False,False,False,,,33.0,0.003742112888211396,0,28,source_hourly
B_p117879,B,False,False,False,False,False,,,47.0,0.003355251777996687,0,42,source_hourly
B_p113921,B,False,False,False,False,False,,,32.0,0.0007098901094677576,0,27,source_hourly
B_p101432,B,False,True,False,False,False,8.0,,28.0,0.012763158438603582,9,23,source_hourly
B_p119435,B,False,False,False,False,False,,,15.0,0.005342238093730104,0,10,source_hourly
B_p105007,B,False,False,False,False,False,,,19.0,0.0024073265713223453,0,14,source_hourly
B_p101762,B,False,False,False,False,False,,,23.0,0.0022397238371700003,0,18,source_hourly
B_p110684,B,False,False,False,False,False,,,30.0,0.002871114239293727,0,25,source_hourly
B_p100658,B,True,True,True,False,True,24.0,107.0,109.0,0.18345265758959212,0,0,source_hourly
B_p106339,B,False,True,False,False,False,8.0,,25.0,0.012400143775218097,7,20,source_hourly
B_p101476,B,False,False,False,False,False,,,46.0,0.0017014135613233005,0,41,source_hourly
B_p115508,B,False,True,False,False,False,43.0,,44.0,0.007636323256049335,1,39,source_hourly
B_p108281,B,False,True,False,False,False,26.0,,54.0,0.015239247718711147,7,49,source_hourly
B_p109543,B,False,True,False,False,False,10.0,,31.0,0.020182457240269316,14,26,source_hourly
B_p105272,B,False,True,False,False,False,23.0,,38.0,0.00812988552619303,8,33,source_hourly
B_p100800,B,False,False,False,False,False,,,42.0,0.000989897155578389,0,37,source_hourly
B_p107116,B,False,False,False,False,False,,,28.0,0.0023987609967441653,0,23,source_hourly
B_p114315,B,True,True,True,False,True,33.0,87.0,90.0,0.27055748661242596,0,0,source_hourly
B_p102887,B,False,False,False,False,False,,,28.0,0.0027676003211542914,0,23,source_hourly
B_p118342,B,False,False,False,False,False,,,15.0,0.000488616440204361,0,10,source_hourly
B_p116545,B,False,False,False,False,False,,,36.0,0.002155032572928779,0,31,source_hourly
B_p101022,B,False,True,False,False,False,8.0,,40.0,0.011021079889171694,4,35,source_hourly
B_p118165,B,False,False,False,False,False,,,50.0,0.004826133491140338,0,45,source_hourly
B_p113514,B,False,False,False,False,False,,,39.0,0.005111675653205767,0,34,source_hourly
B_p117725,B,False,True,False,False,False,9.0,,48.0,0.09550460330615332,32,43,source_hourly
B_p107475,B,False,True,False,False,False,8.0,,57.0,0.14844118249368174,50,52,source_hourly
B_p101639,B,False,False,False,False,False,,,20.0,0.0012612352187421074,0,15,source_hourly
B_p114375,B,False,False,False,False,False,,,41.0,0.0023887081070163084,0,36,source_hourly
B_p107229,B,False,True,False,False,False,9.0,,42.0,0.3576990876170769,20,37,source_hourly
B_p105236,B,False,False,False,False,False,,,24.0,0.0010432068183818541,0,19,source_hourly
B_p107666,B,False,True,False,False,False,8.0,,20.0,0.00916974925739345,2,15,source_hourly
B_p110847,B,False,False,False,False,False,,,22.0,0.0027400142747221246,0,17,source_hourly
B_p111409,B,False,True,False,False,False,15.0,,38.0,0.00590681186178458,1,33,source_hourly
B_p109286,B,False,False,False,False,False,,,36.0,0.002113102648593689,0,31,source_hourly
B_p118810,B,False,False,False,False,False,,,18.0,0.003506059192412362,0,13,source_hourly
B_p108577,B,False,True,False,False,False,8.0,,55.0,0.05968968336368672,33,50,source_hourly
B_p111417,B,True,False,False,False,False,,15.0,18.0,0.005731367716240272,0,0,source_hourly
B_p106163,B,False,True,False,False,False,53.0,,53.0,0.007594476145613288,1,48,source_hourly
B_p108519,B,False,True,False,False,False,10.0,,59.0,0.4769145682199586,31,54,source_hourly
B_p102952,B,False,True,False,False,False,38.0,,44.0,0.013633533429626638,4,39,source_hourly
B_p110010,B,False,False,False,False,False,,,23.0,0.00277552744041045,0,18,source_hourly
B_p107919,B,False,False,False,False,False,,,28.0,0.0029248526600127197,0,23,source_hourly
B_p118123,B,False,True,False,False,False,11.0,,36.0,0.008855464166169955,8,31,source_hourly
B_p108185,B,False,False,False,False,False,,,27.0,0.002084233730238496,0,22,source_hourly
B_p102166,B,False,False,False,False,False,,,11.0,0.0056306186877444035,0,6,source_hourly
B_p111781,B,False,True,False,False,False,17.0,,47.0,0.015106077958773185,5,42,source_hourly
B_p102239,B,False,True,False,False,False,11.0,,45.0,0.0225026567615672,9,40,source_hourly
B_p111202,B,False,True,False,False,False,23.0,,44.0,0.042760072745318636,21,39,source_hourly
B_p114025,B,False,False,False,False,False,,,10.0,0.0019770653752481677,0,5,source_hourly
B_p110206,B,False,True,False,False,False,8.0,,57.0,0.021451908708537273,18,52,source_hourly
B_p107131,B,False,True,False,False,False,27.0,,57.0,0.0994976196232997,24,52,source_hourly
B_p116388,B,False,False,False,False,False,,,26.0,0.0018497508454127759,0,21,source_hourly
B_p104391,B,False,False,False,False,False,,,36.0,0.0026495031569158775,0,31,source_hourly
B_p108187,B,False,False,False,False,False,,,21.0,0.0008365140905417769,0,16,source_hourly
B_p115303,B,False,True,False,False,False,12.0,,45.0,0.01250974738958351,5,40,source_hourly
B_p104373,B,False,True,False,False,False,8.0,,44.0,0.007875457157759794,6,39,source_hourly
B_p110033,B,True,True,True,False,True,48.0,103.0,105.0,0.5338671904563984,0,0,source_hourly
B_p110567,B,False,False,False,False,False,,,51.0,0.005301437764342235,0,46,source_hourly
B_p119853,B,False,True,False,False,False,52.0,,58.0,0.009839016129302366,5,53,source_hourly
B_p111011,B,False,False,False,False,False,,,41.0,0.001980868217094568,0,36,source_hourly
B_p111680,B,False,False,False,False,False,,,25.0,0.0032632506142191934,0,20,source_hourly
B_p112487,B,False,True,False,False,False,9.0,,49.0,0.037872735528707305,12,44,source_hourly
B_p113375,B,False,True,False,False,False,8.0,,37.0,0.07231524960539917,30,32,source_hourly
B_p109376,B,False,False,False,False,False,,,41.0,0.0012314160335715587,0,36,source_hourly
B_p108853,B,False,False,False,False,False,,,23.0,0.002192120205262341,0,18,source_hourly
B_p106414,B,False,True,False,False,False,54.0,,56.0,0.008617036796276687,2,51,source_hourly
B_p107688,B,False,True,False,False,False,15.0,,58.0,0.0768846226676897,25,53,source_hourly
B_p105428,B,False,False,False,False,False,,,48.0,0.004456439072139542,0,43,source_hourly
B_p118608,B,False,False,False,False,False,,,59.0,0.005393745098076436,0,54,source_hourly
B_p119431,B,False,False,False,False,False,,,21.0,0.0006354664429614064,0,16,source_hourly
B_p111893,B,False,True,False,False,False,46.0,,63.0,0.09452578264568491,18,58,source_hourly
B_p117612,B,False,False,False,False,False,,,41.0,0.0043991170231310085,0,36,source_hourly
B_p104525,B,False,False,False,False,False,,,12.0,0.003904792621628882,0,7,source_hourly
B_p104135,B,False,False,False,False,False,,,43.0,0.00381758341604419,0,38,source_hourly
B_p106164,B,False,False,False,False,False,,,12.0,0.001170880363730097,0,7,source_hourly
B_p119106,B,False,False,False,False,False,,,24.0,0.0009204150041787413,0,19,source_hourly
B_p112628,B,False,False,False,False,False,,,18.0,0.002706230614342005,0,13,source_hourly
B_p117395,B,False,True,False,False,False,30.0,,49.0,0.02056122206724601,6,44,source_hourly
B_p114792,B,False,False,False,False,False,,,48.0,0.005222082941075323,0,43,source_hourly
B_p103971,B,False,False,False,False,False,,,48.0,0.003258605611287276,0,43,source_hourly
B_p107902,B,False,False,False,False,False,,,16.0,0.0009957848578446553,0,11,source_hourly
B_p113181,B,False,False,False,False,False,,,41.0,0.0025294182507474687,0,36,source_hourly
B_p106012,B,False,False,False,False,False,,,33.0,0.001990049402334839,0,28,source_hourly
B_p106484,B,False,True,False,False,False,10.0,,48.0,0.03404987058993444,16,43,source_hourly
B_p107794,B,False,False,False,False,False,,,48.0,0.004035905319400333,0,43,source_hourly
B_p116647,B,False,True,False,False,False,8.0,,21.0,0.009601887054930917,2,16,source_hourly
B_p118589,B,False,True,False,False,False,13.0,,46.0,0.009765368615198815,8,41,source_hourly
B_p110052,B,False,False,False,False,False,,,19.0,0.0005931253592088299,0,14,source_hourly
B_p107242,B,False,True,False,False,False,10.0,,23.0,0.011072213214972506,8,18,source_hourly
B_p108784,B,False,False,False,False,False,,,22.0,0.0015445654796208362,0,17,source_hourly
B_p113333,B,False,False,False,False,False,,,18.0,0.003230333993043834,0,13,source_hourly
B_p118560,B,False,True,False,False,False,8.0,,43.0,0.012156998888983592,13,38,source_hourly
B_p108654,B,False,False,False,False,False,,,52.0,0.005653025096277624,0,47,source_hourly
B_p115680,B,False,True,False,False,False,26.0,,34.0,0.008562756800746597,5,29,source_hourly
B_p108244,B,False,False,False,False,False,,,36.0,0.003035210359499756,0,31,source_hourly
B_p119710,B,False,False,False,False,False,,,21.0,0.00048553826152426653,0,16,source_hourly
B_p118455,B,False,True,False,False,False,26.0,,31.0,0.007764413605488349,2,26,source_hourly
B_p118006,B,False,True,False,False,False,7.0,,52.0,0.019172019897194123,31,47,source_hourly
B_p103780,B,False,False,False,False,False,,,21.0,0.004791422661518581,0,16,source_hourly
B_p114653,B,False,False,False,False,False,,,19.0,0.004073496665132128,0,14,source_hourly
B_p101443,B,False,False,False,False,False,,,24.0,0.0026185918333595576,0,19,source_hourly
B_p107021,B,True,True,True,False,True,49.0,64.0,67.0,0.02371663761826213,0,0,source_hourly
B_p106959,B,False,False,False,False,False,,,39.0,0.0034903353157501394,0,34,source_hourly
B_p105917,B,False,False,False,False,False,,,41.0,0.0015608150710220627,0,36,source_hourly
B_p110466,B,False,False,False,False,False,,,13.0,0.002323705391611963,0,8,source_hourly
B_p100898,B,False,False,False,False,False,,,35.0,0.0017379296287360904,0,30,source_hourly
B_p103519,B,False,False,False,False,False,,,18.0,0.002123708474844213,0,13,source_hourly
B_p102357,B,False,False,False,False,False,,,39.0,0.002320705595452203,0,34,source_hourly
B_p102138,B,False,False,False,False,False,,,40.0,0.0023071630878589706,0,35,source_hourly
B_p110900,B,False,True,False,False,False,27.0,,43.0,0.012563339947125975,6,38,source_hourly
B_p112817,B,False,True,False,False,False,17.0,,36.0,0.030370133028566684,18,31,source_hourly
B_p116322,B,True,True,True,False,True,51.0,309.0,312.0,0.7375193704561633,0,0,source_hourly
B_p111182,B,False,True,False,False,False,6.0,,233.0,0.7597519502676353,226,228,source_hourly
B_p107976,B,False,False,False,False,False,,,46.0,0.005436493349351208,0,41,source_hourly
B_p113077,B,False,False,False,False,False,,,20.0,0.005775176394509391,0,15,source_hourly
B_p118425,B,False,False,False,False,False,,,40.0,0.002334394919670661,0,35,source_hourly
B_p102705,B,False,False,False,False,False,,,18.0,0.0005939842431235789,0,13,source_hourly
B_p109183,B,False,True,False,False,False,8.0,,31.0,0.04806557503860355,12,26,source_hourly
B_p118616,B,False,False,False,False,False,,,14.0,0.0012773473496056895,0,9,source_hourly
B_p103214,B,False,True,False,False,False,47.0,,59.0,0.021064933296256708,13,54,source_hourly
B_p111670,B,False,False,False,False,False,,,36.0,0.0026523805535910313,0,31,source_hourly
B_p117602,B,False,True,False,False,False,8.0,,59.0,0.05955646106621535,49,54,source_hourly
B_p118930,B,False,True,False,False,False,12.0,,19.0,0.008511182803467673,3,14,source_hourly
B_p114725,B,False,False,False,False,False,,,45.0,0.003040268635957446,0,40,source_hourly
B_p119102,B,False,True,False,False,False,11.0,,22.0,0.03851435362260282,8,17,source_hourly
B_p119084,B,False,True,False,False,False,9.0,,96.0,0.07034526302445801,81,91,source_hourly
B_p101503,B,False,False,False,False,False,,,19.0,0.005661724320811429,0,14,source_hourly
B_p113139,B,False,False,False,False,False,,,15.0,0.0031987421511850576,0,10,source_hourly
B_p100611,B,False,False,False,False,False,,,31.0,0.0008080416964855782,0,26,source_hourly
B_p101744,B,False,False,False,False,False,,,42.0,0.0056021927172008575,0,37,source_hourly
B_p104321,B,False,True,False,False,False,12.0,,58.0,0.08643051416237323,37,53,source_hourly
B_p117474,B,False,False,False,False,False,,,36.0,0.00163635473077614,0,31,source_hourly
B_p103120,B,False,False,False,False,False,,,36.0,0.0019142489258780076,0,31,source_hourly
B_p107935,B,False,True,False,False,False,54.0,,54.0,0.006211040360568575,1,49,source_hourly
B_p103253,B,False,True,False,False,False,11.0,,26.0,0.03320918832395286,8,21,source_hourly
B_p114067,B,False,True,False,False,False,27.0,,39.0,0.007168326233474596,1,34,source_hourly
B_p106079,B,False,True,False,False,False,25.0,,44.0,0.026156146014916535,3,39,source_hourly
B_p112620,B,False,False,False,False,False,,,30.0,0.0011298176143469437,0,25,source_hourly
B_p102612,B,False,False,False,False,False,,,39.0,0.0017472781499042879,0,34,source_hourly
B_p114212,B,False,False,False,False,False,,,43.0,0.005239449624785959,0,38,source_hourly
B_p107321,B,False,True,False,False,False,9.0,,48.0,0.006647408045210488,1,43,source_hourly
B_p105512,B,False,True,False,False,False,46.0,,55.0,0.012554173467905237,5,50,source_hourly
B_p118470,B,False,False,False,False,False,,,44.0,0.0051109771943592865,0,39,source_hourly
B_p113781,B,False,True,False,False,False,8.0,,57.0,0.06080636185925384,50,52,source_hourly
B_p108170,B,False,False,False,False,False,,,19.0,0.00472126893272047,0,14,source_hourly
B_p105906,B,False,False,False,False,False,,,19.0,0.004080607957312346,0,14,source_hourly
B_p117409,B,False,True,False,False,False,6.0,,39.0,0.010857844158465912,3,34,source_hourly
B_p102891,B,False,True,False,False,False,16.0,,42.0,0.014923899099543576,8,37,source_hourly
B_p119991,B,False,False,False,False,False,,,25.0,0.0015079894821459772,0,20,source_hourly
B_p101525,B,False,False,False,False,False,,,28.0,0.004509613556975857,0,23,source_hourly
B_p109618,B,False,False,False,False,False,,,21.0,0.0006996384966036206,0,16,source_hourly
B_p103935,B,False,False,False,False,False,,,22.0,0.002872282648735126,0,17,source_hourly
B_p117851,B,False,True,False,False,False,12.0,,51.0,0.011995914470000327,9,46,source_hourly
B_p106059,B,False,False,False,False,False,,,46.0,0.005187492017909535,0,41,source_hourly
B_p100369,B,False,True,False,False,False,28.0,,49.0,0.018046132029915857,5,44,source_hourly
B_p110114,B,False,True,False,False,False,15.0,,48.0,0.036109657808805005,10,43,source_hourly
B_p115212,B,False,True,False,False,False,58.0,,58.0,0.006671502266910581,1,53,source_hourly
B_p119486,B,False,True,False,False,False,9.0,,19.0,0.021964347245288396,4,14,source_hourly
B_p110482,B,False,False,False,False,False,,,46.0,0.003601146104771,0,41,source_hourly
B_p101819,B,False,True,False,False,False,38.0,,40.0,0.009955328140964411,3,35,source_hourly
B_p113221,B,False,False,False,False,False,,,53.0,0.0020046343832604363,0,48,source_hourly
B_p118106,B,False,False,False,False,False,,,35.0,0.001420415074593115,0,30,source_hourly
B_p113076,B,False,False,False,False,False,,,39.0,0.002080538741024133,0,34,source_hourly
B_p110273,B,False,False,False,False,False,,,46.0,0.001277621659987489,0,41,source_hourly
B_p113179,B,False,True,False,False,False,30.0,,44.0,0.04566959848491968,15,39,source_hourly
B_p100422,B,False,False,False,False,False,,,40.0,0.0011747224670456075,0,35,source_hourly
B_p109566,B,False,False,False,False,False,,,27.0,0.005173963543643394,0,22,source_hourly
B_p106633,B,False,True,False,False,False,49.0,,54.0,0.006513416416623432,2,49,source_hourly
B_p117380,B,False,False,False,False,False,,,20.0,0.0032325977645711107,0,15,source_hourly
B_p116702,B,False,False,False,False,False,,,47.0,0.0013506200992288377,0,42,source_hourly
B_p118662,B,False,False,False,False,False,,,55.0,0.003126435680169753,0,50,source_hourly
B_p118778,B,False,True,False,False,False,35.0,,41.0,0.008990037259834677,2,36,source_hourly
B_p107932,B,False,True,False,False,False,22.0,,37.0,0.01455443703584558,9,32,source_hourly
B_p106196,B,False,False,False,False,False,,,43.0,0.0020977839431760396,0,38,source_hourly
B_p104118,B,False,False,False,False,False,,,18.0,0.0018684003377694104,0,13,source_hourly
B_p100172,B,False,True,False,False,False,49.0,,54.0,0.018949824352632098,6,49,source_hourly
B_p103433,B,False,True,False,False,False,31.0,,42.0,0.008370494187307741,4,37,source_hourly
B_p103093,B,False,True,False,False,False,12.0,,35.0,0.00808142701662221,5,30,source_hourly
B_p102151,B,False,False,False,False,False,,,38.0,0.003062447229084358,0,33,source_hourly
B_p101781,B,False,True,False,False,False,43.0,,58.0,0.06097069593611569,16,53,source_hourly
B_p107177,B,False,True,False,False,False,43.0,,52.0,0.014935119392109975,10,47,source_hourly
B_p107141,B,False,False,False,False,False,,,39.0,0.0010917532243207135,0,34,source_hourly
B_p106428,B,False,True,False,False,False,27.0,,32.0,0.009281052297787331,4,27,source_hourly
B_p109161,B,False,True,False,False,False,12.0,,38.0,0.017250033742638036,15,33,source_hourly
B_p105981,B,False,False,False,False,False,,,20.0,0.0009976808677684666,0,15,source_hourly
B_p100068,B,True,True,True,False,True,8.0,101.0,104.0,0.1343408266190786,0,0,source_hourly
B_p112090,B,False,True,False,False,False,17.0,,45.0,0.009808893463075409,11,40,source_hourly
B_p114594,B,False,False,False,False,False,,,25.0,0.003145916110649293,0,20,source_hourly
B_p117653,B,False,True,False,False,False,6.0,,25.0,0.01893840784820642,14,20,source_hourly
B_p109946,B,False,False,False,False,False,,,18.0,0.0013249913901377782,0,13,source_hourly
B_p116777,B,False,True,False,False,False,55.0,,55.0,0.007178082320416464,1,50,source_hourly
B_p115810,B,False,False,False,False,False,,,59.0,0.003108824898063844,0,54,source_hourly
B_p106323,B,False,False,False,False,False,,,18.0,0.0018730839757634446,0,13,source_hourly
B_p119110,B,False,False,False,False,False,,,38.0,0.004559514705261731,0,33,source_hourly
B_p101180,B,False,True,False,False,False,9.0,,28.0,0.01486135658640628,6,23,source_hourly
B_p102722,B,False,False,False,False,False,,,34.0,0.003925321365643495,0,29,source_hourly
B_p100359,B,False,True,False,False,False,23.0,,30.0,0.006752375546445843,4,25,source_hourly
B_p104296,B,False,False,False,False,False,,,39.0,0.005271159546056783,0,34,source_hourly
B_p113571,B,False,False,False,False,False,,,21.0,0.002976129934324643,0,16,source_hourly
B_p102758,B,False,False,False,False,False,,,17.0,0.004700708158401765,0,12,source_hourly
B_p111395,B,False,False,False,False,False,,,29.0,0.0018715423068679314,0,24,source_hourly
B_p116036,B,False,True,False,False,False,8.0,,29.0,0.018676353490125336,11,24,source_hourly
B_p105905,B,True,False,False,False,False,,16.0,19.0,0.001001216428162386,0,0,source_hourly
B_p111288,B,False,True,False,False,False,43.0,,58.0,0.025090285485387095,16,53,source_hourly
B_p108733,B,False,False,False,False,False,,,44.0,0.002712724379535152,0,39,source_hourly
B_p111218,B,False,True,False,False,False,8.0,,57.0,0.10175489854354278,50,52,source_hourly
B_p112455,B,False,False,False,False,False,,,45.0,0.004769822835793678,0,40,source_hourly
B_p113765,B,False,True,False,False,False,40.0,,40.0,0.008252776783031488,1,35,source_hourly
B_p116992,B,False,True,False,False,False,9.0,,20.0,0.008316153853395607,7,15,source_hourly
B_p114936,B,False,False,False,False,False,,,35.0,0.0009466824482490431,0,30,source_hourly
B_p116402,B,False,True,False,False,False,20.0,,44.0,0.0073889183083697945,1,39,source_hourly
B_p102023,B,False,False,False,False,False,,,14.0,0.0012193346131987293,0,9,source_hourly
B_p102997,B,False,True,False,False,False,10.0,,43.0,0.009274029369191004,7,38,source_hourly
B_p110851,B,False,False,False,False,False,,,43.0,0.003654125255918533,0,38,source_hourly
B_p105904,B,False,False,False,False,False,,,36.0,0.0017438213383122983,0,31,source_hourly
B_p116824,B,False,True,False,False,False,9.0,,11.0,0.013360995561166107,3,6,source_hourly
B_p108576,B,False,False,False,False,False,,,16.0,0.002218736823795339,0,11,source_hourly
B_p113020,B,False,False,False,False,False,,,56.0,0.005365856479972849,0,51,source_hourly
B_p107486,B,False,False,False,False,False,,,52.0,0.003491447425444656,0,47,source_hourly
B_p108587,B,False,False,False,False,False,,,37.0,0.0027347338679027024,0,32,source_hourly
B_p118382,B,False,False,False,False,False,,,19.0,0.0024299173147336777,0,14,source_hourly
B_p113451,B,False,True,False,False,False,14.0,,19.0,0.013728760205432622,6,14,source_hourly
B_p105945,B,False,False,False,False,False,,,19.0,0.0011344651678068785,0,14,source_hourly
B_p100440,B,False,False,False,False,False,,,17.0,0.0016276207830773857,0,12,source_hourly
B_p102674,B,False,False,False,False,False,,,23.0,0.003269123508641304,0,18,source_hourly
B_p118350,B,False,True,False,False,False,47.0,,55.0,0.024254001031396865,6,50,source_hourly
B_p114900,B,False,False,False,False,False,,,46.0,0.005776960557365652,0,41,source_hourly
B_p108504,B,False,True,False,False,False,12.0,,36.0,0.009387158298980472,13,31,source_hourly
B_p101067,B,False,False,False,False,False,,,39.0,0.001946612859329603,0,34,source_hourly
B_p116832,B,True,True,True,False,True,13.0,126.0,129.0,0.3834114468107718,0,0,source_hourly
B_p107072,B,False,False,False,False,False,,,42.0,0.002085941618877368,0,37,source_hourly
B_p109932,B,False,False,False,False,False,,,48.0,0.004703186777633684,0,41,source_hourly
B_p114396,B,False,False,False,False,False,,,33.0,0.0020980048173016934,0,28,source_hourly
B_p105968,B,False,True,False,False,False,11.0,,56.0,0.05784371476878953,25,51,source_hourly
B_p119689,B,False,False,False,False,False,,,21.0,0.0017504641224566672,0,16,source_hourly
B_p113978,B,False,True,False,False,False,16.0,,21.0,0.006923532226454303,2,16,source_hourly
B_p117558,B,False,False,False,False,False,,,46.0,0.005388901529825177,0,41,source_hourly
B_p116547,B,False,True,False,False,False,8.0,,24.0,0.026586195466216985,12,19,source_hourly
B_p113257,B,False,True,False,False,False,45.0,,52.0,0.009676190595426529,2,47,source_hourly
B_p113080,B,False,True,False,False,False,19.0,,25.0,0.01131352429759892,5,20,source_hourly
B_p117018,B,False,True,False,False,False,11.0,,32.0,0.027030367849475392,9,27,source_hourly
B_p100397,B,False,False,False,False,False,,,48.0,0.0027872639010691263,0,43,source_hourly
B_p117453,B,False,True,False,False,False,44.0,,48.0,0.012071889461913413,5,43,source_hourly
B_p114031,B,False,True,False,False,False,19.0,,38.0,0.006096243137983137,1,33,source_hourly
B_p100335,B,False,False,False,False,False,,,45.0,0.004452781009749027,0,40,source_hourly
B_p110171,B,False,True,False,False,False,8.0,,37.0,0.026529289121965647,21,32,source_hourly
B_p115000,B,False,False,False,False,False,,,27.0,0.003434104692918601,0,22,source_hourly
B_p107430,B,False,False,False,False,False,,,40.0,0.0013361842617338141,0,35,source_hourly
B_p108477,B,False,False,False,False,False,,,19.0,0.0016272901899665152,0,14,source_hourly
B_p104530,B,True,True,True,False,True,11.0,246.0,248.0,0.1953241782794512,0,0,source_hourly
B_p119048,B,False,True,False,False,False,10.0,,46.0,0.014735482627026389,20,41,source_hourly
B_p105851,B,False,False,False,False,False,,,13.0,0.0022264294205776676,0,8,source_hourly
B_p114696,B,False,False,False,False,False,,,16.0,0.003966681742543005,0,11,source_hourly
B_p105692,B,False,False,False,False,False,,,38.0,0.00100856145566914,0,33,source_hourly
B_p104413,B,False,False,False,False,False,,,22.0,0.005193457932875072,0,17,source_hourly
B_p107703,B,True,True,True,False,True,11.0,86.0,88.0,0.5550629023800391,0,0,source_hourly
B_p116308,B,False,False,False,False,False,,,44.0,0.00225336988681643,0,39,source_hourly
B_p104371,B,False,False,False,False,False,,,44.0,0.005488636138523788,0,39,source_hourly
B_p112278,B,False,True,False,False,False,9.0,,23.0,0.0062039705176419255,3,18,source_hourly
B_p118007,B,False,True,False,False,False,13.0,,23.0,0.00877841898254451,1,18,source_hourly
B_p114865,B,False,False,False,False,False,,,52.0,0.003115752223097355,0,47,source_hourly
B_p103975,B,False,False,False,False,False,,,17.0,0.002449110416781815,0,12,source_hourly
B_p116630,B,False,False,False,False,False,,,36.0,0.002999000760711752,0,31,source_hourly
B_p112151,B,False,True,False,False,False,16.0,,51.0,0.00865718970946535,16,46,source_hourly
B_p119416,B,False,True,False,False,False,43.0,,53.0,0.018356891406137967,11,48,source_hourly
B_p110858,B,False,True,False,False,False,23.0,,49.0,0.021888720309478995,18,44,source_hourly
B_p114231,B,False,False,False,False,False,,,30.0,0.0021911269264735383,0,25,source_hourly
B_p115133,B,False,True,False,False,False,22.0,,42.0,0.01183164028076527,7,37,source_hourly
B_p100032,B,False,False,False,False,False,,,28.0,0.0007216821840120768,0,23,source_hourly
B_p114331,B,False,False,False,False,False,,,10.0,0.0009689573193169495,0,5,source_hourly
B_p100485,B,False,True,False,False,False,9.0,,27.0,0.0104435693783373,1,22,source_hourly
B_p111227,B,False,False,False,False,False,,,34.0,0.0010932368227877236,0,29,source_hourly
B_p113698,B,False,False,False,False,False,,,35.0,0.005099270775473518,0,30,source_hourly
B_p118967,B,False,True,False,False,False,25.0,,37.0,0.00652287587585593,1,32,source_hourly
B_p100036,B,False,False,False,False,False,,,38.0,0.003390715032282479,0,33,source_hourly
B_p106599,B,False,False,False,False,False,,,45.0,0.00431701733077222,0,40,source_hourly
B_p101731,B,False,True,False,False,False,8.0,,38.0,0.040469990160877684,18,33,source_hourly
B_p102324,B,False,False,False,False,False,,,22.0,0.0022858712584167447,0,17,source_hourly
B_p117700,B,False,True,False,False,False,8.0,,19.0,0.1435784719542306,2,14,source_hourly
B_p117975,B,False,False,False,False,False,,,25.0,0.004226413952391552,0,20,source_hourly
B_p110226,B,False,False,False,False,False,,,15.0,0.0023475987139372073,0,10,source_hourly
B_p119998,B,False,True,False,False,False,35.0,,49.0,0.01387851781495439,6,44,source_hourly
B_p102251,B,False,False,False,False,False,,,38.0,0.0026305200405029564,0,33,source_hourly
B_p119099,B,False,True,False,False,False,8.0,,40.0,0.04055636195058516,16,35,source_hourly
B_p105020,B,False,False,False,False,False,,,37.0,0.0019328159630940442,0,32,source_hourly
B_p102047,B,False,False,False,False,False,,,35.0,0.00208561222455142,0,30,source_hourly
B_p101650,B,False,True,False,False,False,10.0,,51.0,0.03699825498773307,26,46,source_hourly
B_p112763,B,True,True,True,False,True,8.0,225.0,228.0,0.8284416357437762,0,0,source_hourly
B_p104432,B,False,False,False,False,False,,,44.0,0.0035256443288941616,0,39,source_hourly
B_p112486,B,False,True,False,False,False,51.0,,56.0,0.024375822101522778,6,51,source_hourly
B_p100795,B,False,False,False,False,False,,,24.0,0.002725773842376696,0,19,source_hourly
B_p119995,B,False,False,False,False,False,,,42.0,0.005601643370975049,0,37,source_hourly
B_p108554,B,False,False,False,False,False,,,20.0,0.005465482449309378,0,15,source_hourly
B_p116855,B,False,True,False,False,False,45.0,,47.0,0.005917744493051872,1,42,source_hourly
B_p107159,B,False,True,False,False,False,8.0,,50.0,0.034567109113662835,10,45,source_hourly
B_p106345,B,False,True,False,False,False,8.0,,18.0,0.01622182522897028,5,13,source_hourly
B_p108102,B,False,False,False,False,False,,,32.0,0.0020592129912288394,0,27,source_hourly
B_p107433,B,False,False,False,False,False,,,54.0,0.00429201481442667,0,49,source_hourly
B_p109609,B,False,True,False,False,False,32.0,,55.0,0.041223445991175126,15,50,source_hourly
B_p115264,B,False,False,False,False,False,,,45.0,0.005492145774757366,0,40,source_hourly
B_p100755,B,False,True,False,False,False,8.0,,57.0,0.12481915529370233,35,52,source_hourly
B_p117597,B,False,True,False,False,False,11.0,,42.0,0.028263573730143744,3,37,source_hourly
B_p114718,B,False,False,False,False,False,,,41.0,0.005487434642289022,0,36,source_hourly
B_p102527,B,False,False,False,False,False,,,23.0,0.004162592763251694,0,18,source_hourly
B_p113865,B,False,True,False,False,False,9.0,,36.0,0.007518016097624681,2,31,source_hourly
B_p113404,B,True,True,True,False,True,50.0,179.0,182.0,0.10916720657005419,0,0,source_hourly
B_p113322,B,False,False,False,False,False,,,20.0,0.003197140166528812,0,15,source_hourly
B_p103408,B,False,True,False,False,False,8.0,,14.0,0.007045141718820146,1,9,source_hourly
B_p115498,B,False,False,False,False,False,,,24.0,0.0031136296840851775,0,19,source_hourly
B_p105642,B,False,True,False,False,False,25.0,,44.0,0.0071300371499666,2,39,source_hourly
B_p100126,B,False,False,False,False,False,,,31.0,0.004887899590318995,0,26,source_hourly
B_p108455,B,False,True,False,False,False,15.0,,39.0,0.035306762281452915,9,34,source_hourly
B_p114217,B,False,False,False,False,False,,,29.0,0.0009649671339793586,0,24,source_hourly
B_p105563,B,False,False,False,False,False,,,39.0,0.0033341476327657664,0,34,source_hourly
B_p105791,B,False,False,False,False,False,,,23.0,0.0030933249923690933,0,18,source_hourly
B_p109705,B,False,True,False,False,False,8.0,,32.0,0.009015834149714755,3,27,source_hourly
B_p111991,B,False,False,False,False,False,,,13.0,0.002067631092940075,0,8,source_hourly
B_p106407,B,False,False,False,False,False,,,50.0,0.0019162945386723227,0,45,source_hourly
B_p116097,B,False,True,False,False,False,41.0,,52.0,0.05043454563280084,12,47,source_hourly
B_p111487,B,False,True,False,False,False,10.0,,29.0,0.011249923488109518,10,24,source_hourly
B_p103436,B,False,False,False,False,False,,,39.0,0.004463557336617184,0,34,source_hourly
B_p108960,B,False,False,False,False,False,,,53.0,0.0030262785547400337,0,48,source_hourly
B_p118713,B,False,True,False,False,False,44.0,,58.0,0.01382365980422005,6,53,source_hourly
B_p110763,B,False,False,False,False,False,,,41.0,0.0013747170580816596,0,36,source_hourly
B_p108720,B,False,True,False,False,False,43.0,,43.0,0.006935705039740458,1,38,source_hourly
B_p113564,B,False,False,False,False,False,,,44.0,0.002919119580304551,0,39,source_hourly
B_p117379,B,False,False,False,False,False,,,40.0,0.0043679895118695945,0,35,source_hourly
B_p106318,B,False,True,False,False,False,43.0,,44.0,0.015705341365793945,2,39,source_hourly
B_p115421,B,False,False,False,False,False,,,10.0,0.0011902458839491616,0,5,source_hourly
B_p117196,B,False,True,False,False,False,12.0,,56.0,0.017915316355789853,14,51,source_hourly
B_p105530,B,False,True,False,False,False,6.0,,9.0,0.013063332334518373,4,4,source_hourly
B_p108754,B,False,False,False,False,False,,,49.0,0.0033572335894736104,0,44,source_hourly
B_p114910,B,False,False,False,False,False,,,19.0,0.002859703111817735,0,14,source_hourly
B_p102850,B,False,True,False,False,False,20.0,,53.0,0.04340921739495411,24,48,source_hourly
B_p118790,B,False,False,False,False,False,,,39.0,0.0035314798691199185,0,34,source_hourly
B_p107222,B,False,True,False,False,False,43.0,,52.0,0.0067466422447951604,6,47,source_hourly
B_p117215,B,False,True,False,False,False,16.0,,26.0,0.019434489639783607,10,21,source_hourly
B_p108632,B,False,False,False,False,False,,,26.0,0.0045204913074749446,0,21,source_hourly
B_p113132,B,False,False,False,False,False,,,19.0,0.003976607276027191,0,14,source_hourly
B_p116482,B,False,False,False,False,False,,,48.0,0.0033257537084913813,0,43,source_hourly
B_p108968,B,False,False,False,False,False,,,21.0,0.0030081557536817067,0,16,source_hourly
B_p119141,B,False,True,False,False,False,39.0,,44.0,0.007971428523221158,3,39,source_hourly
B_p104972,B,False,True,False,False,False,8.0,,48.0,0.0073372119991224624,2,43,source_hourly
B_p111922,B,False,True,False,False,False,41.0,,42.0,0.006178673407348819,2,37,source_hourly
B_p101434,B,False,False,False,False,False,,,35.0,0.0014042342057501856,0,30,source_hourly
B_p104349,B,False,True,False,False,False,19.0,,39.0,0.01026436605547851,9,34,source_hourly
B_p110419,B,False,True,False,False,False,11.0,,21.0,0.024518639688701785,10,16,source_hourly
B_p119809,B,False,False,False,False,False,,,49.0,0.005450586680232133,0,44,source_hourly
B_p119142,B,False,True,False,False,False,14.0,,39.0,0.006495431096936619,3,34,source_hourly
B_p100842,B,False,True,False,False,False,8.0,,38.0,0.02705135729009667,19,33,source_hourly
B_p104171,B,False,True,False,False,False,12.0,,51.0,0.022155454582806215,25,46,source_hourly
B_p113370,B,False,True,False,False,False,12.0,,44.0,0.015510456431771506,10,39,source_hourly
B_p117672,B,False,False,False,False,False,,,21.0,0.0008787513483625906,0,16,source_hourly
B_p105656,B,False,True,False,False,False,10.0,,39.0,0.015533769835159276,6,34,source_hourly
B_p101693,B,False,True,False,False,False,18.0,,19.0,0.006810301199166026,2,14,source_hourly
B_p117523,B,False,True,False,False,False,41.0,,51.0,0.025842636841158673,10,46,source_hourly
B_p117584,B,False,True,False,False,False,9.0,,21.0,0.011806622903626418,3,16,source_hourly
B_p119336,B,False,False,False,False,False,,,42.0,0.0019205224525460246,0,37,source_hourly
B_p109612,B,False,True,False,False,False,15.0,,16.0,0.008544677613509563,2,11,source_hourly
B_p105989,B,False,False,False,False,False,,,18.0,0.0010163031889723819,0,13,source_hourly
B_p107586,B,False,True,False,False,False,45.0,,49.0,0.005993191181823955,1,44,source_hourly
B_p117579,B,False,True,False,False,False,8.0,,48.0,0.05541988625668853,16,43,source_hourly
B_p105390,B,False,False,False,False,False,,,18.0,0.002205076019869415,0,13,source_hourly
B_p101906,B,False,True,False,False,False,10.0,,46.0,0.1172762199727182,17,41,source_hourly
B_p117782,B,False,False,False,False,False,,,31.0,0.0025891578307597834,0,26,source_hourly
B_p105234,B,False,True,False,False,False,11.0,,48.0,0.010750461027740755,2,43,source_hourly
B_p107419,B,False,True,False,False,False,22.0,,46.0,0.02248597369711141,15,41,source_hourly
B_p111178,B,False,True,False,False,False,9.0,,47.0,0.09379994503263099,4,42,source_hourly
B_p111171,B,False,True,False,False,False,8.0,,47.0,0.010433879207180535,5,42,source_hourly
B_p118832,B,False,True,False,False,False,15.0,,21.0,0.008428185999938782,3,16,source_hourly
B_p101652,B,False,False,False,False,False,,,15.0,0.001335254305136443,0,10,source_hourly
B_p108440,B,False,False,False,False,False,,,39.0,0.0016807470464600622,0,34,source_hourly
B_p112916,B,False,False,False,False,False,,,38.0,0.0028634884286468858,0,33,source_hourly
B_p107609,B,False,True,False,False,False,32.0,,54.0,0.006549419141577547,2,49,source_hourly
B_p101018,B,False,False,False,False,False,,,40.0,0.004968311093152543,0,35,source_hourly
B_p103461,B,False,False,False,False,False,,,14.0,0.0015679277291621848,0,9,source_hourly
B_p107584,B,False,False,False,False,False,,,17.0,0.00509693982889455,0,12,source_hourly
B_p110647,B,False,False,False,False,False,,,19.0,0.00383961783368424,0,14,source_hourly
B_p110080,B,False,True,False,False,False,8.0,,52.0,0.06461538212114538,16,47,source_hourly
B_p103653,B,False,False,False,False,False,,,46.0,0.0032196824643657184,0,41,source_hourly
B_p105570,B,False,False,False,False,False,,,25.0,0.004154509460230457,0,20,source_hourly
B_p118692,B,False,True,False,False,False,24.0,,56.0,0.015542709382029351,10,51,source_hourly
B_p119950,B,False,False,False,False,False,,,19.0,0.0011747884722920915,0,14,source_hourly
B_p106834,B,False,False,False,False,False,,,41.0,0.004337074740808996,0,36,source_hourly
B_p116231,B,False,False,False,False,False,,,14.0,0.0016737916281276625,0,9,source_hourly
B_p105400,B,False,False,False,False,False,,,14.0,0.001629803879893497,0,9,source_hourly
B_p114953,B,False,True,False,False,False,8.0,,39.0,0.05973612145563533,29,34,source_hourly
B_p109494,B,False,False,False,False,False,,,32.0,0.0015194332821242562,0,27,source_hourly
B_p118290,B,False,False,False,False,False,,,12.0,0.0028527134220614537,0,7,source_hourly
B_p108644,B,False,False,False,False,False,,,24.0,0.0014824996620586923,0,19,source_hourly
B_p117151,B,False,False,False,False,False,,,20.0,0.0008713888516165809,0,15,source_hourly
B_p112585,B,False,True,False,False,False,16.0,,27.0,0.008126160670451403,9,22,source_hourly
B_p106134,B,False,False,False,False,False,,,39.0,0.004464240613329155,0,34,source_hourly
B_p116709,B,False,False,False,False,False,,,22.0,0.004815169185490913,0,17,source_hourly
B_p118887,B,False,False,False,False,False,,,38.0,0.002295896397179869,0,33,source_hourly
B_p117190,B,False,True,False,False,False,43.0,,44.0,0.00673707367598787,2,39,source_hourly
B_p108749,B,False,False,False,False,False,,,10.0,0.003849969757247333,0,5,source_hourly
B_p115245,B,False,False,False,False,False,,,26.0,0.0044768018004297866,0,21,source_hourly
B_p110364,B,False,True,False,False,False,9.0,,49.0,0.011960958652520715,6,44,source_hourly
B_p108385,B,False,True,False,False,False,36.0,,46.0,0.007557895888554748,4,41,source_hourly
B_p115972,B,False,True,False,False,False,48.0,,56.0,0.009738832471652815,5,51,source_hourly
B_p102484,B,False,True,False,False,False,6.0,,39.0,0.00812411110951524,3,34,source_hourly
B_p112648,B,False,False,False,False,False,,,36.0,0.005125911548203336,0,31,source_hourly
B_p118931,B,False,True,False,False,False,54.0,,55.0,0.006570324386103268,2,50,source_hourly
B_p109119,B,False,False,False,False,False,,,45.0,0.004328024186489214,0,40,source_hourly
B_p111863,B,False,True,False,False,False,37.0,,37.0,0.008011317693882447,1,32,source_hourly
B_p114371,B,False,False,False,False,False,,,22.0,0.0026284762518628256,0,17,source_hourly
B_p106153,B,False,False,False,False,False,,,37.0,0.00102465816048277,0,32,source_hourly
B_p116186,B,False,False,False,False,False,,,23.0,0.0014863743242261864,0,18,source_hourly
B_p112743,B,False,False,False,False,False,,,18.0,0.002914223025371338,0,13,source_hourly
B_p111061,B,False,True,False,False,False,8.0,,22.0,0.027827876484427555,5,17,source_hourly
B_p111126,B,False,False,False,False,False,,,39.0,0.0018702873304258366,0,34,source_hourly
B_p116247,B,False,False,False,False,False,,,22.0,0.002496115379143996,0,17,source_hourly
B_p103256,B,False,True,False,False,False,11.0,,46.0,0.016492998941592812,4,41,source_hourly
B_p103921,B,False,True,False,False,False,8.0,,26.0,0.039606635308862714,8,21,source_hourly
B_p118483,B,False,True,False,False,False,47.0,,67.0,0.037964574817908305,19,62,source_hourly
B_p115884,B,False,False,False,False,False,,,39.0,0.003691879372990173,0,34,source_hourly
B_p115888,B,False,True,False,False,False,46.0,,57.0,0.010955651152427982,10,52,source_hourly
B_p115145,B,False,False,False,False,False,,,21.0,0.0011703526606136804,0,16,source_hourly
B_p101504,B,False,True,False,False,False,43.0,,55.0,0.024696230275450877,8,50,source_hourly
B_p104007,B,False,True,False,False,False,8.0,,36.0,0.012133479627649704,5,31,source_hourly
B_p112536,B,False,False,False,False,False,,,38.0,0.0013299575875957877,0,33,source_hourly
B_p113091,B,False,True,False,False,False,43.0,,59.0,0.010996827757492951,9,54,source_hourly
B_p114313,B,False,False,False,False,False,,,20.0,0.001318579159562087,0,15,source_hourly
B_p109735,B,False,False,False,False,False,,,47.0,0.0038297548917988118,0,42,source_hourly
B_p106956,B,False,True,False,False,False,9.0,,39.0,0.02395680457976529,9,34,source_hourly
B_p108048,B,False,False,False,False,False,,,31.0,0.0026768385272546206,0,26,source_hourly
B_p115667,B,False,True,False,False,False,11.0,,51.0,0.020864110227674572,20,46,source_hourly
B_p106106,B,False,False,False,False,False,,,25.0,0.00268880605137332,0,20,source_hourly
B_p108297,B,False,True,False,False,False,8.0,,42.0,0.022614568981873473,23,37,source_hourly
B_p116334,B,False,False,False,False,False,,,22.0,0.000593236869016771,0,17,source_patient
B_p101028,B,False,False,False,False,False,,,56.0,0.021337948749711927,0,51,source_patient
B_p117325,B,True,True,True,False,True,19.0,95.0,98.0,0.08802061233423213,0,0,source_patient
B_p110776,B,False,False,False,False,False,,,23.0,0.0033627201032290673,0,18,source_patient
B_p116053,B,False,True,False,False,False,21.0,,55.0,0.02936430638880279,2,50,source_patient
B_p111715,B,False,False,False,False,False,,,32.0,0.01320121473050718,0,27,source_patient
B_p115950,B,False,False,False,False,False,,,22.0,0.0009464055606614215,0,17,source_patient
B_p113352,B,False,False,False,False,False,,,57.0,0.01744761265782449,0,52,source_patient
B_p117211,B,False,False,False,False,False,,,51.0,0.023335892796896178,0,46,source_patient
B_p101615,B,False,True,False,False,False,53.0,,53.0,0.03062752613441631,1,48,source_patient
B_p103596,B,False,False,False,False,False,,,42.0,0.00150309758315476,0,37,source_patient
B_p112005,B,False,True,False,False,False,9.0,,55.0,0.16707586540255795,47,50,source_patient
B_p100424,B,False,False,False,False,False,,,58.0,0.0024861949265850636,0,53,source_patient
B_p119346,B,False,False,False,False,False,,,37.0,0.010078055928548746,0,32,source_patient
B_p105625,B,False,False,False,False,False,,,20.0,0.0010054585640620753,0,15,source_patient
B_p103666,B,False,False,False,False,False,,,46.0,0.0010446196760544619,0,41,source_patient
B_p103135,B,False,False,False,False,False,,,50.0,0.0022463368795980826,0,45,source_patient
B_p103333,B,False,False,False,False,False,,,48.0,0.004520786263690573,0,43,source_patient
B_p115716,B,False,False,False,False,False,,,17.0,0.0012855452377910405,0,12,source_patient
B_p109840,B,False,False,False,False,False,,,39.0,0.01885283302544674,0,34,source_patient
B_p101756,B,False,False,False,False,False,,,51.0,0.0017828334491736613,0,46,source_patient
B_p105669,B,True,True,True,False,True,61.0,80.0,82.0,0.04907054135978561,0,0,source_patient
B_p104693,B,False,False,False,False,False,,,56.0,0.016953250603998878,0,51,source_patient
B_p115555,B,False,False,False,False,False,,,39.0,0.008176640909312034,0,34,source_patient
B_p102785,B,False,False,False,False,False,,,36.0,0.010754163172179922,0,31,source_patient
B_p117825,B,False,False,False,False,False,,,37.0,0.015743621054106326,0,32,source_patient
B_p109984,B,False,False,False,False,False,,,49.0,0.006613826493095761,0,44,source_patient
B_p119972,B,False,False,False,False,False,,,41.0,0.001381279501992422,0,36,source_patient
B_p113606,B,False,False,False,False,False,,,55.0,0.003817360879201024,0,50,source_patient
B_p112646,B,False,False,False,False,False,,,21.0,0.0015733132383492126,0,16,source_patient
B_p114788,B,False,False,False,False,False,,,20.0,0.002094520699149758,0,15,source_patient
B_p106704,B,False,True,False,False,False,58.0,,96.0,0.23018081618224023,38,91,source_patient
B_p102049,B,False,True,False,False,False,34.0,,36.0,0.024292620707555033,1,31,source_patient
B_p105816,B,False,True,False,False,False,9.0,,37.0,0.062270113324358715,10,32,source_patient
B_p109345,B,False,False,False,False,False,,,40.0,0.006009473940817198,0,35,source_patient
B_p110149,B,False,False,False,False,False,,,47.0,0.02382261900229153,0,42,source_patient
B_p112706,B,False,False,False,False,False,,,24.0,0.001155152650960235,0,19,source_patient
B_p112162,B,False,False,False,False,False,,,37.0,0.0011869931343057613,0,32,source_patient
B_p119984,B,False,True,False,False,False,53.0,,53.0,0.033550371777723215,1,48,source_patient
B_p108517,B,False,False,False,False,False,,,53.0,0.002356350608803706,0,48,source_patient
B_p110230,B,False,False,False,False,False,,,32.0,0.0017633819540433884,0,27,source_patient
B_p101280,B,False,False,False,False,False,,,41.0,0.0027063369247795526,0,36,source_patient
B_p104955,B,False,False,False,False,False,,,43.0,0.007961141218918966,0,38,source_patient
B_p101831,B,False,False,False,False,False,,,41.0,0.005889375817714932,0,36,source_patient
B_p115136,B,False,False,False,False,False,,,50.0,0.005164989735179186,0,45,source_patient
B_p105343,B,False,False,False,False,False,,,36.0,0.005657451075003987,0,31,source_patient
B_p106348,B,False,False,False,False,False,,,59.0,0.013467925305138094,0,54,source_patient
B_p106019,B,False,False,False,False,False,,,22.0,0.0021243183881213823,0,17,source_patient
B_p118088,B,False,False,False,False,False,,,48.0,0.0038954587820623325,0,43,source_patient
B_p109716,B,False,False,False,False,False,,,37.0,0.008859099028254993,0,32,source_patient
B_p109140,B,False,False,False,False,False,,,49.0,0.002181800249794527,0,44,source_patient
B_p117378,B,False,False,False,False,False,,,18.0,0.001111778225343269,0,13,source_patient
B_p104064,B,False,False,False,False,False,,,32.0,0.01731018682558547,0,27,source_patient
B_p100889,B,False,False,False,False,False,,,58.0,0.007962429740662306,0,53,source_patient
B_p116768,B,False,False,False,False,False,,,22.0,0.0022571557348008615,0,17,source_patient
B_p105736,B,False,False,False,False,False,,,19.0,0.003431124773146776,0,14,source_patient
B_p105054,B,False,False,False,False,False,,,32.0,0.010285709741773301,0,27,source_patient
B_p105806,B,False,False,False,False,False,,,37.0,0.000992427388375563,0,32,source_patient
B_p108256,B,False,False,False,False,False,,,19.0,0.003463499971762217,0,14,source_patient
B_p119792,B,False,False,False,False,False,,,39.0,0.0038713527010562363,0,34,source_patient
B_p113598,B,False,True,False,False,False,14.0,,43.0,0.07580687411653755,25,38,source_patient
B_p100867,B,False,False,False,False,False,,,10.0,0.000739373214912998,0,5,source_patient
B_p119559,B,False,False,False,False,False,,,54.0,0.005814923098763593,0,49,source_patient
B_p106116,B,False,False,False,False,False,,,36.0,0.01553407541440128,0,31,source_patient
B_p101269,B,False,False,False,False,False,,,37.0,0.003619116604108475,0,32,source_patient
B_p110889,B,False,False,False,False,False,,,47.0,0.001102457896471006,0,42,source_patient
B_p101425,B,False,False,False,False,False,,,8.0,0.0003498281445586263,0,3,source_patient
B_p116050,B,False,False,False,False,False,,,48.0,0.018836383844840144,0,43,source_patient
B_p102643,B,True,False,False,False,False,,20.0,23.0,0.009973913590515082,0,0,source_patient
B_p109720,B,False,False,False,False,False,,,53.0,0.0023976178166490725,0,48,source_patient
B_p107696,B,False,False,False,False,False,,,35.0,0.00227371310158671,0,30,source_patient
B_p117747,B,False,False,False,False,False,,,15.0,0.0021712484206495722,0,10,source_patient
B_p110781,B,False,False,False,False,False,,,14.0,0.0036678341112584664,0,9,source_patient
B_p104882,B,False,False,False,False,False,,,48.0,0.014392298706805298,0,43,source_patient
B_p103697,B,False,False,False,False,False,,,44.0,0.004627644738762685,0,39,source_patient
B_p102190,B,False,False,False,False,False,,,46.0,0.0014924018937486079,0,41,source_patient
B_p115175,B,False,False,False,False,False,,,32.0,0.011669138272349406,0,27,source_patient
B_p106288,B,False,False,False,False,False,,,18.0,0.010384095785325023,0,13,source_patient
B_p118794,B,False,False,False,False,False,,,27.0,0.00137039963105731,0,22,source_patient
B_p115860,B,False,False,False,False,False,,,41.0,0.0041799889792035125,0,36,source_patient
B_p108346,B,False,False,False,False,False,,,40.0,0.0025031523323862256,0,35,source_patient
B_p110871,B,False,False,False,False,False,,,44.0,0.016032268079851635,0,39,source_patient
B_p113909,B,False,False,False,False,False,,,39.0,0.005532164208518822,0,34,source_patient
B_p109665,B,False,False,False,False,False,,,37.0,0.0023288916313100407,0,32,source_patient
B_p110681,B,False,False,False,False,False,,,20.0,0.02172624403178544,0,15,source_patient
B_p117539,B,False,True,False,False,False,43.0,,60.0,0.18179707910568454,10,55,source_patient
B_p118078,B,False,False,False,False,False,,,31.0,0.001030411649019351,0,26,source_patient
B_p108040,B,False,False,False,False,False,,,15.0,0.003123472276978326,0,10,source_patient
B_p116371,B,False,False,False,False,False,,,29.0,0.0015732240304758456,0,24,source_patient
B_p102942,B,False,False,False,False,False,,,52.0,0.007185902178274743,0,47,source_patient
B_p112945,B,False,False,False,False,False,,,58.0,0.022332282079167043,0,53,source_patient
B_p104541,B,True,False,False,False,False,,25.0,28.0,0.013726329774700443,0,0,source_patient
B_p115439,B,False,False,False,False,False,,,36.0,0.007848520483907648,0,31,source_patient
B_p107231,B,False,False,False,False,False,,,24.0,0.013261550822839663,0,19,source_patient
B_p112986,B,False,True,False,False,False,45.0,,47.0,0.027480057016708335,3,42,source_patient
B_p106807,B,False,False,False,False,False,,,47.0,0.0019495483547449554,0,42,source_patient
B_p117496,B,False,False,False,False,False,,,20.0,0.0012725029868599063,0,15,source_patient
B_p107040,B,False,False,False,False,False,,,44.0,0.002590764415797502,0,39,source_patient
B_p105958,B,False,False,False,False,False,,,51.0,0.010653816616681466,0,46,source_patient
B_p113314,B,False,False,False,False,False,,,22.0,0.002584378142390798,0,17,source_patient
B_p112596,B,False,True,False,False,False,64.0,,91.0,0.24355982376830063,25,86,source_patient
B_p103621,B,False,False,False,False,False,,,29.0,0.0007559009450169023,0,24,source_patient
B_p111146,B,False,False,False,False,False,,,28.0,0.0116132673306843,0,23,source_patient
B_p107283,B,True,True,True,False,True,58.0,222.0,225.0,0.3661879233052531,0,0,source_patient
B_p113530,B,False,False,False,False,False,,,44.0,0.003757841702647692,0,39,source_patient
B_p102338,B,False,False,False,False,False,,,23.0,0.006098524903537887,0,18,source_patient
B_p104364,B,False,False,False,False,False,,,38.0,0.0013170940032665016,0,33,source_patient
B_p107954,B,False,False,False,False,False,,,20.0,0.0012767754650519839,0,15,source_patient
B_p111738,B,False,False,False,False,False,,,30.0,0.0029967154385485534,0,25,source_patient
B_p118572,B,True,True,True,True,False,73.0,79.0,82.0,0.05775275703281439,0,0,source_patient
B_p103934,B,False,False,False,False,False,,,36.0,0.0016511757253972442,0,31,source_patient
B_p103419,B,False,False,False,False,False,,,54.0,0.01628584860659167,0,49,source_patient
B_p109078,B,False,True,False,False,False,25.0,,48.0,0.026656630811522274,1,43,source_patient
B_p108748,B,False,False,False,False,False,,,14.0,0.0014732921955630876,0,9,source_patient
B_p106375,B,False,False,False,False,False,,,13.0,0.000423728853626123,0,8,source_patient
B_p109596,B,False,False,False,False,False,,,53.0,0.01590264413070606,0,48,source_patient
B_p101974,B,False,True,False,False,False,46.0,,57.0,0.03111165731738463,1,52,source_patient
B_p117013,B,False,True,False,False,False,27.0,,38.0,0.07319127953051924,5,33,source_patient
B_p112240,B,False,True,False,False,False,37.0,,39.0,0.02412318807743403,1,34,source_patient
B_p113122,B,False,False,False,False,False,,,54.0,0.0046049883724021265,0,49,source_patient
B_p114253,B,False,False,False,False,False,,,50.0,0.007346476835134944,0,45,source_patient
B_p105109,B,False,False,False,False,False,,,48.0,0.002283792920795563,0,43,source_patient
B_p105464,B,False,False,False,False,False,,,26.0,0.010151664002807516,0,21,source_patient
B_p102759,B,False,False,False,False,False,,,41.0,0.007023675143305445,0,36,source_patient
B_p104084,B,False,True,False,False,False,34.0,,41.0,0.032284159304914434,4,36,source_patient
B_p102131,B,False,False,False,False,False,,,27.0,0.0023635176617975134,0,22,source_patient
B_p113837,B,False,False,False,False,False,,,46.0,0.0010366609143096846,0,41,source_patient
B_p105576,B,False,False,False,False,False,,,45.0,0.0025756821513779164,0,40,source_patient
B_p117443,B,False,False,False,False,False,,,38.0,0.017053500535701285,0,33,source_patient
B_p102405,B,False,False,False,False,False,,,26.0,0.004293427509122206,0,21,source_patient
B_p102309,B,False,True,False,False,False,11.0,,45.0,0.0260020556855126,1,40,source_patient
B_p106958,B,False,False,False,False,False,,,31.0,0.006951872234964892,0,26,source_patient
B_p102053,B,False,False,False,False,False,,,23.0,0.0022767967919686415,0,18,source_patient
B_p108046,B,False,False,False,False,False,,,27.0,0.00829599548214817,0,22,source_patient
B_p114287,B,False,False,False,False,False,,,43.0,0.0017750035454371818,0,38,source_patient
B_p107064,B,False,False,False,False,False,,,21.0,0.0012532809456364455,0,16,source_patient
B_p114503,B,False,False,False,False,False,,,20.0,0.005454058640976814,0,15,source_patient
B_p101165,B,False,False,False,False,False,,,30.0,0.008681436206649212,0,25,source_patient
B_p101483,B,False,True,False,False,False,63.0,,153.0,0.1666346197550001,89,148,source_patient
B_p113034,B,False,False,False,False,False,,,46.0,0.0052506404392485264,0,41,source_patient
B_p110805,B,False,False,False,False,False,,,13.0,0.0019894117323075357,0,8,source_patient
B_p105306,B,False,False,False,False,False,,,35.0,0.005063312662021754,0,30,source_patient
B_p100957,B,False,False,False,False,False,,,23.0,0.00258972197248886,0,18,source_patient
B_p108356,B,False,False,False,False,False,,,14.0,0.003942214390611941,0,9,source_patient
B_p112364,B,False,False,False,False,False,,,56.0,0.012175957061633809,0,51,source_patient
B_p100070,B,False,False,False,False,False,,,17.0,0.000739751477845312,0,12,source_patient
B_p110975,B,False,False,False,False,False,,,43.0,0.022141566245211793,0,38,source_patient
B_p118526,B,False,True,False,False,False,11.0,,44.0,0.024494700038346973,1,39,source_patient
B_p119870,B,False,False,False,False,False,,,26.0,0.0009361025306349851,0,21,source_patient
B_p117259,B,False,False,False,False,False,,,20.0,0.0024200169928854497,0,15,source_patient
B_p100958,B,False,False,False,False,False,,,19.0,0.0020917286576061255,0,14,source_patient
B_p115822,B,False,False,False,False,False,,,47.0,0.0043107037480811985,0,42,source_patient
B_p118966,B,True,False,False,False,False,,79.0,82.0,0.01663967884034154,0,0,source_patient
B_p101861,B,False,True,False,False,False,11.0,,40.0,0.06907004908454575,4,35,source_patient
B_p108468,B,False,False,False,False,False,,,24.0,0.0033007946608745765,0,19,source_patient
B_p114991,B,False,True,False,False,False,10.0,,48.0,0.06305235062529736,6,43,source_patient
B_p107443,B,False,False,False,False,False,,,17.0,0.0007114205764390663,0,12,source_patient
B_p119471,B,False,False,False,False,False,,,44.0,0.005803282182443064,0,39,source_patient
B_p109601,B,False,True,False,False,False,61.0,,232.0,0.36214479195164034,167,227,source_patient
B_p102420,B,False,False,False,False,False,,,45.0,0.01277716131969705,0,40,source_patient
B_p118559,B,False,False,False,False,False,,,39.0,0.001383456941525185,0,34,source_patient
B_p118307,B,False,False,False,False,False,,,36.0,0.002722396521587886,0,31,source_patient
B_p118994,B,False,False,False,False,False,,,49.0,0.003668385015548653,0,44,source_patient
B_p105477,B,False,False,False,False,False,,,22.0,0.0015943606810899474,0,17,source_patient
B_p104445,B,True,True,True,False,True,64.0,110.0,113.0,0.10063190058582897,0,0,source_patient
B_p114041,B,False,False,False,False,False,,,24.0,0.0014597020000219009,0,19,source_patient
B_p112383,B,False,False,False,False,False,,,23.0,0.0029781263562730204,0,18,source_patient
B_p103095,B,False,True,False,False,False,58.0,,59.0,0.026388989529043245,2,54,source_patient
B_p113938,B,False,True,False,False,False,9.0,,45.0,0.02992600873654136,2,40,source_patient
B_p109507,B,False,False,False,False,False,,,48.0,0.002967943532763758,0,43,source_patient
B_p109331,B,False,True,False,False,False,13.0,,19.0,0.08926846466427867,7,14,source_patient
B_p118638,B,False,False,False,False,False,,,22.0,0.0014174345359458736,0,17,source_patient
B_p109130,B,False,False,False,False,False,,,11.0,0.012067455463007727,0,6,source_patient
B_p116365,B,False,False,False,False,False,,,13.0,0.00306855462979095,0,8,source_patient
B_p103997,B,False,False,False,False,False,,,35.0,0.003115928980094909,0,30,source_patient
B_p103747,B,False,False,False,False,False,,,38.0,0.0004515652638623917,0,33,source_patient
B_p102917,B,False,False,False,False,False,,,19.0,0.0020541408594321846,0,14,source_patient
B_p113663,B,False,False,False,False,False,,,19.0,0.003261221953708998,0,14,source_patient
B_p110692,B,False,False,False,False,False,,,53.0,0.005899593804218591,0,48,source_patient
B_p113605,B,False,False,False,False,False,,,43.0,0.0037257894460369723,0,38,source_patient
B_p116245,B,False,False,False,False,False,,,15.0,0.000871876451453274,0,10,source_patient
B_p103961,B,False,False,False,False,False,,,54.0,0.012493689147675192,0,49,source_patient
B_p107227,B,False,False,False,False,False,,,26.0,0.0036993162431374887,0,21,source_patient
B_p107856,B,False,False,False,False,False,,,47.0,0.001274114479711813,0,42,source_patient
B_p113964,B,False,False,False,False,False,,,25.0,0.004458049847931793,0,20,source_patient
B_p118995,B,False,False,False,False,False,,,39.0,0.008240264372048143,0,34,source_patient
B_p118554,B,False,False,False,False,False,,,53.0,0.013995088050583663,0,48,source_patient
B_p107485,B,False,False,False,False,False,,,18.0,0.000961791729374331,0,13,source_patient
B_p119581,B,False,True,False,False,False,9.0,,57.0,0.02554841484571379,1,52,source_patient
B_p115195,B,False,False,False,False,False,,,41.0,0.007644290005150979,0,36,source_patient
B_p102325,B,False,False,False,False,False,,,21.0,0.0012791141905433175,0,16,source_patient
B_p105131,B,False,False,False,False,False,,,47.0,0.01402401590892235,0,42,source_patient
B_p118543,B,False,False,False,False,False,,,41.0,0.005288608925760526,0,36,source_patient
B_p110538,B,False,False,False,False,False,,,42.0,0.0047160268577525035,0,37,source_patient
B_p103587,B,False,False,False,False,False,,,33.0,0.013063190349045111,0,28,source_patient
B_p112819,B,False,False,False,False,False,,,21.0,0.01146954026112057,0,16,source_patient
B_p117452,B,False,True,False,False,False,9.0,,37.0,0.08021298307504655,4,32,source_patient
B_p114983,B,False,False,False,False,False,,,46.0,0.015978625775498374,0,41,source_patient
B_p106177,B,False,False,False,False,False,,,27.0,0.0023037586639306903,0,22,source_patient
B_p114154,B,False,False,False,False,False,,,19.0,0.0027093115746179217,0,14,source_patient
B_p118970,B,False,False,False,False,False,,,47.0,0.007096707556709841,0,42,source_patient
B_p110566,B,False,False,False,False,False,,,50.0,0.020968577960645312,0,45,source_patient
B_p105469,B,False,True,False,False,False,13.0,,25.0,0.07706268473635244,12,20,source_patient
B_p111666,B,False,False,False,False,False,,,27.0,0.00307494817670239,0,22,source_patient
B_p119366,B,False,False,False,False,False,,,23.0,0.004360699627138415,0,18,source_patient
B_p100961,B,False,False,False,False,False,,,47.0,0.0038099997509711955,0,42,source_patient
B_p109260,B,False,False,False,False,False,,,51.0,0.003592792121837419,0,46,source_patient
B_p107348,B,False,False,False,False,False,,,24.0,0.0018401525424148722,0,19,source_patient
B_p111176,B,False,False,False,False,False,,,50.0,0.014327023933500193,0,45,source_patient
B_p106561,B,False,False,False,False,False,,,38.0,0.004351368039033978,0,33,source_patient
B_p107248,B,False,False,False,False,False,,,48.0,0.01484148488721067,0,43,source_patient
B_p116382,B,True,False,False,False,False,,36.0,39.0,0.0036154363644994207,0,0,source_patient
B_p115874,B,False,False,False,False,False,,,41.0,0.004143811686270741,0,36,source_patient
B_p105218,B,False,False,False,False,False,,,14.0,0.0033843186370809755,0,9,source_patient
B_p114753,B,False,False,False,False,False,,,43.0,0.00898639309589698,0,38,source_patient
B_p100308,B,False,False,False,False,False,,,34.0,0.017506118796453876,0,29,source_patient
B_p118807,B,False,False,False,False,False,,,23.0,0.0025523881326599933,0,18,source_patient
B_p100616,B,False,False,False,False,False,,,21.0,0.002286528789439763,0,16,source_patient
B_p113041,B,False,False,False,False,False,,,48.0,0.0048059341108511,0,43,source_patient
B_p112688,B,False,False,False,False,False,,,47.0,0.02313164213486453,0,42,source_patient
B_p102996,B,False,False,False,False,False,,,58.0,0.010823348029528184,0,53,source_patient
B_p110808,B,False,False,False,False,False,,,50.0,0.0019575136475412105,0,45,source_patient
B_p108832,B,False,False,False,False,False,,,39.0,0.007412885533014194,0,34,source_patient
B_p110756,B,False,True,False,False,False,9.0,,13.0,0.036820270702865504,3,8,source_patient
B_p118614,B,False,False,False,False,False,,,14.0,0.015149080817127599,0,9,source_patient
B_p102801,B,False,False,False,False,False,,,59.0,0.00304227888790526,0,54,source_patient
B_p116935,B,False,False,False,False,False,,,10.0,0.0016192802357817711,0,5,source_patient
B_p114793,B,False,False,False,False,False,,,43.0,0.001872859687038794,0,38,source_patient
B_p109745,B,False,False,False,False,False,,,59.0,0.015417448200609116,0,54,source_patient
B_p100682,B,False,False,False,False,False,,,8.0,0.0006701810908765638,0,3,source_patient
B_p106488,B,True,True,True,False,True,60.0,177.0,180.0,0.09911977681029611,0,0,source_patient
B_p118169,B,False,False,False,False,False,,,50.0,0.003920428135415878,0,45,source_patient
B_p101800,B,False,True,False,False,False,62.0,,89.0,0.07601821453193734,16,84,source_patient
B_p110587,B,False,False,False,False,False,,,27.0,0.001970099514079427,0,22,source_patient
B_p101988,B,False,False,False,False,False,,,15.0,0.00725480770541706,0,10,source_patient
B_p107047,B,False,False,False,False,False,,,59.0,0.009882845963490481,0,54,source_patient
B_p103524,B,False,False,False,False,False,,,23.0,0.0003905314569314117,0,18,source_patient
B_p114967,B,False,False,False,False,False,,,38.0,0.0026575222651414507,0,33,source_patient
B_p111853,B,False,False,False,False,False,,,35.0,0.004981065456370826,0,30,source_patient
B_p118131,B,False,False,False,False,False,,,26.0,0.009786418899347206,0,21,source_patient
B_p102921,B,False,False,False,False,False,,,22.0,0.001405250945264489,0,17,source_patient
B_p117124,B,True,True,True,False,True,60.0,219.0,221.0,0.41829350295731194,0,0,source_patient
B_p104143,B,False,False,False,False,False,,,40.0,0.00691668980877105,0,35,source_patient
B_p105641,B,False,False,False,False,False,,,35.0,0.005077954157053119,0,30,source_patient
B_p105028,B,False,True,False,False,False,13.0,,18.0,0.048957401527375204,1,13,source_patient
B_p118645,B,False,False,False,False,False,,,46.0,0.007488960068727766,0,41,source_patient
B_p103080,B,True,False,False,False,False,,18.0,21.0,0.0015840377064048926,0,0,source_patient
B_p110032,B,False,True,False,False,False,52.0,,140.0,0.5372324475144401,89,135,source_patient
B_p114857,B,False,False,False,False,False,,,24.0,0.004126251615702838,0,19,source_patient
B_p108806,B,False,False,False,False,False,,,24.0,0.0023342855747616386,0,19,source_patient
B_p111071,B,False,False,False,False,False,,,31.0,0.011680720986966259,0,26,source_patient
B_p118254,B,False,False,False,False,False,,,18.0,0.004442790672835071,0,13,source_patient
B_p119729,B,False,True,False,False,False,11.0,,28.0,0.029945374332734132,3,23,source_patient
B_p118278,B,False,False,False,False,False,,,41.0,0.0016917010636963107,0,36,source_patient
B_p104252,B,False,True,False,False,False,8.0,,26.0,0.37470103829385976,19,21,source_patient
B_p118677,B,False,False,False,False,False,,,54.0,0.005680938367259833,0,49,source_patient
B_p105445,B,False,False,False,False,False,,,15.0,0.005763691485695706,0,10,source_patient
B_p106794,B,False,False,False,False,False,,,20.0,0.0008252658717274234,0,15,source_patient
B_p116639,B,False,False,False,False,False,,,50.0,0.01426581039134243,0,45,source_patient
B_p116244,B,False,False,False,False,False,,,46.0,0.0024502273695766407,0,41,source_patient
B_p115240,B,False,False,False,False,False,,,34.0,0.0027139800284489853,0,29,source_patient
B_p109990,B,False,False,False,False,False,,,40.0,0.017149592308182884,0,35,source_patient
B_p101212,B,False,False,False,False,False,,,38.0,0.0020385997407186608,0,33,source_patient
B_p104562,B,False,False,False,False,False,,,47.0,0.01072437167691204,0,42,source_patient
B_p115789,B,False,False,False,False,False,,,50.0,0.014279368676686771,0,45,source_patient
B_p100251,B,False,False,False,False,False,,,39.0,0.014823124584671655,0,34,source_patient
B_p110736,B,True,False,False,False,False,,15.0,18.0,0.0028849140282145532,0,0,source_patient
B_p111708,B,False,True,False,False,False,8.0,,42.0,0.07014257098707306,2,37,source_patient
B_p101090,B,True,True,True,True,False,55.0,58.0,61.0,0.024924267391287742,0,0,source_patient
B_p116891,B,False,False,False,False,False,,,25.0,0.020374206547109194,0,20,source_patient
B_p103069,B,False,True,False,False,False,37.0,,57.0,0.04365091093031636,9,52,source_patient
B_p104406,B,False,False,False,False,False,,,20.0,0.0023958225019590504,0,15,source_patient
B_p103258,B,False,True,False,False,False,40.0,,42.0,0.07952146637141937,3,37,source_patient
B_p119123,B,False,False,False,False,False,,,48.0,0.007447632015187784,0,43,source_patient
B_p119897,B,False,False,False,False,False,,,45.0,0.012168086421586193,0,40,source_patient
B_p105534,B,False,False,False,False,False,,,38.0,0.017938260691946022,0,33,source_patient
B_p120000,B,False,False,False,False,False,,,35.0,0.0013859564647685859,0,30,source_patient
B_p104573,B,False,False,False,False,False,,,25.0,0.0018765262774147725,0,20,source_patient
B_p115906,B,False,True,False,False,False,32.0,,38.0,0.04489751874542949,2,33,source_patient
B_p114045,B,False,True,False,False,False,50.0,,59.0,0.07786440982501522,9,54,source_patient
B_p106416,B,False,True,False,False,False,32.0,,289.0,0.7823084967428617,239,284,source_patient
B_p108505,B,False,True,False,False,False,40.0,,42.0,0.03220646534263946,2,37,source_patient
B_p102051,B,False,False,False,False,False,,,16.0,0.0006815194961066596,0,11,source_patient
B_p119925,B,False,False,False,False,False,,,47.0,0.01461730968919405,0,42,source_patient
B_p118847,B,False,False,False,False,False,,,16.0,0.004595901798233245,0,11,source_patient
B_p116809,B,False,False,False,False,False,,,32.0,0.003848928961196632,0,27,source_patient
B_p115001,B,False,False,False,False,False,,,23.0,0.001523884820412828,0,18,source_patient
B_p112352,B,False,False,False,False,False,,,54.0,0.014495398244000963,0,49,source_patient
B_p115736,B,False,True,False,False,False,53.0,,59.0,0.030167469175080387,4,54,source_patient
B_p102008,B,False,False,False,False,False,,,23.0,0.002580602870724283,0,18,source_patient
B_p102393,B,False,False,False,False,False,,,16.0,0.0025637804709823407,0,11,source_patient
B_p100834,B,False,False,False,False,False,,,24.0,0.001019966482232222,0,19,source_patient
B_p110563,B,False,False,False,False,False,,,36.0,0.0020896144941574164,0,31,source_patient
B_p117200,B,False,False,False,False,False,,,36.0,0.0013783741708090424,0,31,source_patient
B_p103456,B,False,False,False,False,False,,,23.0,0.012718694448499436,0,18,source_patient
B_p102271,B,False,False,False,False,False,,,36.0,0.008469519770471737,0,31,source_patient
B_p111328,B,False,False,False,False,False,,,45.0,0.010969263154153525,0,40,source_patient
B_p119019,B,False,False,False,False,False,,,23.0,0.0006259578772131259,0,18,source_patient
B_p115089,B,False,True,False,False,False,53.0,,55.0,0.026962642247330526,2,50,source_patient
B_p119542,B,False,False,False,False,False,,,55.0,0.014055010333435898,0,50,source_patient
B_p119790,B,False,False,False,False,False,,,22.0,0.0033026666246016387,0,17,source_patient
B_p114455,B,False,True,False,False,False,8.0,,38.0,0.06806832159283856,1,33,source_patient
B_p101112,B,False,False,False,False,False,,,50.0,0.0018010185290610057,0,45,source_patient
B_p107817,B,False,False,False,False,False,,,25.0,0.0048571769337897724,0,17,source_patient
B_p101698,B,False,False,False,False,False,,,34.0,0.0036872381022622215,0,29,source_patient
B_p119292,B,False,False,False,False,False,,,27.0,0.0019668543525743973,0,22,source_patient
B_p119243,B,False,False,False,False,False,,,12.0,0.018004363171382678,0,7,source_patient
B_p102981,B,False,False,False,False,False,,,44.0,0.005957915895900258,0,39,source_patient
B_p118463,B,False,False,False,False,False,,,44.0,0.006397824916564514,0,39,source_patient
B_p113664,B,False,False,False,False,False,,,34.0,0.004840156188615799,0,29,source_patient
B_p105644,B,False,False,False,False,False,,,18.0,0.0014229924849072464,0,13,source_patient
B_p119069,B,False,False,False,False,False,,,43.0,0.005820555202010885,0,38,source_patient
B_p101760,B,False,False,False,False,False,,,51.0,0.002190790291536455,0,46,source_patient
B_p110468,B,False,False,False,False,False,,,37.0,0.0022810145454540765,0,32,source_patient
B_p116779,B,False,False,False,False,False,,,45.0,0.0032237479625467328,0,40,source_patient
B_p102017,B,False,False,False,False,False,,,41.0,0.0015489215227256267,0,36,source_patient
B_p105031,B,False,False,False,False,False,,,39.0,0.0014985247026287809,0,34,source_patient
B_p117311,B,False,True,False,False,False,16.0,,38.0,0.09976511369465765,4,33,source_patient
B_p114372,B,False,False,False,False,False,,,55.0,0.021786277067312728,0,50,source_patient
B_p115606,B,False,False,False,False,False,,,44.0,0.0016379030928525893,0,39,source_patient
B_p117119,B,False,False,False,False,False,,,23.0,0.007365963233091113,0,18,source_patient
B_p111527,B,False,False,False,False,False,,,44.0,0.0038063836160187057,0,39,source_patient
B_p113489,B,True,False,False,False,False,,50.0,52.0,0.007123506608640456,0,0,source_patient
B_p101466,B,False,False,False,False,False,,,15.0,0.0017387257003549247,0,10,source_patient
B_p101706,B,False,False,False,False,False,,,20.0,0.002427638787632463,0,15,source_patient
B_p109476,B,False,True,False,False,False,17.0,,48.0,0.031218088857656187,2,43,source_patient
B_p109986,B,False,False,False,False,False,,,50.0,0.004977673958900401,0,45,source_patient
B_p108335,B,False,False,False,False,False,,,21.0,0.0012384068521613257,0,16,source_patient
B_p107156,B,False,False,False,False,False,,,53.0,0.006535914175132377,0,48,source_patient
B_p112228,B,False,False,False,False,False,,,43.0,0.007475826807579366,0,38,source_patient
B_p115287,B,False,False,False,False,False,,,38.0,0.010570151620813654,0,33,source_patient
B_p112671,B,False,False,False,False,False,,,23.0,0.001022543378640907,0,18,source_patient
B_p110193,B,False,False,False,False,False,,,47.0,0.004863841898045699,0,42,source_patient
B_p103233,B,False,True,False,False,False,24.0,,46.0,0.10883953438862531,1,41,source_patient
B_p104906,B,False,False,False,False,False,,,56.0,0.0033076987735025693,0,51,source_patient
B_p100411,B,False,False,False,False,False,,,20.0,0.00698495438923132,0,15,source_patient
B_p110312,B,False,False,False,False,False,,,24.0,0.003656774993378053,0,19,source_patient
B_p108903,B,False,False,False,False,False,,,18.0,0.0042193383998309925,0,13,source_patient
B_p119237,B,False,False,False,False,False,,,36.0,0.0036151680746796208,0,31,source_patient
B_p114557,B,False,False,False,False,False,,,28.0,0.0062074634036952455,0,23,source_patient
B_p100293,B,False,True,False,False,False,8.0,,47.0,0.07444485909501167,23,42,source_patient
B_p101208,B,False,False,False,False,False,,,36.0,0.012977277709739464,0,31,source_patient
B_p112191,B,False,False,False,False,False,,,43.0,0.00825779243753181,0,38,source_patient
B_p109368,B,False,False,False,False,False,,,50.0,0.006288075912750818,0,45,source_patient
B_p110515,B,False,False,False,False,False,,,40.0,0.0026712197178118233,0,35,source_patient
B_p100083,B,False,False,False,False,False,,,21.0,0.0014912057494839166,0,16,source_patient
B_p105214,B,False,False,False,False,False,,,36.0,0.003466100945661426,0,31,source_patient
B_p103517,B,False,False,False,False,False,,,28.0,0.0050290813158093885,0,23,source_patient
B_p101909,B,False,False,False,False,False,,,45.0,0.008211063412424235,0,40,source_patient
B_p105756,B,False,False,False,False,False,,,40.0,0.011152791260379942,0,35,source_patient
B_p111131,B,False,False,False,False,False,,,23.0,0.003192108140879592,0,18,source_patient
B_p115532,B,False,False,False,False,False,,,19.0,0.002234503850650383,0,14,source_patient
B_p115188,B,False,True,False,False,False,11.0,,50.0,0.04359261309343256,2,45,source_patient
B_p108471,B,False,False,False,False,False,,,26.0,0.002590504256842392,0,21,source_patient
B_p103319,B,False,False,False,False,False,,,50.0,0.01244666074517492,0,45,source_patient
B_p119263,B,False,False,False,False,False,,,24.0,0.0026533735170955306,0,19,source_patient
B_p108082,B,False,False,False,False,False,,,42.0,0.0016327868110802583,0,37,source_patient
B_p108715,B,False,False,False,False,False,,,21.0,0.01937467107411382,0,16,source_patient
B_p117285,B,False,False,False,False,False,,,53.0,0.009749306200470424,0,48,source_patient
B_p111107,B,False,False,False,False,False,,,44.0,0.013566848985257356,0,39,source_patient
B_p106412,B,False,False,False,False,False,,,19.0,0.0017853509470777751,0,14,source_patient
B_p107779,B,False,False,False,False,False,,,15.0,0.0022193429543224726,0,10,source_patient
B_p114752,B,False,False,False,False,False,,,8.0,0.0006485652569499684,0,3,source_patient
B_p109515,B,False,False,False,False,False,,,44.0,0.012633079335928006,0,39,source_patient
B_p112569,B,True,True,False,False,True,8.0,59.0,62.0,0.10252074552455916,0,0,source_patient
B_p105948,B,False,False,False,False,False,,,17.0,0.008809543893492902,0,12,source_patient
B_p109021,B,False,False,False,False,False,,,38.0,0.005587770235532099,0,33,source_patient
B_p112138,B,False,False,False,False,False,,,47.0,0.004008065333459932,0,42,source_patient
B_p114011,B,False,False,False,False,False,,,22.0,0.002857248426695993,0,17,source_patient
B_p100237,B,False,False,False,False,False,,,57.0,0.009294560580046858,0,52,source_patient
B_p118875,B,False,False,False,False,False,,,24.0,0.020625926273719522,0,19,source_patient
B_p113524,B,False,False,False,False,False,,,39.0,0.0012094626107904823,0,34,source_patient
B_p111591,B,False,False,False,False,False,,,18.0,0.0008303399025878315,0,13,source_patient
B_p106452,B,False,False,False,False,False,,,38.0,0.001324115718790943,0,33,source_patient
B_p114355,B,False,False,False,False,False,,,36.0,0.0035611243725906755,0,31,source_patient
B_p107286,B,False,False,False,False,False,,,37.0,0.0012094205112657124,0,32,source_patient
B_p100976,B,False,False,False,False,False,,,20.0,0.0023668772978866857,0,15,source_patient
B_p112362,B,False,False,False,False,False,,,40.0,0.004095725295382285,0,35,source_patient
B_p109489,B,False,False,False,False,False,,,43.0,0.003346498306309672,0,38,source_patient
B_p111046,B,False,False,False,False,False,,,16.0,0.0046379068436674135,0,11,source_patient
B_p109234,B,False,False,False,False,False,,,47.0,0.013209176523197107,0,42,source_patient
B_p102577,B,False,False,False,False,False,,,46.0,0.0019789676054622696,0,41,source_patient
B_p107545,B,False,True,False,False,False,14.0,,21.0,0.04987015660984403,8,16,source_patient
B_p110967,B,False,False,False,False,False,,,21.0,0.0007949626978305771,0,16,source_patient
B_p105733,B,False,False,False,False,False,,,51.0,0.012103882499169674,0,46,source_patient
B_p116309,B,False,False,False,False,False,,,39.0,0.0037963833096100372,0,34,source_patient
B_p115593,B,False,True,False,False,False,62.0,,65.0,0.2385273204639449,4,60,source_patient
B_p117535,B,False,False,False,False,False,,,18.0,0.0019650001027912436,0,13,source_patient
B_p101833,B,False,False,False,False,False,,,13.0,0.0017459880001217877,0,8,source_patient
B_p103582,B,False,False,False,False,False,,,41.0,0.0067652645478716335,0,36,source_patient
B_p113085,B,False,False,False,False,False,,,28.0,0.007138605718292825,0,23,source_patient
B_p108495,B,False,False,False,False,False,,,38.0,0.006690541507471427,0,33,source_patient
B_p111519,B,False,False,False,False,False,,,54.0,0.002549382899374642,0,49,source_patient
B_p117333,B,False,False,False,False,False,,,19.0,0.001539819647928845,0,14,source_patient
B_p108915,B,False,False,False,False,False,,,24.0,0.003457198018338262,0,19,source_patient
B_p117546,B,False,False,False,False,False,,,18.0,0.001102446048370357,0,13,source_patient
B_p114463,B,False,False,False,False,False,,,55.0,0.01577985566387786,0,50,source_patient
B_p110485,B,False,False,False,False,False,,,47.0,0.0025608144732582536,0,42,source_patient
B_p108672,B,False,False,False,False,False,,,49.0,0.010566678598619128,0,44,source_patient
B_p113462,B,False,False,False,False,False,,,40.0,0.0033232919911598325,0,35,source_patient
B_p105405,B,True,True,True,False,True,8.0,203.0,205.0,0.34115850414638726,0,0,source_patient
B_p118429,B,True,True,False,False,True,9.0,23.0,26.0,0.05417298790331178,0,0,source_patient
B_p109684,B,False,False,False,False,False,,,25.0,0.0004746511684867846,0,20,source_patient
B_p113360,B,False,False,False,False,False,,,13.0,0.0009655272696889656,0,8,source_patient
B_p101366,B,False,False,False,False,False,,,22.0,0.021468693348293922,0,17,source_patient
B_p105662,B,False,False,False,False,False,,,41.0,0.003997117162921086,0,36,source_patient
B_p104880,B,False,False,False,False,False,,,38.0,0.004044386764174616,0,33,source_patient
B_p111720,B,False,False,False,False,False,,,56.0,0.0050361155225062,0,51,source_patient
B_p103570,B,False,False,False,False,False,,,21.0,0.008629109039075865,0,16,source_patient
B_p113532,B,False,False,False,False,False,,,40.0,0.004325781201504785,0,35,source_patient
B_p115561,B,False,False,False,False,False,,,38.0,0.008033753583115172,0,33,source_patient
B_p103634,B,False,True,False,False,False,11.0,,54.0,0.10086415795950537,29,49,source_patient
B_p110322,B,False,False,False,False,False,,,56.0,0.01143557840976766,0,51,source_patient
B_p100564,B,False,True,False,False,False,20.0,,57.0,0.0565607050680167,10,52,source_patient
B_p108575,B,False,False,False,False,False,,,49.0,0.013362036118953386,0,44,source_patient
B_p100073,B,True,False,False,False,False,,25.0,27.0,0.0033593837783665757,0,0,source_patient
B_p103081,B,False,False,False,False,False,,,45.0,0.004526149634265431,0,40,source_patient
B_p115045,B,False,False,False,False,False,,,58.0,0.004579100606343794,0,53,source_patient
B_p115704,B,False,False,False,False,False,,,21.0,0.002580290697704673,0,16,source_patient
B_p108347,B,False,False,False,False,False,,,18.0,0.0011137500866415383,0,13,source_patient
B_p104429,B,False,False,False,False,False,,,55.0,0.010591852318799784,0,50,source_patient
B_p115046,B,False,False,False,False,False,,,15.0,0.002124430088665237,0,10,source_patient
B_p116880,B,False,False,False,False,False,,,55.0,0.005269893522457105,0,50,source_patient
B_p107657,B,False,True,False,False,False,57.0,,58.0,0.03376938647395703,2,53,source_patient
B_p104047,B,False,False,False,False,False,,,47.0,0.018072651368750286,0,42,source_patient
B_p111364,B,False,False,False,False,False,,,38.0,0.004188911977317006,0,33,source_patient
B_p119154,B,False,False,False,False,False,,,25.0,0.009899438257625235,0,20,source_patient
B_p114541,B,False,False,False,False,False,,,21.0,0.001576530562975086,0,16,source_patient
B_p106506,B,False,False,False,False,False,,,45.0,0.023032096895143406,0,40,source_patient
B_p101115,B,False,False,False,False,False,,,54.0,0.004830549910500338,0,49,source_patient
B_p112083,B,False,False,False,False,False,,,57.0,0.017065794866791276,0,52,source_patient
B_p114117,B,False,False,False,False,False,,,46.0,0.006992080037248759,0,41,source_patient
B_p105354,B,False,False,False,False,False,,,37.0,0.0020697258399943607,0,32,source_patient
B_p112153,B,True,False,False,False,False,,19.0,22.0,0.0023801239874710065,0,0,source_patient
B_p115147,B,False,True,False,False,False,8.0,,58.0,0.09634412256892994,7,53,source_patient
B_p110909,B,False,True,False,False,False,65.0,,89.0,0.03716415937938027,5,84,source_patient
B_p107787,B,False,False,False,False,False,,,19.0,0.002479914535737381,0,14,source_patient
B_p111086,B,False,False,False,False,False,,,44.0,0.014742033008799027,0,39,source_patient
B_p117081,B,False,False,False,False,False,,,40.0,0.010370013149863924,0,35,source_patient
B_p116224,B,False,False,False,False,False,,,19.0,0.004246636520128104,0,14,source_patient
B_p104388,B,False,False,False,False,False,,,19.0,0.004555675518871073,0,14,source_patient
B_p116287,B,False,False,False,False,False,,,41.0,0.015073183030672684,0,36,source_patient
B_p107290,B,False,False,False,False,False,,,27.0,0.0018872234231255974,0,22,source_patient
B_p105286,B,False,False,False,False,False,,,49.0,0.002333457161754194,0,44,source_patient
B_p104410,B,False,False,False,False,False,,,53.0,0.005268632060804764,0,48,source_patient
B_p109168,B,False,False,False,False,False,,,46.0,0.003883309533346669,0,41,source_patient
B_p115999,B,False,False,False,False,False,,,18.0,0.010781770735010552,0,13,source_patient
B_p119148,B,False,False,False,False,False,,,22.0,0.005335537629633617,0,17,source_patient
B_p105490,B,False,False,False,False,False,,,49.0,0.015826722254232515,0,44,source_patient
B_p101238,B,False,True,False,False,False,11.0,,47.0,0.04860757854008789,3,42,source_patient
B_p109142,B,False,False,False,False,False,,,22.0,0.0024776931156669014,0,17,source_patient
B_p111177,B,False,False,False,False,False,,,54.0,0.005227600322484877,0,49,source_patient
B_p119669,B,False,True,False,False,False,8.0,,17.0,0.09596543882629739,10,12,source_patient
B_p101938,B,False,False,False,False,False,,,36.0,0.006080268762476529,0,31,source_patient
B_p109035,B,False,False,False,False,False,,,31.0,0.0008505624780826675,0,26,source_patient
B_p108857,B,False,False,False,False,False,,,39.0,0.00970531982400617,0,34,source_patient
B_p116996,B,False,False,False,False,False,,,32.0,0.001977875687691957,0,27,source_patient
B_p101152,B,False,False,False,False,False,,,31.0,0.0014491534246467335,0,26,source_patient
B_p115937,B,False,True,False,False,False,62.0,,84.0,0.3414655799504624,23,79,source_patient
B_p108537,B,False,False,False,False,False,,,27.0,0.0027174855626913887,0,22,source_patient
B_p111346,B,False,False,False,False,False,,,47.0,0.01973382076293005,0,42,source_patient
B_p109910,B,False,False,False,False,False,,,26.0,0.006071144533237261,0,21,source_patient
B_p113040,B,False,False,False,False,False,,,40.0,0.0007947381459893875,0,35,source_patient
B_p111882,B,False,False,False,False,False,,,40.0,0.009040893797882428,0,35,source_patient
B_p115897,B,False,True,False,False,False,43.0,,44.0,0.026901757684456597,2,39,source_patient
B_p115982,B,False,False,False,False,False,,,39.0,0.0032755071089663524,0,34,source_patient
B_p117097,B,False,False,False,False,False,,,44.0,0.00566143608051247,0,39,source_patient
B_p115367,B,False,False,False,False,False,,,39.0,0.003922321215876558,0,34,source_patient
B_p115052,B,False,False,False,False,False,,,41.0,0.004925407068788447,0,36,source_patient
B_p108360,B,False,False,False,False,False,,,19.0,0.00881832989446814,0,14,source_patient
B_p109108,B,False,False,False,False,False,,,27.0,0.0032950431192093114,0,22,source_patient
B_p119709,B,False,False,False,False,False,,,39.0,0.0031016685098011706,0,34,source_patient
B_p113911,B,False,False,False,False,False,,,26.0,0.009895557073108054,0,21,source_patient
B_p101602,B,False,True,False,False,False,36.0,,43.0,0.05792138716233187,7,38,source_patient
B_p103605,B,False,False,False,False,False,,,23.0,0.0005457769949543845,0,18,source_patient
B_p108529,B,False,False,False,False,False,,,41.0,0.008358941711212303,0,36,source_patient
B_p110229,B,False,False,False,False,False,,,20.0,0.0027501949495294144,0,15,source_patient
B_p109123,B,False,False,False,False,False,,,46.0,0.0031463571973819942,0,41,source_patient
B_p102194,B,False,False,False,False,False,,,21.0,0.003180204627705919,0,16,source_patient
B_p101531,B,False,True,False,False,False,41.0,,44.0,0.02716207982318749,1,39,source_patient
B_p108810,B,False,False,False,False,False,,,21.0,0.00105406030475171,0,16,source_patient
B_p119256,B,False,True,False,False,False,43.0,,46.0,0.030207104949978865,2,41,source_patient
B_p116602,B,False,False,False,False,False,,,23.0,0.003406806249859422,0,18,source_patient
B_p113535,B,False,False,False,False,False,,,24.0,0.003787707289257507,0,19,source_patient
B_p112637,B,False,False,False,False,False,,,39.0,0.0027253239535539545,0,34,source_patient
B_p103176,B,False,False,False,False,False,,,18.0,0.004269937178538904,0,13,source_patient
B_p103936,B,False,False,False,False,False,,,46.0,0.0063434732930217385,0,41,source_patient
B_p108705,B,False,False,False,False,False,,,18.0,0.006164966899716485,0,13,source_patient
B_p117162,B,False,False,False,False,False,,,19.0,0.008590366640424481,0,14,source_patient
B_p112626,B,False,False,False,False,False,,,21.0,0.0005379100071169496,0,16,source_patient
B_p105860,B,False,True,False,False,False,30.0,,50.0,0.04403228612553203,19,45,source_patient
B_p117997,B,False,False,False,False,False,,,46.0,0.01504588014083101,0,41,source_patient
B_p113238,B,False,True,False,False,False,40.0,,52.0,0.044545207728218315,7,47,source_patient
B_p116591,B,False,True,False,False,False,53.0,,86.0,0.09901360779807714,23,81,source_patient
B_p107677,B,False,False,False,False,False,,,36.0,0.0010529265062665903,0,31,source_patient
B_p111239,B,False,True,False,False,False,14.0,,163.0,0.2689228263041749,96,158,source_patient
B_p106269,B,False,False,False,False,False,,,19.0,0.004606216437297635,0,14,source_patient
B_p113141,B,False,False,False,False,False,,,56.0,0.017155870614165732,0,51,source_patient
B_p101486,B,False,False,False,False,False,,,37.0,0.016056171045020367,0,32,source_patient
B_p119700,B,False,False,False,False,False,,,21.0,0.0010513542318278959,0,16,source_patient
B_p117616,B,False,False,False,False,False,,,45.0,0.002686062115421324,0,40,source_patient
B_p114325,B,False,True,False,False,False,58.0,,59.0,0.03635674785587682,1,54,source_patient
B_p101450,B,False,False,False,False,False,,,49.0,0.019239246084203698,0,44,source_patient
B_p106688,B,False,False,False,False,False,,,56.0,0.00545262943016302,0,51,source_patient
B_p113482,B,False,False,False,False,False,,,28.0,0.0005406123905904291,0,23,source_patient
B_p107291,B,False,False,False,False,False,,,36.0,0.0025020208195609467,0,31,source_patient
B_p106725,B,False,False,False,False,False,,,44.0,0.00326911731018824,0,39,source_patient
B_p117929,B,False,False,False,False,False,,,24.0,0.002836992006865474,0,19,source_patient
B_p110798,B,False,False,False,False,False,,,43.0,0.0014225031744238372,0,38,source_patient
B_p104164,B,False,False,False,False,False,,,42.0,0.0031138763646022566,0,37,source_patient
B_p100979,B,False,False,False,False,False,,,54.0,0.00979868620253908,0,49,source_patient
B_p101137,B,False,True,False,False,False,41.0,,43.0,0.04146354843709429,2,38,source_patient
B_p110882,B,False,False,False,False,False,,,43.0,0.005321620671968485,0,38,source_patient
B_p113497,B,False,False,False,False,False,,,38.0,0.0033024315193820467,0,33,source_patient
B_p112422,B,False,False,False,False,False,,,50.0,0.0070952469984741666,0,45,source_patient
B_p104215,B,False,False,False,False,False,,,37.0,0.005264930460136488,0,32,source_patient
B_p110657,B,False,False,False,False,False,,,26.0,0.0019235070491392225,0,21,source_patient
B_p116803,B,False,False,False,False,False,,,40.0,0.004404618724709779,0,35,source_patient
B_p118137,B,False,False,False,False,False,,,36.0,0.00440832833475084,0,31,source_patient
B_p116439,B,False,True,False,False,False,56.0,,336.0,0.3833620724776829,262,331,source_patient
B_p117478,B,False,False,False,False,False,,,22.0,0.0015007486256815308,0,17,source_patient
B_p119752,B,False,False,False,False,False,,,21.0,0.0016635715068812876,0,16,source_patient
B_p108248,B,False,False,False,False,False,,,21.0,0.0014762301927443303,0,16,source_patient
B_p101015,B,False,False,False,False,False,,,55.0,0.006090961693291944,0,50,source_patient
B_p100277,B,False,False,False,False,False,,,40.0,0.00842129567950848,0,35,source_patient
B_p107225,B,False,True,False,False,False,34.0,,39.0,0.04137795364979428,5,34,source_patient
B_p103787,B,False,False,False,False,False,,,57.0,0.02127704328210482,0,52,source_patient
B_p105623,B,False,False,False,False,False,,,37.0,0.006787140072855212,0,32,source_patient
B_p101134,B,False,False,False,False,False,,,54.0,0.008609469302378311,0,49,source_patient
B_p104799,B,False,False,False,False,False,,,27.0,0.003424521225003778,0,22,source_patient
B_p115376,B,False,True,False,False,False,37.0,,37.0,0.026505853334436964,1,32,source_patient
B_p111310,B,False,False,False,False,False,,,23.0,0.0008178356776490552,0,18,source_patient
B_p101542,B,False,True,False,False,False,14.0,,25.0,0.031916143758699445,1,20,source_patient
B_p100467,B,False,False,False,False,False,,,35.0,0.002460877944816593,0,30,source_patient
B_p101658,B,False,False,False,False,False,,,41.0,0.008118548091381789,0,36,source_patient
B_p118438,B,False,False,False,False,False,,,41.0,0.0063672215417929,0,36,source_patient
B_p110720,B,False,False,False,False,False,,,18.0,0.0006550938345550504,0,13,source_patient
B_p118345,B,False,False,False,False,False,,,9.0,0.0005446682820551783,0,4,source_patient
B_p118537,B,False,True,False,False,False,18.0,,32.0,0.059216352741679065,11,27,source_patient
B_p109268,B,False,False,False,False,False,,,44.0,0.001336194034591126,0,39,source_patient
B_p110857,B,False,False,False,False,False,,,21.0,0.0015397343628073981,0,16,source_patient
B_p113659,B,False,False,False,False,False,,,41.0,0.002883079659907274,0,36,source_patient
B_p111574,B,False,False,False,False,False,,,19.0,0.0016114393728589905,0,14,source_patient
B_p100366,B,False,False,False,False,False,,,22.0,0.003010239524257059,0,17,source_patient
B_p110444,B,False,False,False,False,False,,,38.0,0.003702968704770967,0,33,source_patient
B_p115838,B,False,False,False,False,False,,,52.0,0.01170856931023699,0,47,source_patient
B_p107828,B,False,False,False,False,False,,,55.0,0.008716570015473669,0,50,source_patient
B_p108879,B,False,False,False,False,False,,,51.0,0.01985849946381143,0,46,source_patient
B_p117844,B,False,False,False,False,False,,,23.0,0.0040826611666218045,0,18,source_patient
B_p112427,B,False,True,False,False,False,43.0,,43.0,0.024409218614035617,1,38,source_patient
B_p100445,B,False,False,False,False,False,,,37.0,0.0023252040337797034,0,32,source_patient
B_p114710,B,True,False,False,False,False,,17.0,20.0,0.004751533741465391,0,0,source_patient
B_p118074,B,False,True,False,False,False,53.0,,55.0,0.05667362539841357,3,50,source_patient
B_p119766,B,False,False,False,False,False,,,24.0,0.002671727953137236,0,19,source_patient
B_p105229,B,False,True,False,False,False,43.0,,51.0,0.047686829396825205,2,46,source_patient
B_p109873,B,False,False,False,False,False,,,18.0,0.0011389579287609283,0,13,source_patient
B_p106481,B,False,False,False,False,False,,,21.0,0.0018499563875276623,0,16,source_patient
B_p102908,B,False,False,False,False,False,,,17.0,0.0013089307108162934,0,12,source_patient
B_p114970,B,False,False,False,False,False,,,43.0,0.006397930428488357,0,38,source_patient
B_p108401,B,False,False,False,False,False,,,37.0,0.0024853264215944303,0,32,source_patient
B_p104721,B,False,False,False,False,False,,,28.0,0.0028889645353073643,0,23,source_patient
B_p117394,B,False,False,False,False,False,,,16.0,0.015407558836568374,0,11,source_patient
B_p113012,B,False,False,False,False,False,,,30.0,0.0022482170689096417,0,25,source_patient
B_p112333,B,False,True,False,False,False,48.0,,56.0,0.042861290582224064,4,51,source_patient
B_p114957,B,False,False,False,False,False,,,21.0,0.001253457115783369,0,16,source_patient
B_p106487,B,False,False,False,False,False,,,43.0,0.008835159166610828,0,38,source_patient
B_p113342,B,False,False,False,False,False,,,48.0,0.005446180333647691,0,43,source_patient
B_p104976,B,False,False,False,False,False,,,38.0,0.010871554417901918,0,33,source_patient
B_p106660,B,False,True,False,False,False,12.0,,28.0,0.029000050998689245,3,23,source_patient
B_p103683,B,False,False,False,False,False,,,19.0,0.0036455994886567446,0,14,source_patient
B_p101085,B,False,False,False,False,False,,,17.0,0.003842218854010087,0,12,source_patient
B_p116689,B,False,False,False,False,False,,,14.0,0.00420286965452632,0,9,source_patient
B_p112039,B,False,False,False,False,False,,,18.0,0.0017570722406156057,0,13,source_patient
B_p113940,B,False,False,False,False,False,,,23.0,0.0013908615394874146,0,18,source_patient
B_p112526,B,False,False,False,False,False,,,41.0,0.005214945892579893,0,36,source_patient
B_p107445,B,False,True,False,False,False,43.0,,129.0,0.35878077931437147,87,124,source_patient
B_p101368,B,False,False,False,False,False,,,21.0,0.0004233521060156499,0,16,source_patient
B_p103645,B,False,True,False,False,False,43.0,,54.0,0.032316537409093606,3,49,source_patient
B_p113805,B,False,False,False,False,False,,,26.0,0.003405022246129069,0,21,source_patient
B_p114523,B,False,False,False,False,False,,,24.0,0.0019081430062425555,0,19,source_patient
B_p100085,B,False,False,False,False,False,,,39.0,0.0007269508822591844,0,34,source_patient
B_p119913,B,False,False,False,False,False,,,54.0,0.004049201445388442,0,49,source_patient
B_p108919,B,False,True,False,False,False,15.0,,19.0,0.05816176136234652,5,14,source_patient
B_p115717,B,False,False,False,False,False,,,37.0,0.0009093561482883024,0,32,source_patient
B_p117610,B,False,False,False,False,False,,,43.0,0.003686161869695968,0,38,source_patient
B_p106120,B,False,False,False,False,False,,,26.0,0.0024795493696502177,0,21,source_patient
B_p106266,B,False,False,False,False,False,,,44.0,0.002146469880556004,0,39,source_patient
B_p106186,B,False,False,False,False,False,,,26.0,0.00185839183234012,0,21,source_patient
B_p110671,B,False,False,False,False,False,,,48.0,0.013736680112546905,0,43,source_patient
B_p112911,B,False,False,False,False,False,,,55.0,0.018477858748285784,0,50,source_patient
B_p119182,B,False,False,False,False,False,,,20.0,0.006043921410347489,0,15,source_patient
B_p118391,B,False,False,False,False,False,,,21.0,0.0032798399450578333,0,16,source_patient
B_p110954,B,False,False,False,False,False,,,49.0,0.00785981842567784,0,44,source_patient
B_p108453,B,False,False,False,False,False,,,22.0,0.0014722451724834694,0,17,source_patient
B_p105562,B,False,False,False,False,False,,,12.0,0.0008282752768628172,0,7,source_patient
B_p101285,B,False,False,False,False,False,,,48.0,0.010246533146248848,0,42,source_patient
B_p103911,B,False,False,False,False,False,,,20.0,0.001991574534354207,0,15,source_patient
B_p119304,B,False,False,False,False,False,,,18.0,0.0013436694479965216,0,13,source_patient
B_p105040,B,False,False,False,False,False,,,39.0,0.0037363901276795545,0,34,source_patient
B_p109497,B,False,False,False,False,False,,,35.0,0.0015339054782523955,0,30,source_patient
B_p101661,B,False,False,False,False,False,,,41.0,0.009038467855626052,0,36,source_patient
B_p115514,B,False,False,False,False,False,,,48.0,0.016330792410638662,0,43,source_patient
B_p112037,B,False,False,False,False,False,,,51.0,0.004881308390404862,0,46,source_patient
B_p116844,B,False,False,False,False,False,,,40.0,0.0010256380689137286,0,35,source_patient
B_p114068,B,False,False,False,False,False,,,55.0,0.006262109753953061,0,50,source_patient
B_p118846,B,False,False,False,False,False,,,25.0,0.006378302750513225,0,20,source_patient
B_p114971,B,False,False,False,False,False,,,23.0,0.01076339399837382,0,18,source_patient
B_p101002,B,False,False,False,False,False,,,54.0,0.01291099390174635,0,49,source_patient
B_p117534,B,True,True,True,False,True,12.0,181.0,184.0,0.30528295339600475,0,0,source_patient
B_p109508,B,False,False,False,False,False,,,39.0,0.014515779353073579,0,34,source_patient
B_p104078,B,False,False,False,False,False,,,20.0,0.0073050084239188965,0,15,source_patient
B_p115665,B,False,False,False,False,False,,,23.0,0.004171250926759499,0,18,source_patient
B_p114638,B,True,False,False,False,False,,18.0,21.0,0.00037064404493186286,0,0,source_patient
B_p115779,B,False,False,False,False,False,,,38.0,0.001589703087675959,0,33,source_patient
B_p112563,B,False,False,False,False,False,,,48.0,0.007391565671386786,0,43,source_patient
B_p111442,B,False,False,False,False,False,,,17.0,0.0028346125190324947,0,12,source_patient
B_p107463,B,False,False,False,False,False,,,34.0,0.0022460263313643274,0,29,source_patient
B_p101617,B,False,False,False,False,False,,,10.0,0.009723752503903718,0,5,source_patient
B_p104319,B,False,False,False,False,False,,,25.0,0.0025278820771062506,0,20,source_patient
B_p115625,B,True,False,False,False,False,,19.0,22.0,0.010015874964064428,0,0,source_patient
B_p104011,B,False,False,False,False,False,,,44.0,0.0014819076042123947,0,39,source_patient
B_p109397,B,False,False,False,False,False,,,17.0,0.0010914296521891817,0,12,source_patient
B_p114754,B,False,True,False,False,False,19.0,,46.0,0.06169814564502944,7,41,source_patient
B_p113527,B,False,False,False,False,False,,,51.0,0.005872006174528444,0,46,source_patient
B_p117249,B,False,False,False,False,False,,,31.0,0.0024998878550654747,0,26,source_patient
B_p117935,B,False,False,False,False,False,,,43.0,0.0035893145827750805,0,38,source_patient
B_p106576,B,False,False,False,False,False,,,39.0,0.005184708270473216,0,34,source_patient
B_p101415,B,False,False,False,False,False,,,40.0,0.0025921857643083747,0,35,source_patient
B_p117604,B,False,False,False,False,False,,,45.0,0.004500877566044286,0,40,source_patient
B_p109801,B,False,False,False,False,False,,,23.0,0.007665339538665717,0,18,source_patient
B_p112128,B,False,True,False,False,False,11.0,,18.0,0.028911482143227193,3,13,source_patient
B_p102104,B,False,False,False,False,False,,,41.0,0.0018522111520014057,0,36,source_patient
B_p101802,B,False,False,False,False,False,,,36.0,0.001324836299926671,0,31,source_patient
B_p116815,B,False,False,False,False,False,,,22.0,0.00039211185073932187,0,17,source_patient
B_p109779,B,False,False,False,False,False,,,52.0,0.011687444139218345,0,47,source_patient
B_p105022,B,False,False,False,False,False,,,42.0,0.007301755542623207,0,37,source_patient
B_p113707,B,False,False,False,False,False,,,21.0,0.0015588357159702442,0,16,source_patient
B_p117710,B,False,False,False,False,False,,,38.0,0.0006236590363207652,0,33,source_patient
B_p113983,B,False,False,False,False,False,,,22.0,0.002207321609787765,0,17,source_patient
B_p103714,B,False,False,False,False,False,,,27.0,0.0006227908390909453,0,22,source_patient
B_p119109,B,True,True,True,False,True,57.0,65.0,68.0,0.5792849147623236,0,0,source_patient
B_p109803,B,False,False,False,False,False,,,45.0,0.0037487353675631947,0,40,source_patient
B_p102603,B,False,False,False,False,False,,,53.0,0.004561489056825452,0,48,source_patient
B_p100873,B,False,False,False,False,False,,,58.0,0.006602944427579477,0,53,source_patient
B_p111588,B,False,False,False,False,False,,,10.0,0.0012718543859630157,0,5,source_patient
B_p118936,B,False,False,False,False,False,,,22.0,0.001551281816071289,0,17,source_patient
B_p105340,B,False,False,False,False,False,,,23.0,0.009577851748864125,0,18,source_patient
B_p100395,B,False,False,False,False,False,,,39.0,0.009120034210013676,0,34,source_patient
B_p119483,B,False,False,False,False,False,,,43.0,0.0020119524991641237,0,38,source_patient
B_p101840,B,False,False,False,False,False,,,33.0,0.007258454456603609,0,28,source_patient
B_p115219,B,False,True,False,False,False,14.0,,38.0,0.11191530040084376,6,33,source_patient
B_p113918,B,False,True,False,False,False,8.0,,50.0,0.07169064866787217,20,45,source_patient
B_p104807,B,False,False,False,False,False,,,40.0,0.0015313108147965997,0,35,source_patient
B_p116220,B,False,False,False,False,False,,,50.0,0.009699047933579466,0,45,source_patient
B_p110902,B,False,True,False,False,False,60.0,,65.0,0.041812216682715925,5,60,source_patient
B_p100905,B,False,False,False,False,False,,,49.0,0.0035022950729047294,0,44,source_patient
B_p111488,B,False,True,False,False,False,12.0,,36.0,0.07442712709503252,16,31,source_patient
B_p100854,B,False,False,False,False,False,,,16.0,0.0004390210617705535,0,11,source_patient
B_p113995,B,False,False,False,False,False,,,30.0,0.0018239045390226847,0,25,source_patient
B_p112903,B,False,False,False,False,False,,,37.0,0.005088358389652097,0,32,source_patient
B_p103302,B,False,False,False,False,False,,,38.0,0.0018467791042783078,0,33,source_patient
B_p101998,B,False,False,False,False,False,,,19.0,0.005117394096339835,0,14,source_patient
B_p108870,B,False,False,False,False,False,,,50.0,0.01642893395211731,0,45,source_patient
B_p116165,B,False,False,False,False,False,,,58.0,0.011736965457766734,0,53,source_patient
B_p106837,B,False,False,False,False,False,,,53.0,0.00589997010955573,0,48,source_patient
B_p102189,B,False,False,False,False,False,,,49.0,0.003323780759516068,0,44,source_patient
B_p104923,B,False,False,False,False,False,,,47.0,0.0050316400865104425,0,42,source_patient
B_p105263,B,False,False,False,False,False,,,42.0,0.0026097328952627485,0,37,source_patient
B_p104578,B,False,False,False,False,False,,,46.0,0.014868714827393104,0,41,source_patient
B_p109577,B,False,False,False,False,False,,,19.0,0.00039240596541955015,0,14,source_patient
B_p103811,B,False,False,False,False,False,,,25.0,0.0027846104533222407,0,20,source_patient
B_p113593,B,False,False,False,False,False,,,21.0,0.0026677702902901143,0,16,source_patient
B_p104382,B,False,False,False,False,False,,,21.0,0.0028904760096158106,0,16,source_patient
B_p100495,B,False,False,False,False,False,,,23.0,0.004128729924059807,0,18,source_patient
B_p103829,B,False,False,False,False,False,,,53.0,0.01346023389408658,0,48,source_patient
B_p102595,B,False,False,False,False,False,,,23.0,0.002712610742968407,0,18,source_patient
B_p110881,B,True,True,True,False,True,61.0,170.0,172.0,0.24878099901844222,0,0,source_patient
B_p114839,B,False,False,False,False,False,,,17.0,0.002004854191873288,0,12,source_patient
B_p116684,B,False,False,False,False,False,,,41.0,0.0021879008381954714,0,36,source_patient
B_p104234,B,False,False,False,False,False,,,42.0,0.0013581330580278521,0,37,source_patient
B_p114097,B,False,False,False,False,False,,,40.0,0.002817846765704724,0,35,source_patient
B_p102165,B,False,False,False,False,False,,,12.0,0.0017348689268884953,0,7,source_patient
B_p109080,B,True,True,True,False,True,69.0,145.0,148.0,0.12071366753529968,0,0,source_patient
B_p103349,B,False,False,False,False,False,,,57.0,0.011200804390254813,0,52,source_patient
B_p104690,B,False,False,False,False,False,,,51.0,0.019560765347154948,0,46,source_patient
B_p112505,B,False,False,False,False,False,,,37.0,0.0006422328488997379,0,32,source_patient
B_p103203,B,False,False,False,False,False,,,21.0,0.0007316913777199265,0,16,source_patient
B_p113420,B,False,False,False,False,False,,,21.0,0.00048210625367645825,0,16,source_patient
B_p109621,B,False,False,False,False,False,,,21.0,0.001425429555089696,0,16,source_patient
B_p109495,B,False,False,False,False,False,,,30.0,0.003672623562954171,0,25,source_patient
B_p114177,B,False,False,False,False,False,,,15.0,0.001573022976240447,0,10,source_patient
B_p101365,B,False,False,False,False,False,,,18.0,0.0028846573267636037,0,13,source_patient
B_p114981,B,False,False,False,False,False,,,54.0,0.0065150806432157414,0,49,source_patient
B_p114817,B,False,False,False,False,False,,,56.0,0.008165366860685799,0,51,source_patient
B_p101571,B,False,False,False,False,False,,,34.0,0.010618560447572676,0,29,source_patient
B_p102090,B,False,True,False,False,False,57.0,,58.0,0.027604830516503913,1,53,source_patient
B_p103364,B,False,False,False,False,False,,,20.0,0.001107507849899169,0,15,source_patient
B_p103481,B,False,False,False,False,False,,,19.0,0.0012847661773707551,0,14,source_patient
B_p103800,B,False,False,False,False,False,,,38.0,0.001162218998241151,0,33,source_patient
B_p112389,B,False,True,False,False,False,47.0,,49.0,0.03137590177234732,2,44,source_patient
B_p100264,B,False,False,False,False,False,,,28.0,0.004406509263463043,0,23,source_patient
B_p117629,B,False,False,False,False,False,,,18.0,0.0031075468889086313,0,13,source_patient
B_p105813,B,False,True,False,False,False,46.0,,46.0,0.027616522278362615,1,41,source_patient
B_p101964,B,False,False,False,False,False,,,26.0,0.015113989456574157,0,21,source_patient
B_p109835,B,False,False,False,False,False,,,39.0,0.0014580691680416214,0,34,source_patient
B_p111659,B,False,False,False,False,False,,,34.0,0.004048570025577092,0,29,source_patient
B_p102876,B,False,False,False,False,False,,,35.0,0.0032855647563606507,0,30,source_patient
B_p110910,B,False,False,False,False,False,,,20.0,0.0016590826362356946,0,15,source_patient
B_p103868,B,False,False,False,False,False,,,22.0,0.0014052062612164781,0,17,source_patient
B_p118601,B,False,False,False,False,False,,,25.0,0.006974940824518585,0,20,source_patient
B_p115477,B,False,False,False,False,False,,,37.0,0.00604928317678065,0,32,source_patient
B_p100820,B,False,True,False,False,False,53.0,,58.0,0.06012996291972925,6,53,source_patient
B_p105664,B,False,False,False,False,False,,,37.0,0.0038440958982447434,0,32,source_patient
B_p118235,B,False,True,False,False,False,11.0,,22.0,0.09361480728599081,12,17,source_patient
B_p106137,B,False,False,False,False,False,,,13.0,0.0018705426213848739,0,8,source_patient
B_p111266,B,False,False,False,False,False,,,45.0,0.006045931881186929,0,40,source_patient
B_p111927,B,False,False,False,False,False,,,44.0,0.007470707877089426,0,39,source_patient
B_p115452,B,False,False,False,False,False,,,22.0,0.001895059500247744,0,17,source_patient
B_p109253,B,False,False,False,False,False,,,38.0,0.005196048485744805,0,33,source_patient
B_p105027,B,False,False,False,False,False,,,37.0,0.014725524834207714,0,32,source_patient
B_p116960,B,False,False,False,False,False,,,46.0,0.007932814388632109,0,41,source_patient
B_p101855,B,False,False,False,False,False,,,44.0,0.003866689123608948,0,39,source_patient
B_p106007,B,False,True,False,False,False,9.0,,45.0,0.05855943939744508,5,40,source_patient
B_p105503,B,False,False,False,False,False,,,18.0,0.003872936915324531,0,13,source_patient
B_p105738,B,False,False,False,False,False,,,34.0,0.004127000511721728,0,29,source_patient
B_p101821,B,False,False,False,False,False,,,39.0,0.0017050303805951927,0,34,source_patient
B_p113001,B,False,False,False,False,False,,,47.0,0.013616438435062722,0,42,source_patient
B_p118695,B,False,False,False,False,False,,,51.0,0.011569837447736745,0,46,source_patient
B_p104777,B,False,False,False,False,False,,,45.0,0.014062519211902534,0,40,source_patient
B_p101169,B,False,False,False,False,False,,,19.0,0.0022854372497088733,0,14,source_patient
B_p111703,B,False,False,False,False,False,,,25.0,0.005222458295385553,0,20,source_patient
B_p108350,B,False,False,False,False,False,,,41.0,0.0015348654656971614,0,36,source_patient
B_p104723,B,False,False,False,False,False,,,45.0,0.0029793291069485674,0,40,source_patient
B_p110999,B,False,False,False,False,False,,,41.0,0.0035563395303256974,0,36,source_patient
B_p112850,B,False,False,False,False,False,,,20.0,0.0012967385730513594,0,15,source_patient
B_p100253,B,False,False,False,False,False,,,20.0,0.0027500166372398647,0,15,source_patient
B_p108525,B,False,False,False,False,False,,,26.0,0.001379764548711021,0,21,source_patient
B_p108212,B,False,True,False,False,False,34.0,,44.0,0.16439707625976974,4,39,source_patient
B_p110060,B,False,False,False,False,False,,,16.0,0.009213350385261138,0,11,source_patient
B_p102108,B,False,False,False,False,False,,,38.0,0.0027321809646263864,0,33,source_patient
B_p119797,B,False,False,False,False,False,,,38.0,0.010768096771516168,0,33,source_patient
B_p118925,B,False,False,False,False,False,,,38.0,0.011260923454347144,0,33,source_patient
B_p107130,B,False,False,False,False,False,,,37.0,0.0016484072349364721,0,32,source_patient
B_p102062,B,False,False,False,False,False,,,46.0,0.006860191246633112,0,41,source_patient
B_p108308,B,False,False,False,False,False,,,43.0,0.01107947838068332,0,38,source_patient
B_p102605,B,False,False,False,False,False,,,37.0,0.003236552844050227,0,32,source_patient
B_p114876,B,False,False,False,False,False,,,33.0,0.003742112888211396,0,28,source_patient
B_p117879,B,False,False,False,False,False,,,47.0,0.003355251777996687,0,42,source_patient
B_p113921,B,False,False,False,False,False,,,32.0,0.0007098901094677576,0,27,source_patient
B_p101432,B,False,False,False,False,False,,,28.0,0.012763158438603582,0,23,source_patient
B_p119435,B,False,False,False,False,False,,,15.0,0.005342238093730104,0,10,source_patient
B_p105007,B,False,False,False,False,False,,,19.0,0.0024073265713223453,0,14,source_patient
B_p101762,B,False,False,False,False,False,,,23.0,0.0022397238371700003,0,18,source_patient
B_p110684,B,False,False,False,False,False,,,30.0,0.002871114239293727,0,25,source_patient
B_p100658,B,True,True,True,False,True,48.0,107.0,109.0,0.18345265758959212,0,0,source_patient
B_p106339,B,False,False,False,False,False,,,25.0,0.012400143775218097,0,20,source_patient
B_p101476,B,False,False,False,False,False,,,46.0,0.0017014135613233005,0,41,source_patient
B_p115508,B,False,False,False,False,False,,,44.0,0.007636323256049335,0,39,source_patient
B_p108281,B,False,False,False,False,False,,,54.0,0.015239247718711147,0,49,source_patient
B_p109543,B,False,False,False,False,False,,,31.0,0.020182457240269316,0,26,source_patient
B_p105272,B,False,False,False,False,False,,,38.0,0.00812988552619303,0,33,source_patient
B_p100800,B,False,False,False,False,False,,,42.0,0.000989897155578389,0,37,source_patient
B_p107116,B,False,False,False,False,False,,,28.0,0.0023987609967441653,0,23,source_patient
B_p114315,B,True,True,True,False,True,77.0,87.0,90.0,0.27055748661242596,0,0,source_patient
B_p102887,B,False,False,False,False,False,,,28.0,0.0027676003211542914,0,23,source_patient
B_p118342,B,False,False,False,False,False,,,15.0,0.000488616440204361,0,10,source_patient
B_p116545,B,False,False,False,False,False,,,36.0,0.002155032572928779,0,31,source_patient
B_p101022,B,False,False,False,False,False,,,40.0,0.011021079889171694,0,35,source_patient
B_p118165,B,False,False,False,False,False,,,50.0,0.004826133491140338,0,45,source_patient
B_p113514,B,False,False,False,False,False,,,39.0,0.005111675653205767,0,34,source_patient
B_p117725,B,False,True,False,False,False,11.0,,48.0,0.09550460330615332,5,43,source_patient
B_p107475,B,False,True,False,False,False,9.0,,57.0,0.14844118249368174,49,52,source_patient
B_p101639,B,False,False,False,False,False,,,20.0,0.0012612352187421074,0,15,source_patient
B_p114375,B,False,False,False,False,False,,,41.0,0.0023887081070163084,0,36,source_patient
B_p107229,B,False,True,False,False,False,10.0,,42.0,0.3576990876170769,17,37,source_patient
B_p105236,B,False,False,False,False,False,,,24.0,0.0010432068183818541,0,19,source_patient
B_p107666,B,False,False,False,False,False,,,20.0,0.00916974925739345,0,15,source_patient
B_p110847,B,False,False,False,False,False,,,22.0,0.0027400142747221246,0,17,source_patient
B_p111409,B,False,False,False,False,False,,,38.0,0.00590681186178458,0,33,source_patient
B_p109286,B,False,False,False,False,False,,,36.0,0.002113102648593689,0,31,source_patient
B_p118810,B,False,False,False,False,False,,,18.0,0.003506059192412362,0,13,source_patient
B_p108577,B,False,True,False,False,False,13.0,,55.0,0.05968968336368672,16,50,source_patient
B_p111417,B,True,False,False,False,False,,15.0,18.0,0.005731367716240272,0,0,source_patient
B_p106163,B,False,False,False,False,False,,,53.0,0.007594476145613288,0,48,source_patient
B_p108519,B,False,True,False,False,False,43.0,,59.0,0.4769145682199586,17,54,source_patient
B_p102952,B,False,False,False,False,False,,,44.0,0.013633533429626638,0,39,source_patient
B_p110010,B,False,False,False,False,False,,,23.0,0.00277552744041045,0,18,source_patient
B_p107919,B,False,False,False,False,False,,,28.0,0.0029248526600127197,0,23,source_patient
B_p118123,B,False,False,False,False,False,,,36.0,0.008855464166169955,0,31,source_patient
B_p108185,B,False,False,False,False,False,,,27.0,0.002084233730238496,0,22,source_patient
B_p102166,B,False,False,False,False,False,,,11.0,0.0056306186877444035,0,6,source_patient
B_p111781,B,False,False,False,False,False,,,47.0,0.015106077958773185,0,42,source_patient
B_p102239,B,False,False,False,False,False,,,45.0,0.0225026567615672,0,40,source_patient
B_p111202,B,False,True,False,False,False,40.0,,44.0,0.042760072745318636,5,39,source_patient
B_p114025,B,False,False,False,False,False,,,10.0,0.0019770653752481677,0,5,source_patient
B_p110206,B,False,False,False,False,False,,,57.0,0.021451908708537273,0,52,source_patient
B_p107131,B,False,True,False,False,False,46.0,,57.0,0.0994976196232997,12,52,source_patient
B_p116388,B,False,False,False,False,False,,,26.0,0.0018497508454127759,0,21,source_patient
B_p104391,B,False,False,False,False,False,,,36.0,0.0026495031569158775,0,31,source_patient
B_p108187,B,False,False,False,False,False,,,21.0,0.0008365140905417769,0,16,source_patient
B_p115303,B,False,False,False,False,False,,,45.0,0.01250974738958351,0,40,source_patient
B_p104373,B,False,False,False,False,False,,,44.0,0.007875457157759794,0,39,source_patient
B_p110033,B,True,True,True,False,True,64.0,103.0,105.0,0.5338671904563984,0,0,source_patient
B_p110567,B,False,False,False,False,False,,,51.0,0.005301437764342235,0,46,source_patient
B_p119853,B,False,False,False,False,False,,,58.0,0.009839016129302366,0,53,source_patient
B_p111011,B,False,False,False,False,False,,,41.0,0.001980868217094568,0,36,source_patient
B_p111680,B,False,False,False,False,False,,,25.0,0.0032632506142191934,0,20,source_patient
B_p112487,B,False,True,False,False,False,11.0,,49.0,0.037872735528707305,1,44,source_patient
B_p113375,B,False,True,False,False,False,12.0,,37.0,0.07231524960539917,25,32,source_patient
B_p109376,B,False,False,False,False,False,,,41.0,0.0012314160335715587,0,36,source_patient
B_p108853,B,False,False,False,False,False,,,23.0,0.002192120205262341,0,18,source_patient
B_p106414,B,False,False,False,False,False,,,56.0,0.008617036796276687,0,51,source_patient
B_p107688,B,False,True,False,False,False,15.0,,58.0,0.0768846226676897,7,53,source_patient
B_p105428,B,False,False,False,False,False,,,48.0,0.004456439072139542,0,43,source_patient
B_p118608,B,False,False,False,False,False,,,59.0,0.005393745098076436,0,54,source_patient
B_p119431,B,False,False,False,False,False,,,21.0,0.0006354664429614064,0,16,source_patient
B_p111893,B,False,True,False,False,False,49.0,,63.0,0.09452578264568491,11,58,source_patient
B_p117612,B,False,False,False,False,False,,,41.0,0.0043991170231310085,0,36,source_patient
B_p104525,B,False,False,False,False,False,,,12.0,0.003904792621628882,0,7,source_patient
B_p104135,B,False,False,False,False,False,,,43.0,0.00381758341604419,0,38,source_patient
B_p106164,B,False,False,False,False,False,,,12.0,0.001170880363730097,0,7,source_patient
B_p119106,B,False,False,False,False,False,,,24.0,0.0009204150041787413,0,19,source_patient
B_p112628,B,False,False,False,False,False,,,18.0,0.002706230614342005,0,13,source_patient
B_p117395,B,False,False,False,False,False,,,49.0,0.02056122206724601,0,44,source_patient
B_p114792,B,False,False,False,False,False,,,48.0,0.005222082941075323,0,43,source_patient
B_p103971,B,False,False,False,False,False,,,48.0,0.003258605611287276,0,43,source_patient
B_p107902,B,False,False,False,False,False,,,16.0,0.0009957848578446553,0,11,source_patient
B_p113181,B,False,False,False,False,False,,,41.0,0.0025294182507474687,0,36,source_patient
B_p106012,B,False,False,False,False,False,,,33.0,0.001990049402334839,0,28,source_patient
B_p106484,B,False,True,False,False,False,11.0,,48.0,0.03404987058993444,3,43,source_patient
B_p107794,B,False,False,False,False,False,,,48.0,0.004035905319400333,0,43,source_patient
B_p116647,B,False,False,False,False,False,,,21.0,0.009601887054930917,0,16,source_patient
B_p118589,B,False,False,False,False,False,,,46.0,0.009765368615198815,0,41,source_patient
B_p110052,B,False,False,False,False,False,,,19.0,0.0005931253592088299,0,14,source_patient
B_p107242,B,False,False,False,False,False,,,23.0,0.011072213214972506,0,18,source_patient
B_p108784,B,False,False,False,False,False,,,22.0,0.0015445654796208362,0,17,source_patient
B_p113333,B,False,False,False,False,False,,,18.0,0.003230333993043834,0,13,source_patient
B_p118560,B,False,False,False,False,False,,,43.0,0.012156998888983592,0,38,source_patient
B_p108654,B,False,False,False,False,False,,,52.0,0.005653025096277624,0,47,source_patient
B_p115680,B,False,False,False,False,False,,,34.0,0.008562756800746597,0,29,source_patient
B_p108244,B,False,False,False,False,False,,,36.0,0.003035210359499756,0,31,source_patient
B_p119710,B,False,False,False,False,False,,,21.0,0.00048553826152426653,0,16,source_patient
B_p118455,B,False,False,False,False,False,,,31.0,0.007764413605488349,0,26,source_patient
B_p118006,B,False,False,False,False,False,,,52.0,0.019172019897194123,0,47,source_patient
B_p103780,B,False,False,False,False,False,,,21.0,0.004791422661518581,0,16,source_patient
B_p114653,B,False,False,False,False,False,,,19.0,0.004073496665132128,0,14,source_patient
B_p101443,B,False,False,False,False,False,,,24.0,0.0026185918333595576,0,19,source_patient
B_p107021,B,True,False,False,False,False,,64.0,67.0,0.02371663761826213,0,0,source_patient
B_p106959,B,False,False,False,False,False,,,39.0,0.0034903353157501394,0,34,source_patient
B_p105917,B,False,False,False,False,False,,,41.0,0.0015608150710220627,0,36,source_patient
B_p110466,B,False,False,False,False,False,,,13.0,0.002323705391611963,0,8,source_patient
B_p100898,B,False,False,False,False,False,,,35.0,0.0017379296287360904,0,30,source_patient
B_p103519,B,False,False,False,False,False,,,18.0,0.002123708474844213,0,13,source_patient
B_p102357,B,False,False,False,False,False,,,39.0,0.002320705595452203,0,34,source_patient
B_p102138,B,False,False,False,False,False,,,40.0,0.0023071630878589706,0,35,source_patient
B_p110900,B,False,False,False,False,False,,,43.0,0.012563339947125975,0,38,source_patient
B_p112817,B,False,True,False,False,False,18.0,,36.0,0.030370133028566684,2,31,source_patient
B_p116322,B,True,True,True,False,True,51.0,309.0,312.0,0.7375193704561633,0,0,source_patient
B_p111182,B,False,True,False,False,False,8.0,,233.0,0.7597519502676353,189,228,source_patient
B_p107976,B,False,False,False,False,False,,,46.0,0.005436493349351208,0,41,source_patient
B_p113077,B,False,False,False,False,False,,,20.0,0.005775176394509391,0,15,source_patient
B_p118425,B,False,False,False,False,False,,,40.0,0.002334394919670661,0,35,source_patient
B_p102705,B,False,False,False,False,False,,,18.0,0.0005939842431235789,0,13,source_patient
B_p109183,B,False,True,False,False,False,11.0,,31.0,0.04806557503860355,8,26,source_patient
B_p118616,B,False,False,False,False,False,,,14.0,0.0012773473496056895,0,9,source_patient
B_p103214,B,False,False,False,False,False,,,59.0,0.021064933296256708,0,54,source_patient
B_p111670,B,False,False,False,False,False,,,36.0,0.0026523805535910313,0,31,source_patient
B_p117602,B,False,True,False,False,False,16.0,,59.0,0.05955646106621535,13,54,source_patient
B_p118930,B,False,False,False,False,False,,,19.0,0.008511182803467673,0,14,source_patient
B_p114725,B,False,False,False,False,False,,,45.0,0.003040268635957446,0,40,source_patient
B_p119102,B,False,True,False,False,False,12.0,,22.0,0.03851435362260282,5,17,source_patient
B_p119084,B,False,True,False,False,False,43.0,,96.0,0.07034526302445801,12,91,source_patient
B_p101503,B,False,False,False,False,False,,,19.0,0.005661724320811429,0,14,source_patient
B_p113139,B,False,False,False,False,False,,,15.0,0.0031987421511850576,0,10,source_patient
B_p100611,B,False,False,False,False,False,,,31.0,0.0008080416964855782,0,26,source_patient
B_p101744,B,False,False,False,False,False,,,42.0,0.0056021927172008575,0,37,source_patient
B_p104321,B,False,True,False,False,False,15.0,,58.0,0.08643051416237323,13,53,source_patient
B_p117474,B,False,False,False,False,False,,,36.0,0.00163635473077614,0,31,source_patient
B_p103120,B,False,False,False,False,False,,,36.0,0.0019142489258780076,0,31,source_patient
B_p107935,B,False,False,False,False,False,,,54.0,0.006211040360568575,0,49,source_patient
B_p103253,B,False,True,False,False,False,19.0,,26.0,0.03320918832395286,1,21,source_patient
B_p114067,B,False,False,False,False,False,,,39.0,0.007168326233474596,0,34,source_patient
B_p106079,B,False,True,False,False,False,27.0,,44.0,0.026156146014916535,1,39,source_patient
B_p112620,B,False,False,False,False,False,,,30.0,0.0011298176143469437,0,25,source_patient
B_p102612,B,False,False,False,False,False,,,39.0,0.0017472781499042879,0,34,source_patient
B_p114212,B,False,False,False,False,False,,,43.0,0.005239449624785959,0,38,source_patient
B_p107321,B,False,False,False,False,False,,,48.0,0.006647408045210488,0,43,source_patient
B_p105512,B,False,False,False,False,False,,,55.0,0.012554173467905237,0,50,source_patient
B_p118470,B,False,False,False,False,False,,,44.0,0.0051109771943592865,0,39,source_patient
B_p113781,B,False,True,False,False,False,12.0,,57.0,0.06080636185925384,15,52,source_patient
B_p108170,B,False,False,False,False,False,,,19.0,0.00472126893272047,0,14,source_patient
B_p105906,B,False,False,False,False,False,,,19.0,0.004080607957312346,0,14,source_patient
B_p117409,B,False,False,False,False,False,,,39.0,0.010857844158465912,0,34,source_patient
B_p102891,B,False,False,False,False,False,,,42.0,0.014923899099543576,0,37,source_patient
B_p119991,B,False,False,False,False,False,,,25.0,0.0015079894821459772,0,20,source_patient
B_p101525,B,False,False,False,False,False,,,28.0,0.004509613556975857,0,23,source_patient
B_p109618,B,False,False,False,False,False,,,21.0,0.0006996384966036206,0,16,source_patient
B_p103935,B,False,False,False,False,False,,,22.0,0.002872282648735126,0,17,source_patient
B_p117851,B,False,False,False,False,False,,,51.0,0.011995914470000327,0,46,source_patient
B_p106059,B,False,False,False,False,False,,,46.0,0.005187492017909535,0,41,source_patient
B_p100369,B,False,False,False,False,False,,,49.0,0.018046132029915857,0,44,source_patient
B_p110114,B,False,True,False,False,False,45.0,,48.0,0.036109657808805005,4,43,source_patient
B_p115212,B,False,False,False,False,False,,,58.0,0.006671502266910581,0,53,source_patient
B_p119486,B,False,False,False,False,False,,,19.0,0.021964347245288396,0,14,source_patient
B_p110482,B,False,False,False,False,False,,,46.0,0.003601146104771,0,41,source_patient
B_p101819,B,False,False,False,False,False,,,40.0,0.009955328140964411,0,35,source_patient
B_p113221,B,False,False,False,False,False,,,53.0,0.0020046343832604363,0,48,source_patient
B_p118106,B,False,False,False,False,False,,,35.0,0.001420415074593115,0,30,source_patient
B_p113076,B,False,False,False,False,False,,,39.0,0.002080538741024133,0,34,source_patient
B_p110273,B,False,False,False,False,False,,,46.0,0.001277621659987489,0,41,source_patient
B_p113179,B,False,True,False,False,False,36.0,,44.0,0.04566959848491968,4,39,source_patient
B_p100422,B,False,False,False,False,False,,,40.0,0.0011747224670456075,0,35,source_patient
B_p109566,B,False,False,False,False,False,,,27.0,0.005173963543643394,0,22,source_patient
B_p106633,B,False,False,False,False,False,,,54.0,0.006513416416623432,0,49,source_patient
B_p117380,B,False,False,False,False,False,,,20.0,0.0032325977645711107,0,15,source_patient
B_p116702,B,False,False,False,False,False,,,47.0,0.0013506200992288377,0,42,source_patient
B_p118662,B,False,False,False,False,False,,,55.0,0.003126435680169753,0,50,source_patient
B_p118778,B,False,False,False,False,False,,,41.0,0.008990037259834677,0,36,source_patient
B_p107932,B,False,False,False,False,False,,,37.0,0.01455443703584558,0,32,source_patient
B_p106196,B,False,False,False,False,False,,,43.0,0.0020977839431760396,0,38,source_patient
B_p104118,B,False,False,False,False,False,,,18.0,0.0018684003377694104,0,13,source_patient
B_p100172,B,False,False,False,False,False,,,54.0,0.018949824352632098,0,49,source_patient
B_p103433,B,False,False,False,False,False,,,42.0,0.008370494187307741,0,37,source_patient
B_p103093,B,False,False,False,False,False,,,35.0,0.00808142701662221,0,30,source_patient
B_p102151,B,False,False,False,False,False,,,38.0,0.003062447229084358,0,33,source_patient
B_p101781,B,False,True,False,False,False,58.0,,58.0,0.06097069593611569,1,53,source_patient
B_p107177,B,False,False,False,False,False,,,52.0,0.014935119392109975,0,47,source_patient
B_p107141,B,False,False,False,False,False,,,39.0,0.0010917532243207135,0,34,source_patient
B_p106428,B,False,False,False,False,False,,,32.0,0.009281052297787331,0,27,source_patient
B_p109161,B,False,False,False,False,False,,,38.0,0.017250033742638036,0,33,source_patient
B_p105981,B,False,False,False,False,False,,,20.0,0.0009976808677684666,0,15,source_patient
B_p100068,B,True,True,True,False,True,60.0,101.0,104.0,0.1343408266190786,0,0,source_patient
B_p112090,B,False,False,False,False,False,,,45.0,0.009808893463075409,0,40,source_patient
B_p114594,B,False,False,False,False,False,,,25.0,0.003145916110649293,0,20,source_patient
B_p117653,B,False,False,False,False,False,,,25.0,0.01893840784820642,0,20,source_patient
B_p109946,B,False,False,False,False,False,,,18.0,0.0013249913901377782,0,13,source_patient
B_p116777,B,False,False,False,False,False,,,55.0,0.007178082320416464,0,50,source_patient
B_p115810,B,False,False,False,False,False,,,59.0,0.003108824898063844,0,54,source_patient
B_p106323,B,False,False,False,False,False,,,18.0,0.0018730839757634446,0,13,source_patient
B_p119110,B,False,False,False,False,False,,,38.0,0.004559514705261731,0,33,source_patient
B_p101180,B,False,False,False,False,False,,,28.0,0.01486135658640628,0,23,source_patient
B_p102722,B,False,False,False,False,False,,,34.0,0.003925321365643495,0,29,source_patient
B_p100359,B,False,False,False,False,False,,,30.0,0.006752375546445843,0,25,source_patient
B_p104296,B,False,False,False,False,False,,,39.0,0.005271159546056783,0,34,source_patient
B_p113571,B,False,False,False,False,False,,,21.0,0.002976129934324643,0,16,source_patient
B_p102758,B,False,False,False,False,False,,,17.0,0.004700708158401765,0,12,source_patient
B_p111395,B,False,False,False,False,False,,,29.0,0.0018715423068679314,0,24,source_patient
B_p116036,B,False,False,False,False,False,,,29.0,0.018676353490125336,0,24,source_patient
B_p105905,B,True,False,False,False,False,,16.0,19.0,0.001001216428162386,0,0,source_patient
B_p111288,B,False,True,False,False,False,54.0,,58.0,0.025090285485387095,2,53,source_patient
B_p108733,B,False,False,False,False,False,,,44.0,0.002712724379535152,0,39,source_patient
B_p111218,B,False,True,False,False,False,11.0,,57.0,0.10175489854354278,26,52,source_patient
B_p112455,B,False,False,False,False,False,,,45.0,0.004769822835793678,0,40,source_patient
B_p113765,B,False,False,False,False,False,,,40.0,0.008252776783031488,0,35,source_patient
B_p116992,B,False,False,False,False,False,,,20.0,0.008316153853395607,0,15,source_patient
B_p114936,B,False,False,False,False,False,,,35.0,0.0009466824482490431,0,30,source_patient
B_p116402,B,False,False,False,False,False,,,44.0,0.0073889183083697945,0,39,source_patient
B_p102023,B,False,False,False,False,False,,,14.0,0.0012193346131987293,0,9,source_patient
B_p102997,B,False,False,False,False,False,,,43.0,0.009274029369191004,0,38,source_patient
B_p110851,B,False,False,False,False,False,,,43.0,0.003654125255918533,0,38,source_patient
B_p105904,B,False,False,False,False,False,,,36.0,0.0017438213383122983,0,31,source_patient
B_p116824,B,False,False,False,False,False,,,11.0,0.013360995561166107,0,6,source_patient
B_p108576,B,False,False,False,False,False,,,16.0,0.002218736823795339,0,11,source_patient
B_p113020,B,False,False,False,False,False,,,56.0,0.005365856479972849,0,51,source_patient
B_p107486,B,False,False,False,False,False,,,52.0,0.003491447425444656,0,47,source_patient
B_p108587,B,False,False,False,False,False,,,37.0,0.0027347338679027024,0,32,source_patient
B_p118382,B,False,False,False,False,False,,,19.0,0.0024299173147336777,0,14,source_patient
B_p113451,B,False,False,False,False,False,,,19.0,0.013728760205432622,0,14,source_patient
B_p105945,B,False,False,False,False,False,,,19.0,0.0011344651678068785,0,14,source_patient
B_p100440,B,False,False,False,False,False,,,17.0,0.0016276207830773857,0,12,source_patient
B_p102674,B,False,False,False,False,False,,,23.0,0.003269123508641304,0,18,source_patient
B_p118350,B,False,True,False,False,False,55.0,,55.0,0.024254001031396865,1,50,source_patient
B_p114900,B,False,False,False,False,False,,,46.0,0.005776960557365652,0,41,source_patient
B_p108504,B,False,False,False,False,False,,,36.0,0.009387158298980472,0,31,source_patient
B_p101067,B,False,False,False,False,False,,,39.0,0.001946612859329603,0,34,source_patient
B_p116832,B,True,True,True,False,True,28.0,126.0,129.0,0.3834114468107718,0,0,source_patient
B_p107072,B,False,False,False,False,False,,,42.0,0.002085941618877368,0,37,source_patient
B_p109932,B,False,False,False,False,False,,,48.0,0.004703186777633684,0,41,source_patient
B_p114396,B,False,False,False,False,False,,,33.0,0.0020980048173016934,0,28,source_patient
B_p105968,B,False,True,False,False,False,48.0,,56.0,0.05784371476878953,7,51,source_patient
B_p119689,B,False,False,False,False,False,,,21.0,0.0017504641224566672,0,16,source_patient
B_p113978,B,False,False,False,False,False,,,21.0,0.006923532226454303,0,16,source_patient
B_p117558,B,False,False,False,False,False,,,46.0,0.005388901529825177,0,41,source_patient
B_p116547,B,False,True,False,False,False,10.0,,24.0,0.026586195466216985,1,19,source_patient
B_p113257,B,False,False,False,False,False,,,52.0,0.009676190595426529,0,47,source_patient
B_p113080,B,False,False,False,False,False,,,25.0,0.01131352429759892,0,20,source_patient
B_p117018,B,False,True,False,False,False,14.0,,32.0,0.027030367849475392,3,27,source_patient
B_p100397,B,False,False,False,False,False,,,48.0,0.0027872639010691263,0,43,source_patient
B_p117453,B,False,False,False,False,False,,,48.0,0.012071889461913413,0,43,source_patient
B_p114031,B,False,False,False,False,False,,,38.0,0.006096243137983137,0,33,source_patient
B_p100335,B,False,False,False,False,False,,,45.0,0.004452781009749027,0,40,source_patient
B_p110171,B,False,True,False,False,False,16.0,,37.0,0.026529289121965647,1,32,source_patient
B_p115000,B,False,False,False,False,False,,,27.0,0.003434104692918601,0,22,source_patient
B_p107430,B,False,False,False,False,False,,,40.0,0.0013361842617338141,0,35,source_patient
B_p108477,B,False,False,False,False,False,,,19.0,0.0016272901899665152,0,14,source_patient
B_p104530,B,True,True,True,False,True,13.0,246.0,248.0,0.1953241782794512,0,0,source_patient
B_p119048,B,False,False,False,False,False,,,46.0,0.014735482627026389,0,41,source_patient
B_p105851,B,False,False,False,False,False,,,13.0,0.0022264294205776676,0,8,source_patient
B_p114696,B,False,False,False,False,False,,,16.0,0.003966681742543005,0,11,source_patient
B_p105692,B,False,False,False,False,False,,,38.0,0.00100856145566914,0,33,source_patient
B_p104413,B,False,False,False,False,False,,,22.0,0.005193457932875072,0,17,source_patient
B_p107703,B,True,True,True,False,True,55.0,86.0,88.0,0.5550629023800391,0,0,source_patient
B_p116308,B,False,False,False,False,False,,,44.0,0.00225336988681643,0,39,source_patient
B_p104371,B,False,False,False,False,False,,,44.0,0.005488636138523788,0,39,source_patient
B_p112278,B,False,False,False,False,False,,,23.0,0.0062039705176419255,0,18,source_patient
B_p118007,B,False,False,False,False,False,,,23.0,0.00877841898254451,0,18,source_patient
B_p114865,B,False,False,False,False,False,,,52.0,0.003115752223097355,0,47,source_patient
B_p103975,B,False,False,False,False,False,,,17.0,0.002449110416781815,0,12,source_patient
B_p116630,B,False,False,False,False,False,,,36.0,0.002999000760711752,0,31,source_patient
B_p112151,B,False,False,False,False,False,,,51.0,0.00865718970946535,0,46,source_patient
B_p119416,B,False,False,False,False,False,,,53.0,0.018356891406137967,0,48,source_patient
B_p110858,B,False,False,False,False,False,,,49.0,0.021888720309478995,0,44,source_patient
B_p114231,B,False,False,False,False,False,,,30.0,0.0021911269264735383,0,25,source_patient
B_p115133,B,False,False,False,False,False,,,42.0,0.01183164028076527,0,37,source_patient
B_p100032,B,False,False,False,False,False,,,28.0,0.0007216821840120768,0,23,source_patient
B_p114331,B,False,False,False,False,False,,,10.0,0.0009689573193169495,0,5,source_patient
B_p100485,B,False,False,False,False,False,,,27.0,0.0104435693783373,0,22,source_patient
B_p111227,B,False,False,False,False,False,,,34.0,0.0010932368227877236,0,29,source_patient
B_p113698,B,False,False,False,False,False,,,35.0,0.005099270775473518,0,30,source_patient
B_p118967,B,False,False,False,False,False,,,37.0,0.00652287587585593,0,32,source_patient
B_p100036,B,False,False,False,False,False,,,38.0,0.003390715032282479,0,33,source_patient
B_p106599,B,False,False,False,False,False,,,45.0,0.00431701733077222,0,40,source_patient
B_p101731,B,False,True,False,False,False,26.0,,38.0,0.040469990160877684,4,33,source_patient
B_p102324,B,False,False,False,False,False,,,22.0,0.0022858712584167447,0,17,source_patient
B_p117700,B,False,True,False,False,False,9.0,,19.0,0.1435784719542306,1,14,source_patient
B_p117975,B,False,False,False,False,False,,,25.0,0.004226413952391552,0,20,source_patient
B_p110226,B,False,False,False,False,False,,,15.0,0.0023475987139372073,0,10,source_patient
B_p119998,B,False,False,False,False,False,,,49.0,0.01387851781495439,0,44,source_patient
B_p102251,B,False,False,False,False,False,,,38.0,0.0026305200405029564,0,33,source_patient
B_p119099,B,False,True,False,False,False,11.0,,40.0,0.04055636195058516,7,35,source_patient
B_p105020,B,False,False,False,False,False,,,37.0,0.0019328159630940442,0,32,source_patient
B_p102047,B,False,False,False,False,False,,,35.0,0.00208561222455142,0,30,source_patient
B_p101650,B,False,True,False,False,False,10.0,,51.0,0.03699825498773307,5,46,source_patient
B_p112763,B,True,True,True,False,True,58.0,225.0,228.0,0.8284416357437762,0,0,source_patient
B_p104432,B,False,False,False,False,False,,,44.0,0.0035256443288941616,0,39,source_patient
B_p112486,B,False,True,False,False,False,55.0,,56.0,0.024375822101522778,1,51,source_patient
B_p100795,B,False,False,False,False,False,,,24.0,0.002725773842376696,0,19,source_patient
B_p119995,B,False,False,False,False,False,,,42.0,0.005601643370975049,0,37,source_patient
B_p108554,B,False,False,False,False,False,,,20.0,0.005465482449309378,0,15,source_patient
B_p116855,B,False,False,False,False,False,,,47.0,0.005917744493051872,0,42,source_patient
B_p107159,B,False,True,False,False,False,10.0,,50.0,0.034567109113662835,3,45,source_patient
B_p106345,B,False,False,False,False,False,,,18.0,0.01622182522897028,0,13,source_patient
B_p108102,B,False,False,False,False,False,,,32.0,0.0020592129912288394,0,27,source_patient
B_p107433,B,False,False,False,False,False,,,54.0,0.00429201481442667,0,49,source_patient
B_p109609,B,False,True,False,False,False,44.0,,55.0,0.041223445991175126,3,50,source_patient
B_p115264,B,False,False,False,False,False,,,45.0,0.005492145774757366,0,40,source_patient
B_p100755,B,False,True,False,False,False,9.0,,57.0,0.12481915529370233,14,52,source_patient
B_p117597,B,False,True,False,False,False,12.0,,42.0,0.028263573730143744,1,37,source_patient
B_p114718,B,False,False,False,False,False,,,41.0,0.005487434642289022,0,36,source_patient
B_p102527,B,False,False,False,False,False,,,23.0,0.004162592763251694,0,18,source_patient
B_p113865,B,False,False,False,False,False,,,36.0,0.007518016097624681,0,31,source_patient
B_p113404,B,True,True,True,False,True,58.0,179.0,182.0,0.10916720657005419,0,0,source_patient
B_p113322,B,False,False,False,False,False,,,20.0,0.003197140166528812,0,15,source_patient
B_p103408,B,False,False,False,False,False,,,14.0,0.007045141718820146,0,9,source_patient
B_p115498,B,False,False,False,False,False,,,24.0,0.0031136296840851775,0,19,source_patient
B_p105642,B,False,False,False,False,False,,,44.0,0.0071300371499666,0,39,source_patient
B_p100126,B,False,False,False,False,False,,,31.0,0.004887899590318995,0,26,source_patient
B_p108455,B,False,True,False,False,False,23.0,,39.0,0.035306762281452915,1,34,source_patient
B_p114217,B,False,False,False,False,False,,,29.0,0.0009649671339793586,0,24,source_patient
B_p105563,B,False,False,False,False,False,,,39.0,0.0033341476327657664,0,34,source_patient
B_p105791,B,False,False,False,False,False,,,23.0,0.0030933249923690933,0,18,source_patient
B_p109705,B,False,False,False,False,False,,,32.0,0.009015834149714755,0,27,source_patient
B_p111991,B,False,False,False,False,False,,,13.0,0.002067631092940075,0,8,source_patient
B_p106407,B,False,False,False,False,False,,,50.0,0.0019162945386723227,0,45,source_patient
B_p116097,B,False,True,False,False,False,44.0,,52.0,0.05043454563280084,3,47,source_patient
B_p111487,B,False,False,False,False,False,,,29.0,0.011249923488109518,0,24,source_patient
B_p103436,B,False,False,False,False,False,,,39.0,0.004463557336617184,0,34,source_patient
B_p108960,B,False,False,False,False,False,,,53.0,0.0030262785547400337,0,48,source_patient
B_p118713,B,False,False,False,False,False,,,58.0,0.01382365980422005,0,53,source_patient
B_p110763,B,False,False,False,False,False,,,41.0,0.0013747170580816596,0,36,source_patient
B_p108720,B,False,False,False,False,False,,,43.0,0.006935705039740458,0,38,source_patient
B_p113564,B,False,False,False,False,False,,,44.0,0.002919119580304551,0,39,source_patient
B_p117379,B,False,False,False,False,False,,,40.0,0.0043679895118695945,0,35,source_patient
B_p106318,B,False,False,False,False,False,,,44.0,0.015705341365793945,0,39,source_patient
B_p115421,B,False,False,False,False,False,,,10.0,0.0011902458839491616,0,5,source_patient
B_p117196,B,False,False,False,False,False,,,56.0,0.017915316355789853,0,51,source_patient
B_p105530,B,False,False,False,False,False,,,9.0,0.013063332334518373,0,4,source_patient
B_p108754,B,False,False,False,False,False,,,49.0,0.0033572335894736104,0,44,source_patient
B_p114910,B,False,False,False,False,False,,,19.0,0.002859703111817735,0,14,source_patient
B_p102850,B,False,True,False,False,False,48.0,,53.0,0.04340921739495411,4,48,source_patient
B_p118790,B,False,False,False,False,False,,,39.0,0.0035314798691199185,0,34,source_patient
B_p107222,B,False,False,False,False,False,,,52.0,0.0067466422447951604,0,47,source_patient
B_p117215,B,False,False,False,False,False,,,26.0,0.019434489639783607,0,21,source_patient
B_p108632,B,False,False,False,False,False,,,26.0,0.0045204913074749446,0,21,source_patient
B_p113132,B,False,False,False,False,False,,,19.0,0.003976607276027191,0,14,source_patient
B_p116482,B,False,False,False,False,False,,,48.0,0.0033257537084913813,0,43,source_patient
B_p108968,B,False,False,False,False,False,,,21.0,0.0030081557536817067,0,16,source_patient
B_p119141,B,False,False,False,False,False,,,44.0,0.007971428523221158,0,39,source_patient
B_p104972,B,False,False,False,False,False,,,48.0,0.0073372119991224624,0,43,source_patient
B_p111922,B,False,False,False,False,False,,,42.0,0.006178673407348819,0,37,source_patient
B_p101434,B,False,False,False,False,False,,,35.0,0.0014042342057501856,0,30,source_patient
B_p104349,B,False,False,False,False,False,,,39.0,0.01026436605547851,0,34,source_patient
B_p110419,B,False,True,False,False,False,13.0,,21.0,0.024518639688701785,1,16,source_patient
B_p119809,B,False,False,False,False,False,,,49.0,0.005450586680232133,0,44,source_patient
B_p119142,B,False,False,False,False,False,,,39.0,0.006495431096936619,0,34,source_patient
B_p100842,B,False,True,False,False,False,13.0,,38.0,0.02705135729009667,1,33,source_patient
B_p104171,B,False,False,False,False,False,,,51.0,0.022155454582806215,0,46,source_patient
B_p113370,B,False,False,False,False,False,,,44.0,0.015510456431771506,0,39,source_patient
B_p117672,B,False,False,False,False,False,,,21.0,0.0008787513483625906,0,16,source_patient
B_p105656,B,False,False,False,False,False,,,39.0,0.015533769835159276,0,34,source_patient
B_p101693,B,False,False,False,False,False,,,19.0,0.006810301199166026,0,14,source_patient
B_p117523,B,False,True,False,False,False,49.0,,51.0,0.025842636841158673,1,46,source_patient
B_p117584,B,False,False,False,False,False,,,21.0,0.011806622903626418,0,16,source_patient
B_p119336,B,False,False,False,False,False,,,42.0,0.0019205224525460246,0,37,source_patient
B_p109612,B,False,False,False,False,False,,,16.0,0.008544677613509563,0,11,source_patient
B_p105989,B,False,False,False,False,False,,,18.0,0.0010163031889723819,0,13,source_patient
B_p107586,B,False,False,False,False,False,,,49.0,0.005993191181823955,0,44,source_patient
B_p117579,B,False,True,False,False,False,47.0,,48.0,0.05541988625668853,1,43,source_patient
B_p105390,B,False,False,False,False,False,,,18.0,0.002205076019869415,0,13,source_patient
B_p101906,B,False,True,False,False,False,42.0,,46.0,0.1172762199727182,5,41,source_patient
B_p117782,B,False,False,False,False,False,,,31.0,0.0025891578307597834,0,26,source_patient
B_p105234,B,False,False,False,False,False,,,48.0,0.010750461027740755,0,43,source_patient
B_p107419,B,False,False,False,False,False,,,46.0,0.02248597369711141,0,41,source_patient
B_p111178,B,False,True,False,False,False,12.0,,47.0,0.09379994503263099,1,42,source_patient
B_p111171,B,False,False,False,False,False,,,47.0,0.010433879207180535,0,42,source_patient
B_p118832,B,False,False,False,False,False,,,21.0,0.008428185999938782,0,16,source_patient
B_p101652,B,False,False,False,False,False,,,15.0,0.001335254305136443,0,10,source_patient
B_p108440,B,False,False,False,False,False,,,39.0,0.0016807470464600622,0,34,source_patient
B_p112916,B,False,False,False,False,False,,,38.0,0.0028634884286468858,0,33,source_patient
B_p107609,B,False,False,False,False,False,,,54.0,0.006549419141577547,0,49,source_patient
B_p101018,B,False,False,False,False,False,,,40.0,0.004968311093152543,0,35,source_patient
B_p103461,B,False,False,False,False,False,,,14.0,0.0015679277291621848,0,9,source_patient
B_p107584,B,False,False,False,False,False,,,17.0,0.00509693982889455,0,12,source_patient
B_p110647,B,False,False,False,False,False,,,19.0,0.00383961783368424,0,14,source_patient
B_p110080,B,False,True,False,False,False,12.0,,52.0,0.06461538212114538,5,47,source_patient
B_p103653,B,False,False,False,False,False,,,46.0,0.0032196824643657184,0,41,source_patient
B_p105570,B,False,False,False,False,False,,,25.0,0.004154509460230457,0,20,source_patient
B_p118692,B,False,False,False,False,False,,,56.0,0.015542709382029351,0,51,source_patient
B_p119950,B,False,False,False,False,False,,,19.0,0.0011747884722920915,0,14,source_patient
B_p106834,B,False,False,False,False,False,,,41.0,0.004337074740808996,0,36,source_patient
B_p116231,B,False,False,False,False,False,,,14.0,0.0016737916281276625,0,9,source_patient
B_p105400,B,False,False,False,False,False,,,14.0,0.001629803879893497,0,9,source_patient
B_p114953,B,False,True,False,False,False,11.0,,39.0,0.05973612145563533,18,34,source_patient
B_p109494,B,False,False,False,False,False,,,32.0,0.0015194332821242562,0,27,source_patient
B_p118290,B,False,False,False,False,False,,,12.0,0.0028527134220614537,0,7,source_patient
B_p108644,B,False,False,False,False,False,,,24.0,0.0014824996620586923,0,19,source_patient
B_p117151,B,False,False,False,False,False,,,20.0,0.0008713888516165809,0,15,source_patient
B_p112585,B,False,False,False,False,False,,,27.0,0.008126160670451403,0,22,source_patient
B_p106134,B,False,False,False,False,False,,,39.0,0.004464240613329155,0,34,source_patient
B_p116709,B,False,False,False,False,False,,,22.0,0.004815169185490913,0,17,source_patient
B_p118887,B,False,False,False,False,False,,,38.0,0.002295896397179869,0,33,source_patient
B_p117190,B,False,False,False,False,False,,,44.0,0.00673707367598787,0,39,source_patient
B_p108749,B,False,False,False,False,False,,,10.0,0.003849969757247333,0,5,source_patient
B_p115245,B,False,False,False,False,False,,,26.0,0.0044768018004297866,0,21,source_patient
B_p110364,B,False,False,False,False,False,,,49.0,0.011960958652520715,0,44,source_patient
B_p108385,B,False,False,False,False,False,,,46.0,0.007557895888554748,0,41,source_patient
B_p115972,B,False,False,False,False,False,,,56.0,0.009738832471652815,0,51,source_patient
B_p102484,B,False,False,False,False,False,,,39.0,0.00812411110951524,0,34,source_patient
B_p112648,B,False,False,False,False,False,,,36.0,0.005125911548203336,0,31,source_patient
B_p118931,B,False,False,False,False,False,,,55.0,0.006570324386103268,0,50,source_patient
B_p109119,B,False,False,False,False,False,,,45.0,0.004328024186489214,0,40,source_patient
B_p111863,B,False,False,False,False,False,,,37.0,0.008011317693882447,0,32,source_patient
B_p114371,B,False,False,False,False,False,,,22.0,0.0026284762518628256,0,17,source_patient
B_p106153,B,False,False,False,False,False,,,37.0,0.00102465816048277,0,32,source_patient
B_p116186,B,False,False,False,False,False,,,23.0,0.0014863743242261864,0,18,source_patient
B_p112743,B,False,False,False,False,False,,,18.0,0.002914223025371338,0,13,source_patient
B_p111061,B,False,True,False,False,False,11.0,,22.0,0.027827876484427555,2,17,source_patient
B_p111126,B,False,False,False,False,False,,,39.0,0.0018702873304258366,0,34,source_patient
B_p116247,B,False,False,False,False,False,,,22.0,0.002496115379143996,0,17,source_patient
B_p103256,B,False,False,False,False,False,,,46.0,0.016492998941592812,0,41,source_patient
B_p103921,B,False,True,False,False,False,10.0,,26.0,0.039606635308862714,5,21,source_patient
B_p118483,B,False,True,False,False,False,57.0,,67.0,0.037964574817908305,4,62,source_patient
B_p115884,B,False,False,False,False,False,,,39.0,0.003691879372990173,0,34,source_patient
B_p115888,B,False,False,False,False,False,,,57.0,0.010955651152427982,0,52,source_patient
B_p115145,B,False,False,False,False,False,,,21.0,0.0011703526606136804,0,16,source_patient
B_p101504,B,False,True,False,False,False,51.0,,55.0,0.024696230275450877,1,50,source_patient
B_p104007,B,False,False,False,False,False,,,36.0,0.012133479627649704,0,31,source_patient
B_p112536,B,False,False,False,False,False,,,38.0,0.0013299575875957877,0,33,source_patient
B_p113091,B,False,False,False,False,False,,,59.0,0.010996827757492951,0,54,source_patient
B_p114313,B,False,False,False,False,False,,,20.0,0.001318579159562087,0,15,source_patient
B_p109735,B,False,False,False,False,False,,,47.0,0.0038297548917988118,0,42,source_patient
B_p106956,B,False,False,False,False,False,,,39.0,0.02395680457976529,0,34,source_patient
B_p108048,B,False,False,False,False,False,,,31.0,0.0026768385272546206,0,26,source_patient
B_p115667,B,False,False,False,False,False,,,51.0,0.020864110227674572,0,46,source_patient
B_p106106,B,False,False,False,False,False,,,25.0,0.00268880605137332,0,20,source_patient
B_p108297,B,False,False,False,False,False,,,42.0,0.022614568981873473,0,37,source_patient
B_p116334,B,False,False,False,False,False,,,22.0,0.000593236869016771,0,17,target_patient
B_p101028,B,False,False,False,False,False,,,56.0,0.021337948749711927,0,51,target_patient
B_p117325,B,True,True,True,False,True,19.0,95.0,98.0,0.08802061233423213,0,0,target_patient
B_p110776,B,False,False,False,False,False,,,23.0,0.0033627201032290673,0,18,target_patient
B_p116053,B,False,True,False,False,False,21.0,,55.0,0.02936430638880279,2,50,target_patient
B_p111715,B,False,False,False,False,False,,,32.0,0.01320121473050718,0,27,target_patient
B_p115950,B,False,False,False,False,False,,,22.0,0.0009464055606614215,0,17,target_patient
B_p113352,B,False,False,False,False,False,,,57.0,0.01744761265782449,0,52,target_patient
B_p117211,B,False,False,False,False,False,,,51.0,0.023335892796896178,0,46,target_patient
B_p101615,B,False,True,False,False,False,53.0,,53.0,0.03062752613441631,1,48,target_patient
B_p103596,B,False,False,False,False,False,,,42.0,0.00150309758315476,0,37,target_patient
B_p112005,B,False,True,False,False,False,9.0,,55.0,0.16707586540255795,47,50,target_patient
B_p100424,B,False,False,False,False,False,,,58.0,0.0024861949265850636,0,53,target_patient
B_p119346,B,False,False,False,False,False,,,37.0,0.010078055928548746,0,32,target_patient
B_p105625,B,False,False,False,False,False,,,20.0,0.0010054585640620753,0,15,target_patient
B_p103666,B,False,False,False,False,False,,,46.0,0.0010446196760544619,0,41,target_patient
B_p103135,B,False,False,False,False,False,,,50.0,0.0022463368795980826,0,45,target_patient
B_p103333,B,False,False,False,False,False,,,48.0,0.004520786263690573,0,43,target_patient
B_p115716,B,False,False,False,False,False,,,17.0,0.0012855452377910405,0,12,target_patient
B_p109840,B,False,False,False,False,False,,,39.0,0.01885283302544674,0,34,target_patient
B_p101756,B,False,False,False,False,False,,,51.0,0.0017828334491736613,0,46,target_patient
B_p105669,B,True,True,True,False,True,61.0,80.0,82.0,0.04907054135978561,0,0,target_patient
B_p104693,B,False,False,False,False,False,,,56.0,0.016953250603998878,0,51,target_patient
B_p115555,B,False,False,False,False,False,,,39.0,0.008176640909312034,0,34,target_patient
B_p102785,B,False,False,False,False,False,,,36.0,0.010754163172179922,0,31,target_patient
B_p117825,B,False,False,False,False,False,,,37.0,0.015743621054106326,0,32,target_patient
B_p109984,B,False,False,False,False,False,,,49.0,0.006613826493095761,0,44,target_patient
B_p119972,B,False,False,False,False,False,,,41.0,0.001381279501992422,0,36,target_patient
B_p113606,B,False,False,False,False,False,,,55.0,0.003817360879201024,0,50,target_patient
B_p112646,B,False,False,False,False,False,,,21.0,0.0015733132383492126,0,16,target_patient
B_p114788,B,False,False,False,False,False,,,20.0,0.002094520699149758,0,15,target_patient
B_p106704,B,False,True,False,False,False,58.0,,96.0,0.23018081618224023,38,91,target_patient
B_p102049,B,False,False,False,False,False,,,36.0,0.024292620707555033,0,31,target_patient
B_p105816,B,False,True,False,False,False,9.0,,37.0,0.062270113324358715,10,32,target_patient
B_p109345,B,False,False,False,False,False,,,40.0,0.006009473940817198,0,35,target_patient
B_p110149,B,False,False,False,False,False,,,47.0,0.02382261900229153,0,42,target_patient
B_p112706,B,False,False,False,False,False,,,24.0,0.001155152650960235,0,19,target_patient
B_p112162,B,False,False,False,False,False,,,37.0,0.0011869931343057613,0,32,target_patient
B_p119984,B,False,True,False,False,False,53.0,,53.0,0.033550371777723215,1,48,target_patient
B_p108517,B,False,False,False,False,False,,,53.0,0.002356350608803706,0,48,target_patient
B_p110230,B,False,False,False,False,False,,,32.0,0.0017633819540433884,0,27,target_patient
B_p101280,B,False,False,False,False,False,,,41.0,0.0027063369247795526,0,36,target_patient
B_p104955,B,False,False,False,False,False,,,43.0,0.007961141218918966,0,38,target_patient
B_p101831,B,False,False,False,False,False,,,41.0,0.005889375817714932,0,36,target_patient
B_p115136,B,False,False,False,False,False,,,50.0,0.005164989735179186,0,45,target_patient
B_p105343,B,False,False,False,False,False,,,36.0,0.005657451075003987,0,31,target_patient
B_p106348,B,False,False,False,False,False,,,59.0,0.013467925305138094,0,54,target_patient
B_p106019,B,False,False,False,False,False,,,22.0,0.0021243183881213823,0,17,target_patient
B_p118088,B,False,False,False,False,False,,,48.0,0.0038954587820623325,0,43,target_patient
B_p109716,B,False,False,False,False,False,,,37.0,0.008859099028254993,0,32,target_patient
B_p109140,B,False,False,False,False,False,,,49.0,0.002181800249794527,0,44,target_patient
B_p117378,B,False,False,False,False,False,,,18.0,0.001111778225343269,0,13,target_patient
B_p104064,B,False,False,False,False,False,,,32.0,0.01731018682558547,0,27,target_patient
B_p100889,B,False,False,False,False,False,,,58.0,0.007962429740662306,0,53,target_patient
B_p116768,B,False,False,False,False,False,,,22.0,0.0022571557348008615,0,17,target_patient
B_p105736,B,False,False,False,False,False,,,19.0,0.003431124773146776,0,14,target_patient
B_p105054,B,False,False,False,False,False,,,32.0,0.010285709741773301,0,27,target_patient
B_p105806,B,False,False,False,False,False,,,37.0,0.000992427388375563,0,32,target_patient
B_p108256,B,False,False,False,False,False,,,19.0,0.003463499971762217,0,14,target_patient
B_p119792,B,False,False,False,False,False,,,39.0,0.0038713527010562363,0,34,target_patient
B_p113598,B,False,True,False,False,False,14.0,,43.0,0.07580687411653755,25,38,target_patient
B_p100867,B,False,False,False,False,False,,,10.0,0.000739373214912998,0,5,target_patient
B_p119559,B,False,False,False,False,False,,,54.0,0.005814923098763593,0,49,target_patient
B_p106116,B,False,False,False,False,False,,,36.0,0.01553407541440128,0,31,target_patient
B_p101269,B,False,False,False,False,False,,,37.0,0.003619116604108475,0,32,target_patient
B_p110889,B,False,False,False,False,False,,,47.0,0.001102457896471006,0,42,target_patient
B_p101425,B,False,False,False,False,False,,,8.0,0.0003498281445586263,0,3,target_patient
B_p116050,B,False,False,False,False,False,,,48.0,0.018836383844840144,0,43,target_patient
B_p102643,B,True,False,False,False,False,,20.0,23.0,0.009973913590515082,0,0,target_patient
B_p109720,B,False,False,False,False,False,,,53.0,0.0023976178166490725,0,48,target_patient
B_p107696,B,False,False,False,False,False,,,35.0,0.00227371310158671,0,30,target_patient
B_p117747,B,False,False,False,False,False,,,15.0,0.0021712484206495722,0,10,target_patient
B_p110781,B,False,False,False,False,False,,,14.0,0.0036678341112584664,0,9,target_patient
B_p104882,B,False,False,False,False,False,,,48.0,0.014392298706805298,0,43,target_patient
B_p103697,B,False,False,False,False,False,,,44.0,0.004627644738762685,0,39,target_patient
B_p102190,B,False,False,False,False,False,,,46.0,0.0014924018937486079,0,41,target_patient
B_p115175,B,False,False,False,False,False,,,32.0,0.011669138272349406,0,27,target_patient
B_p106288,B,False,False,False,False,False,,,18.0,0.010384095785325023,0,13,target_patient
B_p118794,B,False,False,False,False,False,,,27.0,0.00137039963105731,0,22,target_patient
B_p115860,B,False,False,False,False,False,,,41.0,0.0041799889792035125,0,36,target_patient
B_p108346,B,False,False,False,False,False,,,40.0,0.0025031523323862256,0,35,target_patient
B_p110871,B,False,False,False,False,False,,,44.0,0.016032268079851635,0,39,target_patient
B_p113909,B,False,False,False,False,False,,,39.0,0.005532164208518822,0,34,target_patient
B_p109665,B,False,False,False,False,False,,,37.0,0.0023288916313100407,0,32,target_patient
B_p110681,B,False,False,False,False,False,,,20.0,0.02172624403178544,0,15,target_patient
B_p117539,B,False,True,False,False,False,43.0,,60.0,0.18179707910568454,10,55,target_patient
B_p118078,B,False,False,False,False,False,,,31.0,0.001030411649019351,0,26,target_patient
B_p108040,B,False,False,False,False,False,,,15.0,0.003123472276978326,0,10,target_patient
B_p116371,B,False,False,False,False,False,,,29.0,0.0015732240304758456,0,24,target_patient
B_p102942,B,False,False,False,False,False,,,52.0,0.007185902178274743,0,47,target_patient
B_p112945,B,False,False,False,False,False,,,58.0,0.022332282079167043,0,53,target_patient
B_p104541,B,True,False,False,False,False,,25.0,28.0,0.013726329774700443,0,0,target_patient
B_p115439,B,False,False,False,False,False,,,36.0,0.007848520483907648,0,31,target_patient
B_p107231,B,False,False,False,False,False,,,24.0,0.013261550822839663,0,19,target_patient
B_p112986,B,False,True,False,False,False,45.0,,47.0,0.027480057016708335,3,42,target_patient
B_p106807,B,False,False,False,False,False,,,47.0,0.0019495483547449554,0,42,target_patient
B_p117496,B,False,False,False,False,False,,,20.0,0.0012725029868599063,0,15,target_patient
B_p107040,B,False,False,False,False,False,,,44.0,0.002590764415797502,0,39,target_patient
B_p105958,B,False,False,False,False,False,,,51.0,0.010653816616681466,0,46,target_patient
B_p113314,B,False,False,False,False,False,,,22.0,0.002584378142390798,0,17,target_patient
B_p112596,B,False,True,False,False,False,64.0,,91.0,0.24355982376830063,25,86,target_patient
B_p103621,B,False,False,False,False,False,,,29.0,0.0007559009450169023,0,24,target_patient
B_p111146,B,False,False,False,False,False,,,28.0,0.0116132673306843,0,23,target_patient
B_p107283,B,True,True,True,False,True,58.0,222.0,225.0,0.3661879233052531,0,0,target_patient
B_p113530,B,False,False,False,False,False,,,44.0,0.003757841702647692,0,39,target_patient
B_p102338,B,False,False,False,False,False,,,23.0,0.006098524903537887,0,18,target_patient
B_p104364,B,False,False,False,False,False,,,38.0,0.0013170940032665016,0,33,target_patient
B_p107954,B,False,False,False,False,False,,,20.0,0.0012767754650519839,0,15,target_patient
B_p111738,B,False,False,False,False,False,,,30.0,0.0029967154385485534,0,25,target_patient
B_p118572,B,True,True,True,True,False,73.0,79.0,82.0,0.05775275703281439,0,0,target_patient
B_p103934,B,False,False,False,False,False,,,36.0,0.0016511757253972442,0,31,target_patient
B_p103419,B,False,False,False,False,False,,,54.0,0.01628584860659167,0,49,target_patient
B_p109078,B,False,True,False,False,False,25.0,,48.0,0.026656630811522274,1,43,target_patient
B_p108748,B,False,False,False,False,False,,,14.0,0.0014732921955630876,0,9,target_patient
B_p106375,B,False,False,False,False,False,,,13.0,0.000423728853626123,0,8,target_patient
B_p109596,B,False,False,False,False,False,,,53.0,0.01590264413070606,0,48,target_patient
B_p101974,B,False,True,False,False,False,46.0,,57.0,0.03111165731738463,1,52,target_patient
B_p117013,B,False,True,False,False,False,27.0,,38.0,0.07319127953051924,5,33,target_patient
B_p112240,B,False,False,False,False,False,,,39.0,0.02412318807743403,0,34,target_patient
B_p113122,B,False,False,False,False,False,,,54.0,0.0046049883724021265,0,49,target_patient
B_p114253,B,False,False,False,False,False,,,50.0,0.007346476835134944,0,45,target_patient
B_p105109,B,False,False,False,False,False,,,48.0,0.002283792920795563,0,43,target_patient
B_p105464,B,False,False,False,False,False,,,26.0,0.010151664002807516,0,21,target_patient
B_p102759,B,False,False,False,False,False,,,41.0,0.007023675143305445,0,36,target_patient
B_p104084,B,False,True,False,False,False,34.0,,41.0,0.032284159304914434,4,36,target_patient
B_p102131,B,False,False,False,False,False,,,27.0,0.0023635176617975134,0,22,target_patient
B_p113837,B,False,False,False,False,False,,,46.0,0.0010366609143096846,0,41,target_patient
B_p105576,B,False,False,False,False,False,,,45.0,0.0025756821513779164,0,40,target_patient
B_p117443,B,False,False,False,False,False,,,38.0,0.017053500535701285,0,33,target_patient
B_p102405,B,False,False,False,False,False,,,26.0,0.004293427509122206,0,21,target_patient
B_p102309,B,False,True,False,False,False,11.0,,45.0,0.0260020556855126,1,40,target_patient
B_p106958,B,False,False,False,False,False,,,31.0,0.006951872234964892,0,26,target_patient
B_p102053,B,False,False,False,False,False,,,23.0,0.0022767967919686415,0,18,target_patient
B_p108046,B,False,False,False,False,False,,,27.0,0.00829599548214817,0,22,target_patient
B_p114287,B,False,False,False,False,False,,,43.0,0.0017750035454371818,0,38,target_patient
B_p107064,B,False,False,False,False,False,,,21.0,0.0012532809456364455,0,16,target_patient
B_p114503,B,False,False,False,False,False,,,20.0,0.005454058640976814,0,15,target_patient
B_p101165,B,False,False,False,False,False,,,30.0,0.008681436206649212,0,25,target_patient
B_p101483,B,False,True,False,False,False,63.0,,153.0,0.1666346197550001,89,148,target_patient
B_p113034,B,False,False,False,False,False,,,46.0,0.0052506404392485264,0,41,target_patient
B_p110805,B,False,False,False,False,False,,,13.0,0.0019894117323075357,0,8,target_patient
B_p105306,B,False,False,False,False,False,,,35.0,0.005063312662021754,0,30,target_patient
B_p100957,B,False,False,False,False,False,,,23.0,0.00258972197248886,0,18,target_patient
B_p108356,B,False,False,False,False,False,,,14.0,0.003942214390611941,0,9,target_patient
B_p112364,B,False,False,False,False,False,,,56.0,0.012175957061633809,0,51,target_patient
B_p100070,B,False,False,False,False,False,,,17.0,0.000739751477845312,0,12,target_patient
B_p110975,B,False,False,False,False,False,,,43.0,0.022141566245211793,0,38,target_patient
B_p118526,B,False,True,False,False,False,11.0,,44.0,0.024494700038346973,1,39,target_patient
B_p119870,B,False,False,False,False,False,,,26.0,0.0009361025306349851,0,21,target_patient
B_p117259,B,False,False,False,False,False,,,20.0,0.0024200169928854497,0,15,target_patient
B_p100958,B,False,False,False,False,False,,,19.0,0.0020917286576061255,0,14,target_patient
B_p115822,B,False,False,False,False,False,,,47.0,0.0043107037480811985,0,42,target_patient
B_p118966,B,True,False,False,False,False,,79.0,82.0,0.01663967884034154,0,0,target_patient
B_p101861,B,False,True,False,False,False,11.0,,40.0,0.06907004908454575,4,35,target_patient
B_p108468,B,False,False,False,False,False,,,24.0,0.0033007946608745765,0,19,target_patient
B_p114991,B,False,True,False,False,False,10.0,,48.0,0.06305235062529736,6,43,target_patient
B_p107443,B,False,False,False,False,False,,,17.0,0.0007114205764390663,0,12,target_patient
B_p119471,B,False,False,False,False,False,,,44.0,0.005803282182443064,0,39,target_patient
B_p109601,B,False,True,False,False,False,61.0,,232.0,0.36214479195164034,167,227,target_patient
B_p102420,B,False,False,False,False,False,,,45.0,0.01277716131969705,0,40,target_patient
B_p118559,B,False,False,False,False,False,,,39.0,0.001383456941525185,0,34,target_patient
B_p118307,B,False,False,False,False,False,,,36.0,0.002722396521587886,0,31,target_patient
B_p118994,B,False,False,False,False,False,,,49.0,0.003668385015548653,0,44,target_patient
B_p105477,B,False,False,False,False,False,,,22.0,0.0015943606810899474,0,17,target_patient
B_p104445,B,True,True,True,False,True,64.0,110.0,113.0,0.10063190058582897,0,0,target_patient
B_p114041,B,False,False,False,False,False,,,24.0,0.0014597020000219009,0,19,target_patient
B_p112383,B,False,False,False,False,False,,,23.0,0.0029781263562730204,0,18,target_patient
B_p103095,B,False,True,False,False,False,58.0,,59.0,0.026388989529043245,2,54,target_patient
B_p113938,B,False,True,False,False,False,9.0,,45.0,0.02992600873654136,2,40,target_patient
B_p109507,B,False,False,False,False,False,,,48.0,0.002967943532763758,0,43,target_patient
B_p109331,B,False,True,False,False,False,13.0,,19.0,0.08926846466427867,7,14,target_patient
B_p118638,B,False,False,False,False,False,,,22.0,0.0014174345359458736,0,17,target_patient
B_p109130,B,False,False,False,False,False,,,11.0,0.012067455463007727,0,6,target_patient
B_p116365,B,False,False,False,False,False,,,13.0,0.00306855462979095,0,8,target_patient
B_p103997,B,False,False,False,False,False,,,35.0,0.003115928980094909,0,30,target_patient
B_p103747,B,False,False,False,False,False,,,38.0,0.0004515652638623917,0,33,target_patient
B_p102917,B,False,False,False,False,False,,,19.0,0.0020541408594321846,0,14,target_patient
B_p113663,B,False,False,False,False,False,,,19.0,0.003261221953708998,0,14,target_patient
B_p110692,B,False,False,False,False,False,,,53.0,0.005899593804218591,0,48,target_patient
B_p113605,B,False,False,False,False,False,,,43.0,0.0037257894460369723,0,38,target_patient
B_p116245,B,False,False,False,False,False,,,15.0,0.000871876451453274,0,10,target_patient
B_p103961,B,False,False,False,False,False,,,54.0,0.012493689147675192,0,49,target_patient
B_p107227,B,False,False,False,False,False,,,26.0,0.0036993162431374887,0,21,target_patient
B_p107856,B,False,False,False,False,False,,,47.0,0.001274114479711813,0,42,target_patient
B_p113964,B,False,False,False,False,False,,,25.0,0.004458049847931793,0,20,target_patient
B_p118995,B,False,False,False,False,False,,,39.0,0.008240264372048143,0,34,target_patient
B_p118554,B,False,False,False,False,False,,,53.0,0.013995088050583663,0,48,target_patient
B_p107485,B,False,False,False,False,False,,,18.0,0.000961791729374331,0,13,target_patient
B_p119581,B,False,True,False,False,False,9.0,,57.0,0.02554841484571379,1,52,target_patient
B_p115195,B,False,False,False,False,False,,,41.0,0.007644290005150979,0,36,target_patient
B_p102325,B,False,False,False,False,False,,,21.0,0.0012791141905433175,0,16,target_patient
B_p105131,B,False,False,False,False,False,,,47.0,0.01402401590892235,0,42,target_patient
B_p118543,B,False,False,False,False,False,,,41.0,0.005288608925760526,0,36,target_patient
B_p110538,B,False,False,False,False,False,,,42.0,0.0047160268577525035,0,37,target_patient
B_p103587,B,False,False,False,False,False,,,33.0,0.013063190349045111,0,28,target_patient
B_p112819,B,False,False,False,False,False,,,21.0,0.01146954026112057,0,16,target_patient
B_p117452,B,False,True,False,False,False,9.0,,37.0,0.08021298307504655,4,32,target_patient
B_p114983,B,False,False,False,False,False,,,46.0,0.015978625775498374,0,41,target_patient
B_p106177,B,False,False,False,False,False,,,27.0,0.0023037586639306903,0,22,target_patient
B_p114154,B,False,False,False,False,False,,,19.0,0.0027093115746179217,0,14,target_patient
B_p118970,B,False,False,False,False,False,,,47.0,0.007096707556709841,0,42,target_patient
B_p110566,B,False,False,False,False,False,,,50.0,0.020968577960645312,0,45,target_patient
B_p105469,B,False,True,False,False,False,13.0,,25.0,0.07706268473635244,12,20,target_patient
B_p111666,B,False,False,False,False,False,,,27.0,0.00307494817670239,0,22,target_patient
B_p119366,B,False,False,False,False,False,,,23.0,0.004360699627138415,0,18,target_patient
B_p100961,B,False,False,False,False,False,,,47.0,0.0038099997509711955,0,42,target_patient
B_p109260,B,False,False,False,False,False,,,51.0,0.003592792121837419,0,46,target_patient
B_p107348,B,False,False,False,False,False,,,24.0,0.0018401525424148722,0,19,target_patient
B_p111176,B,False,False,False,False,False,,,50.0,0.014327023933500193,0,45,target_patient
B_p106561,B,False,False,False,False,False,,,38.0,0.004351368039033978,0,33,target_patient
B_p107248,B,False,False,False,False,False,,,48.0,0.01484148488721067,0,43,target_patient
B_p116382,B,True,False,False,False,False,,36.0,39.0,0.0036154363644994207,0,0,target_patient
B_p115874,B,False,False,False,False,False,,,41.0,0.004143811686270741,0,36,target_patient
B_p105218,B,False,False,False,False,False,,,14.0,0.0033843186370809755,0,9,target_patient
B_p114753,B,False,False,False,False,False,,,43.0,0.00898639309589698,0,38,target_patient
B_p100308,B,False,False,False,False,False,,,34.0,0.017506118796453876,0,29,target_patient
B_p118807,B,False,False,False,False,False,,,23.0,0.0025523881326599933,0,18,target_patient
B_p100616,B,False,False,False,False,False,,,21.0,0.002286528789439763,0,16,target_patient
B_p113041,B,False,False,False,False,False,,,48.0,0.0048059341108511,0,43,target_patient
B_p112688,B,False,False,False,False,False,,,47.0,0.02313164213486453,0,42,target_patient
B_p102996,B,False,False,False,False,False,,,58.0,0.010823348029528184,0,53,target_patient
B_p110808,B,False,False,False,False,False,,,50.0,0.0019575136475412105,0,45,target_patient
B_p108832,B,False,False,False,False,False,,,39.0,0.007412885533014194,0,34,target_patient
B_p110756,B,False,True,False,False,False,9.0,,13.0,0.036820270702865504,3,8,target_patient
B_p118614,B,False,False,False,False,False,,,14.0,0.015149080817127599,0,9,target_patient
B_p102801,B,False,False,False,False,False,,,59.0,0.00304227888790526,0,54,target_patient
B_p116935,B,False,False,False,False,False,,,10.0,0.0016192802357817711,0,5,target_patient
B_p114793,B,False,False,False,False,False,,,43.0,0.001872859687038794,0,38,target_patient
B_p109745,B,False,False,False,False,False,,,59.0,0.015417448200609116,0,54,target_patient
B_p100682,B,False,False,False,False,False,,,8.0,0.0006701810908765638,0,3,target_patient
B_p106488,B,True,True,True,False,True,60.0,177.0,180.0,0.09911977681029611,0,0,target_patient
B_p118169,B,False,False,False,False,False,,,50.0,0.003920428135415878,0,45,target_patient
B_p101800,B,False,True,False,False,False,64.0,,89.0,0.07601821453193734,13,84,target_patient
B_p110587,B,False,False,False,False,False,,,27.0,0.001970099514079427,0,22,target_patient
B_p101988,B,False,False,False,False,False,,,15.0,0.00725480770541706,0,10,target_patient
B_p107047,B,False,False,False,False,False,,,59.0,0.009882845963490481,0,54,target_patient
B_p103524,B,False,False,False,False,False,,,23.0,0.0003905314569314117,0,18,target_patient
B_p114967,B,False,False,False,False,False,,,38.0,0.0026575222651414507,0,33,target_patient
B_p111853,B,False,False,False,False,False,,,35.0,0.004981065456370826,0,30,target_patient
B_p118131,B,False,False,False,False,False,,,26.0,0.009786418899347206,0,21,target_patient
B_p102921,B,False,False,False,False,False,,,22.0,0.001405250945264489,0,17,target_patient
B_p117124,B,True,True,True,False,True,60.0,219.0,221.0,0.41829350295731194,0,0,target_patient
B_p104143,B,False,False,False,False,False,,,40.0,0.00691668980877105,0,35,target_patient
B_p105641,B,False,False,False,False,False,,,35.0,0.005077954157053119,0,30,target_patient
B_p105028,B,False,True,False,False,False,13.0,,18.0,0.048957401527375204,1,13,target_patient
B_p118645,B,False,False,False,False,False,,,46.0,0.007488960068727766,0,41,target_patient
B_p103080,B,True,False,False,False,False,,18.0,21.0,0.0015840377064048926,0,0,target_patient
B_p110032,B,False,True,False,False,False,52.0,,140.0,0.5372324475144401,89,135,target_patient
B_p114857,B,False,False,False,False,False,,,24.0,0.004126251615702838,0,19,target_patient
B_p108806,B,False,False,False,False,False,,,24.0,0.0023342855747616386,0,19,target_patient
B_p111071,B,False,False,False,False,False,,,31.0,0.011680720986966259,0,26,target_patient
B_p118254,B,False,False,False,False,False,,,18.0,0.004442790672835071,0,13,target_patient
B_p119729,B,False,True,False,False,False,11.0,,28.0,0.029945374332734132,3,23,target_patient
B_p118278,B,False,False,False,False,False,,,41.0,0.0016917010636963107,0,36,target_patient
B_p104252,B,False,True,False,False,False,8.0,,26.0,0.37470103829385976,19,21,target_patient
B_p118677,B,False,False,False,False,False,,,54.0,0.005680938367259833,0,49,target_patient
B_p105445,B,False,False,False,False,False,,,15.0,0.005763691485695706,0,10,target_patient
B_p106794,B,False,False,False,False,False,,,20.0,0.0008252658717274234,0,15,target_patient
B_p116639,B,False,False,False,False,False,,,50.0,0.01426581039134243,0,45,target_patient
B_p116244,B,False,False,False,False,False,,,46.0,0.0024502273695766407,0,41,target_patient
B_p115240,B,False,False,False,False,False,,,34.0,0.0027139800284489853,0,29,target_patient
B_p109990,B,False,False,False,False,False,,,40.0,0.017149592308182884,0,35,target_patient
B_p101212,B,False,False,False,False,False,,,38.0,0.0020385997407186608,0,33,target_patient
B_p104562,B,False,False,False,False,False,,,47.0,0.01072437167691204,0,42,target_patient
B_p115789,B,False,False,False,False,False,,,50.0,0.014279368676686771,0,45,target_patient
B_p100251,B,False,False,False,False,False,,,39.0,0.014823124584671655,0,34,target_patient
B_p110736,B,True,False,False,False,False,,15.0,18.0,0.0028849140282145532,0,0,target_patient
B_p111708,B,False,True,False,False,False,8.0,,42.0,0.07014257098707306,2,37,target_patient
B_p101090,B,True,True,True,True,False,55.0,58.0,61.0,0.024924267391287742,0,0,target_patient
B_p116891,B,False,False,False,False,False,,,25.0,0.020374206547109194,0,20,target_patient
B_p103069,B,False,True,False,False,False,40.0,,57.0,0.04365091093031636,7,52,target_patient
B_p104406,B,False,False,False,False,False,,,20.0,0.0023958225019590504,0,15,target_patient
B_p103258,B,False,True,False,False,False,40.0,,42.0,0.07952146637141937,3,37,target_patient
B_p119123,B,False,False,False,False,False,,,48.0,0.007447632015187784,0,43,target_patient
B_p119897,B,False,False,False,False,False,,,45.0,0.012168086421586193,0,40,target_patient
B_p105534,B,False,False,False,False,False,,,38.0,0.017938260691946022,0,33,target_patient
B_p120000,B,False,False,False,False,False,,,35.0,0.0013859564647685859,0,30,target_patient
B_p104573,B,False,False,False,False,False,,,25.0,0.0018765262774147725,0,20,target_patient
B_p115906,B,False,True,False,False,False,32.0,,38.0,0.04489751874542949,2,33,target_patient
B_p114045,B,False,True,False,False,False,50.0,,59.0,0.07786440982501522,8,54,target_patient
B_p106416,B,False,True,False,False,False,32.0,,289.0,0.7823084967428617,239,284,target_patient
B_p108505,B,False,True,False,False,False,40.0,,42.0,0.03220646534263946,2,37,target_patient
B_p102051,B,False,False,False,False,False,,,16.0,0.0006815194961066596,0,11,target_patient
B_p119925,B,False,False,False,False,False,,,47.0,0.01461730968919405,0,42,target_patient
B_p118847,B,False,False,False,False,False,,,16.0,0.004595901798233245,0,11,target_patient
B_p116809,B,False,False,False,False,False,,,32.0,0.003848928961196632,0,27,target_patient
B_p115001,B,False,False,False,False,False,,,23.0,0.001523884820412828,0,18,target_patient
B_p112352,B,False,False,False,False,False,,,54.0,0.014495398244000963,0,49,target_patient
B_p115736,B,False,True,False,False,False,53.0,,59.0,0.030167469175080387,4,54,target_patient
B_p102008,B,False,False,False,False,False,,,23.0,0.002580602870724283,0,18,target_patient
B_p102393,B,False,False,False,False,False,,,16.0,0.0025637804709823407,0,11,target_patient
B_p100834,B,False,False,False,False,False,,,24.0,0.001019966482232222,0,19,target_patient
B_p110563,B,False,False,False,False,False,,,36.0,0.0020896144941574164,0,31,target_patient
B_p117200,B,False,False,False,False,False,,,36.0,0.0013783741708090424,0,31,target_patient
B_p103456,B,False,False,False,False,False,,,23.0,0.012718694448499436,0,18,target_patient
B_p102271,B,False,False,False,False,False,,,36.0,0.008469519770471737,0,31,target_patient
B_p111328,B,False,False,False,False,False,,,45.0,0.010969263154153525,0,40,target_patient
B_p119019,B,False,False,False,False,False,,,23.0,0.0006259578772131259,0,18,target_patient
B_p115089,B,False,True,False,False,False,53.0,,55.0,0.026962642247330526,2,50,target_patient
B_p119542,B,False,False,False,False,False,,,55.0,0.014055010333435898,0,50,target_patient
B_p119790,B,False,False,False,False,False,,,22.0,0.0033026666246016387,0,17,target_patient
B_p114455,B,False,True,False,False,False,8.0,,38.0,0.06806832159283856,1,33,target_patient
B_p101112,B,False,False,False,False,False,,,50.0,0.0018010185290610057,0,45,target_patient
B_p107817,B,False,False,False,False,False,,,25.0,0.0048571769337897724,0,17,target_patient
B_p101698,B,False,False,False,False,False,,,34.0,0.0036872381022622215,0,29,target_patient
B_p119292,B,False,False,False,False,False,,,27.0,0.0019668543525743973,0,22,target_patient
B_p119243,B,False,False,False,False,False,,,12.0,0.018004363171382678,0,7,target_patient
B_p102981,B,False,False,False,False,False,,,44.0,0.005957915895900258,0,39,target_patient
B_p118463,B,False,False,False,False,False,,,44.0,0.006397824916564514,0,39,target_patient
B_p113664,B,False,False,False,False,False,,,34.0,0.004840156188615799,0,29,target_patient
B_p105644,B,False,False,False,False,False,,,18.0,0.0014229924849072464,0,13,target_patient
B_p119069,B,False,False,False,False,False,,,43.0,0.005820555202010885,0,38,target_patient
B_p101760,B,False,False,False,False,False,,,51.0,0.002190790291536455,0,46,target_patient
B_p110468,B,False,False,False,False,False,,,37.0,0.0022810145454540765,0,32,target_patient
B_p116779,B,False,False,False,False,False,,,45.0,0.0032237479625467328,0,40,target_patient
B_p102017,B,False,False,False,False,False,,,41.0,0.0015489215227256267,0,36,target_patient
B_p105031,B,False,False,False,False,False,,,39.0,0.0014985247026287809,0,34,target_patient
B_p117311,B,False,True,False,False,False,16.0,,38.0,0.09976511369465765,4,33,target_patient
B_p114372,B,False,False,False,False,False,,,55.0,0.021786277067312728,0,50,target_patient
B_p115606,B,False,False,False,False,False,,,44.0,0.0016379030928525893,0,39,target_patient
B_p117119,B,False,False,False,False,False,,,23.0,0.007365963233091113,0,18,target_patient
B_p111527,B,False,False,False,False,False,,,44.0,0.0038063836160187057,0,39,target_patient
B_p113489,B,True,False,False,False,False,,50.0,52.0,0.007123506608640456,0,0,target_patient
B_p101466,B,False,False,False,False,False,,,15.0,0.0017387257003549247,0,10,target_patient
B_p101706,B,False,False,False,False,False,,,20.0,0.002427638787632463,0,15,target_patient
B_p109476,B,False,True,False,False,False,17.0,,48.0,0.031218088857656187,2,43,target_patient
B_p109986,B,False,False,False,False,False,,,50.0,0.004977673958900401,0,45,target_patient
B_p108335,B,False,False,False,False,False,,,21.0,0.0012384068521613257,0,16,target_patient
B_p107156,B,False,False,False,False,False,,,53.0,0.006535914175132377,0,48,target_patient
B_p112228,B,False,False,False,False,False,,,43.0,0.007475826807579366,0,38,target_patient
B_p115287,B,False,False,False,False,False,,,38.0,0.010570151620813654,0,33,target_patient
B_p112671,B,False,False,False,False,False,,,23.0,0.001022543378640907,0,18,target_patient
B_p110193,B,False,False,False,False,False,,,47.0,0.004863841898045699,0,42,target_patient
B_p103233,B,False,True,False,False,False,24.0,,46.0,0.10883953438862531,1,41,target_patient
B_p104906,B,False,False,False,False,False,,,56.0,0.0033076987735025693,0,51,target_patient
B_p100411,B,False,False,False,False,False,,,20.0,0.00698495438923132,0,15,target_patient
B_p110312,B,False,False,False,False,False,,,24.0,0.003656774993378053,0,19,target_patient
B_p108903,B,False,False,False,False,False,,,18.0,0.0042193383998309925,0,13,target_patient
B_p119237,B,False,False,False,False,False,,,36.0,0.0036151680746796208,0,31,target_patient
B_p114557,B,False,False,False,False,False,,,28.0,0.0062074634036952455,0,23,target_patient
B_p100293,B,False,True,False,False,False,11.0,,47.0,0.07444485909501167,22,42,target_patient
B_p101208,B,False,False,False,False,False,,,36.0,0.012977277709739464,0,31,target_patient
B_p112191,B,False,False,False,False,False,,,43.0,0.00825779243753181,0,38,target_patient
B_p109368,B,False,False,False,False,False,,,50.0,0.006288075912750818,0,45,target_patient
B_p110515,B,False,False,False,False,False,,,40.0,0.0026712197178118233,0,35,target_patient
B_p100083,B,False,False,False,False,False,,,21.0,0.0014912057494839166,0,16,target_patient
B_p105214,B,False,False,False,False,False,,,36.0,0.003466100945661426,0,31,target_patient
B_p103517,B,False,False,False,False,False,,,28.0,0.0050290813158093885,0,23,target_patient
B_p101909,B,False,False,False,False,False,,,45.0,0.008211063412424235,0,40,target_patient
B_p105756,B,False,False,False,False,False,,,40.0,0.011152791260379942,0,35,target_patient
B_p111131,B,False,False,False,False,False,,,23.0,0.003192108140879592,0,18,target_patient
B_p115532,B,False,False,False,False,False,,,19.0,0.002234503850650383,0,14,target_patient
B_p115188,B,False,True,False,False,False,11.0,,50.0,0.04359261309343256,2,45,target_patient
B_p108471,B,False,False,False,False,False,,,26.0,0.002590504256842392,0,21,target_patient
B_p103319,B,False,False,False,False,False,,,50.0,0.01244666074517492,0,45,target_patient
B_p119263,B,False,False,False,False,False,,,24.0,0.0026533735170955306,0,19,target_patient
B_p108082,B,False,False,False,False,False,,,42.0,0.0016327868110802583,0,37,target_patient
B_p108715,B,False,False,False,False,False,,,21.0,0.01937467107411382,0,16,target_patient
B_p117285,B,False,False,False,False,False,,,53.0,0.009749306200470424,0,48,target_patient
B_p111107,B,False,False,False,False,False,,,44.0,0.013566848985257356,0,39,target_patient
B_p106412,B,False,False,False,False,False,,,19.0,0.0017853509470777751,0,14,target_patient
B_p107779,B,False,False,False,False,False,,,15.0,0.0022193429543224726,0,10,target_patient
B_p114752,B,False,False,False,False,False,,,8.0,0.0006485652569499684,0,3,target_patient
B_p109515,B,False,False,False,False,False,,,44.0,0.012633079335928006,0,39,target_patient
B_p112569,B,True,True,False,False,True,8.0,59.0,62.0,0.10252074552455916,0,0,target_patient
B_p105948,B,False,False,False,False,False,,,17.0,0.008809543893492902,0,12,target_patient
B_p109021,B,False,False,False,False,False,,,38.0,0.005587770235532099,0,33,target_patient
B_p112138,B,False,False,False,False,False,,,47.0,0.004008065333459932,0,42,target_patient
B_p114011,B,False,False,False,False,False,,,22.0,0.002857248426695993,0,17,target_patient
B_p100237,B,False,False,False,False,False,,,57.0,0.009294560580046858,0,52,target_patient
B_p118875,B,False,False,False,False,False,,,24.0,0.020625926273719522,0,19,target_patient
B_p113524,B,False,False,False,False,False,,,39.0,0.0012094626107904823,0,34,target_patient
B_p111591,B,False,False,False,False,False,,,18.0,0.0008303399025878315,0,13,target_patient
B_p106452,B,False,False,False,False,False,,,38.0,0.001324115718790943,0,33,target_patient
B_p114355,B,False,False,False,False,False,,,36.0,0.0035611243725906755,0,31,target_patient
B_p107286,B,False,False,False,False,False,,,37.0,0.0012094205112657124,0,32,target_patient
B_p100976,B,False,False,False,False,False,,,20.0,0.0023668772978866857,0,15,target_patient
B_p112362,B,False,False,False,False,False,,,40.0,0.004095725295382285,0,35,target_patient
B_p109489,B,False,False,False,False,False,,,43.0,0.003346498306309672,0,38,target_patient
B_p111046,B,False,False,False,False,False,,,16.0,0.0046379068436674135,0,11,target_patient
B_p109234,B,False,False,False,False,False,,,47.0,0.013209176523197107,0,42,target_patient
B_p102577,B,False,False,False,False,False,,,46.0,0.0019789676054622696,0,41,target_patient
B_p107545,B,False,True,False,False,False,14.0,,21.0,0.04987015660984403,8,16,target_patient
B_p110967,B,False,False,False,False,False,,,21.0,0.0007949626978305771,0,16,target_patient
B_p105733,B,False,False,False,False,False,,,51.0,0.012103882499169674,0,46,target_patient
B_p116309,B,False,False,False,False,False,,,39.0,0.0037963833096100372,0,34,target_patient
B_p115593,B,False,True,False,False,False,62.0,,65.0,0.2385273204639449,4,60,target_patient
B_p117535,B,False,False,False,False,False,,,18.0,0.0019650001027912436,0,13,target_patient
B_p101833,B,False,False,False,False,False,,,13.0,0.0017459880001217877,0,8,target_patient
B_p103582,B,False,False,False,False,False,,,41.0,0.0067652645478716335,0,36,target_patient
B_p113085,B,False,False,False,False,False,,,28.0,0.007138605718292825,0,23,target_patient
B_p108495,B,False,False,False,False,False,,,38.0,0.006690541507471427,0,33,target_patient
B_p111519,B,False,False,False,False,False,,,54.0,0.002549382899374642,0,49,target_patient
B_p117333,B,False,False,False,False,False,,,19.0,0.001539819647928845,0,14,target_patient
B_p108915,B,False,False,False,False,False,,,24.0,0.003457198018338262,0,19,target_patient
B_p117546,B,False,False,False,False,False,,,18.0,0.001102446048370357,0,13,target_patient
B_p114463,B,False,False,False,False,False,,,55.0,0.01577985566387786,0,50,target_patient
B_p110485,B,False,False,False,False,False,,,47.0,0.0025608144732582536,0,42,target_patient
B_p108672,B,False,False,False,False,False,,,49.0,0.010566678598619128,0,44,target_patient
B_p113462,B,False,False,False,False,False,,,40.0,0.0033232919911598325,0,35,target_patient
B_p105405,B,True,True,True,False,True,8.0,203.0,205.0,0.34115850414638726,0,0,target_patient
B_p118429,B,True,True,False,False,True,9.0,23.0,26.0,0.05417298790331178,0,0,target_patient
B_p109684,B,False,False,False,False,False,,,25.0,0.0004746511684867846,0,20,target_patient
B_p113360,B,False,False,False,False,False,,,13.0,0.0009655272696889656,0,8,target_patient
B_p101366,B,False,False,False,False,False,,,22.0,0.021468693348293922,0,17,target_patient
B_p105662,B,False,False,False,False,False,,,41.0,0.003997117162921086,0,36,target_patient
B_p104880,B,False,False,False,False,False,,,38.0,0.004044386764174616,0,33,target_patient
B_p111720,B,False,False,False,False,False,,,56.0,0.0050361155225062,0,51,target_patient
B_p103570,B,False,False,False,False,False,,,21.0,0.008629109039075865,0,16,target_patient
B_p113532,B,False,False,False,False,False,,,40.0,0.004325781201504785,0,35,target_patient
B_p115561,B,False,False,False,False,False,,,38.0,0.008033753583115172,0,33,target_patient
B_p103634,B,False,True,False,False,False,14.0,,54.0,0.10086415795950537,27,49,target_patient
B_p110322,B,False,False,False,False,False,,,56.0,0.01143557840976766,0,51,target_patient
B_p100564,B,False,True,False,False,False,20.0,,57.0,0.0565607050680167,10,52,target_patient
B_p108575,B,False,False,False,False,False,,,49.0,0.013362036118953386,0,44,target_patient
B_p100073,B,True,False,False,False,False,,25.0,27.0,0.0033593837783665757,0,0,target_patient
B_p103081,B,False,False,False,False,False,,,45.0,0.004526149634265431,0,40,target_patient
B_p115045,B,False,False,False,False,False,,,58.0,0.004579100606343794,0,53,target_patient
B_p115704,B,False,False,False,False,False,,,21.0,0.002580290697704673,0,16,target_patient
B_p108347,B,False,False,False,False,False,,,18.0,0.0011137500866415383,0,13,target_patient
B_p104429,B,False,False,False,False,False,,,55.0,0.010591852318799784,0,50,target_patient
B_p115046,B,False,False,False,False,False,,,15.0,0.002124430088665237,0,10,target_patient
B_p116880,B,False,False,False,False,False,,,55.0,0.005269893522457105,0,50,target_patient
B_p107657,B,False,True,False,False,False,57.0,,58.0,0.03376938647395703,2,53,target_patient
B_p104047,B,False,False,False,False,False,,,47.0,0.018072651368750286,0,42,target_patient
B_p111364,B,False,False,False,False,False,,,38.0,0.004188911977317006,0,33,target_patient
B_p119154,B,False,False,False,False,False,,,25.0,0.009899438257625235,0,20,target_patient
B_p114541,B,False,False,False,False,False,,,21.0,0.001576530562975086,0,16,target_patient
B_p106506,B,False,False,False,False,False,,,45.0,0.023032096895143406,0,40,target_patient
B_p101115,B,False,False,False,False,False,,,54.0,0.004830549910500338,0,49,target_patient
B_p112083,B,False,False,False,False,False,,,57.0,0.017065794866791276,0,52,target_patient
B_p114117,B,False,False,False,False,False,,,46.0,0.006992080037248759,0,41,target_patient
B_p105354,B,False,False,False,False,False,,,37.0,0.0020697258399943607,0,32,target_patient
B_p112153,B,True,False,False,False,False,,19.0,22.0,0.0023801239874710065,0,0,target_patient
B_p115147,B,False,True,False,False,False,8.0,,58.0,0.09634412256892994,7,53,target_patient
B_p110909,B,False,True,False,False,False,65.0,,89.0,0.03716415937938027,5,84,target_patient
B_p107787,B,False,False,False,False,False,,,19.0,0.002479914535737381,0,14,target_patient
B_p111086,B,False,False,False,False,False,,,44.0,0.014742033008799027,0,39,target_patient
B_p117081,B,False,False,False,False,False,,,40.0,0.010370013149863924,0,35,target_patient
B_p116224,B,False,False,False,False,False,,,19.0,0.004246636520128104,0,14,target_patient
B_p104388,B,False,False,False,False,False,,,19.0,0.004555675518871073,0,14,target_patient
B_p116287,B,False,False,False,False,False,,,41.0,0.015073183030672684,0,36,target_patient
B_p107290,B,False,False,False,False,False,,,27.0,0.0018872234231255974,0,22,target_patient
B_p105286,B,False,False,False,False,False,,,49.0,0.002333457161754194,0,44,target_patient
B_p104410,B,False,False,False,False,False,,,53.0,0.005268632060804764,0,48,target_patient
B_p109168,B,False,False,False,False,False,,,46.0,0.003883309533346669,0,41,target_patient
B_p115999,B,False,False,False,False,False,,,18.0,0.010781770735010552,0,13,target_patient
B_p119148,B,False,False,False,False,False,,,22.0,0.005335537629633617,0,17,target_patient
B_p105490,B,False,False,False,False,False,,,49.0,0.015826722254232515,0,44,target_patient
B_p101238,B,False,True,False,False,False,11.0,,47.0,0.04860757854008789,3,42,target_patient
B_p109142,B,False,False,False,False,False,,,22.0,0.0024776931156669014,0,17,target_patient
B_p111177,B,False,False,False,False,False,,,54.0,0.005227600322484877,0,49,target_patient
B_p119669,B,False,True,False,False,False,8.0,,17.0,0.09596543882629739,10,12,target_patient
B_p101938,B,False,False,False,False,False,,,36.0,0.006080268762476529,0,31,target_patient
B_p109035,B,False,False,False,False,False,,,31.0,0.0008505624780826675,0,26,target_patient
B_p108857,B,False,False,False,False,False,,,39.0,0.00970531982400617,0,34,target_patient
B_p116996,B,False,False,False,False,False,,,32.0,0.001977875687691957,0,27,target_patient
B_p101152,B,False,False,False,False,False,,,31.0,0.0014491534246467335,0,26,target_patient
B_p115937,B,False,True,False,False,False,62.0,,84.0,0.3414655799504624,23,79,target_patient
B_p108537,B,False,False,False,False,False,,,27.0,0.0027174855626913887,0,22,target_patient
B_p111346,B,False,False,False,False,False,,,47.0,0.01973382076293005,0,42,target_patient
B_p109910,B,False,False,False,False,False,,,26.0,0.006071144533237261,0,21,target_patient
B_p113040,B,False,False,False,False,False,,,40.0,0.0007947381459893875,0,35,target_patient
B_p111882,B,False,False,False,False,False,,,40.0,0.009040893797882428,0,35,target_patient
B_p115897,B,False,True,False,False,False,43.0,,44.0,0.026901757684456597,2,39,target_patient
B_p115982,B,False,False,False,False,False,,,39.0,0.0032755071089663524,0,34,target_patient
B_p117097,B,False,False,False,False,False,,,44.0,0.00566143608051247,0,39,target_patient
B_p115367,B,False,False,False,False,False,,,39.0,0.003922321215876558,0,34,target_patient
B_p115052,B,False,False,False,False,False,,,41.0,0.004925407068788447,0,36,target_patient
B_p108360,B,False,False,False,False,False,,,19.0,0.00881832989446814,0,14,target_patient
B_p109108,B,False,False,False,False,False,,,27.0,0.0032950431192093114,0,22,target_patient
B_p119709,B,False,False,False,False,False,,,39.0,0.0031016685098011706,0,34,target_patient
B_p113911,B,False,False,False,False,False,,,26.0,0.009895557073108054,0,21,target_patient
B_p101602,B,False,True,False,False,False,36.0,,43.0,0.05792138716233187,7,38,target_patient
B_p103605,B,False,False,False,False,False,,,23.0,0.0005457769949543845,0,18,target_patient
B_p108529,B,False,False,False,False,False,,,41.0,0.008358941711212303,0,36,target_patient
B_p110229,B,False,False,False,False,False,,,20.0,0.0027501949495294144,0,15,target_patient
B_p109123,B,False,False,False,False,False,,,46.0,0.0031463571973819942,0,41,target_patient
B_p102194,B,False,False,False,False,False,,,21.0,0.003180204627705919,0,16,target_patient
B_p101531,B,False,True,False,False,False,41.0,,44.0,0.02716207982318749,1,39,target_patient
B_p108810,B,False,False,False,False,False,,,21.0,0.00105406030475171,0,16,target_patient
B_p119256,B,False,True,False,False,False,43.0,,46.0,0.030207104949978865,2,41,target_patient
B_p116602,B,False,False,False,False,False,,,23.0,0.003406806249859422,0,18,target_patient
B_p113535,B,False,False,False,False,False,,,24.0,0.003787707289257507,0,19,target_patient
B_p112637,B,False,False,False,False,False,,,39.0,0.0027253239535539545,0,34,target_patient
B_p103176,B,False,False,False,False,False,,,18.0,0.004269937178538904,0,13,target_patient
B_p103936,B,False,False,False,False,False,,,46.0,0.0063434732930217385,0,41,target_patient
B_p108705,B,False,False,False,False,False,,,18.0,0.006164966899716485,0,13,target_patient
B_p117162,B,False,False,False,False,False,,,19.0,0.008590366640424481,0,14,target_patient
B_p112626,B,False,False,False,False,False,,,21.0,0.0005379100071169496,0,16,target_patient
B_p105860,B,False,True,False,False,False,32.0,,50.0,0.04403228612553203,17,45,target_patient
B_p117997,B,False,False,False,False,False,,,46.0,0.01504588014083101,0,41,target_patient
B_p113238,B,False,True,False,False,False,40.0,,52.0,0.044545207728218315,7,47,target_patient
B_p116591,B,False,True,False,False,False,53.0,,86.0,0.09901360779807714,22,81,target_patient
B_p107677,B,False,False,False,False,False,,,36.0,0.0010529265062665903,0,31,target_patient
B_p111239,B,False,True,False,False,False,14.0,,163.0,0.2689228263041749,95,158,target_patient
B_p106269,B,False,False,False,False,False,,,19.0,0.004606216437297635,0,14,target_patient
B_p113141,B,False,False,False,False,False,,,56.0,0.017155870614165732,0,51,target_patient
B_p101486,B,False,False,False,False,False,,,37.0,0.016056171045020367,0,32,target_patient
B_p119700,B,False,False,False,False,False,,,21.0,0.0010513542318278959,0,16,target_patient
B_p117616,B,False,False,False,False,False,,,45.0,0.002686062115421324,0,40,target_patient
B_p114325,B,False,True,False,False,False,58.0,,59.0,0.03635674785587682,1,54,target_patient
B_p101450,B,False,False,False,False,False,,,49.0,0.019239246084203698,0,44,target_patient
B_p106688,B,False,False,False,False,False,,,56.0,0.00545262943016302,0,51,target_patient
B_p113482,B,False,False,False,False,False,,,28.0,0.0005406123905904291,0,23,target_patient
B_p107291,B,False,False,False,False,False,,,36.0,0.0025020208195609467,0,31,target_patient
B_p106725,B,False,False,False,False,False,,,44.0,0.00326911731018824,0,39,target_patient
B_p117929,B,False,False,False,False,False,,,24.0,0.002836992006865474,0,19,target_patient
B_p110798,B,False,False,False,False,False,,,43.0,0.0014225031744238372,0,38,target_patient
B_p104164,B,False,False,False,False,False,,,42.0,0.0031138763646022566,0,37,target_patient
B_p100979,B,False,False,False,False,False,,,54.0,0.00979868620253908,0,49,target_patient
B_p101137,B,False,True,False,False,False,41.0,,43.0,0.04146354843709429,2,38,target_patient
B_p110882,B,False,False,False,False,False,,,43.0,0.005321620671968485,0,38,target_patient
B_p113497,B,False,False,False,False,False,,,38.0,0.0033024315193820467,0,33,target_patient
B_p112422,B,False,False,False,False,False,,,50.0,0.0070952469984741666,0,45,target_patient
B_p104215,B,False,False,False,False,False,,,37.0,0.005264930460136488,0,32,target_patient
B_p110657,B,False,False,False,False,False,,,26.0,0.0019235070491392225,0,21,target_patient
B_p116803,B,False,False,False,False,False,,,40.0,0.004404618724709779,0,35,target_patient
B_p118137,B,False,False,False,False,False,,,36.0,0.00440832833475084,0,31,target_patient
B_p116439,B,False,True,False,False,False,56.0,,336.0,0.3833620724776829,262,331,target_patient
B_p117478,B,False,False,False,False,False,,,22.0,0.0015007486256815308,0,17,target_patient
B_p119752,B,False,False,False,False,False,,,21.0,0.0016635715068812876,0,16,target_patient
B_p108248,B,False,False,False,False,False,,,21.0,0.0014762301927443303,0,16,target_patient
B_p101015,B,False,False,False,False,False,,,55.0,0.006090961693291944,0,50,target_patient
B_p100277,B,False,False,False,False,False,,,40.0,0.00842129567950848,0,35,target_patient
B_p107225,B,False,True,False,False,False,34.0,,39.0,0.04137795364979428,5,34,target_patient
B_p103787,B,False,False,False,False,False,,,57.0,0.02127704328210482,0,52,target_patient
B_p105623,B,False,False,False,False,False,,,37.0,0.006787140072855212,0,32,target_patient
B_p101134,B,False,False,False,False,False,,,54.0,0.008609469302378311,0,49,target_patient
B_p104799,B,False,False,False,False,False,,,27.0,0.003424521225003778,0,22,target_patient
B_p115376,B,False,True,False,False,False,37.0,,37.0,0.026505853334436964,1,32,target_patient
B_p111310,B,False,False,False,False,False,,,23.0,0.0008178356776490552,0,18,target_patient
B_p101542,B,False,True,False,False,False,14.0,,25.0,0.031916143758699445,1,20,target_patient
B_p100467,B,False,False,False,False,False,,,35.0,0.002460877944816593,0,30,target_patient
B_p101658,B,False,False,False,False,False,,,41.0,0.008118548091381789,0,36,target_patient
B_p118438,B,False,False,False,False,False,,,41.0,0.0063672215417929,0,36,target_patient
B_p110720,B,False,False,False,False,False,,,18.0,0.0006550938345550504,0,13,target_patient
B_p118345,B,False,False,False,False,False,,,9.0,0.0005446682820551783,0,4,target_patient
B_p118537,B,False,True,False,False,False,18.0,,32.0,0.059216352741679065,11,27,target_patient
B_p109268,B,False,False,False,False,False,,,44.0,0.001336194034591126,0,39,target_patient
B_p110857,B,False,False,False,False,False,,,21.0,0.0015397343628073981,0,16,target_patient
B_p113659,B,False,False,False,False,False,,,41.0,0.002883079659907274,0,36,target_patient
B_p111574,B,False,False,False,False,False,,,19.0,0.0016114393728589905,0,14,target_patient
B_p100366,B,False,False,False,False,False,,,22.0,0.003010239524257059,0,17,target_patient
B_p110444,B,False,False,False,False,False,,,38.0,0.003702968704770967,0,33,target_patient
B_p115838,B,False,False,False,False,False,,,52.0,0.01170856931023699,0,47,target_patient
B_p107828,B,False,False,False,False,False,,,55.0,0.008716570015473669,0,50,target_patient
B_p108879,B,False,False,False,False,False,,,51.0,0.01985849946381143,0,46,target_patient
B_p117844,B,False,False,False,False,False,,,23.0,0.0040826611666218045,0,18,target_patient
B_p112427,B,False,True,False,False,False,43.0,,43.0,0.024409218614035617,1,38,target_patient
B_p100445,B,False,False,False,False,False,,,37.0,0.0023252040337797034,0,32,target_patient
B_p114710,B,True,False,False,False,False,,17.0,20.0,0.004751533741465391,0,0,target_patient
B_p118074,B,False,True,False,False,False,53.0,,55.0,0.05667362539841357,3,50,target_patient
B_p119766,B,False,False,False,False,False,,,24.0,0.002671727953137236,0,19,target_patient
B_p105229,B,False,True,False,False,False,43.0,,51.0,0.047686829396825205,2,46,target_patient
B_p109873,B,False,False,False,False,False,,,18.0,0.0011389579287609283,0,13,target_patient
B_p106481,B,False,False,False,False,False,,,21.0,0.0018499563875276623,0,16,target_patient
B_p102908,B,False,False,False,False,False,,,17.0,0.0013089307108162934,0,12,target_patient
B_p114970,B,False,False,False,False,False,,,43.0,0.006397930428488357,0,38,target_patient
B_p108401,B,False,False,False,False,False,,,37.0,0.0024853264215944303,0,32,target_patient
B_p104721,B,False,False,False,False,False,,,28.0,0.0028889645353073643,0,23,target_patient
B_p117394,B,False,False,False,False,False,,,16.0,0.015407558836568374,0,11,target_patient
B_p113012,B,False,False,False,False,False,,,30.0,0.0022482170689096417,0,25,target_patient
B_p112333,B,False,True,False,False,False,48.0,,56.0,0.042861290582224064,4,51,target_patient
B_p114957,B,False,False,False,False,False,,,21.0,0.001253457115783369,0,16,target_patient
B_p106487,B,False,False,False,False,False,,,43.0,0.008835159166610828,0,38,target_patient
B_p113342,B,False,False,False,False,False,,,48.0,0.005446180333647691,0,43,target_patient
B_p104976,B,False,False,False,False,False,,,38.0,0.010871554417901918,0,33,target_patient
B_p106660,B,False,True,False,False,False,12.0,,28.0,0.029000050998689245,3,23,target_patient
B_p103683,B,False,False,False,False,False,,,19.0,0.0036455994886567446,0,14,target_patient
B_p101085,B,False,False,False,False,False,,,17.0,0.003842218854010087,0,12,target_patient
B_p116689,B,False,False,False,False,False,,,14.0,0.00420286965452632,0,9,target_patient
B_p112039,B,False,False,False,False,False,,,18.0,0.0017570722406156057,0,13,target_patient
B_p113940,B,False,False,False,False,False,,,23.0,0.0013908615394874146,0,18,target_patient
B_p112526,B,False,False,False,False,False,,,41.0,0.005214945892579893,0,36,target_patient
B_p107445,B,False,True,False,False,False,43.0,,129.0,0.35878077931437147,87,124,target_patient
B_p101368,B,False,False,False,False,False,,,21.0,0.0004233521060156499,0,16,target_patient
B_p103645,B,False,True,False,False,False,43.0,,54.0,0.032316537409093606,3,49,target_patient
B_p113805,B,False,False,False,False,False,,,26.0,0.003405022246129069,0,21,target_patient
B_p114523,B,False,False,False,False,False,,,24.0,0.0019081430062425555,0,19,target_patient
B_p100085,B,False,False,False,False,False,,,39.0,0.0007269508822591844,0,34,target_patient
B_p119913,B,False,False,False,False,False,,,54.0,0.004049201445388442,0,49,target_patient
B_p108919,B,False,True,False,False,False,15.0,,19.0,0.05816176136234652,5,14,target_patient
B_p115717,B,False,False,False,False,False,,,37.0,0.0009093561482883024,0,32,target_patient
B_p117610,B,False,False,False,False,False,,,43.0,0.003686161869695968,0,38,target_patient
B_p106120,B,False,False,False,False,False,,,26.0,0.0024795493696502177,0,21,target_patient
B_p106266,B,False,False,False,False,False,,,44.0,0.002146469880556004,0,39,target_patient
B_p106186,B,False,False,False,False,False,,,26.0,0.00185839183234012,0,21,target_patient
B_p110671,B,False,False,False,False,False,,,48.0,0.013736680112546905,0,43,target_patient
B_p112911,B,False,False,False,False,False,,,55.0,0.018477858748285784,0,50,target_patient
B_p119182,B,False,False,False,False,False,,,20.0,0.006043921410347489,0,15,target_patient
B_p118391,B,False,False,False,False,False,,,21.0,0.0032798399450578333,0,16,target_patient
B_p110954,B,False,False,False,False,False,,,49.0,0.00785981842567784,0,44,target_patient
B_p108453,B,False,False,False,False,False,,,22.0,0.0014722451724834694,0,17,target_patient
B_p105562,B,False,False,False,False,False,,,12.0,0.0008282752768628172,0,7,target_patient
B_p101285,B,False,False,False,False,False,,,48.0,0.010246533146248848,0,42,target_patient
B_p103911,B,False,False,False,False,False,,,20.0,0.001991574534354207,0,15,target_patient
B_p119304,B,False,False,False,False,False,,,18.0,0.0013436694479965216,0,13,target_patient
B_p105040,B,False,False,False,False,False,,,39.0,0.0037363901276795545,0,34,target_patient
B_p109497,B,False,False,False,False,False,,,35.0,0.0015339054782523955,0,30,target_patient
B_p101661,B,False,False,False,False,False,,,41.0,0.009038467855626052,0,36,target_patient
B_p115514,B,False,False,False,False,False,,,48.0,0.016330792410638662,0,43,target_patient
B_p112037,B,False,False,False,False,False,,,51.0,0.004881308390404862,0,46,target_patient
B_p116844,B,False,False,False,False,False,,,40.0,0.0010256380689137286,0,35,target_patient
B_p114068,B,False,False,False,False,False,,,55.0,0.006262109753953061,0,50,target_patient
B_p118846,B,False,False,False,False,False,,,25.0,0.006378302750513225,0,20,target_patient
B_p114971,B,False,False,False,False,False,,,23.0,0.01076339399837382,0,18,target_patient
B_p101002,B,False,False,False,False,False,,,54.0,0.01291099390174635,0,49,target_patient
B_p117534,B,True,True,True,False,True,12.0,181.0,184.0,0.30528295339600475,0,0,target_patient
B_p109508,B,False,False,False,False,False,,,39.0,0.014515779353073579,0,34,target_patient
B_p104078,B,False,False,False,False,False,,,20.0,0.0073050084239188965,0,15,target_patient
B_p115665,B,False,False,False,False,False,,,23.0,0.004171250926759499,0,18,target_patient
B_p114638,B,True,False,False,False,False,,18.0,21.0,0.00037064404493186286,0,0,target_patient
B_p115779,B,False,False,False,False,False,,,38.0,0.001589703087675959,0,33,target_patient
B_p112563,B,False,False,False,False,False,,,48.0,0.007391565671386786,0,43,target_patient
B_p111442,B,False,False,False,False,False,,,17.0,0.0028346125190324947,0,12,target_patient
B_p107463,B,False,False,False,False,False,,,34.0,0.0022460263313643274,0,29,target_patient
B_p101617,B,False,False,False,False,False,,,10.0,0.009723752503903718,0,5,target_patient
B_p104319,B,False,False,False,False,False,,,25.0,0.0025278820771062506,0,20,target_patient
B_p115625,B,True,False,False,False,False,,19.0,22.0,0.010015874964064428,0,0,target_patient
B_p104011,B,False,False,False,False,False,,,44.0,0.0014819076042123947,0,39,target_patient
B_p109397,B,False,False,False,False,False,,,17.0,0.0010914296521891817,0,12,target_patient
B_p114754,B,False,True,False,False,False,19.0,,46.0,0.06169814564502944,7,41,target_patient
B_p113527,B,False,False,False,False,False,,,51.0,0.005872006174528444,0,46,target_patient
B_p117249,B,False,False,False,False,False,,,31.0,0.0024998878550654747,0,26,target_patient
B_p117935,B,False,False,False,False,False,,,43.0,0.0035893145827750805,0,38,target_patient
B_p106576,B,False,False,False,False,False,,,39.0,0.005184708270473216,0,34,target_patient
B_p101415,B,False,False,False,False,False,,,40.0,0.0025921857643083747,0,35,target_patient
B_p117604,B,False,False,False,False,False,,,45.0,0.004500877566044286,0,40,target_patient
B_p109801,B,False,False,False,False,False,,,23.0,0.007665339538665717,0,18,target_patient
B_p112128,B,False,True,False,False,False,11.0,,18.0,0.028911482143227193,3,13,target_patient
B_p102104,B,False,False,False,False,False,,,41.0,0.0018522111520014057,0,36,target_patient
B_p101802,B,False,False,False,False,False,,,36.0,0.001324836299926671,0,31,target_patient
B_p116815,B,False,False,False,False,False,,,22.0,0.00039211185073932187,0,17,target_patient
B_p109779,B,False,False,False,False,False,,,52.0,0.011687444139218345,0,47,target_patient
B_p105022,B,False,False,False,False,False,,,42.0,0.007301755542623207,0,37,target_patient
B_p113707,B,False,False,False,False,False,,,21.0,0.0015588357159702442,0,16,target_patient
B_p117710,B,False,False,False,False,False,,,38.0,0.0006236590363207652,0,33,target_patient
B_p113983,B,False,False,False,False,False,,,22.0,0.002207321609787765,0,17,target_patient
B_p103714,B,False,False,False,False,False,,,27.0,0.0006227908390909453,0,22,target_patient
B_p119109,B,True,True,True,False,True,57.0,65.0,68.0,0.5792849147623236,0,0,target_patient
B_p109803,B,False,False,False,False,False,,,45.0,0.0037487353675631947,0,40,target_patient
B_p102603,B,False,False,False,False,False,,,53.0,0.004561489056825452,0,48,target_patient
B_p100873,B,False,False,False,False,False,,,58.0,0.006602944427579477,0,53,target_patient
B_p111588,B,False,False,False,False,False,,,10.0,0.0012718543859630157,0,5,target_patient
B_p118936,B,False,False,False,False,False,,,22.0,0.001551281816071289,0,17,target_patient
B_p105340,B,False,False,False,False,False,,,23.0,0.009577851748864125,0,18,target_patient
B_p100395,B,False,False,False,False,False,,,39.0,0.009120034210013676,0,34,target_patient
B_p119483,B,False,False,False,False,False,,,43.0,0.0020119524991641237,0,38,target_patient
B_p101840,B,False,False,False,False,False,,,33.0,0.007258454456603609,0,28,target_patient
B_p115219,B,False,True,False,False,False,15.0,,38.0,0.11191530040084376,5,33,target_patient
B_p113918,B,False,True,False,False,False,8.0,,50.0,0.07169064866787217,20,45,target_patient
B_p104807,B,False,False,False,False,False,,,40.0,0.0015313108147965997,0,35,target_patient
B_p116220,B,False,False,False,False,False,,,50.0,0.009699047933579466,0,45,target_patient
B_p110902,B,False,True,False,False,False,60.0,,65.0,0.041812216682715925,5,60,target_patient
B_p100905,B,False,False,False,False,False,,,49.0,0.0035022950729047294,0,44,target_patient
B_p111488,B,False,True,False,False,False,12.0,,36.0,0.07442712709503252,16,31,target_patient
B_p100854,B,False,False,False,False,False,,,16.0,0.0004390210617705535,0,11,target_patient
B_p113995,B,False,False,False,False,False,,,30.0,0.0018239045390226847,0,25,target_patient
B_p112903,B,False,False,False,False,False,,,37.0,0.005088358389652097,0,32,target_patient
B_p103302,B,False,False,False,False,False,,,38.0,0.0018467791042783078,0,33,target_patient
B_p101998,B,False,False,False,False,False,,,19.0,0.005117394096339835,0,14,target_patient
B_p108870,B,False,False,False,False,False,,,50.0,0.01642893395211731,0,45,target_patient
B_p116165,B,False,False,False,False,False,,,58.0,0.011736965457766734,0,53,target_patient
B_p106837,B,False,False,False,False,False,,,53.0,0.00589997010955573,0,48,target_patient
B_p102189,B,False,False,False,False,False,,,49.0,0.003323780759516068,0,44,target_patient
B_p104923,B,False,False,False,False,False,,,47.0,0.0050316400865104425,0,42,target_patient
B_p105263,B,False,False,False,False,False,,,42.0,0.0026097328952627485,0,37,target_patient
B_p104578,B,False,False,False,False,False,,,46.0,0.014868714827393104,0,41,target_patient
B_p109577,B,False,False,False,False,False,,,19.0,0.00039240596541955015,0,14,target_patient
B_p103811,B,False,False,False,False,False,,,25.0,0.0027846104533222407,0,20,target_patient
B_p113593,B,False,False,False,False,False,,,21.0,0.0026677702902901143,0,16,target_patient
B_p104382,B,False,False,False,False,False,,,21.0,0.0028904760096158106,0,16,target_patient
B_p100495,B,False,False,False,False,False,,,23.0,0.004128729924059807,0,18,target_patient
B_p103829,B,False,False,False,False,False,,,53.0,0.01346023389408658,0,48,target_patient
B_p102595,B,False,False,False,False,False,,,23.0,0.002712610742968407,0,18,target_patient
B_p110881,B,True,True,True,False,True,61.0,170.0,172.0,0.24878099901844222,0,0,target_patient
B_p114839,B,False,False,False,False,False,,,17.0,0.002004854191873288,0,12,target_patient
B_p116684,B,False,False,False,False,False,,,41.0,0.0021879008381954714,0,36,target_patient
B_p104234,B,False,False,False,False,False,,,42.0,0.0013581330580278521,0,37,target_patient
B_p114097,B,False,False,False,False,False,,,40.0,0.002817846765704724,0,35,target_patient
B_p102165,B,False,False,False,False,False,,,12.0,0.0017348689268884953,0,7,target_patient
B_p109080,B,True,True,True,False,True,69.0,145.0,148.0,0.12071366753529968,0,0,target_patient
B_p103349,B,False,False,False,False,False,,,57.0,0.011200804390254813,0,52,target_patient
B_p104690,B,False,False,False,False,False,,,51.0,0.019560765347154948,0,46,target_patient
B_p112505,B,False,False,False,False,False,,,37.0,0.0006422328488997379,0,32,target_patient
B_p103203,B,False,False,False,False,False,,,21.0,0.0007316913777199265,0,16,target_patient
B_p113420,B,False,False,False,False,False,,,21.0,0.00048210625367645825,0,16,target_patient
B_p109621,B,False,False,False,False,False,,,21.0,0.001425429555089696,0,16,target_patient
B_p109495,B,False,False,False,False,False,,,30.0,0.003672623562954171,0,25,target_patient
B_p114177,B,False,False,False,False,False,,,15.0,0.001573022976240447,0,10,target_patient
B_p101365,B,False,False,False,False,False,,,18.0,0.0028846573267636037,0,13,target_patient
B_p114981,B,False,False,False,False,False,,,54.0,0.0065150806432157414,0,49,target_patient
B_p114817,B,False,False,False,False,False,,,56.0,0.008165366860685799,0,51,target_patient
B_p101571,B,False,False,False,False,False,,,34.0,0.010618560447572676,0,29,target_patient
B_p102090,B,False,True,False,False,False,57.0,,58.0,0.027604830516503913,1,53,target_patient
B_p103364,B,False,False,False,False,False,,,20.0,0.001107507849899169,0,15,target_patient
B_p103481,B,False,False,False,False,False,,,19.0,0.0012847661773707551,0,14,target_patient
B_p103800,B,False,False,False,False,False,,,38.0,0.001162218998241151,0,33,target_patient
B_p112389,B,False,True,False,False,False,47.0,,49.0,0.03137590177234732,2,44,target_patient
B_p100264,B,False,False,False,False,False,,,28.0,0.004406509263463043,0,23,target_patient
B_p117629,B,False,False,False,False,False,,,18.0,0.0031075468889086313,0,13,target_patient
B_p105813,B,False,True,False,False,False,46.0,,46.0,0.027616522278362615,1,41,target_patient
B_p101964,B,False,False,False,False,False,,,26.0,0.015113989456574157,0,21,target_patient
B_p109835,B,False,False,False,False,False,,,39.0,0.0014580691680416214,0,34,target_patient
B_p111659,B,False,False,False,False,False,,,34.0,0.004048570025577092,0,29,target_patient
B_p102876,B,False,False,False,False,False,,,35.0,0.0032855647563606507,0,30,target_patient
B_p110910,B,False,False,False,False,False,,,20.0,0.0016590826362356946,0,15,target_patient
B_p103868,B,False,False,False,False,False,,,22.0,0.0014052062612164781,0,17,target_patient
B_p118601,B,False,False,False,False,False,,,25.0,0.006974940824518585,0,20,target_patient
B_p115477,B,False,False,False,False,False,,,37.0,0.00604928317678065,0,32,target_patient
B_p100820,B,False,True,False,False,False,53.0,,58.0,0.06012996291972925,6,53,target_patient
B_p105664,B,False,False,False,False,False,,,37.0,0.0038440958982447434,0,32,target_patient
B_p118235,B,False,True,False,False,False,11.0,,22.0,0.09361480728599081,12,17,target_patient
B_p106137,B,False,False,False,False,False,,,13.0,0.0018705426213848739,0,8,target_patient
B_p111266,B,False,False,False,False,False,,,45.0,0.006045931881186929,0,40,target_patient
B_p111927,B,False,False,False,False,False,,,44.0,0.007470707877089426,0,39,target_patient
B_p115452,B,False,False,False,False,False,,,22.0,0.001895059500247744,0,17,target_patient
B_p109253,B,False,False,False,False,False,,,38.0,0.005196048485744805,0,33,target_patient
B_p105027,B,False,False,False,False,False,,,37.0,0.014725524834207714,0,32,target_patient
B_p116960,B,False,False,False,False,False,,,46.0,0.007932814388632109,0,41,target_patient
B_p101855,B,False,False,False,False,False,,,44.0,0.003866689123608948,0,39,target_patient
B_p106007,B,False,True,False,False,False,9.0,,45.0,0.05855943939744508,5,40,target_patient
B_p105503,B,False,False,False,False,False,,,18.0,0.003872936915324531,0,13,target_patient
B_p105738,B,False,False,False,False,False,,,34.0,0.004127000511721728,0,29,target_patient
B_p101821,B,False,False,False,False,False,,,39.0,0.0017050303805951927,0,34,target_patient
B_p113001,B,False,False,False,False,False,,,47.0,0.013616438435062722,0,42,target_patient
B_p118695,B,False,False,False,False,False,,,51.0,0.011569837447736745,0,46,target_patient
B_p104777,B,False,False,False,False,False,,,45.0,0.014062519211902534,0,40,target_patient
B_p101169,B,False,False,False,False,False,,,19.0,0.0022854372497088733,0,14,target_patient
B_p111703,B,False,False,False,False,False,,,25.0,0.005222458295385553,0,20,target_patient
B_p108350,B,False,False,False,False,False,,,41.0,0.0015348654656971614,0,36,target_patient
B_p104723,B,False,False,False,False,False,,,45.0,0.0029793291069485674,0,40,target_patient
B_p110999,B,False,False,False,False,False,,,41.0,0.0035563395303256974,0,36,target_patient
B_p112850,B,False,False,False,False,False,,,20.0,0.0012967385730513594,0,15,target_patient
B_p100253,B,False,False,False,False,False,,,20.0,0.0027500166372398647,0,15,target_patient
B_p108525,B,False,False,False,False,False,,,26.0,0.001379764548711021,0,21,target_patient
B_p108212,B,False,True,False,False,False,34.0,,44.0,0.16439707625976974,4,39,target_patient
B_p110060,B,False,False,False,False,False,,,16.0,0.009213350385261138,0,11,target_patient
B_p102108,B,False,False,False,False,False,,,38.0,0.0027321809646263864,0,33,target_patient
B_p119797,B,False,False,False,False,False,,,38.0,0.010768096771516168,0,33,target_patient
B_p118925,B,False,False,False,False,False,,,38.0,0.011260923454347144,0,33,target_patient
B_p107130,B,False,False,False,False,False,,,37.0,0.0016484072349364721,0,32,target_patient
B_p102062,B,False,False,False,False,False,,,46.0,0.006860191246633112,0,41,target_patient
B_p108308,B,False,False,False,False,False,,,43.0,0.01107947838068332,0,38,target_patient
B_p102605,B,False,False,False,False,False,,,37.0,0.003236552844050227,0,32,target_patient
B_p114876,B,False,False,False,False,False,,,33.0,0.003742112888211396,0,28,target_patient
B_p117879,B,False,False,False,False,False,,,47.0,0.003355251777996687,0,42,target_patient
B_p113921,B,False,False,False,False,False,,,32.0,0.0007098901094677576,0,27,target_patient
B_p101432,B,False,False,False,False,False,,,28.0,0.012763158438603582,0,23,target_patient
B_p119435,B,False,False,False,False,False,,,15.0,0.005342238093730104,0,10,target_patient
B_p105007,B,False,False,False,False,False,,,19.0,0.0024073265713223453,0,14,target_patient
B_p101762,B,False,False,False,False,False,,,23.0,0.0022397238371700003,0,18,target_patient
B_p110684,B,False,False,False,False,False,,,30.0,0.002871114239293727,0,25,target_patient
B_p100658,B,True,True,True,False,True,48.0,107.0,109.0,0.18345265758959212,0,0,target_patient
B_p106339,B,False,False,False,False,False,,,25.0,0.012400143775218097,0,20,target_patient
B_p101476,B,False,False,False,False,False,,,46.0,0.0017014135613233005,0,41,target_patient
B_p115508,B,False,False,False,False,False,,,44.0,0.007636323256049335,0,39,target_patient
B_p108281,B,False,False,False,False,False,,,54.0,0.015239247718711147,0,49,target_patient
B_p109543,B,False,False,False,False,False,,,31.0,0.020182457240269316,0,26,target_patient
B_p105272,B,False,False,False,False,False,,,38.0,0.00812988552619303,0,33,target_patient
B_p100800,B,False,False,False,False,False,,,42.0,0.000989897155578389,0,37,target_patient
B_p107116,B,False,False,False,False,False,,,28.0,0.0023987609967441653,0,23,target_patient
B_p114315,B,True,True,True,False,True,77.0,87.0,90.0,0.27055748661242596,0,0,target_patient
B_p102887,B,False,False,False,False,False,,,28.0,0.0027676003211542914,0,23,target_patient
B_p118342,B,False,False,False,False,False,,,15.0,0.000488616440204361,0,10,target_patient
B_p116545,B,False,False,False,False,False,,,36.0,0.002155032572928779,0,31,target_patient
B_p101022,B,False,False,False,False,False,,,40.0,0.011021079889171694,0,35,target_patient
B_p118165,B,False,False,False,False,False,,,50.0,0.004826133491140338,0,45,target_patient
B_p113514,B,False,False,False,False,False,,,39.0,0.005111675653205767,0,34,target_patient
B_p117725,B,False,True,False,False,False,11.0,,48.0,0.09550460330615332,4,43,target_patient
B_p107475,B,False,True,False,False,False,9.0,,57.0,0.14844118249368174,49,52,target_patient
B_p101639,B,False,False,False,False,False,,,20.0,0.0012612352187421074,0,15,target_patient
B_p114375,B,False,False,False,False,False,,,41.0,0.0023887081070163084,0,36,target_patient
B_p107229,B,False,True,False,False,False,10.0,,42.0,0.3576990876170769,17,37,target_patient
B_p105236,B,False,False,False,False,False,,,24.0,0.0010432068183818541,0,19,target_patient
B_p107666,B,False,False,False,False,False,,,20.0,0.00916974925739345,0,15,target_patient
B_p110847,B,False,False,False,False,False,,,22.0,0.0027400142747221246,0,17,target_patient
B_p111409,B,False,False,False,False,False,,,38.0,0.00590681186178458,0,33,target_patient
B_p109286,B,False,False,False,False,False,,,36.0,0.002113102648593689,0,31,target_patient
B_p118810,B,False,False,False,False,False,,,18.0,0.003506059192412362,0,13,target_patient
B_p108577,B,False,True,False,False,False,13.0,,55.0,0.05968968336368672,15,50,target_patient
B_p111417,B,True,False,False,False,False,,15.0,18.0,0.005731367716240272,0,0,target_patient
B_p106163,B,False,False,False,False,False,,,53.0,0.007594476145613288,0,48,target_patient
B_p108519,B,False,True,False,False,False,43.0,,59.0,0.4769145682199586,17,54,target_patient
B_p102952,B,False,False,False,False,False,,,44.0,0.013633533429626638,0,39,target_patient
B_p110010,B,False,False,False,False,False,,,23.0,0.00277552744041045,0,18,target_patient
B_p107919,B,False,False,False,False,False,,,28.0,0.0029248526600127197,0,23,target_patient
B_p118123,B,False,False,False,False,False,,,36.0,0.008855464166169955,0,31,target_patient
B_p108185,B,False,False,False,False,False,,,27.0,0.002084233730238496,0,22,target_patient
B_p102166,B,False,False,False,False,False,,,11.0,0.0056306186877444035,0,6,target_patient
B_p111781,B,False,False,False,False,False,,,47.0,0.015106077958773185,0,42,target_patient
B_p102239,B,False,False,False,False,False,,,45.0,0.0225026567615672,0,40,target_patient
B_p111202,B,False,True,False,False,False,40.0,,44.0,0.042760072745318636,5,39,target_patient
B_p114025,B,False,False,False,False,False,,,10.0,0.0019770653752481677,0,5,target_patient
B_p110206,B,False,False,False,False,False,,,57.0,0.021451908708537273,0,52,target_patient
B_p107131,B,False,True,False,False,False,46.0,,57.0,0.0994976196232997,12,52,target_patient
B_p116388,B,False,False,False,False,False,,,26.0,0.0018497508454127759,0,21,target_patient
B_p104391,B,False,False,False,False,False,,,36.0,0.0026495031569158775,0,31,target_patient
B_p108187,B,False,False,False,False,False,,,21.0,0.0008365140905417769,0,16,target_patient
B_p115303,B,False,False,False,False,False,,,45.0,0.01250974738958351,0,40,target_patient
B_p104373,B,False,False,False,False,False,,,44.0,0.007875457157759794,0,39,target_patient
B_p110033,B,True,True,True,False,True,64.0,103.0,105.0,0.5338671904563984,0,0,target_patient
B_p110567,B,False,False,False,False,False,,,51.0,0.005301437764342235,0,46,target_patient
B_p119853,B,False,False,False,False,False,,,58.0,0.009839016129302366,0,53,target_patient
B_p111011,B,False,False,False,False,False,,,41.0,0.001980868217094568,0,36,target_patient
B_p111680,B,False,False,False,False,False,,,25.0,0.0032632506142191934,0,20,target_patient
B_p112487,B,False,True,False,False,False,11.0,,49.0,0.037872735528707305,1,44,target_patient
B_p113375,B,False,True,False,False,False,12.0,,37.0,0.07231524960539917,25,32,target_patient
B_p109376,B,False,False,False,False,False,,,41.0,0.0012314160335715587,0,36,target_patient
B_p108853,B,False,False,False,False,False,,,23.0,0.002192120205262341,0,18,target_patient
B_p106414,B,False,False,False,False,False,,,56.0,0.008617036796276687,0,51,target_patient
B_p107688,B,False,True,False,False,False,15.0,,58.0,0.0768846226676897,7,53,target_patient
B_p105428,B,False,False,False,False,False,,,48.0,0.004456439072139542,0,43,target_patient
B_p118608,B,False,False,False,False,False,,,59.0,0.005393745098076436,0,54,target_patient
B_p119431,B,False,False,False,False,False,,,21.0,0.0006354664429614064,0,16,target_patient
B_p111893,B,False,True,False,False,False,49.0,,63.0,0.09452578264568491,11,58,target_patient
B_p117612,B,False,False,False,False,False,,,41.0,0.0043991170231310085,0,36,target_patient
B_p104525,B,False,False,False,False,False,,,12.0,0.003904792621628882,0,7,target_patient
B_p104135,B,False,False,False,False,False,,,43.0,0.00381758341604419,0,38,target_patient
B_p106164,B,False,False,False,False,False,,,12.0,0.001170880363730097,0,7,target_patient
B_p119106,B,False,False,False,False,False,,,24.0,0.0009204150041787413,0,19,target_patient
B_p112628,B,False,False,False,False,False,,,18.0,0.002706230614342005,0,13,target_patient
B_p117395,B,False,False,False,False,False,,,49.0,0.02056122206724601,0,44,target_patient
B_p114792,B,False,False,False,False,False,,,48.0,0.005222082941075323,0,43,target_patient
B_p103971,B,False,False,False,False,False,,,48.0,0.003258605611287276,0,43,target_patient
B_p107902,B,False,False,False,False,False,,,16.0,0.0009957848578446553,0,11,target_patient
B_p113181,B,False,False,False,False,False,,,41.0,0.0025294182507474687,0,36,target_patient
B_p106012,B,False,False,False,False,False,,,33.0,0.001990049402334839,0,28,target_patient
B_p106484,B,False,True,False,False,False,11.0,,48.0,0.03404987058993444,3,43,target_patient
B_p107794,B,False,False,False,False,False,,,48.0,0.004035905319400333,0,43,target_patient
B_p116647,B,False,False,False,False,False,,,21.0,0.009601887054930917,0,16,target_patient
B_p118589,B,False,False,False,False,False,,,46.0,0.009765368615198815,0,41,target_patient
B_p110052,B,False,False,False,False,False,,,19.0,0.0005931253592088299,0,14,target_patient
B_p107242,B,False,False,False,False,False,,,23.0,0.011072213214972506,0,18,target_patient
B_p108784,B,False,False,False,False,False,,,22.0,0.0015445654796208362,0,17,target_patient
B_p113333,B,False,False,False,False,False,,,18.0,0.003230333993043834,0,13,target_patient
B_p118560,B,False,False,False,False,False,,,43.0,0.012156998888983592,0,38,target_patient
B_p108654,B,False,False,False,False,False,,,52.0,0.005653025096277624,0,47,target_patient
B_p115680,B,False,False,False,False,False,,,34.0,0.008562756800746597,0,29,target_patient
B_p108244,B,False,False,False,False,False,,,36.0,0.003035210359499756,0,31,target_patient
B_p119710,B,False,False,False,False,False,,,21.0,0.00048553826152426653,0,16,target_patient
B_p118455,B,False,False,False,False,False,,,31.0,0.007764413605488349,0,26,target_patient
B_p118006,B,False,False,False,False,False,,,52.0,0.019172019897194123,0,47,target_patient
B_p103780,B,False,False,False,False,False,,,21.0,0.004791422661518581,0,16,target_patient
B_p114653,B,False,False,False,False,False,,,19.0,0.004073496665132128,0,14,target_patient
B_p101443,B,False,False,False,False,False,,,24.0,0.0026185918333595576,0,19,target_patient
B_p107021,B,True,False,False,False,False,,64.0,67.0,0.02371663761826213,0,0,target_patient
B_p106959,B,False,False,False,False,False,,,39.0,0.0034903353157501394,0,34,target_patient
B_p105917,B,False,False,False,False,False,,,41.0,0.0015608150710220627,0,36,target_patient
B_p110466,B,False,False,False,False,False,,,13.0,0.002323705391611963,0,8,target_patient
B_p100898,B,False,False,False,False,False,,,35.0,0.0017379296287360904,0,30,target_patient
B_p103519,B,False,False,False,False,False,,,18.0,0.002123708474844213,0,13,target_patient
B_p102357,B,False,False,False,False,False,,,39.0,0.002320705595452203,0,34,target_patient
B_p102138,B,False,False,False,False,False,,,40.0,0.0023071630878589706,0,35,target_patient
B_p110900,B,False,False,False,False,False,,,43.0,0.012563339947125975,0,38,target_patient
B_p112817,B,False,True,False,False,False,18.0,,36.0,0.030370133028566684,2,31,target_patient
B_p116322,B,True,True,True,False,True,51.0,309.0,312.0,0.7375193704561633,0,0,target_patient
B_p111182,B,False,True,False,False,False,8.0,,233.0,0.7597519502676353,189,228,target_patient
B_p107976,B,False,False,False,False,False,,,46.0,0.005436493349351208,0,41,target_patient
B_p113077,B,False,False,False,False,False,,,20.0,0.005775176394509391,0,15,target_patient
B_p118425,B,False,False,False,False,False,,,40.0,0.002334394919670661,0,35,target_patient
B_p102705,B,False,False,False,False,False,,,18.0,0.0005939842431235789,0,13,target_patient
B_p109183,B,False,True,False,False,False,11.0,,31.0,0.04806557503860355,8,26,target_patient
B_p118616,B,False,False,False,False,False,,,14.0,0.0012773473496056895,0,9,target_patient
B_p103214,B,False,False,False,False,False,,,59.0,0.021064933296256708,0,54,target_patient
B_p111670,B,False,False,False,False,False,,,36.0,0.0026523805535910313,0,31,target_patient
B_p117602,B,False,True,False,False,False,16.0,,59.0,0.05955646106621535,13,54,target_patient
B_p118930,B,False,False,False,False,False,,,19.0,0.008511182803467673,0,14,target_patient
B_p114725,B,False,False,False,False,False,,,45.0,0.003040268635957446,0,40,target_patient
B_p119102,B,False,True,False,False,False,12.0,,22.0,0.03851435362260282,5,17,target_patient
B_p119084,B,False,True,False,False,False,43.0,,96.0,0.07034526302445801,12,91,target_patient
B_p101503,B,False,False,False,False,False,,,19.0,0.005661724320811429,0,14,target_patient
B_p113139,B,False,False,False,False,False,,,15.0,0.0031987421511850576,0,10,target_patient
B_p100611,B,False,False,False,False,False,,,31.0,0.0008080416964855782,0,26,target_patient
B_p101744,B,False,False,False,False,False,,,42.0,0.0056021927172008575,0,37,target_patient
B_p104321,B,False,True,False,False,False,15.0,,58.0,0.08643051416237323,12,53,target_patient
B_p117474,B,False,False,False,False,False,,,36.0,0.00163635473077614,0,31,target_patient
B_p103120,B,False,False,False,False,False,,,36.0,0.0019142489258780076,0,31,target_patient
B_p107935,B,False,False,False,False,False,,,54.0,0.006211040360568575,0,49,target_patient
B_p103253,B,False,True,False,False,False,19.0,,26.0,0.03320918832395286,1,21,target_patient
B_p114067,B,False,False,False,False,False,,,39.0,0.007168326233474596,0,34,target_patient
B_p106079,B,False,True,False,False,False,27.0,,44.0,0.026156146014916535,1,39,target_patient
B_p112620,B,False,False,False,False,False,,,30.0,0.0011298176143469437,0,25,target_patient
B_p102612,B,False,False,False,False,False,,,39.0,0.0017472781499042879,0,34,target_patient
B_p114212,B,False,False,False,False,False,,,43.0,0.005239449624785959,0,38,target_patient
B_p107321,B,False,False,False,False,False,,,48.0,0.006647408045210488,0,43,target_patient
B_p105512,B,False,False,False,False,False,,,55.0,0.012554173467905237,0,50,target_patient
B_p118470,B,False,False,False,False,False,,,44.0,0.0051109771943592865,0,39,target_patient
B_p113781,B,False,True,False,False,False,12.0,,57.0,0.06080636185925384,15,52,target_patient
B_p108170,B,False,False,False,False,False,,,19.0,0.00472126893272047,0,14,target_patient
B_p105906,B,False,False,False,False,False,,,19.0,0.004080607957312346,0,14,target_patient
B_p117409,B,False,False,False,False,False,,,39.0,0.010857844158465912,0,34,target_patient
B_p102891,B,False,False,False,False,False,,,42.0,0.014923899099543576,0,37,target_patient
B_p119991,B,False,False,False,False,False,,,25.0,0.0015079894821459772,0,20,target_patient
B_p101525,B,False,False,False,False,False,,,28.0,0.004509613556975857,0,23,target_patient
B_p109618,B,False,False,False,False,False,,,21.0,0.0006996384966036206,0,16,target_patient
B_p103935,B,False,False,False,False,False,,,22.0,0.002872282648735126,0,17,target_patient
B_p117851,B,False,False,False,False,False,,,51.0,0.011995914470000327,0,46,target_patient
B_p106059,B,False,False,False,False,False,,,46.0,0.005187492017909535,0,41,target_patient
B_p100369,B,False,False,False,False,False,,,49.0,0.018046132029915857,0,44,target_patient
B_p110114,B,False,True,False,False,False,45.0,,48.0,0.036109657808805005,4,43,target_patient
B_p115212,B,False,False,False,False,False,,,58.0,0.006671502266910581,0,53,target_patient
B_p119486,B,False,False,False,False,False,,,19.0,0.021964347245288396,0,14,target_patient
B_p110482,B,False,False,False,False,False,,,46.0,0.003601146104771,0,41,target_patient
B_p101819,B,False,False,False,False,False,,,40.0,0.009955328140964411,0,35,target_patient
B_p113221,B,False,False,False,False,False,,,53.0,0.0020046343832604363,0,48,target_patient
B_p118106,B,False,False,False,False,False,,,35.0,0.001420415074593115,0,30,target_patient
B_p113076,B,False,False,False,False,False,,,39.0,0.002080538741024133,0,34,target_patient
B_p110273,B,False,False,False,False,False,,,46.0,0.001277621659987489,0,41,target_patient
B_p113179,B,False,True,False,False,False,37.0,,44.0,0.04566959848491968,3,39,target_patient
B_p100422,B,False,False,False,False,False,,,40.0,0.0011747224670456075,0,35,target_patient
B_p109566,B,False,False,False,False,False,,,27.0,0.005173963543643394,0,22,target_patient
B_p106633,B,False,False,False,False,False,,,54.0,0.006513416416623432,0,49,target_patient
B_p117380,B,False,False,False,False,False,,,20.0,0.0032325977645711107,0,15,target_patient
B_p116702,B,False,False,False,False,False,,,47.0,0.0013506200992288377,0,42,target_patient
B_p118662,B,False,False,False,False,False,,,55.0,0.003126435680169753,0,50,target_patient
B_p118778,B,False,False,False,False,False,,,41.0,0.008990037259834677,0,36,target_patient
B_p107932,B,False,False,False,False,False,,,37.0,0.01455443703584558,0,32,target_patient
B_p106196,B,False,False,False,False,False,,,43.0,0.0020977839431760396,0,38,target_patient
B_p104118,B,False,False,False,False,False,,,18.0,0.0018684003377694104,0,13,target_patient
B_p100172,B,False,False,False,False,False,,,54.0,0.018949824352632098,0,49,target_patient
B_p103433,B,False,False,False,False,False,,,42.0,0.008370494187307741,0,37,target_patient
B_p103093,B,False,False,False,False,False,,,35.0,0.00808142701662221,0,30,target_patient
B_p102151,B,False,False,False,False,False,,,38.0,0.003062447229084358,0,33,target_patient
B_p101781,B,False,True,False,False,False,58.0,,58.0,0.06097069593611569,1,53,target_patient
B_p107177,B,False,False,False,False,False,,,52.0,0.014935119392109975,0,47,target_patient
B_p107141,B,False,False,False,False,False,,,39.0,0.0010917532243207135,0,34,target_patient
B_p106428,B,False,False,False,False,False,,,32.0,0.009281052297787331,0,27,target_patient
B_p109161,B,False,False,False,False,False,,,38.0,0.017250033742638036,0,33,target_patient
B_p105981,B,False,False,False,False,False,,,20.0,0.0009976808677684666,0,15,target_patient
B_p100068,B,True,True,True,False,True,60.0,101.0,104.0,0.1343408266190786,0,0,target_patient
B_p112090,B,False,False,False,False,False,,,45.0,0.009808893463075409,0,40,target_patient
B_p114594,B,False,False,False,False,False,,,25.0,0.003145916110649293,0,20,target_patient
B_p117653,B,False,False,False,False,False,,,25.0,0.01893840784820642,0,20,target_patient
B_p109946,B,False,False,False,False,False,,,18.0,0.0013249913901377782,0,13,target_patient
B_p116777,B,False,False,False,False,False,,,55.0,0.007178082320416464,0,50,target_patient
B_p115810,B,False,False,False,False,False,,,59.0,0.003108824898063844,0,54,target_patient
B_p106323,B,False,False,False,False,False,,,18.0,0.0018730839757634446,0,13,target_patient
B_p119110,B,False,False,False,False,False,,,38.0,0.004559514705261731,0,33,target_patient
B_p101180,B,False,False,False,False,False,,,28.0,0.01486135658640628,0,23,target_patient
B_p102722,B,False,False,False,False,False,,,34.0,0.003925321365643495,0,29,target_patient
B_p100359,B,False,False,False,False,False,,,30.0,0.006752375546445843,0,25,target_patient
B_p104296,B,False,False,False,False,False,,,39.0,0.005271159546056783,0,34,target_patient
B_p113571,B,False,False,False,False,False,,,21.0,0.002976129934324643,0,16,target_patient
B_p102758,B,False,False,False,False,False,,,17.0,0.004700708158401765,0,12,target_patient
B_p111395,B,False,False,False,False,False,,,29.0,0.0018715423068679314,0,24,target_patient
B_p116036,B,False,False,False,False,False,,,29.0,0.018676353490125336,0,24,target_patient
B_p105905,B,True,False,False,False,False,,16.0,19.0,0.001001216428162386,0,0,target_patient
B_p111288,B,False,True,False,False,False,54.0,,58.0,0.025090285485387095,2,53,target_patient
B_p108733,B,False,False,False,False,False,,,44.0,0.002712724379535152,0,39,target_patient
B_p111218,B,False,True,False,False,False,11.0,,57.0,0.10175489854354278,26,52,target_patient
B_p112455,B,False,False,False,False,False,,,45.0,0.004769822835793678,0,40,target_patient
B_p113765,B,False,False,False,False,False,,,40.0,0.008252776783031488,0,35,target_patient
B_p116992,B,False,False,False,False,False,,,20.0,0.008316153853395607,0,15,target_patient
B_p114936,B,False,False,False,False,False,,,35.0,0.0009466824482490431,0,30,target_patient
B_p116402,B,False,False,False,False,False,,,44.0,0.0073889183083697945,0,39,target_patient
B_p102023,B,False,False,False,False,False,,,14.0,0.0012193346131987293,0,9,target_patient
B_p102997,B,False,False,False,False,False,,,43.0,0.009274029369191004,0,38,target_patient
B_p110851,B,False,False,False,False,False,,,43.0,0.003654125255918533,0,38,target_patient
B_p105904,B,False,False,False,False,False,,,36.0,0.0017438213383122983,0,31,target_patient
B_p116824,B,False,False,False,False,False,,,11.0,0.013360995561166107,0,6,target_patient
B_p108576,B,False,False,False,False,False,,,16.0,0.002218736823795339,0,11,target_patient
B_p113020,B,False,False,False,False,False,,,56.0,0.005365856479972849,0,51,target_patient
B_p107486,B,False,False,False,False,False,,,52.0,0.003491447425444656,0,47,target_patient
B_p108587,B,False,False,False,False,False,,,37.0,0.0027347338679027024,0,32,target_patient
B_p118382,B,False,False,False,False,False,,,19.0,0.0024299173147336777,0,14,target_patient
B_p113451,B,False,False,False,False,False,,,19.0,0.013728760205432622,0,14,target_patient
B_p105945,B,False,False,False,False,False,,,19.0,0.0011344651678068785,0,14,target_patient
B_p100440,B,False,False,False,False,False,,,17.0,0.0016276207830773857,0,12,target_patient
B_p102674,B,False,False,False,False,False,,,23.0,0.003269123508641304,0,18,target_patient
B_p118350,B,False,False,False,False,False,,,55.0,0.024254001031396865,0,50,target_patient
B_p114900,B,False,False,False,False,False,,,46.0,0.005776960557365652,0,41,target_patient
B_p108504,B,False,False,False,False,False,,,36.0,0.009387158298980472,0,31,target_patient
B_p101067,B,False,False,False,False,False,,,39.0,0.001946612859329603,0,34,target_patient
B_p116832,B,True,True,True,False,True,56.0,126.0,129.0,0.3834114468107718,0,0,target_patient
B_p107072,B,False,False,False,False,False,,,42.0,0.002085941618877368,0,37,target_patient
B_p109932,B,False,False,False,False,False,,,48.0,0.004703186777633684,0,41,target_patient
B_p114396,B,False,False,False,False,False,,,33.0,0.0020980048173016934,0,28,target_patient
B_p105968,B,False,True,False,False,False,48.0,,56.0,0.05784371476878953,7,51,target_patient
B_p119689,B,False,False,False,False,False,,,21.0,0.0017504641224566672,0,16,target_patient
B_p113978,B,False,False,False,False,False,,,21.0,0.006923532226454303,0,16,target_patient
B_p117558,B,False,False,False,False,False,,,46.0,0.005388901529825177,0,41,target_patient
B_p116547,B,False,True,False,False,False,10.0,,24.0,0.026586195466216985,1,19,target_patient
B_p113257,B,False,False,False,False,False,,,52.0,0.009676190595426529,0,47,target_patient
B_p113080,B,False,False,False,False,False,,,25.0,0.01131352429759892,0,20,target_patient
B_p117018,B,False,True,False,False,False,14.0,,32.0,0.027030367849475392,3,27,target_patient
B_p100397,B,False,False,False,False,False,,,48.0,0.0027872639010691263,0,43,target_patient
B_p117453,B,False,False,False,False,False,,,48.0,0.012071889461913413,0,43,target_patient
B_p114031,B,False,False,False,False,False,,,38.0,0.006096243137983137,0,33,target_patient
B_p100335,B,False,False,False,False,False,,,45.0,0.004452781009749027,0,40,target_patient
B_p110171,B,False,True,False,False,False,16.0,,37.0,0.026529289121965647,1,32,target_patient
B_p115000,B,False,False,False,False,False,,,27.0,0.003434104692918601,0,22,target_patient
B_p107430,B,False,False,False,False,False,,,40.0,0.0013361842617338141,0,35,target_patient
B_p108477,B,False,False,False,False,False,,,19.0,0.0016272901899665152,0,14,target_patient
B_p104530,B,True,True,True,False,True,13.0,246.0,248.0,0.1953241782794512,0,0,target_patient
B_p119048,B,False,False,False,False,False,,,46.0,0.014735482627026389,0,41,target_patient
B_p105851,B,False,False,False,False,False,,,13.0,0.0022264294205776676,0,8,target_patient
B_p114696,B,False,False,False,False,False,,,16.0,0.003966681742543005,0,11,target_patient
B_p105692,B,False,False,False,False,False,,,38.0,0.00100856145566914,0,33,target_patient
B_p104413,B,False,False,False,False,False,,,22.0,0.005193457932875072,0,17,target_patient
B_p107703,B,True,True,True,False,True,55.0,86.0,88.0,0.5550629023800391,0,0,target_patient
B_p116308,B,False,False,False,False,False,,,44.0,0.00225336988681643,0,39,target_patient
B_p104371,B,False,False,False,False,False,,,44.0,0.005488636138523788,0,39,target_patient
B_p112278,B,False,False,False,False,False,,,23.0,0.0062039705176419255,0,18,target_patient
B_p118007,B,False,False,False,False,False,,,23.0,0.00877841898254451,0,18,target_patient
B_p114865,B,False,False,False,False,False,,,52.0,0.003115752223097355,0,47,target_patient
B_p103975,B,False,False,False,False,False,,,17.0,0.002449110416781815,0,12,target_patient
B_p116630,B,False,False,False,False,False,,,36.0,0.002999000760711752,0,31,target_patient
B_p112151,B,False,False,False,False,False,,,51.0,0.00865718970946535,0,46,target_patient
B_p119416,B,False,False,False,False,False,,,53.0,0.018356891406137967,0,48,target_patient
B_p110858,B,False,False,False,False,False,,,49.0,0.021888720309478995,0,44,target_patient
B_p114231,B,False,False,False,False,False,,,30.0,0.0021911269264735383,0,25,target_patient
B_p115133,B,False,False,False,False,False,,,42.0,0.01183164028076527,0,37,target_patient
B_p100032,B,False,False,False,False,False,,,28.0,0.0007216821840120768,0,23,target_patient
B_p114331,B,False,False,False,False,False,,,10.0,0.0009689573193169495,0,5,target_patient
B_p100485,B,False,False,False,False,False,,,27.0,0.0104435693783373,0,22,target_patient
B_p111227,B,False,False,False,False,False,,,34.0,0.0010932368227877236,0,29,target_patient
B_p113698,B,False,False,False,False,False,,,35.0,0.005099270775473518,0,30,target_patient
B_p118967,B,False,False,False,False,False,,,37.0,0.00652287587585593,0,32,target_patient
B_p100036,B,False,False,False,False,False,,,38.0,0.003390715032282479,0,33,target_patient
B_p106599,B,False,False,False,False,False,,,45.0,0.00431701733077222,0,40,target_patient
B_p101731,B,False,True,False,False,False,26.0,,38.0,0.040469990160877684,4,33,target_patient
B_p102324,B,False,False,False,False,False,,,22.0,0.0022858712584167447,0,17,target_patient
B_p117700,B,False,True,False,False,False,9.0,,19.0,0.1435784719542306,1,14,target_patient
B_p117975,B,False,False,False,False,False,,,25.0,0.004226413952391552,0,20,target_patient
B_p110226,B,False,False,False,False,False,,,15.0,0.0023475987139372073,0,10,target_patient
B_p119998,B,False,False,False,False,False,,,49.0,0.01387851781495439,0,44,target_patient
B_p102251,B,False,False,False,False,False,,,38.0,0.0026305200405029564,0,33,target_patient
B_p119099,B,False,True,False,False,False,11.0,,40.0,0.04055636195058516,7,35,target_patient
B_p105020,B,False,False,False,False,False,,,37.0,0.0019328159630940442,0,32,target_patient
B_p102047,B,False,False,False,False,False,,,35.0,0.00208561222455142,0,30,target_patient
B_p101650,B,False,True,False,False,False,11.0,,51.0,0.03699825498773307,2,46,target_patient
B_p112763,B,True,True,True,False,True,58.0,225.0,228.0,0.8284416357437762,0,0,target_patient
B_p104432,B,False,False,False,False,False,,,44.0,0.0035256443288941616,0,39,target_patient
B_p112486,B,False,True,False,False,False,55.0,,56.0,0.024375822101522778,1,51,target_patient
B_p100795,B,False,False,False,False,False,,,24.0,0.002725773842376696,0,19,target_patient
B_p119995,B,False,False,False,False,False,,,42.0,0.005601643370975049,0,37,target_patient
B_p108554,B,False,False,False,False,False,,,20.0,0.005465482449309378,0,15,target_patient
B_p116855,B,False,False,False,False,False,,,47.0,0.005917744493051872,0,42,target_patient
B_p107159,B,False,True,False,False,False,10.0,,50.0,0.034567109113662835,3,45,target_patient
B_p106345,B,False,False,False,False,False,,,18.0,0.01622182522897028,0,13,target_patient
B_p108102,B,False,False,False,False,False,,,32.0,0.0020592129912288394,0,27,target_patient
B_p107433,B,False,False,False,False,False,,,54.0,0.00429201481442667,0,49,target_patient
B_p109609,B,False,True,False,False,False,44.0,,55.0,0.041223445991175126,3,50,target_patient
B_p115264,B,False,False,False,False,False,,,45.0,0.005492145774757366,0,40,target_patient
B_p100755,B,False,True,False,False,False,9.0,,57.0,0.12481915529370233,14,52,target_patient
B_p117597,B,False,True,False,False,False,12.0,,42.0,0.028263573730143744,1,37,target_patient
B_p114718,B,False,False,False,False,False,,,41.0,0.005487434642289022,0,36,target_patient
B_p102527,B,False,False,False,False,False,,,23.0,0.004162592763251694,0,18,target_patient
B_p113865,B,False,False,False,False,False,,,36.0,0.007518016097624681,0,31,target_patient
B_p113404,B,True,True,True,False,True,58.0,179.0,182.0,0.10916720657005419,0,0,target_patient
B_p113322,B,False,False,False,False,False,,,20.0,0.003197140166528812,0,15,target_patient
B_p103408,B,False,False,False,False,False,,,14.0,0.007045141718820146,0,9,target_patient
B_p115498,B,False,False,False,False,False,,,24.0,0.0031136296840851775,0,19,target_patient
B_p105642,B,False,False,False,False,False,,,44.0,0.0071300371499666,0,39,target_patient
B_p100126,B,False,False,False,False,False,,,31.0,0.004887899590318995,0,26,target_patient
B_p108455,B,False,True,False,False,False,23.0,,39.0,0.035306762281452915,1,34,target_patient
B_p114217,B,False,False,False,False,False,,,29.0,0.0009649671339793586,0,24,target_patient
B_p105563,B,False,False,False,False,False,,,39.0,0.0033341476327657664,0,34,target_patient
B_p105791,B,False,False,False,False,False,,,23.0,0.0030933249923690933,0,18,target_patient
B_p109705,B,False,False,False,False,False,,,32.0,0.009015834149714755,0,27,target_patient
B_p111991,B,False,False,False,False,False,,,13.0,0.002067631092940075,0,8,target_patient
B_p106407,B,False,False,False,False,False,,,50.0,0.0019162945386723227,0,45,target_patient
B_p116097,B,False,True,False,False,False,44.0,,52.0,0.05043454563280084,3,47,target_patient
B_p111487,B,False,False,False,False,False,,,29.0,0.011249923488109518,0,24,target_patient
B_p103436,B,False,False,False,False,False,,,39.0,0.004463557336617184,0,34,target_patient
B_p108960,B,False,False,False,False,False,,,53.0,0.0030262785547400337,0,48,target_patient
B_p118713,B,False,False,False,False,False,,,58.0,0.01382365980422005,0,53,target_patient
B_p110763,B,False,False,False,False,False,,,41.0,0.0013747170580816596,0,36,target_patient
B_p108720,B,False,False,False,False,False,,,43.0,0.006935705039740458,0,38,target_patient
B_p113564,B,False,False,False,False,False,,,44.0,0.002919119580304551,0,39,target_patient
B_p117379,B,False,False,False,False,False,,,40.0,0.0043679895118695945,0,35,target_patient
B_p106318,B,False,False,False,False,False,,,44.0,0.015705341365793945,0,39,target_patient
B_p115421,B,False,False,False,False,False,,,10.0,0.0011902458839491616,0,5,target_patient
B_p117196,B,False,False,False,False,False,,,56.0,0.017915316355789853,0,51,target_patient
B_p105530,B,False,False,False,False,False,,,9.0,0.013063332334518373,0,4,target_patient
B_p108754,B,False,False,False,False,False,,,49.0,0.0033572335894736104,0,44,target_patient
B_p114910,B,False,False,False,False,False,,,19.0,0.002859703111817735,0,14,target_patient
B_p102850,B,False,True,False,False,False,48.0,,53.0,0.04340921739495411,4,48,target_patient
B_p118790,B,False,False,False,False,False,,,39.0,0.0035314798691199185,0,34,target_patient
B_p107222,B,False,False,False,False,False,,,52.0,0.0067466422447951604,0,47,target_patient
B_p117215,B,False,False,False,False,False,,,26.0,0.019434489639783607,0,21,target_patient
B_p108632,B,False,False,False,False,False,,,26.0,0.0045204913074749446,0,21,target_patient
B_p113132,B,False,False,False,False,False,,,19.0,0.003976607276027191,0,14,target_patient
B_p116482,B,False,False,False,False,False,,,48.0,0.0033257537084913813,0,43,target_patient
B_p108968,B,False,False,False,False,False,,,21.0,0.0030081557536817067,0,16,target_patient
B_p119141,B,False,False,False,False,False,,,44.0,0.007971428523221158,0,39,target_patient
B_p104972,B,False,False,False,False,False,,,48.0,0.0073372119991224624,0,43,target_patient
B_p111922,B,False,False,False,False,False,,,42.0,0.006178673407348819,0,37,target_patient
B_p101434,B,False,False,False,False,False,,,35.0,0.0014042342057501856,0,30,target_patient
B_p104349,B,False,False,False,False,False,,,39.0,0.01026436605547851,0,34,target_patient
B_p110419,B,False,True,False,False,False,13.0,,21.0,0.024518639688701785,1,16,target_patient
B_p119809,B,False,False,False,False,False,,,49.0,0.005450586680232133,0,44,target_patient
B_p119142,B,False,False,False,False,False,,,39.0,0.006495431096936619,0,34,target_patient
B_p100842,B,False,True,False,False,False,13.0,,38.0,0.02705135729009667,1,33,target_patient
B_p104171,B,False,False,False,False,False,,,51.0,0.022155454582806215,0,46,target_patient
B_p113370,B,False,False,False,False,False,,,44.0,0.015510456431771506,0,39,target_patient
B_p117672,B,False,False,False,False,False,,,21.0,0.0008787513483625906,0,16,target_patient
B_p105656,B,False,False,False,False,False,,,39.0,0.015533769835159276,0,34,target_patient
B_p101693,B,False,False,False,False,False,,,19.0,0.006810301199166026,0,14,target_patient
B_p117523,B,False,True,False,False,False,49.0,,51.0,0.025842636841158673,1,46,target_patient
B_p117584,B,False,False,False,False,False,,,21.0,0.011806622903626418,0,16,target_patient
B_p119336,B,False,False,False,False,False,,,42.0,0.0019205224525460246,0,37,target_patient
B_p109612,B,False,False,False,False,False,,,16.0,0.008544677613509563,0,11,target_patient
B_p105989,B,False,False,False,False,False,,,18.0,0.0010163031889723819,0,13,target_patient
B_p107586,B,False,False,False,False,False,,,49.0,0.005993191181823955,0,44,target_patient
B_p117579,B,False,True,False,False,False,47.0,,48.0,0.05541988625668853,1,43,target_patient
B_p105390,B,False,False,False,False,False,,,18.0,0.002205076019869415,0,13,target_patient
B_p101906,B,False,True,False,False,False,42.0,,46.0,0.1172762199727182,5,41,target_patient
B_p117782,B,False,False,False,False,False,,,31.0,0.0025891578307597834,0,26,target_patient
B_p105234,B,False,False,False,False,False,,,48.0,0.010750461027740755,0,43,target_patient
B_p107419,B,False,False,False,False,False,,,46.0,0.02248597369711141,0,41,target_patient
B_p111178,B,False,True,False,False,False,12.0,,47.0,0.09379994503263099,1,42,target_patient
B_p111171,B,False,False,False,False,False,,,47.0,0.010433879207180535,0,42,target_patient
B_p118832,B,False,False,False,False,False,,,21.0,0.008428185999938782,0,16,target_patient
B_p101652,B,False,False,False,False,False,,,15.0,0.001335254305136443,0,10,target_patient
B_p108440,B,False,False,False,False,False,,,39.0,0.0016807470464600622,0,34,target_patient
B_p112916,B,False,False,False,False,False,,,38.0,0.0028634884286468858,0,33,target_patient
B_p107609,B,False,False,False,False,False,,,54.0,0.006549419141577547,0,49,target_patient
B_p101018,B,False,False,False,False,False,,,40.0,0.004968311093152543,0,35,target_patient
B_p103461,B,False,False,False,False,False,,,14.0,0.0015679277291621848,0,9,target_patient
B_p107584,B,False,False,False,False,False,,,17.0,0.00509693982889455,0,12,target_patient
B_p110647,B,False,False,False,False,False,,,19.0,0.00383961783368424,0,14,target_patient
B_p110080,B,False,True,False,False,False,12.0,,52.0,0.06461538212114538,4,47,target_patient
B_p103653,B,False,False,False,False,False,,,46.0,0.0032196824643657184,0,41,target_patient
B_p105570,B,False,False,False,False,False,,,25.0,0.004154509460230457,0,20,target_patient
B_p118692,B,False,False,False,False,False,,,56.0,0.015542709382029351,0,51,target_patient
B_p119950,B,False,False,False,False,False,,,19.0,0.0011747884722920915,0,14,target_patient
B_p106834,B,False,False,False,False,False,,,41.0,0.004337074740808996,0,36,target_patient
B_p116231,B,False,False,False,False,False,,,14.0,0.0016737916281276625,0,9,target_patient
B_p105400,B,False,False,False,False,False,,,14.0,0.001629803879893497,0,9,target_patient
B_p114953,B,False,True,False,False,False,11.0,,39.0,0.05973612145563533,18,34,target_patient
B_p109494,B,False,False,False,False,False,,,32.0,0.0015194332821242562,0,27,target_patient
B_p118290,B,False,False,False,False,False,,,12.0,0.0028527134220614537,0,7,target_patient
B_p108644,B,False,False,False,False,False,,,24.0,0.0014824996620586923,0,19,target_patient
B_p117151,B,False,False,False,False,False,,,20.0,0.0008713888516165809,0,15,target_patient
B_p112585,B,False,False,False,False,False,,,27.0,0.008126160670451403,0,22,target_patient
B_p106134,B,False,False,False,False,False,,,39.0,0.004464240613329155,0,34,target_patient
B_p116709,B,False,False,False,False,False,,,22.0,0.004815169185490913,0,17,target_patient
B_p118887,B,False,False,False,False,False,,,38.0,0.002295896397179869,0,33,target_patient
B_p117190,B,False,False,False,False,False,,,44.0,0.00673707367598787,0,39,target_patient
B_p108749,B,False,False,False,False,False,,,10.0,0.003849969757247333,0,5,target_patient
B_p115245,B,False,False,False,False,False,,,26.0,0.0044768018004297866,0,21,target_patient
B_p110364,B,False,False,False,False,False,,,49.0,0.011960958652520715,0,44,target_patient
B_p108385,B,False,False,False,False,False,,,46.0,0.007557895888554748,0,41,target_patient
B_p115972,B,False,False,False,False,False,,,56.0,0.009738832471652815,0,51,target_patient
B_p102484,B,False,False,False,False,False,,,39.0,0.00812411110951524,0,34,target_patient
B_p112648,B,False,False,False,False,False,,,36.0,0.005125911548203336,0,31,target_patient
B_p118931,B,False,False,False,False,False,,,55.0,0.006570324386103268,0,50,target_patient
B_p109119,B,False,False,False,False,False,,,45.0,0.004328024186489214,0,40,target_patient
B_p111863,B,False,False,False,False,False,,,37.0,0.008011317693882447,0,32,target_patient
B_p114371,B,False,False,False,False,False,,,22.0,0.0026284762518628256,0,17,target_patient
B_p106153,B,False,False,False,False,False,,,37.0,0.00102465816048277,0,32,target_patient
B_p116186,B,False,False,False,False,False,,,23.0,0.0014863743242261864,0,18,target_patient
B_p112743,B,False,False,False,False,False,,,18.0,0.002914223025371338,0,13,target_patient
B_p111061,B,False,True,False,False,False,11.0,,22.0,0.027827876484427555,2,17,target_patient
B_p111126,B,False,False,False,False,False,,,39.0,0.0018702873304258366,0,34,target_patient
B_p116247,B,False,False,False,False,False,,,22.0,0.002496115379143996,0,17,target_patient
B_p103256,B,False,False,False,False,False,,,46.0,0.016492998941592812,0,41,target_patient
B_p103921,B,False,True,False,False,False,10.0,,26.0,0.039606635308862714,5,21,target_patient
B_p118483,B,False,True,False,False,False,57.0,,67.0,0.037964574817908305,4,62,target_patient
B_p115884,B,False,False,False,False,False,,,39.0,0.003691879372990173,0,34,target_patient
B_p115888,B,False,False,False,False,False,,,57.0,0.010955651152427982,0,52,target_patient
B_p115145,B,False,False,False,False,False,,,21.0,0.0011703526606136804,0,16,target_patient
B_p101504,B,False,True,False,False,False,51.0,,55.0,0.024696230275450877,1,50,target_patient
B_p104007,B,False,False,False,False,False,,,36.0,0.012133479627649704,0,31,target_patient
B_p112536,B,False,False,False,False,False,,,38.0,0.0013299575875957877,0,33,target_patient
B_p113091,B,False,False,False,False,False,,,59.0,0.010996827757492951,0,54,target_patient
B_p114313,B,False,False,False,False,False,,,20.0,0.001318579159562087,0,15,target_patient
B_p109735,B,False,False,False,False,False,,,47.0,0.0038297548917988118,0,42,target_patient
B_p106956,B,False,False,False,False,False,,,39.0,0.02395680457976529,0,34,target_patient
B_p108048,B,False,False,False,False,False,,,31.0,0.0026768385272546206,0,26,target_patient
B_p115667,B,False,False,False,False,False,,,51.0,0.020864110227674572,0,46,target_patient
B_p106106,B,False,False,False,False,False,,,25.0,0.00268880605137332,0,20,target_patient
B_p108297,B,False,False,False,False,False,,,42.0,0.022614568981873473,0,37,target_patient
