id,site,role,septic,onset,record_hours,source_sha256
A_p006171,A,train,False,,39.0,19e136e0fac3a22e419a197ac21a18b97518374dd2a2f0fb5a72070bd0419f3f
A_p007827,A,train,False,,19.0,2ed0d857c624b84c6116f9ab4f3db11a8b17e32c8f39b45e6316e0c65cdcde38
A_p008258,A,train,False,,28.0,0570e479f994475c47b7707a5ea1a47ab87d32286444d05bea26b1f2ce6a79c6
A_p016106,A,train,False,,42.0,6860c04092d7b95c50ccffaecb0e48dcf21042188ae9f8c93bf18a14b68c4edd
A_p011239,A,train,False,,50.0,a20fa079963d3d4e34a9ca674f1aa6a631bd31c3cd9b46f859a7b207bfb9c330
A_p006447,A,train,False,,50.0,0b0dd2b6edf376366e3de7721053721b18b3492a16821b4551f57af00d47439c
A_p001473,A,train,False,,43.0,f39fe9a1a37a219632758cdd95155c765a64ad991409673e5e0c24bb5e1ebc35
A_p020492,A,train,False,,48.0,77703a64a010013d3bdad29484df05515d6dd4cad0b1e2d06219ed97c364ec00
A_p010161,A,train,True,19.0,22.0,c36f01f292182aad513de49ba553a7c0ed6fb38119d6d04c38db3bdd4b29bbc4
A_p003008,A,train,False,,57.0,14e3f4e82c5fe9fab7ceef591e1e48cf05144fbb4e768143d6dd8a114d0a398e
A_p019631,A,train,False,,50.0,5df7783ca70267c2329ce415bd04451bba69a1a730107e384102d10411a6728c
A_p017774,A,train,False,,31.0,c267c6560862edd53ca9a91cf1f54456d965b60984b4456f1cbf4eb9c4992dfd
A_p002612,A,train,False,,25.0,cb39e0cfe351c7655aa146da831968bf7155bba534db86710c92bae64e20cbac
A_p015846,A,train,False,,39.0,790157d25687582d4a14cbbba574f7f042246c06b2ee4314fa07ceda80701aee
A_p012728,A,train,False,,59.0,ef34743ae225cdd8cd334286a54d2e0aa3cbeeb2e8e775d68ef476e94502d22a
A_p017357,A,train,False,,41.0,20f9538d95561de1e1f2a05a6dfcef4904001da47598647f2a8fe5ded0ac9b08
A_p004123,A,train,True,89.0,91.0,50cc01aa68fb77f415f3af8ea39e51485f9ca62f290ccbde82a49b41d5e769a7
A_p012620,A,train,False,,41.0,77717bf55f77180affb4b57f7900d86c8a9bdc76e891f759f875c79b4857182f
A_p019938,A,train,False,,35.0,305c5351cfc1d091b8774210b2cbb6c60100c392920b6f4d4908cf5da4a5dd3f
A_p011773,A,train,False,,44.0,19e9b29fb5460a05707600326856477e74425571e8d38fddbc97a3dd0a35415d
A_p002999,A,train,False,,24.0,2b5ab80c9c96fb20342a047c43780b6dfbae696b421ca888dc4a427d3debe386
A_p004300,A,train,False,,38.0,f7c28e9c7ed212b22d563b830970d09399c45bbf32bb2559e97c6e9514189a5f
A_p012529,A,train,True,119.0,122.0,aa73698b93b05c0b0d993f2b56f83544ff47e0520e9b3e1099b877fc4f772f48
A_p008002,A,train,False,,31.0,35ecea45f39adf2c4b5b909eb463eace482349ff62650c4fd0c11fc4b1e6f97a
A_p008609,A,train,False,,42.0,33384a69818f39643c9e42ec107949ec80c7fcd903e7dc9eb373d8abbab9e5dd
A_p000321,A,train,False,,27.0,8ce698620952274da7e2afacf9bfa6c96c3478b0bc68b746e5a4f281b2fec170
A_p002463,A,train,False,,47.0,b355d7db3ba1acba2248bc9a4b322979a62ab36abb531778d66779cf7db6369c
A_p012140,A,train,False,,42.0,6b67e519318e120e6b1b37a599bb3afc1ce1268b211a71d2a2d4f434e631ba28
A_p017129,A,train,False,,39.0,99c6c8373e9553db4f41bb260ba3497390cbeee01caa9520e4ed8a1fb5ca15d4
A_p014689,A,train,False,,10.0,97a8eee3ab165bc00d9501ce07cb33f147b6f0810a5d7230d7ab8a4814d8ff2b
A_p014855,A,train,True,16.0,19.0,f6242e0370b1427eedc0e575ce626aadf9749cb848ce7a86a3c2f3f91141b357
A_p002520,A,train,False,,45.0,40bc58e327c4315e6fcd85c9710296bf4650ef9f45b48b687a7178bc368c97f7
A_p015133,A,train,False,,32.0,948aa8b809951e832e7a69eed8977ffbf6df6900e769b27e3282a1893aae7f3a
A_p008764,A,train,False,,33.0,adacf41a44a83103b2a87a575270072dacf49858fbfa11d86ade73307a7c8167
A_p001327,A,train,False,,37.0,a00287af93c7dd6efe22ce71803ed66f293a0eb9de47d44f621912bc26cbf62d
A_p000022,A,train,True,20.0,23.0,24a4c455ce53bd7009849f4cf74cd0bc736deb9777437528887da86c1222dd73
A_p009353,A,train,False,,24.0,3390c165f85649bc453da1dbf2fb1daf52c5603d59dd27ddef6dd66f09c1c795
A_p016958,A,train,False,,45.0,c72e55d1de05ee6e99c1c5d5963586b265d9f92bf478a329cc773f3b8122bd66
A_p002615,A,train,False,,45.0,af485d5e5a45c4d449542fb13112caa9e1f6534e7da0bf9723a977f270f4b182
A_p003556,A,train,False,,53.0,040e55ada9ce07d172bd71f727f8609ebd2bb3a744ad09daedf699c07ae9f82d
A_p000751,A,train,False,,19.0,32e7aef05f10eee3919517a946010ac46d31afcba3a3d13191310a832a5c7282
A_p013209,A,train,False,,57.0,9948dcea78f87d204d3e7872764f841e5a5cd237353162a96c04f48ac558d269
A_p011615,A,train,False,,44.0,e0faa4716ec38d408c1fd2900bb4d11eada4d817a67e789dc93dd3593ee1602b
A_p000346,A,train,True,62.0,64.0,d6af5919a94a74669b1389e36e90349f1606fb648f58cb769c0ab115556d6ede
A_p011078,A,train,False,,55.0,210f8dda683be4cb264ebd1438bbdb8e4186228be4b2406fe637a3d74f30f710
A_p003802,A,train,False,,47.0,1342ce5b2348dddc85e5470d4c1fbab35b9522ce7657a83e95959cdefc4cbe04
A_p015269,A,train,False,,48.0,15d8925f326614cb7fa4d62aeecd0f8edde917d3d18a9b7ce67d1354d65328c0
A_p014299,A,train,False,,38.0,fd9517e31a15670a2c4ce7ea22f932bf9840af5610947b0c2f3c08f34abe0261
A_p013873,A,train,False,,40.0,976f401e0bec70aed0295bb968c07d66e60092399400eddc1fc9c872f7878126
A_p020551,A,train,False,,26.0,c503a7cffa932a89f4f4bf70142b7ba47086087cd46e781c96afd85305f8d0d8
A_p004856,A,train,False,,49.0,af8fd3d61fb3bda990f9b7c4e7e7c979e7c8a8bd3624fae101b92b197030fb66
A_p008314,A,train,False,,54.0,188fc30fc2dc082222c89509f0ea0ba1c23538d8a2a338bd30d8d1145a4891d3
A_p014255,A,train,False,,37.0,3f9923a17f1adf04c626dda0013455212313c916feb460c10edb12b51d67fff2
A_p017719,A,train,False,,44.0,b3a4654d151273bf2be7b46607d17a70ee8f1fe4a7b86adcc7d21f6179a3c62b
A_p017558,A,train,False,,37.0,1ad7075a7a1f94a3fdb7b361ac5b52bb27ac56d94fe3e6bcf7af5c2e82222afc
A_p011307,A,train,False,,45.0,817f114292980d00e1b74910ae986007e16fcb6a8162afbead84c96dd71efec4
A_p008868,A,train,False,,28.0,694eb050ea9608bf911935a0cae6a42a9f1f6d5e3aae9e83e7a332a686c92b5f
A_p001553,A,train,False,,38.0,133d5c3ff3fe726d55b234607a9a681e7343212f4f921fbb6025727ae9a4316e
A_p015927,A,train,False,,55.0,db7e655195ec30ea456734e2f4222d022e545661173be27ba0f17f0b09671430
A_p019396,A,train,False,,58.0,1419f014ad0c68040f7952c37b88ee6721c5a080485366ca964009e14dff528e
A_p000541,A,train,True,248.0,251.0,28ef2c0a1e0d71b1f7ba2a902ca031643e614a4f6576b699c2af775b23929a65
A_p016952,A,train,False,,48.0,0508dbd1faaa9e92a53be47eeb95c387309f188f41e514aeb6705a7a86ab2b12
A_p003495,A,train,False,,58.0,a18449a793408c0178477b58a9ee233623aacbeef5e44298df20d61be4593f15
A_p005121,A,train,False,,56.0,5f8e5cc8d574ceb258c314d789569ffd5671127643a4c65252cd9c0cad95d972
A_p002320,A,train,False,,38.0,0191200e323b711879ca3df42562d8520c5ba3e7664474d53a6572f5cb161b70
A_p014892,A,train,False,,47.0,5e9a1fdcdc41847421312c0df4996beaac1a93cd9b9e8c895b662aa587d293e0
A_p020636,A,train,False,,47.0,6ef100813ea84be78c5aa3039a76053b87d85588d15149b52f41e2eabfe9fc4f
A_p001392,A,train,False,,40.0,44b542742b1a56543472eede248b059b394f2cf613b44846b34759832027a4d4
A_p016611,A,train,False,,12.0,bcb757719416d481efe742a72ae4f19155d5bc614e53f091f7e33e0e1220447f
A_p017899,A,train,False,,25.0,ac5ac124ac95aa1883d5319fd5b49cf0f95649b078b81f279661e553487bdc9b
A_p008785,A,train,False,,40.0,68cb954e027c23036caef8eadcd84f15d12c8abaf02cde6cde8ddaed900689c5
A_p015523,A,train,False,,13.0,0024ee12e0ca669db96031aac758c8c73e0884178ce1d3d87083c786aaf22a3c
A_p004748,A,train,False,,37.0,313a42a6c949280711867e18d4c667d2f7612e8165e9d318112e74adda6f332a
A_p002611,A,train,False,,47.0,9e8b406f37a2b4bed46f10453063a47e7925c8ac3120c47201a21d4f1c03e906
A_p015232,A,train,False,,42.0,a617a959253b686231f7c2d81f308d852c3300c55b7ad580affd38d19d2786c8
A_p014205,A,train,False,,40.0,2bd8ad47b03aa5d0da971c989c809c8e07a4172a7510e009e6f15a401275f0ea
A_p019158,A,train,False,,45.0,84b22b5873f3b619aeafde341de8e7279fb0d77e0705cd87e06d2d5adbc13d0d
A_p006985,A,train,False,,58.0,2ad0e69206f44b03e5df61eb92c455edb7a465239181cd431032ac0906e3aaab
A_p015709,A,train,False,,37.0,c472e0941690987beb304b5dc1b76cc5e5efdb3f058d67ff619a66a0f5f5188b
A_p000958,A,train,False,,28.0,3510127f09225ed951cb00e7076db5d72e8875c222a6bdd383cc99d736cb35b8
A_p010685,A,train,False,,23.0,a6c2e6c066a995b85cba5c8de157a5b17aeed3799d3ceb4f9eae1c2ba9b85e19
A_p000289,A,train,False,,24.0,b814f0dfb9a0e9ce46d3a83b8eb664c096e5f614795adec4080f3a864f1f6e8d
A_p004180,A,train,False,,36.0,b0e244f4cf58858e5e30dac126f07907db7acb832c8c899bf9f7ec05a8da02b2
A_p007816,A,train,False,,20.0,12711ee66334cb68f49aa6b7517880e5ab557d89144b3827c6180ac402cfe5f3
A_p006599,A,train,False,,25.0,ed47fad13734eaaa5c9635679491bb3c1f70683e99b964442c0bf4cce67352d5
A_p012352,A,train,True,15.0,18.0,695d7f14efe9fbf83938cef595c2bc43f1c14645d2d486a6b7aaf70b9b34304d
A_p007277,A,train,False,,36.0,efa8cbd641d0252f383c2d3bd90c4b30003547e4c49400ba8185a218b6fef7a2
A_p006197,A,train,False,,39.0,636c8ee992feadb74ee840f7a33179773c4eaa3fcb5c9a67f4e8cfcb9f8aaac9
A_p003728,A,train,False,,37.0,ff13d2d7b607bb70b400b26372184101d98640ecabdb04df1c111153bcea337e
A_p008367,A,train,False,,41.0,85f4461e99e71c51c12c48990a35fd4f163ce612d1cde1a59dcd896dc0f3712e
A_p005660,A,train,False,,46.0,f834770db2849ff08bc414e14d99ea462c1cf2af67b29e50ba354b67feef80b7
A_p013980,A,train,True,73.0,76.0,b42269ec2943ff2bb0decf36e9ba337965057a4a0683e455b6b64c7de5f6bf56
A_p003823,A,train,False,,24.0,64a3fe8edd93999b8bd03b64618baea86624734fd199201bd61571c8ba2bbea8
A_p017086,A,train,True,17.0,19.0,11ed5333b47dfb193399af170e26620c5fbb188cc2abc8722a723c906eb26e7d
A_p010067,A,train,False,,49.0,a3de4720f4812827762a04ef389b45b46ac6b71d4b420f32e3ca8d82d36e6961
A_p013130,A,train,False,,26.0,155eafeecf3f2f741fbcc31136fad2221b39f390c1b376015974594344075471
A_p015542,A,train,False,,29.0,87b1372290ec0372be8a934462fe8f5ae6be0937dc0fb2702da62d1ecd94b1e9
A_p003763,A,train,False,,39.0,295aef819d1bf8826ba1381a6bf8eb35705ab9454b2c21a97af5cd8082f66089
A_p017175,A,train,False,,53.0,614466ede97c3e2cc5367fc524d04c878e25043fdff89ae1a4ed02ce7496e826
A_p001750,A,train,False,,44.0,697854cf33fa707fa13cb35188a070fcd77891c65a7c662503a6f3427b9c535e
A_p013460,A,train,False,,24.0,a1e3d3c6ebe1613b8b7b0105c6337b4b9ca1e46936e71b7911988d40147487b4
A_p014623,A,train,False,,48.0,4a44729fb64f7f6bdcf3e150686d6f03ba64caad21d6bff94043e5868714b726
A_p006675,A,train,False,,51.0,d774f17f436fccb40922c956540a6aa1692c53952d0df85347a344670791a2f7
A_p010819,A,train,False,,37.0,f2b4258138bc8c7888ed185f8acf837f68f35db1fec8e73f90477196b7f88fec
A_p005910,A,train,False,,26.0,cf4831478e77cb70aa15eba5b8df379d51769bdd96e78f8facf383ae6b8012a9
A_p001378,A,train,False,,49.0,e5e2cbead4fcb1dbb8f47b961aca26d33c9117fd07f4b70ae3b2c525ad0d98f4
A_p007343,A,train,False,,56.0,fc69603e7853a45d306fc8a7ff52c7faaae4519548d181760eb126f756b57589
A_p015629,A,train,False,,36.0,bc3f7528d8bb301047d05d8e912f25d02e2d3bb6c56c1f4352dfc099f6e01587
A_p011097,A,train,False,,35.0,8f88a0f0fff5722bf2a13f99a5448c459e4e87ceb3086c94b6a1cb3469cc2e46
A_p006115,A,train,False,,28.0,963fd0f45754833602f56660cd02b3fa1d3bbf77bcc801014fa06d5802cf91ac
A_p003395,A,train,False,,34.0,e557bcce2ee87391416063e0fe5a67cfb8302ae9baf5b1dcfa2cb52f9d97b256
A_p016618,A,train,False,,26.0,892237a5c3d080eb21da71de5a961996d21a9e038a706623a2aaa053de40cef5
A_p014576,A,train,False,,40.0,cead0cfe0243ff4dc90af282f9c48ab7adb4e781dc81f3f545c8fdb4a352853e
A_p001733,A,train,False,,38.0,270d01bb86b205167abf3e7ea3cba01589fc4c64e2b6c775b32062ba6c155cd2
A_p006790,A,train,False,,16.0,7b15e9c2bbc2f208dfaead307b08734c1efbd21e278788fea231c5c9d5118eef
A_p017808,A,train,False,,35.0,925051dc0cf5937bd65834b9ed47c9da2d24f481ffba53221cbd1cf615dfb797
A_p003199,A,train,True,116.0,118.0,8e38285e040ae74024f66faefeaec862c532d3ff278ce64cfeb58ed11f302b0c
A_p001246,A,train,False,,45.0,2be7a19bd8dd151947b3384c2e2d25e1156b9fb6a8f717e6872f9c67cb8495e6
A_p015839,A,train,False,,29.0,db54eeb68da70c2157c3e682ba7f3d9481d82ea57fa722b316bfdaba4ba29b12
A_p014476,A,train,False,,43.0,7463ef64949e189be0839442c5a9a4b973f40232d577784d26c8818d27f28897
A_p008948,A,train,False,,53.0,2f43a0e83c0d5b299bf763d0dcdae501b5d7a176b70e7fd1733ee775130b96de
A_p005485,A,train,False,,43.0,c5b8419828565a2be0f228e83eadc6d58237e2d4b76853c6c602ef748579e83b
A_p016639,A,train,False,,59.0,363cd89f75a77f86204c9e233b27164e7f7757164caf5fc5af4c7d99f4b1742a
A_p000720,A,train,False,,47.0,fb8a610fe525a6b59d5c5a7102a03383e65e8f229e34e979f1fcb51e1f389d6b
A_p013847,A,train,False,,43.0,ed1e984a0e8e63281d40cd4ad108cb7bf4b300d37c6e2a41a85f1642bb80c34f
A_p009893,A,train,False,,11.0,337675d58161c16838a8addff57a9b29da30e8948104fecc945c9056e3a07d25
A_p018371,A,train,False,,52.0,1bd509b7bf1805b8618814360274feb3dcfbbeeeb8773b2393a433822971f452
A_p004598,A,train,False,,35.0,2c84baee5148cdf45deced254e9297d685edb69f09257054461260974e306834
A_p010795,A,train,False,,27.0,95cd8ad3b6fd350a88cfdb1c7f018f0aa494873c1f28d91b73e839e27fdd97bd
A_p005673,A,train,False,,42.0,14c2b4ed5bb7cac23af93895aa841af4e51c8f56baeb87d9daaf4a4c4d70fbe6
A_p015024,A,train,False,,49.0,4f1eaf834647ca4f7baeda8cf8bcf91f59e5a54da46b0825e5c8ae27a80bd0d3
A_p005826,A,train,False,,41.0,9af3c1040d1bfbf76547ac323c820908c157dcd8af5287fe9c0f7afbfb76dae4
A_p003743,A,train,False,,42.0,017c32dd582745e44224066c3a94b724d6f9ccefcdcfde140b2d61cbb52856ce
A_p014650,A,train,False,,44.0,979693ab104f96085ce5669f65225715bb46b61df74952ae411117c9877818f7
A_p011323,A,train,False,,29.0,26c4266effcdf82775a6a21808600bce2209a79e3a35258361b8c90fb2056ed3
A_p006276,A,train,False,,16.0,a7af5e8e8b253b1c23cc0159969ed9e94805b3ae2dc701359842e5e35b0266ec
A_p012272,A,train,False,,31.0,143d320196849d4b42968d58847e82c20832ef7d0160c9a28dc64a77a3edbda9
A_p005828,A,train,False,,45.0,24524233b7c7a0f5064e1af7135e33a7c69174468019675ec4f665b32e9cf6d7
A_p011155,A,train,False,,45.0,19715c044cc8a3025e46dfd770e26e7af593e9d5aa0aa9eb9bc6a5be3cc71860
A_p002858,A,train,False,,42.0,2ba43d9fe60798e983077d1d06a2c47db0088101ac0b386ba630b73947b46b58
A_p001942,A,train,False,,44.0,493dd3107f0fbd2af47e28a5177f69f83d01cf9d24180c13e6ee55649700c2f3
A_p005718,A,train,False,,22.0,23ff37171585a48c4834fd903439c215a4793a736475f9cb1a120378245c4a4d
A_p000555,A,train,False,,46.0,9fef8f1dcdb33178e72cdf116f2c8b0b8345949a8c43fc095340072f6dfbe063
A_p018946,A,train,False,,31.0,48d5edd201ad8d119cb7baa4768c00a51175fa4155c558df0821efbdc6154338
A_p007512,A,train,False,,43.0,f3c87b70e0f9cd253b44c9526c0cb8a7e3e61cd37a627336142772e03b5b7d48
A_p008624,A,train,False,,39.0,60f3bee7c782f2c611bfd3ecfc3b63fa74db45982c6eba7e99d9ebd3eff0f928
A_p009138,A,train,False,,38.0,de2c28fb3bd986b20fbcb6efa2063fd870693d901b5fbd257cad27e3c9176705
A_p017379,A,train,False,,48.0,e2902ca771ca4beff5d13a52485d62f2a1d14547949917e7529828e0e0fc4f39
A_p014080,A,train,False,,23.0,32de8bd6eb3e3312c7178e440d5b49eb3962e37d6e2086f75888d0ce446ce0b8
A_p012660,A,train,False,,45.0,891588684a51697703bf61e831eb3e5680e77e19c3d087c5f160a5abb3427a47
A_p010115,A,train,True,59.0,62.0,f74fb8a6d12368cf0401c6aa0392702d9b61997e6a0e7a36eb86f0a8827dd662
A_p009019,A,train,False,,50.0,92cb30b51d4c69bda523c8bd3151cc2589b108a79185db32102cde9eca63e6f7
A_p015004,A,train,False,,46.0,cb88f642d57bd140bbc6ff40f17f4eb6f0e80d85f1f007bcf890e2143baf2a98
A_p002961,A,train,False,,37.0,0de4c3ee886460d806e84e9b736c762b71901004ba90cb61c929f89607d73dbe
A_p004713,A,train,False,,30.0,2fedb27b08d0e24e9a78c8f4368e805ad1d7c339c9e149e07132d6306631f8bb
A_p004044,A,train,False,,52.0,4c5de29328355295d0c3d0ed588cbfc0a5caf5d7a1c82ade3ba886242626b7a2
A_p018736,A,train,True,15.0,18.0,5e6b3e2d9d113a99876d30572684c5a3bf8e303bdfa1ed4de58538e68768b872
A_p012765,A,train,False,,42.0,85043459eb9fe9f5010c029328ba7d202279230b90576fb5b6b60eb4dc0fe4a9
A_p008331,A,train,False,,28.0,4639f2d882db22b3d4b2dea7e5064a9057300d184b8a6dc0ca67f9b87c2e752f
A_p003544,A,train,False,,50.0,d744154b46725f2262180fe3e43e52a983f7da30055c5aaf1db34a1da874207c
A_p016095,A,train,False,,44.0,91db3345a473a0e347ae8ded6b1dcdaea6ab4f10d6940fd74b220aab8806f4f4
A_p001231,A,train,False,,30.0,b93739443812f7d505e0e0ac3d2e694b1afab51232c42383cea61f32c2b06541
A_p015018,A,train,False,,56.0,b2c305943958f2f743841175a586c48ff9d740f5f858e1a1f8f550291a260e77
A_p006362,A,train,False,,20.0,c53581f7893d552cf0054816127fc9254ac9cb126f4299e1daeac6b554e3f4de
A_p019881,A,train,False,,32.0,771c4259403e082cf21e8cc2df508460acdda32bfc67b25efefeea821dc4cef2
A_p013772,A,train,False,,45.0,c146c89813f6526c061017c953dcb715431c22ca2ec45b9864adccdb34bd87d8
A_p003320,A,train,False,,41.0,fa56b414591bf3e7ad7c2e399615e30986d0a8b80c40ac1a6265e5d242283401
A_p013184,A,train,False,,40.0,769127ca0211008b4ecae0ddde72d7c3e0d00dc31c26cbf1911070d33db408fa
A_p006707,A,train,False,,42.0,3b8c5d4285a23e608fb595f0a72edaa47efa72dae62fc431bb0eda8810443784
A_p009143,A,train,False,,42.0,216c1d7976ba12255f4dc0de66d0c7d38eb5d0603b5d5d1ec9561910640a5f83
A_p017861,A,train,False,,43.0,bfc1dbf7d2fe0b92b4c520895e0134e34671c67a70376fc3839a64352a1fb9e9
A_p002024,A,train,False,,52.0,547ca8639dc53e24ceef30d9adf0069d2ca27132f7652f339d766789f48d672d
A_p005977,A,train,False,,42.0,d72dd04b300c6d9c1246a6e698972effa658a6aadd166892e671cf570d0e60de
A_p012968,A,train,False,,59.0,b1e5e75efdcf929c5b24653b9f9b2c3799ed3fc9586f23d19812a6edccb29fba
A_p006240,A,train,False,,39.0,66779467084a3b6be02035b075114e9dd1444dba3b2ef3887804e8a9939f4ab5
A_p007620,A,train,False,,56.0,c5f1deb049e2bcd07fae16318865d3f3b167f222b69b75b84e9b6a7d449fffbc
A_p020440,A,train,False,,50.0,c13b2f5beb627f65cf04867f08b61ca9c8b99bfa1d29efcbb05f5b9dc2d9961d
A_p019867,A,train,False,,26.0,8548af4de1bba8f3ded619e19079e931ec5aede8f7eca62a43c44afc703196e4
A_p012864,A,train,False,,34.0,e97d7c3770b0f5aa4320892656c0c7329eca9ae83e7b1930896931cc54b2609b
A_p007381,A,train,False,,58.0,3155c7894dec102475eb039afdecdf41b9a9fad290f7aa94789a966d5eac85d7
A_p017554,A,train,True,40.0,42.0,77212b266bb709fcd4b7f1a90ee091aac9ee87721691a19e7cebfecc5b0f8a4f
A_p015972,A,train,False,,58.0,976b87d6064094a59216a1cec5aff3b80020df1791c98114e0f9e3e90bc248a5
A_p008479,A,train,False,,51.0,4741509bbb305ec214dc827f1db07ea2bd57450171460603f382dc5f5aef77f5
A_p005048,A,train,False,,42.0,b9d4f59b77dab87bafb62a4a20c781d05bbef747ce0a3dbe26729f73dfe7f4ba
A_p016464,A,train,False,,27.0,01a89779bec3f796a4bbce955565884a063a31e3de840aa15263b8d8391d7fcf
A_p000259,A,train,False,,52.0,c7722532426c574f17a1f8aa0f5cdca0a6c65d9a447befc58c5e5fa8963b824e
A_p016400,A,train,False,,34.0,ca61ba3c7c6a427aeeb4bbf1615c1272d3c0be8588aca178f81cf47e5ea552d6
A_p014093,A,train,False,,29.0,aa4d8500d4744b9b8fa25429b53684d1ed6fb10f7cbbf86548bd81d9aa8ea7ff
A_p013584,A,train,False,,26.0,e803ae83e284fff400b3e327c8bb9da37ded02094452811967c239d2ba5ac3a1
A_p003694,A,train,False,,50.0,238bb3948f5ba16ba53997e510132b49228ae6c17618b39e12b89c2cb62fc992
A_p005374,A,train,False,,53.0,310d9e252962d43dedce800f9cd04faea8e152f386d2612c81760329444aa3cb
A_p003653,A,train,False,,21.0,2d39cca2b4a6715bab4f45468af3b57cecf5e84259301964c552da1a68834394
A_p003246,A,train,True,31.0,34.0,91d82375d7ed1b11c4819deed17b6bee8db36bc34578fe6a4994234260c55357
A_p000913,A,train,False,,27.0,dc26f5b9e257ca6b8c66e1e30c9e1ba347feac8d50bbd6642133113f4c275def
A_p005920,A,train,False,,22.0,20ca3106cf932cf5a75c5e2f8d1a8b12531369a7701ef8cd62f69a229bb497e4
A_p004130,A,train,False,,31.0,502d81a159f0997bdeafff465b7d2b8b6e0e7ea90380adbeba47237bc94b4a66
A_p016993,A,train,False,,29.0,7b5345cf3167f459a59594f5776bdc5884e8e0b30213abadc69abf7d101675d9
A_p019502,A,train,False,,40.0,e603e0ca30181927001d79ee4485b2f6e3f3729c7c6d5ac1b872c6bb9f62fc00
A_p009602,A,train,False,,50.0,f91409c2335c9b74b87ff754af70b86de50961590696346af2022d74470fa8fb
A_p005296,A,train,False,,47.0,165a8f5c592223cd4eecc5d18055ca093dfdd5e1aca3c1d7b16c17843511d799
A_p005514,A,train,False,,48.0,f5dbd5c54136a9e773f8f91f36e45c1dee6d041838ee7e9169e803b3664d7671
A_p015934,A,train,False,,26.0,47ce08013ab1d9831d65882b9446819632b3ae6020c74aafa6791312ddb78848
A_p001820,A,train,False,,40.0,69319fa0a22b6a2497024497d29d1bfe72b8a9bb02eaaaa6b48d56f8df314348
A_p001789,A,train,False,,50.0,cc05aa8b3b5a81e9645b3bea2356f861d21bd6ad4bd1192432c0b22d27bb0de3
A_p005408,A,train,False,,51.0,83392faea4a278e44eb289ef05a1a1b80ea237efbeef752e5c2f7e91579c093a
A_p019191,A,train,False,,48.0,0949bd9fd5ce6183d0ef0972e50ecf149d6f5f1d79dd6d259a221cb91ebb19db
A_p005765,A,train,True,70.0,73.0,2caa81eecd6c211e71a6ab4702603cc207adf9d717189d95f52a042b3ade2c8d
A_p007657,A,train,False,,57.0,d239072be56ce68394d0a871d8cbc83918f1abb54a750e4650d88e57b0a0ab18
A_p001193,A,train,False,,42.0,d5a1cf19deecbb390effaadfd4d9b9e3b38208d04174bd605ed99ccbaa937739
A_p002115,A,train,False,,30.0,446a58e00b67b60f5e17149851b58da4a13ce112d7e02bffc9c09632b47c2e98
A_p013810,A,train,False,,42.0,1e20f48781984c7695b52851bc50399b5461e4610cd61ccd5f89be61e3b22622
A_p005823,A,train,False,,38.0,5d0032d1ed72b15563b106273b20ee88f4b9f2751507f03d745602e26f4a438a
A_p010357,A,train,False,,43.0,6fcb81b3590cc35b183562042ed4ef5e3db4b949de3d204791bad8d28d10a74c
A_p016124,A,train,False,,36.0,76e456f004f376bd628348818960b2111dd3ce0d58022c88f8b10648d69533ca
A_p015409,A,train,False,,49.0,69cf8cd55dd098eab6fd42620a9c81b924097c8b59f1c8ab89bca40fec2e82ff
A_p005951,A,train,False,,46.0,0c89bcb6568514810667dd1f6bcd400f765d11f56a4f36458739169c5dd84028
A_p000678,A,train,False,,36.0,e997e2821b577feb11302980fa41b91f6640024006c66e8c080931a6f5fafc00
A_p018891,A,train,False,,56.0,9e32ce90fe49cd2a2db9cae2d9174f97b577aef30b2733c559225db672d5c052
A_p003430,A,train,False,,48.0,7113e4b9a0aa127753f125400cfdfc82fbcc6a57b109f5fa245145e18b40a44d
A_p014793,A,train,False,,44.0,475334b1acbe9124a06846cfb9d0fd1f0eed084923c0ce6d03ba00da2532f660
A_p019229,A,train,False,,56.0,55a23404449e26c173e0642085262beb1df479e6b20ec4616850dd0bd90dafa8
A_p006285,A,train,False,,53.0,adf332a78ddd7b541f3e40b3d55068d597e9c0fa51c882fbe38f902242f0f578
A_p007072,A,train,False,,43.0,7dfa9badf1beaa02dd32799e351f5cab11dfe29370be70f830d7e109f4a737e6
A_p008536,A,train,False,,38.0,bb8c6eae1542d81c302c0c45e8d8170fd2662f87a504f9e6a0427f877d9af01c
A_p008965,A,train,False,,29.0,7e882a66857ae109b5eecdd1e8998d9297ecd6fb37582c1fe96edac7cc3a5bf9
A_p020603,A,train,False,,54.0,1044a0e95a677940386d538517e9308ab84699199e155e02a344a4f53d878e12
A_p009622,A,train,True,77.0,79.0,d7cca1f93844f4ca92cef7c33d1c54e9dff0fb10ffe11724342d4306c9a16fba
A_p007262,A,train,False,,39.0,91f63505c5b1f85be950375944c6ef906a39304cbee9264e12936b02e18d6d23
A_p003803,A,train,False,,46.0,5d4e2806ff7fe66496986bfd69ed6960492ab67fd96d26b32c6c9d8ecb0ccc98
A_p014852,A,train,False,,38.0,bf4f18b3abaccdf3626d627b2793a0e4534edb8181217ae7f021b8fac703c50d
A_p011736,A,train,False,,47.0,2364ada9c1e69446d8e0166c9c367ef911ef29d05b3b97f856369cf5c4c2ad1a
A_p006295,A,train,False,,38.0,1956c37fe3f9dc25a949c3096f503d1e2b2c03dcc2194c61301f6851999844d2
A_p019855,A,train,False,,31.0,0e7a9b8d72e56381506ea7558cc66338a322bf170299ce12bd00ecc388745789
A_p018007,A,train,False,,50.0,02159a6a7ff02f19e56274de04fe8ef7da0f9848f7cc47d559dc2a4a577d7b4c
A_p018398,A,train,False,,38.0,f06f69b4a7edf6191db07b647bc8be0258535da811da362a7e0b1043ab63e3e6
A_p001385,A,train,False,,40.0,ae829c08caa97e07002adcf0b4fab3fa93e49d5b0f66975c08bafd9d329b3790
A_p010961,A,train,False,,17.0,4230fb54e1a64d7b6ba33f7294df19731ce5da29078ec0d15fff62c466481192
A_p007609,A,train,False,,38.0,0f86321e1123455131077b49cfbf6a4340ab1a8e8eb0b0df78d9d65bf6ef4453
A_p002868,A,train,False,,59.0,e320b9a4d380f4d27913ef1ad1f42166c598afc2168d4939ad2a2dd509deb24f
A_p000383,A,train,False,,36.0,096d9e6a4f62c0dbe171db51ce8e69fc9e6c7ec9146461af3fe790f0bc2a6434
A_p013187,A,train,False,,56.0,2e8fbcf406c0a48ba6fd17b12a54f330909710a8de3247eaeab3efe2f66b3414
A_p006288,A,train,False,,23.0,7c7af35539fa0359a6996cf56360bb4328da970e20a1fffc36a457bc192e7d87
A_p007104,A,train,False,,44.0,5fc235e88b07958c0609a2dc87fee862245d37e00c5268069e3e8bca3d05db10
A_p007258,A,train,False,,26.0,a8fef05657e957e366b702768c3423abff467f40a4c226f06e0e136ddef4d45d
A_p007302,A,train,False,,38.0,74d3ed3562f7af69b3e73b8229ee7961f0169dabe5cb0fa7af3b02ad04191eb8
A_p007066,A,train,False,,20.0,db53399ffbe2f1bf8bc52a298e301bc25ea40bfdbc302d883d9dc6afa512bc0b
A_p016662,A,train,False,,53.0,4abbe3683b1f0b9d6f5fe65d9f0608450e38071a9125625bf2c02c8479dfca61
A_p000087,A,train,False,,46.0,18d8cccf2abbf6c3980cb2de830b8097cda37cf749750890f90334729f46aed2
A_p018556,A,train,True,51.0,54.0,c7c8c0465de13b7ca0cbeb7c3b09354c9e287d0bc9923e6f535f947a41db598d
A_p017173,A,train,False,,51.0,7af67ec79d06ac7c6aae648d05e5a2ef58b48a2d774e6041b11bbd38d007dcbb
A_p004195,A,train,False,,42.0,6cf0a1d2da99edbc4d6a3ba0a8f7e77fd8181cb3ac6e2983b4c2f355d3e7df67
A_p010338,A,train,False,,48.0,3856e3ccb2850a092b8d29ea3418f49bb245c76efa3a6e112d9da18f495fb608
A_p001767,A,train,False,,32.0,2fcd8e17bce3ff27e90dbae943df663acedccd15f878267643c887cfd74b5b14
A_p001475,A,train,False,,44.0,7b6cf95fc037397fe19f92959fd89d38bb75f81646e0954df0dcd3f302e167e7
A_p011662,A,train,False,,33.0,e1a58fbf3611e7702af35fd04f699d63060234439755b71bdbcc79bc74be198e
A_p016808,A,train,False,,58.0,65a0f63fed2c7cc1ba82f3699023ec5e174786989b2becd920682f547c35ed8e
A_p005643,A,train,False,,25.0,94428d8d4aa61157e904f2d73bc562a516c488779875e51877e593b1df2dd064
A_p018497,A,train,False,,36.0,904f9f030094cb25aed48c31d5d3610f79cdde2b1fca81bf31383d0093a9f0c0
A_p015772,A,train,False,,15.0,a68b6a533cd6d5a7cddd89194d13ed3c959df0daa20b1e96cb7ed5bcb0e63cd3
A_p014597,A,train,True,99.0,102.0,918398209a99f8d7e17dec1fc0f6bc6f852c970cfc063340b705834fb3e2becc
A_p007002,A,train,False,,58.0,b1f88bec2609b579bc7561891b82fe49c2733c9b8342b789e2ac7bb7d9ebde42
A_p008338,A,train,False,,59.0,30c064cbc3765cde096c97f4cc73732e79df5995bbad561318c306e8fa7ef46d
A_p019850,A,train,True,13.0,16.0,702a75661121c40bed25989deb2f8caa19c788506408e70024f4b1594cfcfe72
A_p019839,A,train,False,,27.0,93c53cc7e7fd3669f51d20ffdbe2adf01e7967e55f71ccc20c2f7d2d392ea242
A_p007006,A,train,False,,50.0,db257a807302a99d7febf41f003c812553b41f2c4469a091eac7ab77bcf2b70e
A_p016474,A,train,False,,44.0,22e82df48081f843e0b57afc7cf06487c13d19337afcc235d8de95f127d7f5f1
A_p011940,A,train,False,,19.0,3060a1b635e414e88380c5ab349613c0abb53077cae52cb5b44642ced93cfffc
A_p018275,A,train,False,,22.0,e27b8bfd44c50023347df47e0053d80424ca3796fc6789e338eb8417348a8e83
A_p012514,A,train,False,,15.0,3c016ef39dbda91c1e8d68487fb6b482ffb656b1de7ff8b994a401d729675546
A_p003043,A,train,False,,51.0,1d18bf280a1f61fcb315572303821650e90ec22fbb7624ca3eb8f22d67d28813
A_p020547,A,train,False,,26.0,fcae087ebb1af55c87fed68b5aacc114f5e9b3f0982996cd7b22b7bab369aba4
A_p000110,A,train,False,,40.0,5302f0d41737beae50af4f7e5648da2da71d617bf7b381378bcdf30ee36249c1
A_p005086,A,train,False,,16.0,a2635e60d4cd0fd52ca79bb05a18d855b4d9c613b9de5a160ae9617b1ad4bc0c
A_p009192,A,train,False,,59.0,0891fbe0215ae9d186928cf70ece70f064691cf9888a72cd7b2856d3e9ad9dbc
A_p014209,A,train,False,,47.0,20eece90cbe7a9d3c331a6978c508f0a8f6d2092cfcb0a32956058821204b868
A_p003754,A,train,False,,54.0,485c935ce92b91fa2563b89983684453ccdf2ca82b93e485c2726a205635a363
A_p012000,A,train,False,,20.0,a9faaecc592431cc5b4e24b55db3e81e9347ade74c0edbba342dc5ac0b23b979
A_p007582,A,train,False,,38.0,ca81d472086d72059290e3fe5e8be633f9868a5e6af1c8cd4aa99e2a02f9878e
A_p015432,A,train,False,,38.0,35f5bb96578d91baef8b6074d3d57cfbff7cfa7cb0a9f1466bd8b6eec9d72ba0
A_p013052,A,train,False,,55.0,37792cba06de2a406fda02cea21c26417719272a23634ebc1948a92a630bf949
A_p013701,A,train,False,,47.0,9a5359705aed1a78cc0550d46ae0ed243dcd41382f450344710fdccaef10089a
A_p013849,A,train,False,,28.0,612eacffc6b0e323c1009c69cc2c977fd921a4f2d83e7d770cc3543b0b033709
A_p008169,A,train,False,,41.0,daccf67f16f88329da6b2650d0fd79ee69530a61568b9da6e17fd45929a2b7d4
A_p005230,A,train,False,,34.0,1d46e8e812c3d84ead190683e33b43dc3514030171941f254a618affc2fe4fdd
A_p019072,A,train,True,79.0,82.0,7c5697a2d75fb0f4d645865ba73eb3efd9ae56f24d2b621608db1b734efcad46
A_p011339,A,train,True,175.0,177.0,3cf20a09f204d6624fcca3b3a6ecd1f9f04b87bd0f33bb20f3e8e3ef9b5642ac
A_p016326,A,train,False,,54.0,34b2e633f31b7026eea00735d13df0556a541312e4c9b393763da52b67662a90
A_p009419,A,train,False,,58.0,f6e44cfd1f03b73d6bb274638877c73ced88c902fa7cea41a8840124dc16a9c4
A_p020375,A,train,False,,31.0,5e52688a0d8ece3b600331ecedfcc921df3758ba2317ff7c1f264eb939f0069a
A_p015900,A,train,False,,21.0,bd832a1f53aaf74c3e57d6f665d04404962373269d8b62373fe1efde07528680
A_p009899,A,train,False,,33.0,7625add322a94d6a4ade21c6da477989d7fcc00f2291a3e469b47ee9f0e67a90
A_p004577,A,train,False,,24.0,99c2ae3ce8a41a48379a8d261936d2909aa44c1949be86aef880e9418c550108
A_p007046,A,train,False,,22.0,094698bdab3d260609ac113d7c20b10c9930f284311db6ab3c4721e598286801
A_p001158,A,train,False,,17.0,43a6386bd1837d9f824edaa405073d27210787cdd3600680451586c569616a91
A_p016900,A,train,False,,48.0,aa36ffdca7c32a237a03866227d3d185ce21cea05cce113d4ee7ea1b5acc33fc
A_p018256,A,train,False,,22.0,d679262f8065260aa0adf02815f0694fad0f7fc39c0bbbaa9ce7a7bbb5297dc3
A_p005380,A,train,False,,25.0,8178ad03701f8f01729b86588c83f156f9b43290bf59e613c3e9865f70747304
A_p001569,A,train,False,,27.0,545b57df3911cfca7c11aab3c281ae13079e8cc91fb7e7603c8e8bd6784f7e8f
A_p004230,A,train,False,,27.0,1e6cad4025b49bdf153ed032b5b112ccd14587667b4220543963b5ee842dc3ca
A_p015268,A,train,False,,50.0,830be7329569739f49a6fec878d66d4a2897beddeeebc0f08eedc53aa4a9fbc7
A_p007580,A,train,False,,53.0,1feb781b9fcc4addf4a0a57266cef3ee80e8c46a285f15fca8c7185e65c86277
A_p004828,A,train,False,,37.0,be9db5949a92c4e85dee1adfb98ee972748780691c2a22fbe67ce95dca10c068
A_p016959,A,train,False,,59.0,39b17a2c8c1e8cadf3c36277b7dfed0bebc75873c2e4ee28a6805f0f61ca53a3
A_p002406,A,train,False,,19.0,4371d3e79b3398b38ace81e497458ff4a2301f37ae6db4bef62a0ecd25337103
A_p020414,A,train,False,,41.0,5f0a3ef8db0caa95d311e13c7c91d6cbe35b3f1ba6fd2d457b40e3cd115be0af
A_p010441,A,train,True,20.0,23.0,60e3876eec61acf6d4a778ed814d1614e76d07c54cabdbf14f0410db191edbed
A_p018176,A,train,False,,46.0,1e0414f3ff11e387568821cd5e1daf5b6f18b10fc81f53f88c8c41a24b5e8496
A_p003053,A,train,False,,51.0,83edcbd4fb528d8cefe2c939ed6d31b8ed90f4100530e700dd669de2d7b93054
A_p006688,A,train,False,,40.0,737377e651706bb1b677ee90a6cb6656c9a5289bcd0223e53ee6ed863da28d56
A_p019712,A,train,False,,47.0,b6a4ce1889629f7bfcd594fed2626aeb367bf390c853860bb946436be9076ae4
A_p003387,A,train,False,,44.0,ceafb50c98853d71d1c5194dd5fdadebb615adda9523562746e50c902f647d4a
A_p013654,A,train,False,,22.0,7767452505155880dd92f214b9545970afe5626dab3281fdd447dac0be7c017b
A_p003654,A,train,False,,18.0,31d7b451d398c2aa769f0e88ac3e8b518135ded7b14987d56ed7bb0d22f2635b
A_p007149,A,train,False,,38.0,6a4a8598c0cf13593c563223ac439eb20fad3e8cb74f3e23367f6e432435e705
A_p013992,A,train,False,,28.0,7b98e9cd54740f3d94039119838289a1affb4c5d7075003a53026e87fad2896a
A_p002669,A,train,False,,41.0,ed33e57a793d9c116c8b2553f3e5726f65bd44432585d76a2ef5e2240d7554cf
A_p000083,A,train,False,,52.0,e04daececdaaaea5bcdbd57159203fdb81b56fc3f9b5781b885817b56017b4fa
A_p007332,A,train,False,,54.0,d05188e164277e8cc33d0bd2564637adebe9249d5641fb053dd4cefdbbeaebff
A_p017575,A,train,False,,51.0,8b8af1dd3e20233a170f2d4740691e3f11ae927c94e3ee343714df8fb49f2293
A_p001850,A,train,False,,14.0,113d155f39a3ce1d2e45e64de371a739f1d119af529939f9c1f064370b206a20
A_p003692,A,train,False,,50.0,e5d00d032ccc23df29e18c5aeb294903ec06161ba8de66881e76afb166c2ad23
A_p007845,A,train,False,,20.0,2488f70d184ef6035db9b0086e6a5a3f545ad5e1f2527f74abfa5558b98d7dc6
A_p002873,A,train,False,,24.0,2983190ac9dff3be9d96ec7ad82fadbd3ed38987dfb32484c33652fb1d43ed18
A_p005541,A,train,False,,51.0,1a6c72bf5449cd079f1199a7cc4a6007d728a79bd81bc29850cd23c013d5fc5c
A_p013259,A,train,False,,42.0,d1afa86dded68889441f8e93c3e384261140f6ede3ec5bd9480599713ce7a24f
A_p019387,A,train,False,,27.0,8f35291bca413869540cdd769dad509d4fd0de2b1e7e06344323066d71131766
A_p002346,A,train,False,,34.0,f6c753a49c141ef239476f9c338f28d800535777e0df19565f1e38998e47c33f
A_p005063,A,train,False,,37.0,1c0f9cc8def018764d160ea9fdeb56e46dadbd4e2995f1bd7c117e6934995231
A_p006456,A,train,False,,46.0,5d518d744933fb54fcd55f48dc35c81f920ad74ee425f3d40353a089c2233fb8
A_p008691,A,train,False,,31.0,0a6097f8a3d826c53f143b96297e31f1f2a35f78fecd3f402ce25f8d82d7dc68
A_p008095,A,train,False,,32.0,299c9eabaec09ad905d6feb813d8062df63f8de3d824d778c736fbe1d8f0a794
A_p005617,A,train,False,,54.0,ee378db273369a9b4a79233f9acfe031697b33c0efc3791e5ed4bdd6b0acfec3
A_p016199,A,train,False,,31.0,a59d1a1ee59fa77613f6a11e7b9867ded6c07b40a3e8cf3890c563bb9ad13021
A_p017646,A,train,False,,44.0,bedd8e65f2e53576b28e536d14f93bdf0ceee03c753572a497994d06275c971a
A_p004483,A,train,False,,46.0,f49d9cdec41f2b41088931ade2a61f3893c0ae9fc75729edd3d71393e9683c28
A_p004909,A,train,False,,55.0,fbf6277c3dd09e1b30c3d143f2eea3e7539dddb1fd5f9c2b32649497bca0f8ee
A_p014697,A,train,False,,55.0,fea7ff99258b952a1931b606b585c1afc361c0f31f3660cf8e9a5a7affbb7730
A_p009473,A,train,False,,19.0,671f393571d4ba680af6248bc07fef622420c35b3f331fb851e2d5822eb72a7b
A_p018865,A,train,False,,25.0,d325da6a532c846946876ba01dc9df7397a7273b7d6f3a8871ce4f2ae55b3286
A_p019911,A,train,False,,41.0,ab2d5ed7d019faaaa951c63c5cf4b7cc657081afc9eed062cf291f905899e905
A_p005689,A,train,False,,38.0,533af60bc30b7c5b17290893fa5fb250a093246ac1d314b0c671f58ee07c62f5
A_p015077,A,train,True,24.0,27.0,fc2457709678c962ba53c361df153d22b81a98274d8347357f5e0ce2ec0b79ad
A_p015923,A,train,False,,32.0,ecc6d4a34ad5e56d384be3bdc5a9d2747151f8784ca735bafaef44e65a4a9ab1
A_p001067,A,train,False,,42.0,07ec0f543c6c1b5b923d09089ff5824524538b09e7d1ffc586796903cc7d1106
A_p009784,A,train,False,,49.0,1e30ea9a9c0369d4698b8dd2274ddc39c59c59164dc7e567d449da2ce89ce2b1
A_p017188,A,train,False,,12.0,8cf1f110380f0a168a7fb45326e6c0902ba3bcc2347b9828752f5f3d81c16d84
A_p009966,A,train,False,,56.0,4c50eea07dc01d34eb282fd92306da3525e8b32085362f0dba9b9dfa35c87847
A_p018904,A,train,False,,54.0,fab770ef214ecdfa42c1befd998b59af95a40851d77576ad637724c673f7f69f
A_p014885,A,train,False,,22.0,9af7e3734a28407c8934b54f6963b1b5e9a01238bcc298224c3dbbaf2644b622
A_p010399,A,train,False,,18.0,f5cf1250d9a64dff7472570ab65b98a537d5c5fe8a691db632cf7f4f5d14fbbf
A_p003475,A,train,False,,28.0,0fc80dabcd8db7f790d304fd8c85b01bac6651c0b5ddec6d493cfd1dd750770b
A_p005426,A,train,False,,10.0,95d134a9e03d7c6bcde924dd4c6895572e59c195d7c9f5416447e3fdedaee63f
A_p010495,A,train,False,,47.0,e133d4b046e2fc730a0484fc483b222a90bfb583392008de20f92b163998e3b7
A_p017691,A,train,True,75.0,77.0,3ec19261ab9bceb8746954b1c8bb88042b926dad4fd101db5c963724c48bfae3
A_p002624,A,train,False,,18.0,b51eb23c28bee2dee0822eff9e13b13b9ef37c9c885ada5400424ae5d6ec3d28
A_p001205,A,train,False,,34.0,21ea705f1ae148bb1664bdac0d5f432bb46d359f4678d968b8725af408a5d62f
A_p014602,A,train,True,38.0,40.0,a9ae43cfda02f6efe65526e5fa80d73000849929309fb622505ac866ef407b30
A_p010913,A,train,False,,44.0,6ebf4cf530aaaf3cb0d5c0936359884e999b942388d0dd219c7ea27cff1a8700
A_p003697,A,train,False,,21.0,b3999e5f060356d1b5526463921ee8fd150f5475f48fd93a9d79faa49d903a0e
A_p009093,A,train,False,,49.0,79a4d10277ee9f5283c76ace990b839b1564dd3d19c5744e2e470ee3fc4c1b61
A_p018590,A,train,False,,16.0,09b3b74d673e6df55e9d1298fb31ff914e84d6030b7d0fab24a73e16547b5155
A_p017856,A,train,False,,41.0,4aee1d9d82811e794976188fe7460f03ef1fb28ed7205fb34983e045fe3bee88
A_p002169,A,train,False,,21.0,844f15bf3fc547156b1b85beb88e41ba15258aa6f58efb28c4000b149c145cbf
A_p014957,A,train,False,,15.0,ef2fd70d796d8c866cf13bf92422cca30b903290c3d7452bae41e4fc2267538a
A_p006202,A,train,False,,36.0,5e74b17f50e38a5423bce44ce02187e4f87ed13c1652f10c75ceceebaf2bacbd
A_p018645,A,train,False,,19.0,ee0adef52441bd79d2134b913254fc1a5518f69e9a62d8b809e092b1cf09ee83
A_p010541,A,train,False,,46.0,8713fe404b5d8a392efa00de95e3252d076f52f4dd22370d099565227889f009
A_p019492,A,train,True,25.0,28.0,1a1a4dc5e9d4f9edd23fffed1258403bdd672133336570f870bb057058ff5e65
A_p008054,A,train,False,,43.0,71f45807705872703ca38d3eb1a34d969fd2a7820cff792f208e959f14a70559
A_p020413,A,train,False,,21.0,fe703f3b3f5e3dea3cb24e5dc4fb08b6df2d8115f53e78442f825489d71982f9
A_p004019,A,train,True,32.0,34.0,6949ccf0ed374dfe47b798b7576e98b21a80c3e8bd0c6f1a1a04957a1d5c9d81
A_p014161,A,train,False,,20.0,2fa6d4047a5a56472f094fce7a8c76387032e7a3e585b8bd8f6d4520afbc13de
A_p008250,A,train,True,22.0,25.0,cc0650e1d137b3404b76e0895916d2e91b6405d6390fbf82f25cd43a62bc8071
A_p013216,A,train,False,,29.0,5a4b8be7dc7247baabda234bec8762f15e19dc814f19b844c1a45e972c5e2967
A_p009688,A,train,False,,37.0,9d096f16230f61433b97a40cf1542fb298dd9dcda65729f9d017efc4247d0d5c
A_p018621,A,train,False,,44.0,670a825e5fe99e0221b9894a5b029a240ef513148e0f4ba1b41cf958c6cb4a8e
A_p012360,A,train,False,,42.0,0ddf1a6419982baa995c6791d0f7df68ba1bbc193c39b3f0260584821525a127
A_p020529,A,train,False,,48.0,d74264f08116723b72608758eb1fb95e83d9e588846d692e1cf293bc4f868eb9
A_p018860,A,train,True,80.0,83.0,26944b20e1b84617cf679d49842b667356ccbd4eaaf53824030b1588f14fe8e0
A_p008514,A,train,False,,26.0,bd172d182cf00ce617ad30b3e909d0c1ceedb7031bb7a4b2fde5f1ee707f4a9f
A_p005253,A,train,False,,45.0,6cba0fbadb97c52cf9cb32ae910124b6272840c1df2611dba87a1934f10cc094
A_p009883,A,train,False,,37.0,b6a4668cf45d5fef71d19807650ecb14683b6610766721b7c19bb405c693442d
A_p010943,A,train,False,,35.0,c2af8cdb6fe06e30781c50c2b6c6d953ba9492c1456c7437142dee1df7c4def1
A_p003313,A,train,False,,41.0,2764c96619610da3bf7d00b0f6d64e2c2b0a270dcf118c9e3b0463c4d629d1d1
A_p003066,A,train,False,,25.0,2332be7735b9897dd56df65ccc59547852064ae779814bd93c4ab4decd074305
A_p006301,A,train,False,,49.0,f3b8c419fb0d58deae275e3e9114f7ce929b032e0b6e65c7ddd83ce21f140bf4
A_p018071,A,train,False,,39.0,4435759099df991dbcc1a371d5511aa5dee58bfe75fd65463579a3cdf2c15f6a
A_p011420,A,train,False,,38.0,724b4ec393d3642ad882cd90fc32c30209048a2b6e0506325ef37186c7704599
A_p019594,A,train,False,,38.0,65a673ec92c76bc753a127a8b99a86819a94ae247d5a51cb74b2aa32dd5f0f30
A_p013353,A,train,False,,55.0,8cda314aa37bb8b73f0836f1f8df5bf2c4a59f04141c4026013c932c0244a6cd
A_p000444,A,train,False,,32.0,a3f0bc8d5f9446d67e4fe153bc260d59d23a57a8b210d979cf7daaf9120549ee
A_p018730,A,train,False,,38.0,d99bf3471292ee3604a176ad41f36681a862367359a3d4baff13bab87edfc965
A_p011309,A,train,False,,51.0,85dfd7ec10962362900611a226adba3fcb0af38def829ad56b6b0f7777e735a2
A_p002626,A,train,True,79.0,82.0,8fda4eb8dd776d5f705e05e184d660d6a56f65cb70850baf6d26669738393e24
A_p016216,A,train,False,,44.0,a46d9dc3c59a886b232ff8000efb9ec00cb65a8ee6c76bf131d1258ffe09ea7a
A_p013883,A,train,False,,37.0,5a672742314ea7ab2fa8dfa1d6dd4ccdc2beecb160a79425dde86efe42581374
A_p014509,A,train,False,,25.0,cbc9ca3000722e9d1a2b31262c194db93cb3ae19dac0acf13319338a1b7e1aa5
A_p003613,A,train,False,,49.0,b48e859f32096769804d815d5987b484a1f327173a388e95270b60fe5f296422
A_p010273,A,train,False,,19.0,de91740dbad8391ff6eed08f3978a64a170c73697a287f5110a1356f8216f9e3
A_p007825,A,train,False,,46.0,88f5046f777fec7650bcc6c91d0afc8d772f009913eac24ca288f59aac3c0bed
A_p017662,A,train,False,,49.0,96cc1919b5eef51b98355e422cf942e01b41f49e6b11e82c5c436ac241542e3d
A_p018858,A,train,False,,51.0,977450401259c2c73b1bd0390f8fdf5a8fba36539f14f38f9307dd9c86d0d291
A_p007834,A,train,False,,47.0,9b2e7b87cb4bc39ce5b4b8bb41a65abe9eada7bcc2923ec7227c82a690e21089
A_p000036,A,train,False,,16.0,3e6d6663fcc2530a204b30aa98112a86100fc92f2e297696647a91461f283601
A_p014980,A,train,False,,57.0,a28bf7757ae27edf8a7453f3abd2d090a5c7b62cf3a3b3a22f15d55245cb9c8c
A_p008743,A,train,False,,46.0,b2128a69c321c91098c22c8b2128527c7583df529faa696ff1b03e5be5236d76
A_p009206,A,train,False,,56.0,69f7f96fcbf633df5e72a865df2ecef2848cbc3932780e69bc1ee2f5617410b9
A_p007764,A,train,False,,55.0,2cb8883706dae08055258f6d3999207d2ab82f7cd33c73cc0b7a2d66900c3d1c
A_p020406,A,train,True,84.0,86.0,d50cc18aced7c6e87d5bb64fcfe91847a74ea352124ff9ddc8a92c4d2a6c0c96
A_p004203,A,train,False,,49.0,dd086d1dc225748c8a443dbab34087181a48bde8169ae4992aacd4379c06061f
A_p019206,A,train,False,,47.0,8d7bc63f0ee76f75368ff39f74d69d4bb2540783ca99eeb5044a24f8177c56e4
A_p017144,A,train,False,,26.0,a5a1c061f29d5723a274be8f7f545474ccd85ba69b58b20a062138b53c9350b4
A_p019824,A,train,False,,47.0,ab3f5509b6c25001ce87a6373fead31427ab1097879fa472a48b96eca2967f3e
A_p011887,A,train,False,,40.0,fe7b5160afd8b2d6e42e562ca0d817bbc2e524177b142c34f11a30fbe13896e4
A_p007137,A,train,False,,37.0,edf74ecaabbf6e380e9a77cfd876c25c0f99f67cd8e30134fb83b3bf3f265b8d
A_p015187,A,train,True,39.0,42.0,37136381fc0eb7c0f704e3a4f8ff2528f772073f221494a3a68595372481e149
A_p011916,A,train,False,,21.0,1d63cfc77187674bdf4c101384fa0decbd5b85bddbc24c7a90a4e5e8d216637b
A_p006084,A,train,False,,42.0,c2f0967cbc9b2b4b959986acbcfd7c54975671234788780341ba7020e4287b0e
A_p004400,A,train,False,,47.0,572782457c7b28468864ecefbeeede5b939bafde79e258e38364c9f911cb3bf3
A_p015733,A,train,False,,32.0,c6a14e94de1873a193312325c5be033430330ba2e9bb42f8e2dbce56f01d59fb
A_p003944,A,train,False,,50.0,78ab8d8d2054e9e3544a226945efb3cc6402f6418c28857a8597fc49a1795bf0
A_p005594,A,train,False,,30.0,e4049d303ab6e8b241aacbd92f3edf5520ca2bcc5aa8182ccb8438b8bc3ac17b
A_p017010,A,train,False,,48.0,e5c2e6a53d4ed1b43538b89f0b580c2f7f333306ce20963d23d70a63d9fe19ea
A_p016912,A,train,False,,48.0,6da00961ed1d665434fe660948a0a879d42474dc16e87811b3592e9e8d0bbb08
A_p002943,A,train,False,,39.0,a545901f9d908d93d30621b6767d0e9d05882bd8e328ee2acaa6cbca3dafe804
A_p004215,A,train,False,,14.0,6e0cbdad78d06688fb3e3b1708d6acabe4f89ab267b7ac63de041907246b1835
A_p006374,A,train,True,201.0,204.0,a737169299284672a132dd4315a5dc2c2c7ea046f6952211ae855c5c1788f739
A_p008284,A,train,False,,45.0,3a00f662754d55aefdd340c7089e9d8e8dabd023ca160a6417c57d2b554ad53c
A_p016890,A,train,False,,30.0,58d7d27208db644f67587d942de7f61f26c81eccb3b80e02531bf6ad135fd13f
A_p000042,A,train,True,70.0,73.0,ae83ea1620b03f446e8af6798863617113a566998c187cfd9fc06f5332e8ddef
A_p007965,A,train,False,,47.0,7a3387fc2728531305ac7c93ab3bdb2905794c86d3b8d9e4e0f017100420062c
A_p015082,A,train,False,,57.0,ee60d9aac1466c77bc30416283a34c98b6aaed707c874e2240f2dfdea7a57e0e
A_p016903,A,train,False,,11.0,23bcbb2b09873bb3ed02123465b02b107db0ac58042b59f2cb697cffe0d29bf6
A_p005016,A,train,False,,20.0,544978877a3230f670c65ce9ffbe0746fe8c8893a2fc614b9663f0fbee540171
A_p012917,A,train,False,,37.0,12442d50ca61c4c36b86b863d0ba4a16f07d70b18e1ce3dccb1671218b53c880
A_p001412,A,train,False,,41.0,37897d99ae8ea6bd19dcf1466b68cc6e888dc8b20110b71d2635745e65910ed5
A_p012301,A,train,False,,41.0,800603541f673bd0ab360d95b8577ab0685fc27a052260aa0bcdb8fa75d5635e
A_p020350,A,train,False,,25.0,8a133404aeeb12e048890ee4fa56aa9f57e5eeb42ec5d19309f3ce29b7c11cfe
A_p002209,A,train,False,,40.0,11cec8c207ca575368bb36e016ce862b32c4605fa76f41230c27961a95ec5da8
A_p009275,A,train,False,,28.0,bd4c4c60891eb807d51b92381feb8656e2294646f32248553fb701b768200fcd
A_p015549,A,train,True,41.0,44.0,04c615550e63cfd26a9641d0d7d343e7b304cf9176f63b5b035ebb5c85e81b75
A_p012898,A,train,True,47.0,49.0,bb0f0bf8a8de22f8fc047ad2c20d2f3d899a1ca814705cffa2d9b59f3aaa04b1
A_p013789,A,train,False,,25.0,031b58fa91a85020027d83dec3702523f46b61de59715eb914dc063dcd95cc9f
A_p001620,A,train,False,,29.0,3b12ea6f035d479c27df0ff6276778a2d1147396fc2a90b57117bb0b8e027b72
A_p002394,A,train,False,,42.0,ae11f860bd5617d516a7ad65267a50beeb0c5c3cc57de08fb8b7932050273a63
A_p015786,A,train,True,46.0,48.0,ff3491087d72ae1e306df800990e7158a884b9c5d2d6e1b11cfe87d6505f773e
A_p008145,A,train,False,,17.0,f0ae8f5777a7b6f038104474bde3ab4ebbc8651ba66714fe0dc66b696878d9b6
A_p014713,A,train,False,,46.0,49b12b5d77da0656de3ed61a63200d75318cd8d757d037405fb8e4c0e26fea66
A_p010904,A,train,False,,38.0,5b7881acd48db7bfe8d63a160b80b686381d3d3a03e3ad619521f4bd09a50fdd
A_p005254,A,train,False,,56.0,430fd007ce6db90b2dd0c38eda3e6b8bd3dbb0beffeb6cb296e0639e31deb852
A_p010362,A,train,False,,40.0,080c4a2055807e517158e8d885f7f832c1f997adf8f0c8f59e2fdb3f5e2a4535
A_p005238,A,train,False,,21.0,0e533f564243712ea9274224042495b21ece5a85a099770ddab1f2457f760e3c
A_p015937,A,train,False,,46.0,b770dad52bdb05ad9d32776e199fcbd0254935cb940a81a842b35127ae7f58ab
A_p012482,A,train,False,,58.0,e3d715264aeccaa9e1e5b3cf5d536b6defbc57ba054b26803d7282d12beb6278
A_p012581,A,train,False,,27.0,ccd129ad2c6f3a32df3f87c152afbd77fa796e0825e74dabc3194f8e05801de4
A_p006669,A,train,True,81.0,84.0,9dcfa9eb471992de0f1a8281acae497cef976e2c8a55c8aed65503728b7ab260
A_p013432,A,train,False,,45.0,973a8278d271edda119afa48907f099431bb60c50a750363d3055fa12f5b6169
A_p017809,A,train,False,,23.0,9b8026def6c062c19aa03de7ffbfb524891c93239858a028767badb8e56313fa
A_p010511,A,train,False,,21.0,b41679363662ca6d9c59ff4a8ebbf5148d07a4425710d1781c186730200223c3
A_p008204,A,train,False,,59.0,8d512ddf98437c088352ca16bbf2f3d6808835736026461f524acf922a6040f7
A_p017811,A,train,False,,24.0,48bbc28f3a167504e93ec0a3754eba8436bb92a66ed3c67159b5f60b2783533d
A_p017040,A,train,False,,36.0,18b75087dacee53882764e9c62777de1077768d079e66ba504d3396e9d128888
A_p000901,A,train,False,,55.0,f2d032351f2515f24f86418969b6e671980ac36263724e931c46f19456a319e3
A_p010551,A,train,False,,22.0,e1b8685dafa664f7577e560a67aa2ec98a648736d43bf5f2cd6062b7457ce1b2
A_p003356,A,train,False,,15.0,8360a57be5026173ca2d1d1eba25faaca0b28abc092664ef672f0b7c2b7503c2
A_p001950,A,train,False,,22.0,6abbcdaf37df328ce1bf297ca93e7580640347ab874a6fa1c8dce8a106b62c1f
A_p004961,A,train,False,,43.0,c831e39fdebdd523d52b6832eb0ff0c23f88fac2cd4b98b03e7a113e57e6fda4
A_p010550,A,train,False,,33.0,7a03fe7e17edb47ad7fbfc1213434573ea475f78540dfb92e671cd6c35b06841
A_p009096,A,train,False,,50.0,1aa4b17a0e06590468a57240136fd9f7ae9797471e4839ca5002360e61e452dc
A_p016930,A,train,False,,43.0,94e40c4059ff8ff6528722e10f0a7b9779e83a34cd8fdcef7a32eaa67a5808f2
A_p006546,A,train,False,,44.0,ba3f5711370e71e2d9c862f4c110da8e69e968391785a3af5d2b40c868f8d8a5
A_p012500,A,train,False,,36.0,fe15c39f0f65775498aecc4e99b69e59cdc12db8a6727a4a77472fc069e7b373
A_p013988,A,train,False,,22.0,4504e70d6dca177cc64eca6c1e12ecfe88196929f124c25d563814974a039590
A_p009755,A,train,False,,27.0,9d1a48d0f4e43a1b415b37c1981fde60b312fa1b6bb9dcc2121d83e54c3a328c
A_p000287,A,train,False,,20.0,c2235a5e3382926249405e524a159302cf403d713b7be0c307f7275b3809e8ed
A_p002182,A,train,False,,40.0,1522711bcdd3af627c71c56d91e4d2e15267285277ed36998cfabf488c9d6ee9
A_p015475,A,train,False,,26.0,83b6f15f281608f5f65abf722dabeba2b3670cd3498103ea453dfd6fd51c3065
A_p016475,A,train,False,,25.0,b3fa477daaaee19a4c30d8f32d22bf71ee8ea71945fb1d4128e60e755ed3f994
A_p013744,A,train,False,,39.0,e6f00ed8c9efee91c99bd07b6666964ef6294ddaf6ff84ff65d3a27478e2ff68
A_p005786,A,train,False,,31.0,27c6026d492efbbfb73184c9eac8fe764fd7f4c6e4626abbfe407e0d0c929055
A_p009031,A,train,False,,56.0,795c6ed4e7c2236035e5b3f33ed4bc1d9e675c2007c49c77ab723063e98bdcac
A_p001078,A,train,False,,22.0,e1cda3f0f01f2630dc86677271e2c49b5f2aa4a16defd1df2394cd2f9204cda4
A_p002658,A,train,False,,51.0,def91f077fcb0cbb7507d9c2e03ba13663bb92f800aad07852f352dad680a11e
A_p006128,A,train,False,,21.0,767dcf31604c03fbf08401ac0ea55d018a8db493f0ae6245be8abdca14748556
A_p012031,A,train,False,,45.0,925717a7200b1b297bda8744522592c0ebc615de5f1d5e0200b0af21e116f8f6
A_p007664,A,train,False,,41.0,cdd03d8d0fe76ca8779391cf35e9090b8f7ad2d75eea5c0c9f8d56fd9fd32572
A_p020588,A,train,False,,26.0,05c5f0d149e5a2f7aa366475d241dc1b6c3e6fb1e545f91ac3dc1f8e1dc3777f
A_p015127,A,train,False,,41.0,47d5c1da6034011f65f2deafd5e8d65bdab7a4bd96712e05de648419249ff354
A_p011547,A,train,False,,23.0,b824083d24c3c7488d5f1315a46e46f123e62eeb02f8cf17ac59b40ae234bf79
A_p013527,A,train,False,,20.0,273a50da7ce8bf62fb00851b1e061dd001d62bc39c736024c54ff0e200603537
A_p018512,A,train,False,,49.0,efd96876eeea86887287abdc4d9e32b11e893bd144a09cd5db73051e657bd162
A_p002684,A,train,False,,52.0,aa8282e23d6010e9283a7d7d0772b90bdfcd5a551cbeccbf5da68e4b621bc078
A_p009931,A,train,False,,21.0,7e932cc92748429ad7d407ea89c5fdc082a761affb8e7c975c4b0e6612481aa8
A_p018574,A,train,False,,45.0,91a1161a1f153a1c9400f1f2dfdacd3c1c4ee739418c2b62623194ea2dc428b3
A_p002101,A,train,False,,43.0,2213350675c9274141b42ac30816bcf0280b38adda27ce985418c9540a556d48
A_p020549,A,train,False,,57.0,af141e79ab6d3046b8a36856a5d3842970a9b93e4acfa225d7f7fbbccbbf1aef
A_p011589,A,train,False,,45.0,19c3aa7b3fc29c122312344888851ba695ed91799105c01d9280a58fa871ff10
A_p007995,A,train,False,,54.0,c68f78469d9ee76d760773181958b1b884ecba02a34c31df9edfc4acfa5a3792
A_p015684,A,train,False,,20.0,a14ba5d6db9ffb34083d8a0a863e985865c146e5ddd0b53c4d9d7af8a802fef8
A_p013667,A,train,False,,25.0,105130882e9b0f27c30ec947912e44cc610ab6f88303373100049a98ad8868b4
A_p010407,A,train,False,,23.0,1b240b0340ce51b5949f79dc94ec0ec2f890d217658dd9b01a0aa90543bbc072
A_p011062,A,train,False,,52.0,565e28d4834af4aab55718dca3ce3f9b7455ead34e8fb15175a3279ce0015112
A_p009368,A,train,False,,20.0,a15fbacc8d123d63785f87130299093f4e451537ae339f598da44dbb0998b37d
A_p017596,A,train,False,,11.0,d3ee7cb79e7305a0bbf5c87fcf2315a0508c77067bf92894a9fc87cde2e2fc75
A_p003925,A,train,False,,41.0,52c38e3fd5bb7910fe5d1a53357aa2e1c0aec724ef7670b02c89e17f1558c34d
A_p006994,A,train,False,,50.0,039259cf9df691671df37b29582d95ed9121811dbf110625a557cbb0ba6fa621
A_p008711,A,train,False,,46.0,93bb46948da408320eff3b80c0a9bb9db92d0bc81d9b0b8e9c4ab94304f6b130
A_p013622,A,train,False,,51.0,0959edf5ae657370d1c64c0e1d652f61de17d2603c0dae657c57606ab7397ebc
A_p004249,A,train,False,,57.0,41d88a451f052fe7a584da06f12d4c0c6df26a4010c6389a3f016b26b6e65ae5
A_p010949,A,train,False,,37.0,a47b02c08504ed35e58a8841a52551b1f0c6d57a2cdd2a604a7606c03f55dbcb
A_p015659,A,train,False,,38.0,c5c98eeba4861f46615e238c8dd10b34a89e1d22befa0c9765221a020e7b1bcf
A_p010919,A,train,False,,336.0,2a5a8e9f1814541da06407f232f86141718d19abc36d8c1834c024c8002bfedd
A_p012552,A,train,False,,28.0,2d86ca709dbe8b7aebc064d4c15f480e9f4aeb57bb565e915279f823fd877a3e
A_p005050,A,train,False,,51.0,c3acc473f4d4f83719a1eb30f38ccee0748563bc746cf7340dcf3ed6d8039b50
A_p014768,A,train,False,,36.0,1746ddf281f2772914e4bdc0c83d28eda6177b39ea9c21e8dcbb54cddfa3c103
A_p010502,A,train,False,,18.0,2e3c5e5d153d07f408f1b584e4892f3ad4a818cb4afee101fabaee6ece8ebbc8
A_p005281,A,train,False,,19.0,9a97116b96a7c799e4bc579049b4a94786963dd18b9de1e378bfcb9fa7b49c77
A_p019653,A,train,False,,20.0,d5736ad2c2595bfd867ca4bed7a59f96411632c06edfa8c0a14fe73367c06a7d
A_p001395,A,train,False,,23.0,b8e61b1251629de4e62e8d6c2ec89dc47cdc70477f152512ea20bc2fe5a6036b
A_p000747,A,train,False,,41.0,e303b46195e17ee7f1e3143ee7b63072ed52f02f8e66124814d765c9facc863b
A_p002430,A,train,False,,57.0,2120c3a40ae10918c44293738ee1ca54f08aad816148ac68cb17327da3ac387c
A_p006026,A,train,False,,40.0,098231652775cb1270742859ab8fb3f39251533c6dfda579841551549e4b2e4c
A_p018417,A,train,False,,26.0,cbda5d236e648236fc78490c9aa230bc82259638c1e3af1a3485152640982810
A_p003547,A,train,True,25.0,28.0,abffb31c4fb0b51dc75c732cb500f03b97d03d94fee06a73980d219790af2e27
A_p003379,A,train,True,20.0,23.0,6cf33e3a8bba577f3725f9843c24b158d4b9fdd74bc49a924f50ee20018e1df1
A_p006511,A,train,False,,51.0,ce12a4cdacab7ac4b2a7422e21f2d1058823a33fe58dafcf64cdeea6f670a4c3
A_p005570,A,train,False,,16.0,c9b46890bea1995640306210928fdba30c628650a6246669a06dc3a057d34c3c
A_p016650,A,train,False,,30.0,bcec3ae6f313d1d4a4a6e1afcdd214b62852a6dcebb9a28f8cf431950764f934
A_p007155,A,train,False,,47.0,04d00cdc18daee296a0ef18a6d2bb5ed7b175caab3c1c27cbdfa7cdc8c474573
A_p011211,A,train,False,,58.0,7b6c3fa4f786eaed7393dca0bd9c244f0f81f9decb05a857eacfdc49e92c331f
A_p000291,A,train,False,,43.0,b4ef6db18d0aa343a07b9efb0ce3f8ac0750b86ab881de22e3b3224d1dc38f23
A_p006507,A,train,True,325.0,328.0,268b02b983c9154b43239ea733bdfb8b728211608fcf582d1cb1e38f2daae269
A_p011425,A,train,False,,48.0,be17f7abd93dc69b0b6f5964da4becbc7d29c9f1cc81a8f3460c1883bc44c0d8
A_p012747,A,train,True,15.0,18.0,df30e6b10c73b0f1e147b86c6121f0f7d0c4ecfca9f35f5122b97befc49c056a
A_p019367,A,train,False,,21.0,3f2e33e888d9f90181c96adb4eb7547726287ec27b0f26a7e109fac690361dc4
A_p009616,A,train,False,,47.0,e632e6cf93659f7b8ea2fc6c68f93a36b056e91d7cf18a19704a049c8ece89d6
A_p011962,A,train,False,,59.0,dcac47afba1f3f194f74dfcfdaedfed0f8529e76a39ab5b1ce76e84910ea4304
A_p001521,A,train,False,,55.0,4c03c3cc2c9fb54d65aa440823fdb289e7ca2970dc4d8b3fc79727755dd50e96
A_p009993,A,train,False,,48.0,67ba68fbfcd877c1d46fa0bbfb5fda520af63720d22bbda1abb12751254ab9da
A_p010970,A,train,False,,44.0,ce943b16277d144f68db4d431c254c0c25c17b47d79b16dfc3d747bbf48fb945
A_p001374,A,train,False,,26.0,35a89be5d136fbd3916f9f2f82380567f8519167cd1077dd5653d94bd7c3f6eb
A_p016366,A,train,False,,46.0,ff3db564bf8c7b79b13745a83c635a3004c8ee860a513b42cec2e35ddda83d72
A_p011142,A,train,False,,50.0,bbccacfe0dbd1dee1ef404a9c684aa74be036f6b82233a36245a30887a837e4e
A_p001826,A,train,False,,48.0,cb260e6a3ee1eb34320033731e2cb22b7d0b85ce19c066ef8664c30328e6d5a2
A_p012865,A,train,False,,48.0,e02f799d7e4f9779069045accd63db0e10760152fcc602a8e616279d04769e20
A_p016214,A,train,False,,36.0,c43c8b2769d503bc03f5f460555544749196f5b26fffde7c59fcf7081067da0f
A_p018774,A,train,False,,56.0,6d503a4b486e428cf9f0533cbbdd53a81cf2d30d580718f5ec00d07b7d05e9fb
A_p015415,A,train,False,,21.0,9e8b9c199add925d857368c6c62d1e60700d4c62bf9df4e3f44ed4a53f309ed2
A_p013368,A,train,False,,23.0,42a1917d2cf53c2e26b5e1e64e1e8037ce92fe3c69e2a62c0c0013a384576d6c
A_p019805,A,train,False,,41.0,984b09d047a0d00b5aecef279dd69c0ccd2b8c5c5b3e0e6430fa1c642c88ee97
A_p012661,A,train,False,,25.0,8efbb8cbc8a8d847703d098339bc0c585a4f7005f1476cb1f797cdc6fdd0cda8
A_p004644,A,train,False,,23.0,c6aada952f5b5cba86a45bd71d4828b466605a05fcf835aa29f7d751c6c03887
A_p004163,A,train,False,,52.0,2cb3e9307f0beea6241abd344fd9a032d831bd6157f29125423c8223d0b73c6e
A_p003507,A,train,False,,38.0,68d39eb3890a38cacbf189412b134051f6b6df049ef275032eee752e872bffd8
A_p001270,A,train,False,,51.0,c610172eabdbbc5a85298da1c91415d7d8856cc35250cd2d66d3332dd8e828c0
A_p010662,A,train,False,,40.0,d1dd37d50168553924fde3ed2a2a2ff3a6282d60b5c5e955cc5e7867b113804a
A_p005566,A,train,True,41.0,44.0,7748ae7e2f40645838a388749069df97e907af3e0e4288aa56cde18f1d8ae8ba
A_p017870,A,train,False,,56.0,32b9d7ab50bbe894cc3f6d3ca2b47da808465418cd9ee6636a6d3a12bd11fcf3
A_p003931,A,train,False,,29.0,e5af990219252d96eeebadf9aa1f885f99a84a9dad77beaaca887cfc2cc9149a
A_p010006,A,train,False,,25.0,55bc7d03893a4047a604f37796fb72f68a10df5ae353cc4157829ac7c5832dab
A_p000332,A,train,False,,17.0,4b1de39ae5b1f7ad9a04bdf586bcdf2be0cf150a3e0025b985b229c1bb793acd
A_p009152,A,train,False,,42.0,ab7ce20c4c9a91cae583abed538bb95ad2cd1f69f30bbd492731414b0f35332d
A_p001249,A,train,False,,56.0,9a5f5622c55b5248e77868da8b6c4f5ce8cfa4ba1c61c882de78340c394a35c6
A_p011366,A,train,True,71.0,73.0,857dfce1879090ebb56ea15d31c3b996e1972a1bed61539a2e1ec2d1ba9ed097
A_p003089,A,train,False,,59.0,5e3585078d1a86c329ce35d04439e4c596ad0d1f28543085c288946aaca6328e
A_p004765,A,train,False,,43.0,1a7da11d3ba8bde604a89c2c74f7e82942369f17244f082e3e007ddc84334f26
A_p006445,A,train,False,,38.0,02eba5f156a8fed19fd978d5968df11a2d50e16975de7e76e74e00025f263d6d
A_p000465,A,train,False,,36.0,d8b3a7c90564f1566a49d7dddbd1571e0ab3ed8582ccd0f737e9d9ba55411e3a
A_p001707,A,train,False,,42.0,796fb82a776099ec3caa4d787367f3530fc8bf6d0f85945991aa9d01001769d0
A_p018259,A,train,False,,48.0,ad4006e9bc62db5e1511d11f121e47421c40a41e1950094fa4124a90916db42f
A_p014045,A,train,False,,50.0,93510abf4522d92eebfd047fcd3a87574a08b3db27fc2f9733d6e0acfce2a688
A_p013433,A,train,False,,24.0,1c2a6582de6ce86c133bc4daa92caeb1532f2ec5a07d74397a3a11304e04dbc8
A_p014605,A,train,False,,58.0,7e4fee29833b06a9c4f2af25a9e6a54f65b8fd240a299780a777ee92e3ed5a29
A_p003187,A,train,False,,44.0,cbbb3cbfb520a7978d376a23b81787e226b734d2e280735965f53d96bda02360
A_p006940,A,train,True,49.0,52.0,25ba3db2d4843c3a67588554e37068a06b30e28b0bf5a0249ba6d03bcdf5527a
A_p019054,A,train,False,,44.0,bfdc15fb4cff2fa143b4dba52614792e15fbc93693ce6c0b0ca1d0181416db0c
A_p013057,A,train,False,,29.0,f5d963f0fc08c779a33bf23a6c15d2ee56fd786ee08f51b1027183ada4bb3421
A_p015818,A,train,False,,48.0,f3fc851b27fdbbbc7f3f23ae8e5c63692b40b7feb99527d70a6fe4f26af168cb
A_p013964,A,train,False,,26.0,4f969947c24f16aa66145065131195ef2fe9bfaf47fa785a9760972ed0c6f362
A_p001735,A,train,False,,16.0,29ad41bf24732dee07246f316e6467c05aec88409897888eef5ec1f3672caf3f
A_p001732,A,train,False,,40.0,16f33dd626663317ac77727dcb66d62091e9f39499459a7f9cabf9c143679b25
A_p001142,A,train,False,,34.0,bad83265778eb88c47aff613f1ab196184050b9df0c2dfc194b5108a0b3f86ec
A_p000339,A,train,False,,51.0,a436b5e30dc4b02ecd98c6d836857fa626ecbe310be0fbdd3ac1f1afd21ca37e
A_p001062,A,train,False,,19.0,b9e88106a65bd44e8cedf28756fa9532eba5cc5f536c39d3ffbd1bd4db2079aa
A_p001380,A,train,False,,24.0,be6b1d1d034c9931572b0c0d5c80a7f956c3a2152d2977c07c4beecd42c24c26
A_p016081,A,train,False,,16.0,d7e92e24131a94b34153f3b516d78d56c64910d4f51a4718dc767739bf43b938
A_p015788,A,train,False,,33.0,50cd66a42e544485a9ab05ba3d339d489728ceb96c9a038d6602b56adc3774c6
A_p010397,A,train,False,,39.0,f475caef16f3183f42f15db9c1872636665b282f230285f83d8a23920e5ca635
A_p005462,A,train,True,48.0,51.0,239200d5a8ad8f89e368f43b13ce9616dcd0f4faf1e25bff0601da92af87d57c
A_p000813,A,train,False,,24.0,8fb1005905faf5536907bf7cc0f623578e48ac1748011cae782160ab03623061
A_p002765,A,train,False,,18.0,903f932a503090c2f9dff92e446f3d75c04dd15196b9839a0ecc3254e651b730
A_p012376,A,train,False,,40.0,80433bfa169a264ff36005cebd9e1b1468da608a584b8b0e087ba2939c6eac79
A_p004013,A,train,False,,50.0,0a0bb06eff104f8fd09580650cb9a273f3f12a87cd57d1bcc64d82b3412f8045
A_p003285,A,train,False,,46.0,bb01bfe623d911d00afdff987019cbbb87b0afd1a07583540ea6b1af5b883948
A_p006067,A,train,False,,37.0,a03fc10947e5d1652c9dced07eca7858cfdbc73dccd708277037146688d6fb13
A_p007598,A,train,False,,58.0,478cc46168ab56af1670465523bd0c6d89c792a73ca89b36bd9f8c88bc9d4846
A_p000951,A,train,False,,25.0,2137be8cc7de3d2d375ab0bf3f945aee2be08758c6873bee219000c71c99b69d
A_p010050,A,train,False,,40.0,946f44f8f4c778b9679eebbb3faee6c4a6e9630ec6cd0d964639a14349964c96
A_p003681,A,train,False,,57.0,b2586a6b073cfbd3218ee1ee22a77a9d08eb426b1f6c454bd8ea60b887a2a312
A_p010552,A,train,False,,26.0,88c12de20f0c3c5df366bd5ee79c4032ee3b8ff1f69aeda6e2dc1384ca8a952b
A_p019441,A,train,False,,15.0,e631993ba2beb8b4789bf23a6c88331674af5e8c4d881a13a583f5fccc43a9e8
A_p008568,A,train,False,,42.0,dac2b80e56ebdbaba09e18ea3fa69ce3598fe3f536f7d4fbd1188a0e37b581f7
A_p003711,A,train,False,,36.0,f377debcb7f0271611ddfc0bc7522f59085e6237f3b9b0bdbb72f22727cf6c7d
A_p013633,A,train,False,,37.0,a4d2d49cd0e63b315987905f9f9f21bd7e3f8f56b517614b1b297071f65322c5
A_p007052,A,train,False,,47.0,383be6c8c1876c28f616a90f324beec91ab54462ab54eb3549f3c04d6f74a066
A_p000183,A,train,False,,36.0,8cd8144ca9d04e28f1fe3f40a3ba6469cb421a19ed8be5c6052b56d9faea3ba4
A_p001364,A,train,False,,19.0,b7fc24560b749be36e3aea385016b0843360b8e57ace2d9f6ec2e4b961ed1ee3
A_p000281,A,train,False,,20.0,780f198679b27e01b154b75c6ffbc2eb904b3d0634d275eac85350ef74b3404c
A_p018531,A,train,False,,52.0,0072164f8ecfcef79c8db30ab8a9c0b04abc193cb7b022cdf496d1690f97b99a
A_p003627,A,train,False,,40.0,1c3f41c57440a7083472557aa3781728b1f61e9ac8eb21c22df7b038d27c0a8d
A_p003381,A,train,False,,27.0,8b6798e06423b94448e30708ad26dbb9fb58d3ea8b37a76374e1e29d2ab305cb
A_p000026,A,train,False,,13.0,558670f55626118cef7cc50199c28b34e1344cc76f273d80e29e01616d8fc9d5
A_p016684,A,train,False,,22.0,ae31004c8714be64dcb6cdd6d85e601c76e9fa1dcbe785cb361affdbcd8e9691
A_p019374,A,train,True,37.0,39.0,68274bc4e651928802a9dff9bd105613a82873a8bb5d14ddbc61bfbfb76ab430
A_p015137,A,train,False,,46.0,514643dd2c6d6e7dca2176c0d731d5fbd286074e70626718353ec2805a3e8fad
A_p009387,A,train,False,,17.0,d0ca10265d261af76db25beb5e51d53cdb7f05ae83e0228040576963afd0fc93
A_p018696,A,train,False,,19.0,4d8cfb006d4172d3c8d39765b7849933cebfd2f76e4b618ee84f5c866620a310
A_p012323,A,train,False,,26.0,f284b34b31b128fd9c3174ffbf7c41d697af42fad99997305534c7b97e018054
A_p013239,A,train,False,,52.0,0fa4953f98712f85ebec53d2328e9ba85e583ad613b3a034dea7a56dda7c4cc2
A_p002323,A,train,False,,18.0,fa16fe9daba7bcb49ccef58c4e67b853376187a63d4edbf0ad3116fc8c455e1c
A_p005509,A,train,False,,32.0,df3c6576a8b62c2800545855a3de47961f39e0d0f1daffa33c99f04de62084e0
A_p013376,A,train,False,,50.0,03a1c3e6bac33218b6a2320934146c9a27f041d66159eb280fbf251069670c2e
A_p016686,A,train,False,,20.0,2d143d8f7bdc3253f3349dec039cb9fdb3970d87fbb1b42b49ccaeaa8b0ca28d
A_p015375,A,train,False,,44.0,94734a858a57b256d78541d7edb24698802423efc64ae6ff450dfdbdcbc695cc
A_p002334,A,train,False,,36.0,caa19bf613a2287baf5571a76b1eac45b7eb43ea7d6e7d770ffd5895e880bd58
A_p004666,A,train,False,,57.0,8e71e13420aae0bded1a4869c7eec579b208386f5c04cf33cfaf03f436caccb0
A_p009509,A,train,False,,19.0,25aa073bc48a723327323d2eefaa5e5cc68bfc634960a68299362037658d1485
A_p019506,A,train,False,,27.0,c0d518201a712694eec246fe81244f44df7deb611e8fcc7393ef0a117465dcdd
A_p018544,A,train,False,,27.0,91797f4252f750a1f4413e86d2e937166e2dcebf35382a5ac5176a8b7af9e9ed
A_p012146,A,train,False,,40.0,5fa8f87a64c871b6884148f815088eb0124a77279d1e02413f713b00902e4ad8
A_p012489,A,train,False,,31.0,8f8237df6747387e081d6543970c4df4f12bd5d203287c9574f98a7a0b64a844
A_p012854,A,train,False,,59.0,3e734292f9f4f1f29b42091bcd0d83dd9422ea666fcf1670881b4944b847e50b
A_p005959,A,train,False,,25.0,5dd7fe75af36942710fdbe670c430c099f2cfb7750a9281863e178c09ebca887
A_p017160,A,train,False,,47.0,154a634bc9a5add3147d2cd9bbea0ea6cb4f4eabf2ff8e7bb8ef00d93a129240
A_p018551,A,train,False,,36.0,cb4b4ac9a04b6f14bcb4885f20a7fe605e6a2e96059e557f230076ae2663bcd6
A_p005353,A,train,False,,47.0,6e05e1a72c728f28db8edacc5597f7cfa1607d78fb767e606b87981032263675
A_p006187,A,train,False,,22.0,4fa6aee7762a90b12901b56fb92a7cfae26e918b89127e5a1dd10423dd378718
A_p015925,A,train,False,,46.0,352164da29f424709373b36d22ca64cdae5a41b9070f11c1f527c8a0a151f6c0
A_p014133,A,train,False,,57.0,b29e1691768fd5f93e82c00d57c9e2c57e02cdd3ad0bed1ce06bf296fc0eea70
A_p010556,A,train,False,,48.0,1952b0d637de92daeba4b9786c58f657cd151ce750e5c585d4bbc19858ed981c
A_p017223,A,train,False,,55.0,c48c423aa668750c4606c1c1cae0f86d4473fd859176129546674120dccf67eb
A_p000427,A,train,False,,38.0,cc58eac8c193c7d93fc987c65acdd1d309516949e51915f7c8bd8aae688642fb
A_p003595,A,train,False,,42.0,4a8d389b1cb8a18387533b3eb9fa4c58af03be65452290ff88b3b4e5e1400bf3
A_p010871,A,train,False,,54.0,64e8d1c065f0678039c2b5c71b864a963b08ec683303bcf8786027fe5a936024
A_p008086,A,train,False,,27.0,3ee6cdec8f2ec83919462f4a7d1533d6549dc6c04dc67ae9181337e643f8113f
A_p012554,A,train,False,,32.0,3ca7dbf29f6719f0b21009995b58a6223f7ea26767d4562bcd0fc2dc5a6cf63e
A_p005577,A,train,False,,56.0,613ba165c5c8be5b898347f9afbf931ea23aabe3e43e02a18a33e3aa09fdb74e
A_p015119,A,train,False,,51.0,a802a3f21517120c19959091ef0577cd4a18f6e974e57a975cb6c808dc966195
A_p012342,A,train,False,,47.0,8386e47bac0dab119ce43e8be8c0ce896b913a0ba50a2fc77e4c8e9990a22e32
A_p007229,A,train,False,,24.0,7bce570d404d003a47e246acd1bf90fe8bf169a722cf1011a6f475acab93758f
A_p007127,A,train,False,,52.0,1278bc30b5a239eb98b9858eb0b973b18fb081b2738da512de68f85ae6482169
A_p006338,A,train,False,,22.0,f25f52e10cb53e482531fd7206448b7f2b31a41db49f3efb32738f6ae3c032a0
A_p004284,A,train,False,,47.0,bc1b43cfe31fc90bec3314a2764635d7d8b27c202b858d4de29afd071f1c3bbf
A_p016313,A,train,False,,48.0,7e5eec7c217fca6bf77407dcfcc58d50537fb02c94af9be83b30420422acd464
A_p005890,A,train,False,,57.0,e106cc0026265e2f055b60a0e4a092be40b44d41a438b1df9ce2441a6f9c9035
A_p005558,A,train,False,,31.0,a169377f237a166ae6333e05d96d3ce45c6330db466a36ca212de489eb3ed76a
A_p004480,A,train,False,,24.0,114cdf835701bb93a661502c249c51cb2b0a3f4000db1492e511f5aa28c46a11
A_p000707,A,train,False,,22.0,8b7f8c5d694a67aa3b7f026afc4a33f97ebd97ddbda1d970ca99a50a829b63c1
A_p003573,A,train,False,,41.0,53eeec0fee8ffa2ccc0286c1397cff3712018e2848312dab4384879890492d4e
A_p006608,A,train,False,,24.0,315d1c13f11fe1af1d50e71d358c264e01ff123df378f359783233c6c72b42df
A_p011502,A,train,False,,39.0,081bbebab34f4ec48b68f5bf40f3c7a515a8eed6692dbd0443d1a2ed0499d6cc
A_p006542,A,train,False,,20.0,dcca45a8cea302077fddb49b5c858dc7b1e63344a279f4809e4085d38c7e993f
A_p002229,A,train,False,,43.0,f79b0f00c3af0eb1cfcf4a716b1afd96400986734b16aa739dcc5659ff8c0497
A_p013020,A,train,False,,41.0,04a8d5730b3fd237bbb15bf7587391661f034b6c1cc454097ecdab5a84f6c363
A_p010140,A,train,False,,30.0,207535c875daf7de31ac7c600aa2b0b4481100b7035fe1af309efc14f97c376b
A_p017306,A,train,False,,27.0,71bf7b25d1a1c979791b666fe36f725e527ac977738e2679ee78dd2421244182
A_p012617,A,train,False,,21.0,f18ce02009d13fa85c4a9e9abb5e8680eb85b6e3d097a793900b8c5324f4c74f
A_p007324,A,train,False,,22.0,f7f8c7443062ca6c67679a34f95d35c03a7d8b6e4367393e28fd7fca177f305e
A_p001365,A,train,False,,40.0,2c00e5f8553e5af899ef560fc376663baf7c453cfb6ea2a304c8def5bd7574db
A_p000934,A,train,False,,37.0,108851df280a52b7d804f2d3438ac1caf07775aa9fd5b68a47be497e0c72090f
A_p001758,A,train,False,,49.0,a26c59f6d906ae8a93506295bc6b09f872b3117d5e84be4f8ea70009545cfa3f
A_p010653,A,train,False,,24.0,b9322f0157139831d6b57891759699a4787f0284148d17b4dbeb85c54af9418a
A_p008329,A,train,False,,43.0,0c9502a3921c9e36ad90c93a4669f192677813c9a2aa99edfa86b1ddb08f9b88
A_p000244,A,train,False,,27.0,813af7b1122bf5d4187c0c7bbbbe01414aac483f017ccdf59e5e57d8eb92c9f9
A_p017186,A,train,False,,21.0,41be5950473bd6d530d756f3cc590f628d04e2a4d12d4f347d45d583433b2e84
A_p010726,A,train,False,,50.0,ffa9d46b8a55fbeb5c0ef85f89b3f95a84a96a929e4cba18f437ec7f73969543
A_p004871,A,train,False,,38.0,1df0fcbc995a9473bc23ff41069c0ede50063b8b05b742748c57e2df8c05c868
A_p011324,A,train,False,,51.0,9cd543b7490efcad377747506e178a65e99a1c25e3c85ed1d382a4fed36a667b
A_p007707,A,train,False,,40.0,97b4b708e9ef58d63b82409603eb602d0349805ff648ce569388a88b63737db7
A_p010097,A,train,False,,39.0,18b31f8071e9e160ba8889a550826aae098df80a65c6d7261708878e7954a2a3
A_p016058,A,train,False,,32.0,23302dd4c1503188b998e1aa02dc361c606dbf2b6223a3792e9835db5e6f8edf
A_p010087,A,train,False,,46.0,c3e30c97ffc27f173db2b4e9814025bac328ec1ced6fd8c253b25d70695cda3d
A_p010983,A,train,True,69.0,71.0,0e66d408e95f2aff3c395517a604e27bcec568d1ba07f6c1dc9d76440c15a974
A_p000896,A,train,False,,47.0,9ae3fa4bde28a3ca618ea395ebdaf17a17c649e9934ae3e0857812ba9bc4e0d2
A_p006774,A,train,False,,36.0,96499915890926a82469b065669c2878fe40019b22fb834f252f25473541e544
A_p004041,A,train,True,17.0,19.0,08a481e3fe7f492607a2cdebf656197cee3941c34005aa083dfc2411d759698c
A_p017359,A,train,False,,51.0,aa3240cccd94046e80a6a707d0c67d355c65f613db57abc0c3b45ce4d9576e39
A_p015529,A,train,False,,21.0,1236f4517e2dcaaba0d5f34474f0dd657f4712236566341767f5e4097740f428
A_p000739,A,train,False,,58.0,46ead1a6830c1ba910bae6edb67cedd931d0f3e63313ae1927ea38c0e8a132c0
A_p011061,A,train,False,,46.0,0d8b4aad5a5501ff63af3502f967809fcda9cfc068b2dc9660295ad14a855698
A_p006682,A,train,False,,48.0,e6986555dd1e64f5e2a381b833c67031fed0dbc2dde6006604e6a83a9a1e29d3
A_p010688,A,train,False,,17.0,01c67e770b676d62e53f3eb044bd9109e6ce1163b5be009790a457013b39b58d
A_p018501,A,train,False,,45.0,28be63ae93f850d68a3cb80ce73ea8b60dcf75e3e34e72c0eb6efee4b10e07e1
A_p004838,A,train,False,,49.0,8e2c94ce441dda3d45dc5187a69153c3a1cd311564ad696516299e9c99b623be
A_p019601,A,train,True,18.0,20.0,5bf7789e26f89c3f6b68a23c10975783dfe2657e6d7d8e40eef0eac6fa4efd4f
A_p018674,A,train,False,,58.0,08b142bef206ef615d62bf428315639ed7feaee916767038fbddf7a21f1bcdf3
A_p003702,A,train,False,,48.0,b0e2ed0278370b84cc66506ac92a2806142b8b2eb9c594cb2eb33a25883bd9ef
A_p008363,A,train,False,,51.0,5c787261e3ed3433cd621a39a77af5c365dea871f2cf0675071a8f1fdd022663
A_p003642,A,train,False,,15.0,d718d0a68f9e5d061929e3b10958eda6e78d4cf95c7468a58b10a537a3ea5379
A_p009246,A,train,False,,39.0,8f6c3535522182bd55fdbc965212dafc768fed490b6713fc764083a4187c8868
A_p012577,A,train,False,,44.0,5bd225b0eddefda5378b9d7c1f8edc29c85ef9d6f7c883c88036ee544f3c62d5
A_p012586,A,train,False,,44.0,0f1a39856a899de11474ac1ec1f9bb279e68a4a6937283be5b077893e8f5cfd1
A_p011468,A,train,False,,49.0,ff44712badccfd0dff5168bdb1637e35e2abe0edab3db716629df7773d72076e
A_p006092,A,train,False,,46.0,9bb933e3212d01e4465710aedc2f99dd4873a6436cd4bee77fc53b5535444835
A_p003568,A,train,False,,48.0,499b45d78f2788a2fca0fd8a967d2e3682b9de06248ae3481c87afbcb19d95a0
A_p004811,A,train,False,,21.0,58c1badbacc47645c6b9c2059571697ecd4e65c2e768d7a2fd2cbccecb419852
A_p016310,A,train,False,,41.0,e60d2fdac52cad0e8c94bca0ee4c04100d9fdeeae5fbf8cac107e01a6cd6e063
A_p005607,A,train,False,,26.0,c1447904722158058615ca6930079afa5b13f3ed596faf761f8ae0bedd6fdc77
A_p009907,A,train,False,,49.0,e2eb518afccb8b013c1f2ec4fa33c41b9d8f661189f668d3151feccfa848f448
A_p009947,A,train,True,36.0,39.0,065b9e77ee0e0c5d3aa5fc6ecb5444dbe209fef6762018227bb2936cdd79af19
A_p010733,A,train,False,,58.0,fc75ca771f46b26b1954f4dd4319ff506b20c319e6d8d959a4a6e7ec32f2eb64
A_p010915,A,train,False,,49.0,0f9071c1f1818d24f92aae89eaea8ab4c7769724434a3fa42803c39c6b02757d
A_p013230,A,train,False,,43.0,51e096cc3ddf2e1d1926915f039e26b303dfcfe85cfdd2d0863c11c28e8d0bb8
A_p001661,A,train,False,,26.0,f42b62bb0ebe6e361405ccb555b0de40d3adbaea53c3ef2a097f37856e20089e
A_p005439,A,train,False,,27.0,b98f4326386683090ac68a1d09fb802fddc6a4c4f9102a8805d2a330b07beb05
A_p003040,A,train,False,,35.0,cfcb3e8ae44880e3bc89211dac97dee84dcc233a78b1be77788c884832740158
A_p018167,A,train,False,,22.0,87fa10f0f3003d2ddb1128f92a80e4d9b9452b1bc367e7f987f86a644ff58019
A_p018397,A,train,False,,26.0,3cf5d75eb0153eb902bb36ca88073e5e9a53424b4d27d9b7006cf486c45e2b01
A_p014746,A,train,True,29.0,31.0,9b011f26637683d21467b956e21a33ba71b91d174c7f264a34e9500049c0e029
A_p004340,A,train,True,13.0,16.0,a8af1b5b8ae6f8f129fbcc00d488894c02c6b69435c83e2791058eef03d93790
A_p016777,A,train,False,,53.0,064a85db4bec1ec4d8c078de908d8019b5ade596d8362b4c82b7a70d0cb825c0
A_p014178,A,train,False,,45.0,090425b23f28318c78e7ec2ef0cf4d3e10e013a9e7080a71c35697e238e089d8
A_p012047,A,train,False,,39.0,50117813210019376dcb7090bc5288171042af928edef254445410406525681a
A_p005223,A,train,False,,26.0,4c8bf4eb21d433ab8314e69b5a9c7b09044fa8cfd07e8f1948b52352fa1aacd5
A_p002902,A,train,False,,46.0,e75046045e8d752c998c03bcfc192885123d7342979e58e3cb20104a8f53f71c
A_p004744,A,train,False,,23.0,13f17efff962b4d58fe3644cc8b1c49fb74323ab4e16561824460425e5f93de4
A_p000086,A,train,False,,20.0,4ab19b05acdf0caba75328aa0dfe627a346c9971db7b4a1df945aab3b18645bb
A_p014308,A,train,False,,39.0,43ec2731b54048f5760faf1c4b1dd0f148b64ceaefc9829203630e95729691b8
A_p002357,A,train,False,,44.0,869502d0777b00363e4ff83ef5d586e2700f5a37b25ec8950bb6ae1845b49565
A_p014305,A,train,False,,40.0,e2d2222461a1df8c19bb234bc600d66ef4749a6b0f0dfbae5d83d640321198e4
A_p019727,A,train,False,,21.0,2a8b3a05b3cf452fa356bc96505693eabd55c13a3b0dbc7d423ff8fb6f075fbe
A_p012933,A,train,False,,36.0,48f2ee111b6701f00f69a996288ce27dc2b49730cc18b581dd4ad4c9823a2e8e
A_p008230,A,train,False,,23.0,0a1db541cc4c24e059abde2e22b3cc8709c52896f0f1d501fbed720efc765881
A_p004898,A,train,False,,42.0,34923d48bb035221aad104f3e2a74311050689e95749414a1ca384c77a83d2c9
A_p016150,A,train,False,,38.0,32f98a77320ab4bc7173917831d6d24d28739b8d1f6e7cc20eadc8e664a9b7e6
A_p011548,A,train,False,,52.0,9c0b4ab47484d030f3461229625c1ddfc963f033972cb3768d67fb48e298b223
A_p005600,A,train,True,49.0,52.0,7e679dbc4005540d030cf77a083ceeefa1de873ffed865e92a84f52eb03ce94a
A_p002547,A,train,False,,17.0,187ac2e660b051b15398e1b5df763b4ef2e19bc27f1978d7a67f4df82089aeac
A_p000860,A,train,False,,47.0,a39b309ce2b5fccec441678059c63fcea9a3cb945c36330199e9fae6c471d22b
A_p012027,A,train,False,,58.0,8a11cb6bcb714c6b5c268cc5c41b357141f1b57ba20ff8ad9ab0b6735e2d21e6
A_p011585,A,train,False,,59.0,20b1f72609f2bac830c46feb2446ad699f5a5abf97e1080e0196e9dafa71011e
A_p011392,A,train,False,,58.0,d252e40e1c80eaceb3423ae3be2f8db2427d4a32f4ec399b5b3b5701d564beff
A_p017461,A,train,False,,53.0,b2064b2352831a7fecabd5f5c3ad2fa206593f5874f628a86e422ef426c54ed7
A_p000304,A,train,False,,42.0,073922ee0bfbab0994e929d05c53c4ccea69659104ec540f17900b796d451388
A_p004806,A,train,False,,47.0,a7232ec5d2f1ee2309a81b319181cc4f748e0f4f626283132a83d1b365b39f25
A_p002179,A,train,False,,42.0,e602a9ffb1fc33c6634ced4a3c6edaf818fc0f82c3904c406b4fcac91458e09f
A_p019476,A,train,False,,47.0,fd697588420c91ae0782db110b790d95c4dc9cde7d88315c21b54f10d0f1e0d8
A_p002195,A,train,False,,19.0,b1e0e68d19bc0b1e561f057bc90cf4c58f77687692de8fcccbd055302e73a385
A_p016491,A,train,False,,17.0,c2d0a755193585da3fac0052a096243a5af368a78a328df42819fa3072a52401
A_p015204,A,train,False,,44.0,85bdc3766d22e121f748b8b21578e0ad87b15a4eda0b6b410116026ad4a571e0
A_p008697,A,train,True,105.0,107.0,c753bbc44d381c64142c344fb047c4c97626ba08f9b4b38b4c61fe65c55c804c
A_p001471,A,train,False,,21.0,146734c1a1c03df8d3e8b9f8ad794caf2b058ae2af8d1af1ac9b59eb56c47cb0
A_p019505,A,train,False,,46.0,ea9abadc6437a5db2cbf77a1d221e2635048f053675ae3fd6fba8b4fa0afd2a6
A_p005728,A,train,True,30.0,32.0,e4432eaead052829283ce44127661e2b47adc4cf41cae4b35f797ba39d3bc745
A_p004235,A,train,False,,38.0,002ece0288693586517defb55087ece98066eaef966eba26b8706447eab11ef9
A_p006439,A,train,False,,28.0,e6c4232db9254a1531cf5887b2b30f26469f6ecea19ecad6c923cb3e29c21b23
A_p014397,A,train,False,,44.0,bcb011748dcbc14c9276f4bed66393c7a68d200e9691833dfb69d75a8f9e39f9
A_p010814,A,train,False,,43.0,c06ddbc4001854e018195523d4e09d72acb84ab7c75a28abedd6c55b2dc94d3f
A_p008111,A,train,False,,46.0,521b2436ea3c77a26ca2c82a2f8f1c27887bdd5ea1a66cf38e36610954ae980b
A_p019611,A,train,False,,37.0,57b53d8764b65c66b6bea4305104f4a91971b79531a68dc61cd3eedb1b72d1e4
A_p006527,A,train,False,,45.0,958b2aad946b3feb4365ef6528b35ca09e913d4ad856274ee26ec88243932e3a
A_p012821,A,train,False,,15.0,80bedafa56bb2492805931712823d0b42d985e421bca57dbb53f4dbfd5200595
A_p006392,A,train,False,,41.0,baf7dbfc8cac6e84b537b100f9085886f25200eb7bac253339bb208b858fad81
A_p017028,A,train,False,,28.0,edbb2ce74adc6ea3b35296a9dc4625fc0cc6fc340a474c496d3085554bd3289d
A_p011131,A,train,False,,47.0,d6fcfb6d6305c3fd09081fe91df05fb36ce6030c087063b844b30be13aa61756
A_p011761,A,train,False,,25.0,6786dfc371fd91b6651a587fef826d29742c06840bde43e4600d1364c03bf567
A_p003600,A,train,False,,57.0,a225fa930ae8cdbda9110b4d8453f4435635cb5dc23765353e255111a1586457
A_p005031,A,train,False,,26.0,942a79ffc44da57e3cd745650fdaafdc7688a76a64d41a0bd8906e440ad05285
A_p011567,A,train,False,,36.0,5b2e290883ffa2b1dd49e8bd537cb746df7205f59a861c595ea5c5de40197ef0
A_p007665,A,train,False,,23.0,8815a1148dad79963dab631b08383e99146b2cc2fc1ef7f2c6079ce370287432
A_p009549,A,train,False,,13.0,7d6c1b1d420e132caeb06f91365e641d601c187d1453515d450c35fd465df9f6
A_p014888,A,train,True,55.0,58.0,df3f64cb420c2cbcd61d5bf476cfe63e519a20872da0ae7b3ae393085b54439e
A_p000199,A,train,False,,37.0,3b97f1eb03768c71638c9d129e81c25dc26b550dbcaf00f3ab4e588782a4d4d3
A_p013563,A,train,False,,18.0,893dc4edb4ea34d236700cd664bc475c7da3375416f06b27508e289c984cf432
A_p011993,A,train,False,,25.0,97cd56dc479964da05610b023c55b693bf86ec8f8737929bb3208eb16c67f21d
A_p007345,A,train,False,,37.0,553b5c35b06832c1b547a986090c9321a9e2c8b595ceff08e496483e932c9e4c
A_p007546,A,train,False,,34.0,343756dffc7d34015e20b1f621f3ad41c21234ddc7ba572c3b8b05305aabb6dc
A_p002743,A,train,False,,23.0,3667b7247c8eaee1f3a38888ed8ed9dff7002b89d6ef5b86ee8e5bc1977e2087
A_p002453,A,train,False,,53.0,cab9b7910cc3de2e6c0c5299fc787c8789c4acdcffe01719b6c7db9fcbaee35e
A_p014028,A,train,False,,20.0,cebef9ec7928d8e110e8971a19d56031fe3de0162ab2d46e487a289939e9e9bb
A_p017015,A,train,False,,25.0,93a82882f9ac64f09e2668de816e32b6d3cbd5e16cf542657084b30eb4c71193
A_p018476,A,train,False,,39.0,f2726e92266156f352cbde2daf0f08bb4a8f7c4df70406be8869e3c8e4472de2
A_p016211,A,train,False,,37.0,616feedf92eb8e5b59caa645f02fb29dad79bfa184f17609adbec110284d0703
A_p014520,A,train,False,,40.0,74829f35ea37d0a1939a968b93422bf2f41cdb7a91296566ca4f919afe31e71f
A_p008310,A,train,False,,56.0,5f86823af183cc6bafe0b4d14cb3f7854b34beab6aedaf4a8341d6483c4bcf97
A_p015688,A,train,False,,21.0,322b76a100ae556a9a04eba6c3817e027efaad7b063bf7ccf6c1265350251f47
A_p013019,A,train,False,,53.0,d3801677112fae97e1586daf0f10af93358aaa9081976ab8d97b1736155c0fe0
A_p002462,A,train,False,,45.0,1d766ec2000dc2c91db11188960179dd398a5766e6fad23fa435eae4243a553d
A_p010033,A,train,False,,38.0,6e94214035622dee376829cf8b27a31340033ed533d726e0b72fcd8d8836d4d8
A_p006027,A,train,False,,36.0,12839257e8d9e367a1aafa2130f24ec503a459e62cbe63222fa4074fb6045403
A_p000324,A,train,True,61.0,64.0,15e953cfbaf420bd6d5c0394c42068ef8920385491055733cf23f356625b6711
A_p002620,A,train,False,,47.0,a9f5cbf032a8d449b1946edd1d19d9b0ffc1d7c2599d3a901b13023b0c3e03ac
A_p006543,A,train,False,,28.0,65324db4c7991b43bee6a4583f28c6d6ae755a32011b6035e584aa43867fa0a8
A_p012851,A,train,False,,16.0,93c033bdc0df44222fae019bb82d030ea49f299b811dc1e69b0908796184cdd8
A_p020626,A,train,False,,27.0,1ef67f7f7ef1a5944c30d36a986fe1993c8fd54bf696c966c90ebe56e976ffad
A_p008492,A,train,False,,47.0,44a11c4cf1a2a5578b8d6f3b0b0fc5c356c558b46d77466041bb93c02828ccca
A_p007684,A,train,False,,48.0,c0c74c185f29b5fb31830e00ecb160a1e39d9ea8481227f8154f96164dcfa33a
A_p019987,A,train,False,,51.0,717d4477984833cf8814dfce1369c8367d31f5398140cda70fa6133b421402e0
A_p017690,A,train,True,34.0,37.0,a2cff9fe4319a8c0e46e40390b4ba1ca9f4d55fb76f5d6ca356f4fd9f96eb696
A_p002142,A,train,False,,22.0,174b3ffe0e2d2d5246b57c500dda9e6bab97039e07c7161886e56b73177ae065
A_p007708,A,train,False,,19.0,1622653fe3cf1ad084665bf63aa7c5b8d065611d133a4f4fea1bb61aa62f7074
A_p002283,A,train,False,,56.0,86d55723fe4c2303c7d9667331ee511581eb7a87596daf234d5f546f212d85a1
A_p015416,A,train,False,,43.0,f7241b7ee05be009a8e10ae127c2e18f93aaf24d315432ba56a1aeaa1e221537
A_p011407,A,train,False,,44.0,f222954eb61fb8e6c3fd1f7f27bbbae554357f2ed216cb8b5c4625d076b8952a
A_p009415,A,train,False,,58.0,cd021da2ca9793a2880fa36cfd620f20f07dd3a90a0228e26a2e06182d48fc2d
A_p019207,A,train,True,92.0,94.0,06c465358db56d5933639216c8ff16b52a65df217ce6384ced4c11ec8f74f78f
A_p010738,A,train,False,,48.0,1d4d1b31acf9a21308e23256389da208a47590f5dad72c6da6e3874ed9648c9a
A_p001134,A,train,False,,49.0,7ee37e5f5203864f6c07de027b8416bb3d69399bcc3637d01170f6a71c0f5dc4
A_p013751,A,train,False,,45.0,d60509ff5b2fa8356b9151a5a5450a2ca8db4e77552739178cb391fee66ebfe2
A_p005498,A,train,False,,38.0,c1cee9baf50f6d56651b85d3e89a047fec2803a00c57dd5f81d32417dd7da6f3
A_p007918,A,train,False,,23.0,e10c5eb065caae8786da21b9c093f60ad2e2c71b5f88a5aece9bb63bd944f405
A_p004316,A,train,False,,56.0,bdd362b44f382602c69b9cd0a5114ef47fcc7c308660997abb9ccb3468df5713
A_p012771,A,train,False,,23.0,8a11d404369e757f2d4a858bb75ecd644ac0b0645b2cde6b6c970f17df81f598
A_p005040,A,train,False,,48.0,d850d6e1846cac782ab525fd04563b38e5b88cd6ac09c257663c9d2d00f77dfa
A_p002113,A,train,False,,23.0,8e50019b7d17bfa3707c94bc2cad26a660608d91d34d061ad6546141983bd221
A_p005596,A,train,False,,50.0,0304ee6ab3f393dcd337484b468471af886a9ef4f66b396e13bfec60978e1828
A_p018298,A,train,False,,31.0,a788d1f9836a89864649c3236bf493cbb75e8e147cb0837d67529c6bf47585ae
A_p018229,A,train,False,,19.0,71e96b099b3e8059a0d9ac62235d8d09600724439b62bb90fb47a90feb7cfc9b
A_p012235,A,train,False,,29.0,bd87eda2b57b10f9a47a9334ad0d8f3c76c7979723669be60ef286a53415559b
A_p014963,A,train,False,,42.0,5c7e7d39b2da52ef77f905f5fff8c9c40f189cb31c2baf0f030f8152f71d51b3
A_p001622,A,train,False,,25.0,4e6a2ee750055bb05e5fa15b3d7dafe997cbd1adb923333b42c0ebe41cce106e
A_p000103,A,train,False,,20.0,c8e4fc254e93d8cd85d1dfef947eea5187983e160737bb1eb54cf07b2ad4f0d1
A_p000300,A,train,False,,38.0,337c3cbdf9ddac312ab72cb868ec45aeebc09a20f35f5c54dc7818b3ae23fe64
A_p008796,A,train,False,,47.0,c0842ac98a323472b7b89d0d7ed9d31d78ca9aaafa87f08cb71732613bdae53d
A_p016806,A,train,True,57.0,59.0,f3908cef55bea5392bcabebf46a7f322fdbfd61ca59876348bf26e31b01f5a9b
A_p005663,A,train,False,,25.0,acabff801ff9d4dab47edbb6a40d24b20e971faae4a2e2e4655f81ddca226454
A_p005655,A,train,False,,27.0,b9ff5ac8059243fc62ff9dc003de14380ee4c9830c61cb8cdf4a1943f6103cf0
A_p004252,A,train,True,164.0,166.0,c44aefb7f0c0bb5fe77c5177ab9bb36baafb6e3c55b51c4c692908745b5c2086
A_p006906,A,train,False,,35.0,87305a62d82d9775308e23991c613ce3307408cb3ea73e530287a24aaa6a5c95
A_p006644,A,train,False,,26.0,ebd41227e2e46a301ddd4701e2e68bb578ded7651f81b757d68efc690e5e6ee7
A_p004973,A,train,False,,46.0,42b49ab9bf6b54f0ad737b737d756f51c575b93c30d9bb1f5938cae595679c7d
A_p000080,A,train,False,,38.0,4c0a330a686188cd6e620cf6c71626df4efd5cd822766e10c1866c58959f3649
A_p013983,A,train,False,,27.0,ba7060badf38f0372e0d849f532cd73ebe0b2b9f77ecc80e0a92cb2466ac341b
A_p016342,A,train,False,,40.0,e414fefd0953e780cd9ca9902f5bd873e38bdbb7c446e253507cd4b3d9170bb7
A_p004515,A,train,False,,26.0,56c687472a42d6b24d7b72783028d03e8f954c268630ace3179c38fb29845931
A_p020309,A,train,False,,36.0,9b61381bb5f182ad6de75b30398af5cb6e69a37b415631467b5d79f73c0dbda2
A_p005608,A,train,False,,27.0,9a9f4ba0a5244b4885a081a96b254a39307eacedd0f475d3c95a3058224a9c14
A_p004895,A,train,False,,29.0,68638ad0da0a8c8bf0a8b7780bfc3241d3e1363c90244819cec6ee70cb6c203e
A_p013910,A,train,False,,31.0,b22527d0094734e57c73393eebb05b37e6391c5ef984ef29fa04862f6a6d2b55
A_p019375,A,train,True,86.0,88.0,ece2aa4ebed43bf93e3f1d30e7a5f2a55d36d1b40affec37157aab18766a4460
A_p017448,A,train,False,,40.0,5da97b4853596aed90b8f440a9e9dd71c7eace44831de102ff9187e625d6af03
A_p004602,A,train,False,,19.0,ec58ff67f27c595810da473e2acd82e210916375d13e397200d16f19fb2f08fa
A_p009225,A,train,False,,57.0,6fe97ad0321961202b6ddf5010bbdcacf395caba89194c0a1fe12c3fcae7bb53
A_p009000,A,train,True,19.0,22.0,fd097356c9b875c3bd47c2784fe73ee3845e8bcd03427149ce53a3881eddfc37
A_p003699,A,train,False,,40.0,835994b22d0d7f1d25cc62cfaa17cf2d59d3b6fb2a6dfc01718d8a9aa5e2cfbe
A_p002528,A,train,False,,12.0,bdf1f06d4451f65ae0fabb6e801accaaa948e55db3bc9a46da8e93bd7fba6e48
A_p012748,A,train,False,,16.0,905a109cdd28ca0ef6e5224a8c3c66d413bd719cfe74437287a4714c0d37ff31
A_p001935,A,train,False,,52.0,eb3dbb3c9ec6d981098a2446cba7c526883052b149587d990ea81d1ec4b9681c
A_p005219,A,train,False,,26.0,5a61df4e5a29e586ba9f79250e66753c4cee924c2472dce29cce2ede3b4e088b
A_p001297,A,train,False,,46.0,fe8180cadc19b01404e3d42dc2169e9180aff7378f8e813f958f015155b3cc56
A_p013592,A,train,False,,59.0,b77918efaa6bb6a89c93d8cf9d56d246811ff7ae7d76b05b60dae17b23f10905
A_p018862,A,train,False,,13.0,1f752fa3ab85516b0aa0001a327c7d75b08e0fc2a887054a9dd5e0a75be4a21f
A_p001434,A,train,False,,24.0,ef49cc6af7a7c40c6132bf0aabbbe71df2d1ecde9fa9a708a6a90352593957b6
A_p011035,A,train,False,,25.0,501298361123224f91e490ff56aa63395f36f723a5803c425eefe7a071c62354
A_p015485,A,train,False,,40.0,d0cfd29ab782c44f930c6fd27558b0ab1ea0d67a8689ce71ed795bcddfd3b5ac
A_p017078,A,train,True,143.0,146.0,37cd506025873cd8fd425361b1241d68d16027d36befa73e9fe6bf156b278ac0
A_p008549,A,train,False,,26.0,d29d0166a9455957f459183debd6cefde207e328f376d4ccdffa85d1896de27e
A_p016829,A,train,False,,43.0,8a6b377135fd8617045bf53315cc6b95ae37430aae1a39cfc47c95d10744afce
A_p010398,A,train,False,,54.0,8bc7568f9d72e01aa9e7c9ca44e0c01f98cde1c27679c2a2a89ef777c567ee45
A_p004505,A,train,False,,23.0,4d1b05d07d794adf94bc66b382a06ac3de047f4c114c0c4301a3f910b565a404
A_p016239,A,train,False,,45.0,0c53a5322ba7a40cbba1eded9d6b098db3b3beb6c9f02c9f5a4eb71474e1fe18
A_p003978,A,train,False,,46.0,0320d9405a3cb3b0c323681d87b0b79c4d1cfc190a19270515263e74b2d206b5
A_p001382,A,train,False,,48.0,75734a271da1a67178895c8c67a95740468aa5fdaa4143dfbd318ddc5554a2a1
A_p007437,A,train,False,,24.0,14440dedd35fc6c03d8eebcb354de3c24045c3e19fd348af84528ae1d2aa5f58
A_p010035,A,train,False,,22.0,01b345277174cd8f473ae8e5eeb53a81a318aac4dbbc07b774f150ab9416efbf
A_p003953,A,train,True,34.0,36.0,64b57a5954c22194e43297558bf1329948804fdc90cb340efc73ee094b1c044a
A_p001400,A,train,False,,40.0,e6a3b3a0d90f1361c24745032a688fca65288bb4472211ffe30cba4b4149ad52
A_p016523,A,train,False,,54.0,122cd8261b5906f0a4760d99d04dd108f26986a2ec00d942142e6c5b75bcc3d1
A_p007417,A,train,True,152.0,155.0,d052136b05f10cc8fc05446f196a6f10408c9cdee46fce1bde35a40bd5e1dd60
A_p008979,A,train,False,,57.0,264c5f45d9a784ba9320a40c3730beb8490c8e4b21771f5cdb047056bbb335fa
A_p007494,A,train,False,,38.0,461e75cf04245181a7e0fe103838db291d25e1973568a70743e2ce71ae8c11ae
A_p007908,A,train,False,,30.0,ff327b6525970188cffa4b878cac33c40c7ae921a61981472d82a96c618a38bd
A_p000875,A,train,False,,37.0,4e716e475fb053e63c320019477ae2ff82d5264df2e03473155a08a33729ef85
A_p005222,A,train,False,,36.0,0651c2987ea247f1c09d8cc6077d7d82cae81805130ae64d2b6976d4ccece91c
A_p014698,A,train,False,,30.0,f3cc50874ced38ce010332e750bfdd2db982e3b4f4cf3fe04830d6aa64dd74e1
A_p013122,A,train,False,,22.0,7b2f95c2dbb39f7e7dc97f7ef297ea608a024fa93705b50ceeea9c6af600cae0
A_p015873,A,train,False,,49.0,7e558e5b365033745522ee2d7625455526ba04050fa93594ba53f14424e9f326
A_p000761,A,train,False,,48.0,d6644e12f139c2b52a9a8f435d6a30310b7d8bdaeb697ef4f9f915ac8b18cde6
A_p018699,A,train,True,73.0,76.0,3987e9e96826ab7a4cee184905a9bca2e28af0088ad60887e7bba1ddd9f9684f
A_p009708,A,train,False,,43.0,ab6aeb1afa3290de56f75c821e9c343fc2ef44caaf5d613a51a3d04d0ad853b1
A_p009459,A,train,False,,27.0,a6579c6b03b101fdbefcb212a096fb9630fff20b38d1978aee489b19ff0b4779
A_p000171,A,train,True,67.0,70.0,083a9b7039d9609b9a60b5ef39bc2a9f27e788e6ca161c0804e3ad251f42d9a7
A_p018707,A,train,True,65.0,68.0,510dcb0c4c99fce6655f0d9862ee676d42d2e4e34a4e8518da1b28c24eef5072
A_p012404,A,calibration,False,,46.0,acc6cb7411182d5e34597a347732ff70affd4b8241beeb80ffea2894ddd29642
A_p005119,A,calibration,False,,16.0,91fb3168c38256477f078eac455b82b7a3dede1f6172dffef4bc8583a20fc550
A_p013598,A,calibration,False,,19.0,51b8557363e20bb756e07446a925d42cb3fe3fb27d406ade17fb290fa1653a0d
A_p008733,A,calibration,False,,24.0,8d44560357d297fdce016359fc467b53a4361c05e8e4c186a8f4132ff2bd3f1b
A_p002824,A,calibration,False,,57.0,c4df969a2687e3a4d8919d796dc6c76db99b7a0f862da800d84d8f31f5e337cc
A_p006622,A,calibration,False,,51.0,af5be7bf004de71b6e13cf6c51df8f695ab617504c7bc238b1b740ae11fd6e91
A_p006143,A,calibration,False,,14.0,70c335d94a7035ff507b7cd65a083c1fcd28d44d867cdea2f7f296f6e2a07e8a
A_p006316,A,calibration,False,,54.0,c2f8417009ed0c378e2cc976dc1f3b8e0ea968218d888c10cf475167cc27b3be
A_p014853,A,calibration,False,,48.0,5d4371121d3745ef60e41fad178a777c51df724fcdf799c5d9f013f19c54592f
A_p002467,A,calibration,False,,57.0,e4eb22d2471e27ddbb1d8bde066d3c42ae3efe8b67d726765319f722350f6859
A_p009222,A,calibration,False,,51.0,ab32337eed7b3c49c8efade677d8be0e0eadcab3a51572d0387d714bcdcb80b2
A_p003550,A,calibration,False,,42.0,b8d24d689826feb359ecedfff396db485ca5c2380c5fdd55bb1f513d0052eecb
A_p000397,A,calibration,False,,38.0,3fc527778eb456f7d6b11f80271a7d41b250c384b9bd10565b9f72e60ea2cf0d
A_p014091,A,calibration,False,,21.0,1f8f3200d039791c04bd8caa317724fd57450e879ccec2d9920687403f824db9
A_p001558,A,calibration,False,,42.0,0ce0934b572d47443a2118e4e61846937aa4674e4104513bf664de32fbcb0cfc
A_p004126,A,calibration,False,,43.0,4c0ca095b189eda0f95472ca642c66d84457c9a243d4f68cf39df66d36c98955
A_p003686,A,calibration,False,,51.0,61f45d433176ef46f98b710e528e5d94e87267bb5e5cf45c52c989340f1468d8
A_p002239,A,calibration,False,,55.0,8ffbafa010bf92115c473015de25c4b8daa47692d760b075e3e709d76ec6c13d
A_p007528,A,calibration,False,,15.0,5ec991544e52b1472afb1ec5de5af12267a748e26ddc29d2c3317cf35fcbd28a
A_p018837,A,calibration,False,,21.0,5d2a32e77c51ed2be49dec5a00e3ff4fd4cd2b635fee86c71640cb37285e9d54
A_p001527,A,calibration,False,,53.0,57423e326106a0433cb2fb6ae92811821fbec1fce12af7a50ef20b8094b4710a
A_p000499,A,calibration,False,,35.0,a82ff54d93d938aaafd92382a2b62d2b8990bbff115aecb9b28fb15a5df537d6
A_p014579,A,calibration,False,,22.0,a82a71b0d598763e0f0376cd22cc23994aff35568bed272b8283a0a1f06dbb1d
A_p007720,A,calibration,False,,38.0,d706ca2cf5e82b0cd3644e51eadf7490447e53716011b11c96f781b6606e20c6
A_p001367,A,calibration,False,,28.0,3c5c863ea0763dd50f6e933810558938ba3b5efada5e65e5d32400d8082e2050
A_p009122,A,calibration,False,,21.0,37a817cb318581b852925ccc47e862164f3c2840f094ae7089f369af5871939c
A_p007754,A,calibration,False,,36.0,7ea80cb28b1e156679d9fd738dbefafa6b0672e7df68efac01b588736f63b95a
A_p007395,A,calibration,False,,28.0,fba649ed8530957329267b7d1a3c401dac90f4ba3060c51d5f34c58ea84c37b6
A_p014525,A,calibration,False,,34.0,1add24c3bf1d94b3c5b9af4d1ab8d478d21b0e062810da9a869205e65a64ea8c
A_p008765,A,calibration,False,,30.0,a4a529c636220b0a5ee8e0727e465e32b4e940e24ac2f1ef0940c4805bf4c859
A_p002598,A,calibration,False,,19.0,5a5d7e68b32958b7093801192b156a228241f3ae74ccfc39565572ab941d58d9
A_p012505,A,calibration,False,,38.0,e9ffb0c74539919ce8a16a4ca7b0b1bb527935ba7d404431dc8ba32a530bc3ee
A_p015793,A,calibration,False,,49.0,1bd6b86e4a9f183914a9022f697c874d090cdf559233cdd12b6c1c3333e55891
A_p006271,A,calibration,False,,42.0,63581ae4b07a12085c6a0c6286507965b8f3f90a8208ea72f399fde2021c0220
A_p008686,A,calibration,False,,17.0,d5881d4f1267912429de1c705e3c8837790a1943de7c649482518a288951bfd1
A_p004428,A,calibration,False,,39.0,4ff130d44797b3a9f75b2ef819a49733d5263d72fe0c45591c8689a78d212365
A_p005497,A,calibration,False,,25.0,5011e60ba658fb89bbea1b9ffe7f0c1272a21c7090c208cad543b331be654e6c
A_p014964,A,calibration,False,,42.0,ec0885addbd45bd473b6c52fd6335beba924b6d23f37fec80564d55b5ec35fe4
A_p016339,A,calibration,False,,56.0,6f55e2092feb46b41ffc1f81f6355b5d6f9db33d3e60245ddcd49188f01fc1f7
A_p004671,A,calibration,False,,47.0,fb797583d8efa26e0c75d37f73bcd777b03857ef5b62286a7e0e3d5cf8cb0ca4
A_p012014,A,calibration,False,,29.0,a16e845a3588c9e128588c52f1e1ad96fac4320b6d85e444684440e807278210
A_p003542,A,calibration,False,,13.0,5dd160cbe509e78da773f30f97361b652e3b0306543dd0fc1768e5fa55ddcece
A_p009638,A,calibration,False,,30.0,2e9faecedb4afd94983d9907980470854d11161b963ba5436258cc2c5ebfce4e
A_p009432,A,calibration,False,,38.0,c21ffb967c8f4fd741e05eae0ddba2be7d0c6ec76820fae7041a15c6708132e0
A_p012530,A,calibration,False,,39.0,f64b3d260b27632ee59c33556d26ee86c86fff78cfaeb5822fda3907960d7e40
A_p012804,A,calibration,True,28.0,31.0,fd1bc333669ff97f07a915c294cddd74a123110f9fa8fe6eac597da481b7a9fb
A_p012448,A,calibration,False,,30.0,5174fdc3ce3789d095da87c9ffbf024574a962667a8170d53ede689da76b4bb1
A_p007928,A,calibration,False,,54.0,4afad342505eebc8a718a797625b602ecba1099ec3855c8f6c0dc127649154f8
A_p006883,A,calibration,False,,39.0,d9d97b404648fffb3f7222c99e6d8b4db851d182281f23e61c1a6412558faf1e
A_p004972,A,calibration,False,,37.0,ffb5fe4a88f726c465cafdf54e3fb14b812d252c4a34e60a4d944ad88768cb96
A_p010747,A,calibration,False,,44.0,fd4ff7d5da4e5e7bf4fc6310f6aaf978a3bfd555ebe5a2bda90452e25d967b20
A_p017874,A,calibration,False,,35.0,3422a3bcdb9217276d6241ff362e65ace249c0cd6b93b3e9652415f16206dedc
A_p018139,A,calibration,False,,40.0,508e5c25291174594660dc3d452ad28d5d5d6ce0ef7267aff8565fc50f96794e
A_p011163,A,calibration,False,,24.0,3958c3e01a446f992482dee776338ba1cc50526cd996333e3855473b943696fa
A_p014991,A,calibration,False,,38.0,0a85559aaded1e3c11d11ba58a15e2795a2a23828178b107db5b227dca52f94b
A_p007241,A,calibration,False,,46.0,89e7c2b9a9af885926f3e6fd797b529e8237a4d9f865e5d8b8699a06945c5c6e
A_p000905,A,calibration,False,,45.0,4db8f36bfcb564be9727fabe5230b19097ee3b2630207fb144df3f3752aac899
A_p017814,A,calibration,False,,47.0,a5f3fc7b7934bd995d662800854f3da2fc5b5ba13d93088877e33586d4a76562
A_p008416,A,calibration,False,,51.0,423f0ff850480c95fddd4bc8627c3ec900a00caa0664deca846c5399d982c104
A_p002036,A,calibration,False,,27.0,6301512201f4e0efd1a324f43d9977fa680d47f0f0072e4c02138789160dfb41
A_p015896,A,calibration,False,,20.0,62d480d49b7ddb3507acff0f0bfc481eeeb78328363be0ad4d3c3e2d9e5bcc23
A_p003617,A,calibration,False,,39.0,d879f1bf1aa9f52b80c5508c0654ab049fe489c1287ac883f0a1e5fa4445248f
A_p012413,A,calibration,False,,18.0,9f079f25e150df1af9ebe5a88ffa23ff101897b1dfbd31948433ff97d626fa79
A_p000453,A,calibration,False,,45.0,4fb61a5b25ebe30a9c7f31f2f96a1f49ce172ecde19fcc83d868a01bdbfde157
A_p015744,A,calibration,False,,36.0,1a9da66d7490d3582c712ea7c0683026fec2950a6783a00d83f0dcb315204166
A_p013124,A,calibration,True,69.0,72.0,73d46784669a2d91bfe658512fcf25bbe03b9ed48e8d41a1e0ab954e8ae8a51f
A_p019295,A,calibration,False,,33.0,5076e190710fa68868f2723b5bef87f813135fa602bfaef17f7fcd9706a397e2
A_p017962,A,calibration,False,,28.0,de7dfe01127819ab76d98cc126acae704958722e95038951a4d8d722850f0af1
A_p002106,A,calibration,False,,50.0,dc9850be56889bbce1f0fa4a2aed1e8f400e611d668d38998187c7db5fcaa957
A_p006396,A,calibration,False,,45.0,6189bb180ffcd50dc8396a2a9b9ff2fd502074a8479b30521a974da08643f6c4
A_p009767,A,calibration,False,,43.0,0882de2012d623685f3f603ad996ac05b7a45b633b9f0ba662e20b00e9a80480
A_p003019,A,calibration,False,,25.0,a16d2261a6c364a0ddb7b7495d34ec82c698169a1cb58797f6f4c184e5706785
A_p003910,A,calibration,False,,29.0,dc63d19b7cb1977ed773d778eeae6e47393da85383e64c8cdf1736ae2bfeb080
A_p014770,A,calibration,False,,14.0,266c3ff6df674268afaa89270fc20b6405b26ad59e8259bc4a39325cd202dcd3
A_p012008,A,calibration,False,,33.0,7d4d8d175f060d138ea045fcb2d37d842cc5189675a830efddbb37390484a8d6
A_p012606,A,calibration,False,,25.0,087c70a1d3a6c039dccb34ee182629ccd92c4622f310d5e9440fb17d5e508969
A_p016353,A,calibration,False,,39.0,02a01b9e19f4d57ae9d691b938998c43490e9d41e3e89dd93c9ea898de4983c9
A_p011842,A,calibration,False,,37.0,5762868c741ea48966aed309ce479f15825a3e7624f49df48dbef4a749a91446
A_p000011,A,calibration,True,32.0,35.0,4303021a35d87a9b74db3590ad0061416a46b0fc2036627b7ae7bb1becbaae2e
A_p002984,A,calibration,False,,44.0,8ab75fffefcfda79f8a6976ed9e525c97195192c65d6fda43532f223b5b3f0f6
A_p015622,A,calibration,False,,25.0,e4a5c67979e9cf9b2ffc15306d354e90b267bf728d4fcef6005aba0230dcae4b
A_p012597,A,calibration,False,,23.0,de68eebd0022dd4e32db671e176ae281b99b984ad6a728ec3dc154d224628d3d
A_p002543,A,calibration,False,,40.0,70adb3baf1764748ccb80defe84469cc4504d1be6f1a9275a3288220ada3876b
A_p018624,A,calibration,False,,52.0,50fda3e953a384cf7a9452646a66b87fee96a9017282b8e0486c09d63f3c0752
A_p005001,A,calibration,False,,58.0,ee47df8440ef0ee4edc689b0ff8076a2d7411e43d77de7846026df0edc0b87f8
A_p002918,A,calibration,False,,10.0,5608bc80f815ec237c0e7a65abd944357bfa66d0a3dd5739f6d963dc391f0496
A_p007073,A,calibration,False,,57.0,b79b5fec826559fc4037754f6d4b1a8f2fc544c37f7b7e9f4cc1528fc01305c0
A_p005454,A,calibration,False,,42.0,d20b217b3ac49f5ae4e86fbdce479c99d91f7bca532fe9e509cb259303463c83
A_p010203,A,calibration,False,,29.0,60c3e0a1f381d332ebe939cc6f42d5a1bc6bdfa64545a79e48ea38ac4ccf3c8a
A_p000515,A,calibration,False,,50.0,2a6c1cd2e53d0bc1de5e9f7258d9099ef91a48c6981a8e6f8e1d56515cf7213c
A_p011363,A,calibration,False,,44.0,7aac3644fdec5780ecc2e1bd48deb70993b216365c11d7dec924c1dbb4dbea15
A_p003874,A,calibration,False,,36.0,fadf9cfca701d668a640833e465857bbdf20ec91209abc50b95541e6772b07fb
A_p016196,A,calibration,False,,55.0,3f5d2592936b01acf09c4700124feda7353838486375510f3cb3dbdcbfae2316
A_p015606,A,calibration,False,,15.0,8bbf88c3c844d3c4f1f6cbe5123aeb08bfe94f9e8c532064d2de5ac532a8fecb
A_p018208,A,calibration,False,,46.0,819bd89a6b356002d8674fb666fa58aa7c8b1646a904b5e6f6f15a71e25059cd
A_p012740,A,calibration,False,,41.0,9e65436b40c5c42c2a9ffb887e7e5371724f6947b417ee54543c188e997c1449
A_p016657,A,calibration,False,,35.0,8084bd18a3da432fbf8fab508ce7640704414b5db5cbf4f41d2135b837481e08
A_p014596,A,calibration,False,,36.0,0e42a305baa380214f23b2b6450f212d9ef4a00dc4d8f5174bad78f1a6d26162
A_p002836,A,calibration,False,,38.0,bfaec7f66dbe0f885e14031225f7b0a1395b33ab24fc634d4a3678572833e1a7
A_p009724,A,calibration,False,,36.0,e44e8f6c0f99599fab750cf58dd06bc34bb2a82c9629aebb3b3926d890a945f7
A_p002555,A,calibration,False,,41.0,79147af0e43c4131c58116e718b9a3e8a85e9e9a03684412a479347f15cc06e2
A_p013597,A,calibration,False,,59.0,f6bb0fccd4f7cb149c054b46ff023f6edca7bcd9b4241f2a5562663379731c91
A_p004673,A,calibration,False,,29.0,bae5f3d0e765603dfa05c083b3f2d0e43846986dabf84f31779eae427b0abf8f
A_p011263,A,calibration,False,,39.0,08371f0ce901c5984d5d4894b1cab44e1c72480629c2c350ed6de928f6ef8302
A_p017900,A,calibration,False,,22.0,53d3030f88ab57b273ee943f9ae326aab1a1dc7af78a2c87c123046c629eb419
A_p012456,A,calibration,False,,31.0,8214524b0c4a8728d7839844479d77fe3bc8533e462a8df0bcb0cd983558e68f
A_p008700,A,calibration,False,,25.0,fe3c9f49f02826be3cb3a049fa822c66aec7c3c0e44549199a9ebad91cf65381
A_p005162,A,calibration,False,,25.0,7b71866eadc2f0c25e5870e2a49d8ef1c55a23e9c5f65a189b3f4e05f11ff334
A_p015884,A,calibration,False,,24.0,1070ed7f1790f7501767a97e91d7ed8d6cd1ad43d7a447b03f204d90fb4eda9a
A_p013833,A,calibration,False,,41.0,875577dd5b52f47e239624366f11ecfa290acc56f80b1a54c7d029b05922a705
A_p015616,A,calibration,False,,45.0,81fa6656ccd13f6a16f2d1e82e0b112b97e46b6428a1b9fab6eddca3e72e5ecf
A_p018241,A,calibration,False,,49.0,1a33825454895d0b9602fd88312a46f161e20a321dd809dfb1fc72b448ce9ce2
A_p005455,A,calibration,False,,23.0,3218b4ece53d4bbe28109de15b0124ae3698e35795aa3c264df092d6107cd1ca
A_p003776,A,calibration,False,,20.0,f68c7ce0212bb53f5eb1389d4ce628d3e8bfded3dbe26936f54852da9cf47f15
A_p007228,A,calibration,False,,31.0,1f05b844aa484a9662ac0f873b75f721b2a754d8f2c8dab8aca076ae3fbd734c
A_p001082,A,calibration,False,,20.0,4ad53fcc18528b6d4ec012fc34fbaa4b575054942111d477a96935abfdf2d993
A_p015032,A,calibration,False,,41.0,2563e008219eadf6f421b97d4544a8359178662d0ce4dcd936e9bdfaa2098268
A_p011726,A,calibration,False,,36.0,5a88b32a6386f3e25d09ff8ca0cebf9d7ad31be82e0ab792f6b2b5bf380cbcb5
A_p000650,A,calibration,True,55.0,57.0,b92b607a51ba9aa8b15cce83b377ec90f82754f0d8df280bf8401d35dc5ab4bb
A_p015889,A,calibration,True,101.0,104.0,5b192051cf9c935523e23fc6ce8bb20521b20578c5566479b0031369a26718f9
A_p002274,A,calibration,False,,30.0,0510c281bb1b3d2dc71b42d0ecdb1fcbffaada45fd3457902cab8465d45b0675
A_p010909,A,calibration,False,,41.0,6a007fb73b3622c00be42d167bd64a90c888c88b2e96bd469d7a00d0a4e9a563
A_p002067,A,calibration,True,217.0,220.0,dde9fbbcea081d7a19c25dbdf07287bc61961e41eeb1ce39e4694e1874c20fc8
A_p001267,A,calibration,False,,19.0,9da22ff1f791483882a5305f12008bea00b04e026e2f39b9823deccc2a66c1a0
A_p009840,A,calibration,False,,45.0,a2f466686ee4a9aed0e7f33774618b1e54a5123f299d6aec78ef3cbffc88ef6b
A_p014653,A,calibration,False,,50.0,974821d1cd6f435bac4ed6e8f6402edfedd24cf2fd25d7e4acc1578f060db56f
A_p014104,A,calibration,False,,31.0,578ccd691a9f2c6e3c760d09bdd86c88b8e9a749c556af142ad7a872bd25047c
A_p002863,A,calibration,False,,49.0,fead18ad9806f8c3151723c2d7666d934277127fbf0effc1fc38167075b4227a
A_p013131,A,calibration,False,,52.0,846395de1d939d2b05e9d8c6995533ec8e3b4d59b1e022102174ec58b20d8ecb
A_p020577,A,calibration,False,,56.0,f94d18bf4d834192389bc132b4dbc5e25b1e45203a88048d3a994279c5f7b7cc
A_p002278,A,calibration,False,,37.0,c94921eaa472cd11af00582350ce5dc982699e0df14870a19388c4ec8dfffce9
A_p017555,A,calibration,False,,24.0,780bb0db4b2b8be9c14d0e27c7717e3a517f3057f468bf1ecf9da4b680dd97b7
A_p013843,A,calibration,False,,38.0,b46a112b280042e022e7dfae7cbcb034ebbd8a193ed04512cdbdf7e455be1c5e
A_p003325,A,calibration,True,58.0,60.0,e0b91405b6dfd061285eb648a4bc186fa6a7c3bb52255ebe520383eaab7f9faa
A_p019412,A,calibration,False,,17.0,04cfeeb8573d5573318074ab6470a57ad599e6e28b622ba6d03f59774abcb9c9
A_p014075,A,calibration,False,,41.0,686025c898aaa44270d1eaf5ec649b1ca897a629d7da6e3693ea3f72bc08f34b
A_p006858,A,calibration,False,,25.0,a072a5948328560654c8a50fa4f690b0465ad31e3ca05d29c94602a6c5828d03
A_p019294,A,calibration,False,,38.0,557d87ebcf34cd3bb7f80b8e6963104ea3deabcf409749c2bb5d74f21d915236
A_p018448,A,calibration,False,,39.0,048135b5a7cee396f1e10c0b39761a88407710436ab0a0271545f41626812893
A_p018228,A,calibration,False,,21.0,315a164ae8dbeb11709a1d93a3d02e39f49ae76a206ba8ef6beeda8842534498
A_p010580,A,calibration,True,15.0,18.0,ee454e3b3456f504d748e6ea0080817b91b032e03bd2abff6508d4600f7787c7
A_p005060,A,calibration,False,,38.0,0987f0ca3beb28ca0c49bb129012d8e12a70c5c3171fdbb2007a621851711536
A_p009934,A,calibration,False,,40.0,9f1188a9a3bfb3a0ca7d24778645053ff470559d67eab8e381245738e25645b1
A_p001859,A,calibration,False,,36.0,7176d631e453b213331643ea5d860ed700ebd2d4f653e3006d1b4dbc009b6d7e
A_p020643,A,calibration,True,33.0,35.0,10a3bb12571e835efb641a212cc9bc38d311728bbbe725efef383b359a33b2d9
A_p004397,A,calibration,False,,22.0,3fe160814bb5b38d3d8328b6c8d8b23725b33fe73b20acaa90137b76db67581e
A_p019821,A,calibration,False,,21.0,9a6357d7958b1b2817f6e96582a61c87be8ded17fab90719b90ec52ce0b8a1af
A_p006662,A,calibration,False,,48.0,303187df8ba39671eb0793abaec1c160cdd1e25fb9ee91428d770a6e38e030ee
A_p015037,A,calibration,False,,23.0,42f1f4c456e8a07e999db786e10c3cc7288dd95157dcb2c46d3316b979fda915
A_p013389,A,calibration,False,,27.0,b8c02da0293174506b0c11d1ae67738149830ed2080502d824235780174354d5
A_p015623,A,calibration,False,,23.0,0af56187f92f5dc7dd23a5ae6604b7ff349f6d4bec2cf0b45869a571dab3e644
A_p011450,A,calibration,False,,26.0,25231d8c25cf4bf9e667532d9e6c9b7cd01dc86016b54356db66e361bac7fa2c
A_p001106,A,calibration,False,,38.0,e79425a13681a60da757a4205b6d4458e03de90db30c3fd5008335553362b703
A_p001812,A,calibration,False,,41.0,b0f9260c9e63acf99e5b0a53ec85e31f8d7782ebefcb36395f651d7e9ccccb22
A_p001253,A,calibration,False,,53.0,48e211bc056981e23d1b8ddee15d4cf613d68f557fddf8204d7aa72f0b2b07d1
A_p013012,A,calibration,False,,38.0,2a5212d624eb4ae90dfe160da638d0b7477251a7bb8f1569d117d49598c3d295
A_p011412,A,calibration,False,,39.0,9a8bd340df254c639b658c34b699bbe6bf836044c57b1c251d8aa5d958fc409e
A_p011132,A,calibration,True,84.0,86.0,2a754b10aa88a922353381de3920f0516a12446e75f35b9f1561f0c212e638d1
A_p000866,A,calibration,False,,53.0,49eb34dd3a8d8a73f8d5504da17aac9ccb368d25ec82883118c5b27bde5e1d0e
A_p008429,A,calibration,False,,19.0,e9aaf7fc36e1ae5e11d09e7792e0f45fbe9d53973faabb951a1f3dc0d8801aee
A_p001424,A,calibration,False,,19.0,df64129b5b329e38f61ae88480c544209ff34475825efd0d458152c39aabcf5a
A_p012846,A,calibration,False,,13.0,a51bec612c8ab79cac1d50444e1513db2cea1b8287d5e8f22360f287fd83b74f
A_p012176,A,calibration,False,,25.0,97ba52ffb67105e1dc8dba537fe29828c54252be557822fd9f8402d66cbe0782
A_p015654,A,calibration,False,,51.0,e400e7a7f402e18d403fa00efa6245f92e0819bc8a6b5bc139c67beccaf1b183
A_p017032,A,calibration,False,,56.0,6009a51352fedeaa7b5b94f470f3f6afc974f3b5bd8ae2b843aa127d8dea38cf
A_p002438,A,calibration,False,,39.0,e76148d9ddf15f686355e742ac138d584cadcd540b2c2eb706f04883cdd93e19
A_p015713,A,calibration,False,,46.0,81dcf28098ee17c7d7f9272763222a6c3724d9b50b31fabe7fd60eebd950f776
A_p013202,A,calibration,False,,43.0,54984a9556ef62b606ec18c0dc9ea80e126d5c19b7818f14c8ce88078dd6b2ff
A_p014785,A,calibration,False,,57.0,dd6705e19b41fc98dc6c08f50c590937366258c55380979020c995bbe409447a
A_p015052,A,calibration,False,,49.0,6628712f31366c77405deb40f23b10d282036551441b36700707b5c77829a145
A_p012918,A,calibration,False,,18.0,4a92f0ca23f68e71238442e09f5daed176bd1237d21895d07356d8ab95ca73d7
A_p018962,A,calibration,False,,27.0,29df770f2ce2607fd45a1176c2053bb2627f663d85669591803d872f8af7c749
A_p006908,A,calibration,False,,43.0,541647397bca6e6c1a3d06fee5787e36c41348b6821be315e77fb3efc355c08b
A_p001512,A,calibration,False,,48.0,e40eaef9d67316cf7a1d50356d0a601ecbc011fc36e338d3081fa76a536ba894
A_p010760,A,calibration,False,,43.0,d4e5a812f5d1cb521261c31ae952e232cc4b1a4c268de9c97547894e9aec543e
A_p001953,A,calibration,False,,49.0,9cc535715bd9cce9f9aedf41419a5f8c022dcf8ab0d4a65edbf1aa2c2ae0bfb3
A_p003394,A,calibration,False,,45.0,3ec2060a66df39d3c516b69c43e23f633751e36a1453d75f0e97eb274804e655
A_p020575,A,calibration,True,124.0,126.0,2c6a744f4e4bccb1e67c5ee1bd63a43b95a77de285e025af91155b113b2718c6
A_p008855,A,calibration,False,,22.0,c621555e4ab0d9f1e56a57ac15cd7ad1ddd677490400119b40be1664b1bf4f68
A_p008859,A,calibration,False,,56.0,24c8e43a47d2fbdd2916f7ce336298a95a78f0d4e5d7de1948f55c35ae999e62
A_p015107,A,calibration,False,,34.0,529fd58857c505806f61ac4366bec052ea2edc3821498e4a24f2233be273adb4
A_p005733,A,calibration,False,,38.0,0c5dc2679e092c22a355973a61af9a15216fe6eac7424a5c9a99be46a9e928ca
A_p014511,A,calibration,False,,41.0,ae6ef7f7dbb2ea4672aaf6257b8b4f816a836dc5d4adca19d62f5a99cdac34b4
A_p009650,A,calibration,False,,23.0,1c78c41bf8d1aa054ae00c5e68655c702e9adaa8bca41a86d2fbd4a502e4a01b
A_p000703,A,calibration,False,,55.0,bff34afe3e14a315a4c83d5713965e48fd70c917f855d99b05eeb5b552296232
A_p018246,A,calibration,False,,42.0,10f81b322c7e02979e116420d3609fe6cb4760577135bdd51acce34f8526e295
A_p005546,A,calibration,False,,52.0,64373ed2bbf11f49760621a590bbd0a14e1c1d1654d6d55f60521fc55f528d08
A_p008876,A,calibration,False,,23.0,ad638e00d7278cd01651c29cc8744e7e4615c36c3611fd6073103317d9b26bf6
A_p005290,A,calibration,False,,44.0,b1c9cf1fb0f4ee0ca2a7ffc14a4774ebaf3d4a2d6d14111a7db5ee8d5558ecef
A_p009159,A,calibration,False,,25.0,4c5ffa06c0402bc71f4213e62d475eec939ce2a6c8684ccdd495f883cc5e0148
A_p000423,A,calibration,False,,56.0,dfb7bb81e155784d8d6f9aa7d52cd5f3ec7d91707778a3c6aad066a3552605c2
A_p010255,A,calibration,False,,29.0,a8cc068efea30de2ec8667b7d439c8cf9f462d1c4ae50523c3724df1c8411464
A_p011873,A,calibration,False,,28.0,8d53b7db1213b493c04467469a6813a852fcb41c747014cf80f9583a4b432a56
A_p005662,A,calibration,False,,14.0,1ed444c70d2cdbedb5928cdccf198ed7b296c7f43f49fcd6dc1726791a4839c3
A_p000351,A,calibration,False,,45.0,9c9200bcc869cbec3eb5ddd796510c126d16f7f0f4b5b0a5d757b32b10a7ade4
A_p006763,A,calibration,False,,40.0,7a5a5ec8685871eaaba84b45d52884867f9bcc5efee5f4faa87558b66d5b7426
A_p002134,A,calibration,False,,36.0,fd6df8d8775728facdd6a1163c87a58ab0fd4620d7d2643d42291394b88b1330
A_p002539,A,calibration,False,,23.0,07da3aa669ec201e3d79a6a5ca2693d95e762ef4b592e4c696e17f8f3273f58c
A_p013902,A,calibration,False,,41.0,455246ed35b78539a994d1ef6eb90e2dfac8afd86ae4b7b54a648105e871eac3
A_p020595,A,calibration,False,,42.0,ef831fffad62f08e559304ccc068a05e94dcfae3a4d7dd7427e43a9dbbb31898
A_p019934,A,calibration,False,,45.0,bd1feea2d698cb4e240e94faf6f3f1468bc337bf3a67b9e382f6834bce3ed926
A_p019042,A,calibration,False,,41.0,18b208eb4513751e1cd655b05332e4d7dc1a272b68f551a7e5b20e7d5b71bf04
A_p019410,A,calibration,False,,38.0,678f184cdcc565c7425d7841eb445c3dcd042787aac6d2ca78fe7737b8b1343e
A_p010348,A,calibration,False,,28.0,b8ccbfad4eaa4a860b80fee86415193c3057e97a2400ba0eaa41aa117d047d81
A_p015755,A,calibration,False,,27.0,17170364d4fc2a25310c87dac7eff7290f505af59922a7524fc91e8f8a351289
A_p009124,A,calibration,False,,47.0,c5789b0ca31bba22d7be289d8603b0776502c3379291b43a4ee7d5a2973e22e6
A_p004026,A,calibration,False,,49.0,476eba24c512ea8a5b11348cb452398a091317e4f67123bbc79f7c418b83acf9
A_p006393,A,calibration,False,,24.0,99c84529ac7dc04d6b6f35de22dae0e6a7ca66026902e293416dd38830d41725
A_p018759,A,calibration,False,,39.0,84bd7f8d391d33accc56bbf322a8612a0287a2b69ca40c85d8268789c6c66e81
A_p010707,A,calibration,False,,44.0,8de3e7a9bf483108b4036de928036a352bce3a597ac781043d34cc76c10f506d
A_p009046,A,calibration,False,,48.0,db4ef6daf7231dc1fd616598c4ebf3b7b4c593d29a04303c84e52c30f3738468
A_p001294,A,calibration,False,,42.0,0b08c8253af0ee74a79b090044c3b71f110641c82dc1020dab1daadf204151e4
A_p007563,A,calibration,False,,44.0,3191ca503970d155c8dd1d6f89fb20c4ee844533884d299397c4db5a4b46272c
A_p013929,A,calibration,False,,34.0,431c17bcd40f05fcbe3c3c306c0a9582ec1d361ec1fc064e4ce0ca153baad530
A_p007120,A,calibration,False,,36.0,d4c1c74ab16678dfc842d8d2d19f8f2bd5a5906626a6a339a936f57bfeee06b6
A_p019140,A,calibration,False,,29.0,cb41c7c3de14b8c3015f97a31df6c57f7afd193debf4823e7f2782ce24b759d0
A_p012734,A,calibration,False,,22.0,61cc36317cf2a2d7c5f29b8f8a475187d8c6632a0e715cb3a7c5b2924c74d275
A_p011811,A,calibration,False,,29.0,258bf091f9817d0249cf41aa80856569ff53cd0d30a09521fc0fbe1427535bff
A_p000802,A,calibration,False,,55.0,bd6bfe05ce50fd49a655d37b9228b35fb3e98d4e3bef42ad03fae8843d2d30e4
A_p016172,A,calibration,False,,59.0,1e1bb31090e24a0e701ddf1202e22751ccacd099918a08bff6871d2642a1b7a8
A_p001001,A,calibration,False,,48.0,3c75c33c99e273e2a62bdb2c6516c7b508adaa9856fdd69ece950fe5cc3fc99e
A_p005975,A,calibration,False,,23.0,ae695f7014a65c47186a1f49d09998b8025c8c12658c71c833f9fef02399d634
A_p001700,A,calibration,False,,42.0,816d40477fc89f556ff6f006a05d2273cc8b1ebff86c0007b37d38d611072eaa
A_p009725,A,calibration,False,,47.0,2cdf3eb0b81f94f8f20979fa47f833039dfcd3ba9aa1035c41518d6c65985c0d
A_p010060,A,calibration,False,,19.0,b9a9d0e9ad80f5def4dc38e39561fab9dde5013921ed0769c410734e4172d825
A_p004048,A,calibration,False,,37.0,c5db9d22fd37f669932b3f95a66d15435afadce85728ebacf4eb376b58b947db
A_p013116,A,calibration,False,,19.0,88fad76d86d09f3c406e2afd0c75e7cad370a7d70ad335a07b88b7675b97704f
A_p013805,A,calibration,False,,52.0,a05ecf6a81c7f37ad0f25c5de7f95e3cf9b9d555ffc1a702d59d7e84c58e3a3d
A_p002593,A,calibration,False,,35.0,473420ef41a8c81122047523ffa188991bed612cb599f6704a24465dd90eb043
A_p007094,A,calibration,False,,28.0,64da7aabd561124af3ec779b1a6cac83d9718a3b91b15666414059adec959a76
A_p000298,A,calibration,False,,42.0,1b3bf313373a79a6f1a7b33650c5f119fbf0db10ce23900298638269d5116a86
A_p018396,A,calibration,False,,45.0,c9c7308286aace0ea2c1b3ab9190ae7848f8ae98e5b4f4ee2162ac90fb9b995a
A_p002474,A,calibration,False,,38.0,8da62afe8a0632233d6417b23882003c29198ffbaf4d336458051c4f87276879
A_p000812,A,calibration,False,,55.0,bc83d5da1b451d5a21b1456baefeed26a61ab80a6a68e38ba3bf41a2a39a9143
A_p001448,A,calibration,False,,14.0,9873a7df5dc6d8806baa69ac0a18d23ae0a990fc0906f15fa2d971b2b1e4392a
A_p016518,A,calibration,True,243.0,245.0,74381f702bbe4c2685a0d7aa0fd891e0dd952ae6b4c2f2a4e3568bd23fa7ec33
A_p000408,A,calibration,False,,48.0,53ce4bf9bc66e15dda8772b613c2d1dbf796c25b62eeaf1e4a49398e38494694
A_p014998,A,calibration,False,,54.0,64e4019760e08f87a6e2fe2536fe04882d5121215aaab86a69eb9134c5a164e4
A_p014902,A,calibration,False,,15.0,6313b0439a6238f65d7ea63f8b1e49b1e7f21b909d477d499f95421cce558944
A_p012012,A,calibration,False,,25.0,6221484c3dc1c4d814e81da2839120c1aa2d0eb589eaad544413e68e1e9f88e9
A_p004816,A,calibration,False,,21.0,37c4fa284b3a46a17edd2812042dcf071b7d564687542f51ed04105940b7d79c
A_p000685,A,calibration,False,,29.0,d1dcc4ecd26abf740387215796f9347ad74d0bc3de6105f42ae5603bd008045d
A_p010546,A,calibration,False,,49.0,b38cd4d8793c4adfd032d8095f87205ac803266e1deb089cb90e7a60f1ebfd5c
A_p011531,A,calibration,False,,58.0,b12f770f3ddcf0f794a4817a778817fcb25cf01e0d0a40a32bb0f2afcd6c6fc6
A_p002802,A,calibration,False,,27.0,a1585213ffec209994ecf74588e7c867f6cb0e98c8d0e6f0ca907c05bb40489e
A_p001807,A,calibration,False,,48.0,2ed817380482d806cd05561cd68ce0b928e2cefcfd9e5ad2f176c7bb556add7b
A_p012838,A,calibration,False,,50.0,e15671176336e0dbcd9b45e47d419f05377acf6dd4055a20ea956ac3bf5d9aa5
A_p017640,A,calibration,False,,30.0,4e7bd5073dc1fffb8c8d771afb3fe9d892020d87bce4d67bb9fb4c78c6837314
A_p002970,A,calibration,False,,30.0,b1df373e2e183bf3f7663f8edde87e1ff2af136cb4007cf005e6779a7a6964b8
A_p017418,A,calibration,False,,19.0,27dbd78e4c0f3bf5079bcbb7235164ddd734ea5a19ff574b235f573a846fb2ab
A_p001650,A,calibration,False,,24.0,8e79cfbacae0c9f55e6058b190642da0a928b88439b70adf14750188d134a8ef
A_p013060,A,calibration,False,,41.0,36f5d760668a898641b8e156b2e8410255fcd5490414ff1208c249b097890346
A_p009062,A,calibration,False,,18.0,3f50b208324a894af540eca32a441d4a3ef5c9ebff900d10d8504ae10e5a7059
A_p003322,A,calibration,False,,51.0,01bc4cf3a136b2164b52d90e608e1b5088122238eb88fc2968a5d056e24fefed
A_p017183,A,calibration,False,,35.0,755ca7ab3470ede3297ea3d71287446d0293e400fa3adba977094d7e5f4b9575
A_p014569,A,calibration,False,,28.0,4d7e0232de01ea0afcb06d832d462e29ab2e6bb9b762b4a143c613e9d8c94cd8
A_p016137,A,calibration,True,14.0,17.0,eec1262b2a0021984eb2c73aabb6c749f54390b6effcc5ecbe1408b3a574fcde
A_p009478,A,calibration,False,,44.0,b07d2246df4d824e210801de1742443f9070e73d7a222bc09f95ec011d7f0f0d
A_p007763,A,calibration,False,,40.0,52fc17d98ce74d416cc8dc6c46293c04330d451bfcc06694fd79e24aa0ace406
A_p013879,A,calibration,False,,20.0,575c703dbdbd06d87dfe2095e639e7781da0b8c226a6ca7826ea92f00e06879a
A_p018922,A,calibration,False,,49.0,d6202cb471d16953e7a170456f6ae935dabd7333effa9bd4b13f2040183e9596
A_p000932,A,calibration,False,,52.0,985df867be8ff021e6b4dbbaf22a3989bae2397c2793da5d4652173fbdc38f11
A_p006783,A,calibration,False,,37.0,2578f802244de1b2a77d2792d2bddf3143aa94c9e5d3cff365b456ecf6b77baf
A_p002076,A,calibration,False,,44.0,1ccf3abfbff7b77d48d61cb55f58dfcfff132b539e3384aabfcda902b226e3cc
A_p006600,A,calibration,False,,47.0,cdc327dfae6a670da8e9e9b145264cf0f33d0f026f7769fdf35e1a84540c4d16
A_p003897,A,calibration,False,,59.0,ad540a472e6fc4b4ea09659a2924084e22913594c2cb3cc21f37e018dc386391
A_p017282,A,calibration,False,,29.0,5398969baba4b848699d337519aa99869c10e805641e6e9cf1f097e8e2a1ca55
A_p001760,A,calibration,False,,25.0,c5c188734c911d34e911b4abf4dde003127e050e6d44991b60072e2f790c5344
A_p015600,A,calibration,False,,18.0,00703a079deeaef526c791f91b14e5d2dadceedd80e70c4c2d1f978763726225
A_p014278,A,calibration,False,,47.0,ccc2483e8d1a5fc477ce4b63a97bf751a2f22cc1e3bca654b1e3783ff3b00a6d
A_p002718,A,calibration,False,,49.0,9804acf69cf2edeb301fa2c8b9d9120be7548b9a27b3af9fbe73154d997dbdce
A_p015303,A,calibration,False,,50.0,bce5278d3834b3e9872edb0caf34a38091caeed6b11635213acaf54bb4e7c215
A_p018083,A,calibration,False,,24.0,151f5544483205f250670dd72cf38fc2afe6e84bf739c34aae4be08986dab840
A_p006042,A,calibration,False,,28.0,c89f080c10f2de723b433e3413de19656de1f84eb62b1119fa7bf24f0c60562b
A_p003607,A,calibration,False,,27.0,bca319997a1885f0f5765f26768b69988c7681b0aa67330fac3799a2c5178716
A_p016263,A,calibration,False,,46.0,034964f847462fadeef2253bf3c7a3c37ae8beb514bfede6cb9fc1d38f9d29fa
A_p007299,A,calibration,False,,25.0,0308c330d88c6636c40bf36a768c4f4b40580bc9445dfb5115fc6ee533c671e3
A_p014491,A,calibration,False,,48.0,5fdb36997358ff8d7aca7f30efbc460f2e16c50af714455801d900903a3d9e31
A_p014174,A,calibration,False,,39.0,ad8ef4517f945c364feff2b6b7d21f1be4ec6ace83a224cfe6a0420c6ad3741f
A_p004689,A,calibration,True,238.0,240.0,9d593486a2763567154b1cf50d2238d9c3817a94feb1938ed01dea2c854bb040
A_p015095,A,calibration,False,,25.0,24f256c7cdce1476e00d62842dc1c593634c4b8a606d993f801a030d9ebf4423
A_p017761,A,calibration,False,,22.0,8984d122233a7adecdedcb654fc4273b4f1f924d2e18e7f0e3420d7c3a69d393
A_p001430,A,calibration,False,,24.0,2b3bb15abd10748e4d1c5146fd9f4a5d372a6cfb60447cbf3f7f097dd07a92e2
A_p003749,A,calibration,False,,26.0,6abec5267e01e8dfb50a86313210a4f06a39524a4617923d8dc530fb87a995b2
A_p003720,A,calibration,False,,20.0,1be73301c9caf88c6bc35a71a529e6703ccf74c68e4b61c705cbe402c3e5ec96
A_p007396,A,calibration,False,,20.0,6456cea919b6c08ac784a6cd0d74f9cf8a422d0f1b8ff2e58bd3938dfbcb4ff4
A_p014346,A,calibration,False,,42.0,a49ebbe7df26be65a7898083de20d57decb3254da3dfe8489c44e4da2a903c9a
A_p017930,A,calibration,False,,22.0,ee76cd9bc9d1906a9d8278944c6cfaedee39c827c0a1d57ac2dea031a429d843
A_p009108,A,calibration,False,,22.0,e327c6cf57edeac44b5211b84d3183789ce2826167f289a64d5931a6e5b276db
A_p001419,A,calibration,False,,44.0,5b18a49772a8750775ff5975092b25ab2bffa7aa9455cc95e46f04cc7777243e
A_p016884,A,calibration,False,,21.0,ce9318ac38d043272aff641ab42386bcfa2104b7ef97efa5ebdf33ad1ca654e6
A_p010611,A,calibration,False,,44.0,7e8b6b2be440bfcf37fbcfa2c3037031bf012ce5addcef9fef9d62f8501da3f9
A_p005685,A,calibration,False,,49.0,a6e7da9226a431058e6917c1dbd5c8e7b4f52b14cfbd1654220ef4c2f1fe703a
A_p000793,A,calibration,False,,50.0,77be6dba0f0bdbc4a8c4265ce2f46e6a7c2813f337e68163c465b3fd1dafb5d4
A_p008821,A,calibration,False,,23.0,f2f74d7a96c957365a54be15b78425574d4628f50f96b800111a1ff02f7c2aa2
A_p009188,A,evaluation,False,,37.0,dd55cb4057b562c47aa457b916373f53d2c4c8c8ea31d2f704b1627027e9c8e4
A_p017365,A,evaluation,False,,56.0,2202c3ba0b3c864c1a33471805f5ff97add8fd9e09528aabc2c5e4d5c191d393
A_p011573,A,evaluation,False,,41.0,6bf63dab241fcb3830768fbf1f28da6147361cdff3949c3f582e33cd0bf30f59
A_p002384,A,evaluation,False,,27.0,c0bb40a135d4cb43b7820ed97e90b1136fab3787b58607047eb75500fdd9363f
A_p004930,A,evaluation,False,,42.0,8cc75ddbea343341d2fe14aba0fd82c3f8af1181c3723a9703ce8073925a73ed
A_p014812,A,evaluation,False,,55.0,e71c2a27fb891ac49506693131993f735eaaef062eb09951b59082a3bdba9a56
A_p003725,A,evaluation,False,,37.0,ce7ab600d4bc6d7fae0027c852e8193989a3c89bdbc00cf5472666d73aef93f9
A_p006831,A,evaluation,False,,38.0,19772a10f3b1879614bf5c0f2c55d2585c3e95ae620afa55e28a27867e3473a8
A_p014947,A,evaluation,False,,42.0,2ce4fbb1bffaeb29cb19bbce870ba5d7d0f2e936bd6985c2f1b303489ea522e2
A_p013825,A,evaluation,False,,26.0,b96b9eefb78ecad22daa8485ed3b50da7d42da7b8c10be33883e00d66a16460c
A_p006193,A,evaluation,False,,26.0,7694288ef5f5de9838e353492a9264eedb860cb5306be3f8da7339e8e65c11cf
A_p017748,A,evaluation,False,,54.0,af16f3363e3bd438030583d377eb1815b2e0c0a4e798a8d540e4cf06536128e4
A_p017029,A,evaluation,False,,45.0,0d09eed82e77a35bee63c86be2077d182c50d05fa3aeb5589e1c2811be48980d
A_p017150,A,evaluation,False,,40.0,bf52783ca289e7ab1657541846d94939f24e3df1541b1b1824e3748142070637
A_p017763,A,evaluation,False,,42.0,8f6d9ba78aba29ad3390d336544341e10065bd303164d3464788ac154369e059
A_p018289,A,evaluation,True,17.0,20.0,dad03a1a8f33da26f85b04b50601b6a771266ddf76a86724eed05ed9d71c29aa
A_p004129,A,evaluation,False,,50.0,67e388ebf63fa94248bdfbbe177f9e6f1e166f6197f6fa214065f19a33b14f96
A_p006274,A,evaluation,False,,45.0,e8a29120698815ce26d25ba07994699ca6da7e7058f47be7c44748f7f01495c6
A_p009221,A,evaluation,False,,26.0,2ebd705c5f42df715434c6035491b8ba0b644d10e68da582ddc41d7ff3a1b2c3
A_p003918,A,evaluation,False,,27.0,666b9143050ab40ea4785b1e5593fb00dc540445428d0e5edfcaafcc9d035c78
A_p018060,A,evaluation,False,,39.0,6cb3fb0ef3e8b477a2cb99dece0d9bb54246b7d8a55437b67362caffefee15ba
A_p013679,A,evaluation,False,,34.0,5e84a6636ee6dc8cb8b5f64980b7cc49cb7c9177b0b72b6af58a3c8e0bc14f50
A_p018873,A,evaluation,False,,49.0,cf4a82e320379fd743b4695e42350d00608d19b61258fb0c75150a915d974769
A_p009969,A,evaluation,False,,40.0,0e161becec3e1b6000e223ac941ab56f141687250144b6e6db36497830aba422
A_p015996,A,evaluation,False,,53.0,f513757222a58a0ba7b435ec3e19086c49a6ce2cfe86d7119c7ae7032a3980c3
A_p017867,A,evaluation,True,102.0,105.0,76e8d54b92621c8042303b9979b24bf737d6f215ed5018e13bd85c1ac7a3a982
A_p007944,A,evaluation,False,,38.0,8fe4818d98fdcbf2d6fcc0f0bdffb40b545a71cba6df2a6cdeb189906727a797
A_p014013,A,evaluation,False,,46.0,dc86d0ee9f22939954853001f7ba7afc0d614ee6711bc5d6a775c0e5c17a3d73
A_p017782,A,evaluation,False,,22.0,fad9a8ce8627b3ba05a09d177bc67160c46b08dcb53d0ffbc1ec91666c27d113
A_p001007,A,evaluation,False,,41.0,6403318d2f090757d2650c0469285a079de2c79314c96d684f7f50c65df7971e
A_p011832,A,evaluation,False,,23.0,0f85c962b08aa32e8741a692bc3a92574e6802c03bc31541ff442c8221cf0e07
A_p009525,A,evaluation,False,,43.0,aa75b0f7ba3eff0fb5465238272392d9239f3e4ff60066a975329e4cdd852cb6
A_p006099,A,evaluation,False,,38.0,ecb6dff29a3134b656de196e1f58083f0f86498b0224cd2a8ebe73c41997ef00
A_p005118,A,evaluation,False,,39.0,34c1913e3186a010af4c57f82e9c0225a92a53ae1159e14ba9b0677dac7645df
A_p013148,A,evaluation,False,,15.0,8e54e0dfa793cb08d3662861dfd634278e5a718de8ca4cd5a83671ad23ded50a
A_p018863,A,evaluation,False,,18.0,7c75ca4439842f800e01deb9784d4aba001f4d729ec85b8d7822c5d8c74e4299
A_p007983,A,evaluation,False,,54.0,dab42d0cebf54a7c36c30bc50b35688e7804ca2bb7a92f6aa94310b4189378c0
A_p010442,A,evaluation,False,,45.0,4a2965fdaca85df7f6a034628297387d8e7e86845769870464070553227dd893
A_p018354,A,evaluation,False,,25.0,0f4d8e81facedd8efe149548425ccc4790a100f72a87e6c5993646277d44b47d
A_p010988,A,evaluation,False,,48.0,0e0c31de03460aeeeb30a3c30f8a83ad3d65e63c5348f109bca1add636fc2283
A_p007813,A,evaluation,False,,37.0,762bb6fcc3d755c02c7b5eefde702f26498f41759a1d8f88bb226219c90f8e01
A_p017550,A,evaluation,False,,22.0,67e0af237fb830801d102ef64f239c105418ac3b106a312687debc66a0093ca7
A_p007471,A,evaluation,False,,46.0,95a5777e50ed920c168e743bcbd8e00e54017c5ae7dbcbb4064cc94961c523f3
A_p001927,A,evaluation,False,,54.0,1470875a536e906e68f41f2857e9eef9ae4165537b108a80a0076d9b94f774c7
A_p003024,A,evaluation,False,,49.0,7b36d59d691ee2808929700305379412490bcd198d499b207df38aa66706611d
A_p017109,A,evaluation,False,,29.0,ca5ac181a715027bf61b9e9fc7ba60d60512f11b0ac67f3ddebcaeb530c92599
A_p002664,A,evaluation,False,,24.0,a2feb67a45b91802cc1cf392fd124a0bd57548df95b74a9c1e279bc988901674
A_p001024,A,evaluation,False,,40.0,5ddaaa49858d1306438aeff5070199dfde470421da458deac64ad4fab55c596e
A_p009080,A,evaluation,False,,36.0,9566f1aa31c0b6df24cacd1c5b76de136696b7b5b9cf0ba69766ab71b4a5b3fd
A_p015020,A,evaluation,False,,48.0,ac6f640cd26baf416afad9764c4152d274b0fba58782c1d523a091e5035b5898
A_p017099,A,evaluation,False,,28.0,f9b9f20401d635cf11710928640f95311b80b4cd4fe8218f018959b5232eae72
A_p008010,A,evaluation,False,,41.0,7bffe11d8af672ff3f3fdfdc5f3b12a58ddd4fdc3a9cf82e9c14f32dd4ccb811
A_p013268,A,evaluation,False,,51.0,11ba752a1c0cdc395d771a037593baea7eb5129c97abf0dd620e7b634a2fd39f
A_p016240,A,evaluation,False,,19.0,587125ca234ba0309003c111c06357f72e4b16ce3d5f0acc77afd3e4fad1dd54
A_p005838,A,evaluation,False,,11.0,c849b4945d5431f00bc083d5184db29fe9c74358f322efffd584aa8812b46f7f
A_p014661,A,evaluation,False,,43.0,1453c6f43c3e3598acdc1f041d1f8dc10755b9f5e274685d0eea428f003cb43d
A_p016186,A,evaluation,False,,50.0,ad22b27c0a5fa297085fdc77bb20f8c1b6f4061fd9c21cb58d67a278048b6333
A_p015472,A,evaluation,False,,43.0,49aa8ffc634bdb9d2813e6d2de1231ca8251e9738db066bf848c8e3d7c2e7e10
A_p003474,A,evaluation,False,,52.0,e4b0d6ac2ab429e3709de91c5424457e877dbf8ef75f96996cc30bf3d0589d3e
A_p013025,A,evaluation,False,,50.0,ceccefd5989f494f4abcc924c7873d80d737b1197376990eaa21892a62437bc4
A_p013177,A,evaluation,False,,31.0,acd49bee00ee3fbd668ae48cd1b6854f2047fea0df6443562ad2ebfb7fb3ad3e
A_p011431,A,evaluation,False,,27.0,a33780368ed0815870a5ea0a35cd566ce5eb907064b7289cff45d9bcd75a9a81
A_p004735,A,evaluation,False,,14.0,2f247df972409c6c4e89bd2bbcf286e3710f454577d40ec8385c37a52c8ad15a
A_p016819,A,evaluation,False,,37.0,c5aa9edba67853acae1d2176dd0214784c926e9444f1a9a6946c7f254e58d205
A_p000432,A,evaluation,False,,37.0,362cf2dfc7c8db6340f28709400f03859481cdaadce3a2b822737db2c5bd0bc0
A_p006747,A,evaluation,False,,57.0,1a1f87659d797f140f9f1f469a0f173a44115153850747b3df4e3151fa3428a7
A_p014791,A,evaluation,False,,29.0,f6e323c4356d8f84e6c5a52a6c1fde2e46fe2b3afd13c92471185a6c34713740
A_p011556,A,evaluation,False,,36.0,602abc9b0bb8ff526760e103cec12e5421f118681513fe29218550261cd35264
A_p012430,A,evaluation,False,,57.0,892ab9a855f10523768930da40a7d3446e3fcbc2349eafb43470e257b37b7aec
A_p011139,A,evaluation,False,,20.0,27892dbfba90860aba2d3e89d116f29ff622987f4a3935643cf4fb0da7d0fd1e
A_p003923,A,evaluation,False,,25.0,b22678e9a4d2a84d231502b76fbf9d0e2ca33662ba1cf778efffdbbbc39d923c
A_p007157,A,evaluation,False,,58.0,8cede504b5b96de0d1bc84e0846d43e93569a45009c732820672638c7f978c85
A_p018216,A,evaluation,False,,29.0,94ea92e51c718b6f055b25444c757215f99e2fd88c6b3416b235f4990fcda5ef
A_p006423,A,evaluation,False,,23.0,f57de56bbae8447535a5e6c79d2726ca9f84450acaaf794d50ef6c8c618fef27
A_p012595,A,evaluation,False,,20.0,e2e1ba66de5c6faefd98289841c16c59681ae9b4c38d8dbf6ac757ef931e5e0d
A_p015284,A,evaluation,False,,56.0,fa7c63c782fec97c0205fe513c4933dda8cad559856cfa7dc78006d44e39c49c
A_p016399,A,evaluation,False,,36.0,dde6c1b1b00e711db1caf5e8e8acb2dc07f6893ca489aa64947329170691531f
A_p003815,A,evaluation,False,,37.0,04f2fe6cea9954843e46b314e65629dfd320fa493b35f52a728df2f1c9b2aa80
A_p003920,A,evaluation,True,79.0,82.0,ade5f788cecc39b8d6c4475ef75d620b672bec4040ad2d3d78b2790bebdaa15c
A_p018802,A,evaluation,False,,20.0,e69caa97f3566e3eca1ec1b58121bbda4f8d20ddef6f987fdce4472c48c0f4ed
A_p013354,A,evaluation,False,,52.0,b4f713f9164a34f3e3056b81a0acc73a0708aad23e93225d6d8f481256da7da6
A_p009524,A,evaluation,False,,17.0,cbbbf38623884fbde3a0776100e6a85d2751c37f4a190a28e7c94c266ee140ee
A_p018410,A,evaluation,False,,36.0,e15da4b3759535f3d1beff3f259ec508ad89e6ddd67ec5e9d561b224f6f43e09
A_p013339,A,evaluation,False,,40.0,1b870f22cb886a9d047f511c1b59386f0dc04911461f85edc8ef109855626028
A_p015583,A,evaluation,False,,45.0,4af7098cf99eda1312a8ce2c7648acb39470f95ff40921e574123eb24ade7241
A_p014292,A,evaluation,False,,49.0,b7fdc0d4376ec816e9ef91cb7e63217fd14022541be8fef5d44d532668f08bc0
A_p009491,A,evaluation,False,,55.0,9a6811ac041291415be48c9924c7bc34063701d782899eaf6bd2047f25ddc5ae
A_p016780,A,evaluation,False,,59.0,929df7c866798584010e264775e7749ea87679f9ffbab94bca60494454e93591
A_p013080,A,evaluation,False,,19.0,ec110e71e2dc2e2b1677b37d213abe8efed6d628ed2b5ca6e2dbab2308ac6729
A_p001983,A,evaluation,False,,23.0,f146365818770371648e2f541ca783d331acfdc37a23cc633d2e4092f24ea064
A_p005267,A,evaluation,False,,25.0,52d1fa10ebf1a213aff2475ed0ecc2ca12523928686e4627f331f91ee9d6deb1
A_p018839,A,evaluation,False,,31.0,a8be87bd852d2fa325530fdb98bdae5259fcbfeb879037434454a87e26d414b8
A_p007867,A,evaluation,False,,12.0,c7d406f3af3e404699973fc6221a0a2a2b4c67749a6ee5d7342acdd8d2471137
A_p006716,A,evaluation,False,,33.0,fed6adfa3ee10e48d3d450772e4dc24eeaa26808c139031b5a4766e747990ecc
A_p007942,A,evaluation,False,,44.0,7449a7e5f3855a5b9d22c026ef924a4b164913d9d6728e166242fe96420d0613
A_p015110,A,evaluation,False,,20.0,8a3fc98c195d841070a23f5eb92273c5510867b3df7f27c04d273a2b46d7718c
A_p016546,A,evaluation,False,,26.0,41f3f2226c40a667f0499d33eb6cd664589bd9eab5b9e61e0f8cec8a350f4150
A_p002711,A,evaluation,False,,46.0,371de18905d4c3d5f0e3fae6d3ac94b43a4275b0cc1eb74beb48a3352f15811b
A_p006001,A,evaluation,False,,41.0,9df800eb58abde80c37c9395db35cedbec0a732f3c1c09decb57e02cbfbf061e
A_p000946,A,evaluation,False,,56.0,851bca36c8a67fb46a6ead68dc1ca16b470cc61ec7ae445bb4fd7aab5653849b
A_p014911,A,evaluation,False,,42.0,f33b779c8450aa672f52b77b3fd142d249cfc69f08fd8e206424f71d617a0047
A_p011789,A,evaluation,False,,13.0,6da40ed62966e34f320b9560506b82802adbdcb4df150667e62620ce490eb2cc
A_p017235,A,evaluation,False,,57.0,3bfee3fccbb561ae5073764e95ba4a914583885c9590be62152dcc0271288eb2
A_p006464,A,evaluation,False,,59.0,1b34d32dfd0b42c92638c686c398ba444d41daceb5a40fc0ab35814d3f383ba1
A_p003224,A,evaluation,False,,23.0,ad7594d5a1df806ab9617d8667794bee9537fdb7d23ec1a38432d4c5e3b89001
A_p004549,A,evaluation,False,,52.0,b8513155bbc2e8390eba81428ae4e5601e868094f7b2f7e066b23e7dd849b1c9
A_p002503,A,evaluation,False,,46.0,d940b92504178a78e3c0b6dbf8dbef5bf511fa0d3210011699cfe7d36db70f4a
A_p003035,A,evaluation,False,,18.0,28fd00ffddcd5f33e89bade8e64ec138835399f2ce15bf92f1dc616e0a56bc96
A_p018838,A,evaluation,False,,44.0,8144a4543abc0d88531efd9003fa2f7e6004c892f1d28ad07a917fd74fae5021
A_p000117,A,evaluation,False,,48.0,071eb516488188f2bb78d49a1eda43061c584ec5743066946f46923428138b2e
A_p017495,A,evaluation,False,,38.0,131ca32d68116ae4c59bea401e4f063279dd6cd380be36283bcbcf9eec874a5e
A_p007535,A,evaluation,False,,36.0,cb9bfa150fd96e97aa67246a18521a2bfdbfb748c934c943fd698349dfa4ecbc
A_p000224,A,evaluation,False,,39.0,4805f0b86a8d4ff6112b02f99b0287c3ef9c2e60a17945e8fe30315c66e65554
A_p007898,A,evaluation,False,,50.0,64c2fa26a263dcc3016437dad33d336db1b79f14ad9ecd6bed26618e8730f32b
A_p012483,A,evaluation,False,,20.0,801c539a50c10202e5f37eaf7cd722d7dd68b8517fded179176726a85fe5e6f4
A_p010492,A,evaluation,False,,38.0,5fb86f18bd78f014a83b5c8aee774fff0abacdcdaa329e2382b4b052ffc8f3ff
A_p017350,A,evaluation,False,,17.0,4f14c6d0674462f48e6b3368e69446db8bb2464371f97b53b38122bf4e33da47
A_p006501,A,evaluation,False,,38.0,a0ea43226ed2dbd7916c1289e3f448500b38e6482514bf53c292f1183ab6af5f
A_p003798,A,evaluation,False,,39.0,a9e2eacaf817b62cd146e868a0f62b1b588c51172c4c7b45da92a7e4e8a49b6d
A_p008339,A,evaluation,False,,46.0,086e061cd1f294b59b2a0a35769afa13053b4e0c5b0f03f3002502d62e59c601
A_p007962,A,evaluation,False,,52.0,a07a38df2f189e4461062f36dfe9747d61db61e81199990f42faaddf827d3890
A_p008810,A,evaluation,False,,47.0,b7d8c03290aadfe88f1b3600d5c3721920b8cecdb18d2041648984f24eed425f
A_p000004,A,evaluation,False,,29.0,0110a34c85fcd6749d3acc7382e4f0f9f0408ccaded4450f68e1cd674e07e4a6
A_p010884,A,evaluation,False,,40.0,1d81e3ae3843a080d339e6cb411939eadd8ad578336e4af2e9c52ec5adbbd3ef
A_p017704,A,evaluation,False,,39.0,c71ccd4ce97b6e51bea27a9bd7330d901225d6244103364cabd795960ba00bef
A_p007734,A,evaluation,False,,41.0,2217633b87cbe98b5e3f0c8bfd5d5208a5d4864a86960fc6b43639743e221c59
A_p017207,A,evaluation,False,,46.0,8722d3dfb27a24783602f962368a8aa0decdaa4ede07f8566e99f9be92c18d88
A_p009285,A,evaluation,False,,27.0,7e7806e249fec6e0839ccaea97aad0df5d1705270e0af51bddc44a50ddeaa16d
A_p017092,A,evaluation,False,,43.0,596989cc033c1f5558fe38903551c138fd6d8a1d0f8ed97a001453df72ad6fe7
A_p004128,A,evaluation,False,,51.0,493cb26ff62a7e93aa15b492924502ba24b8f6d4e470f2c080d86ef572738cb5
A_p014349,A,evaluation,False,,41.0,ea7fbc239d36cefcb6044d2d6ceb7d3924c3f0c8e1fb8c5e546175cbd922d31b
A_p016576,A,evaluation,False,,52.0,9c2e1b4eaec6136917ee5d2cea3cbc0e2d0998978d76534a81ed3ec01a7629a1
A_p002661,A,evaluation,False,,38.0,d054ec851c446dc8a8fac8978aca4335b442e174d45470354b1041a9a0401927
A_p007705,A,evaluation,False,,39.0,5237928c6dd2f9f8fe8909f12950207b408a29891d5b81b5e695101faedb272e
A_p001879,A,evaluation,False,,28.0,578e2e40c91c13c89a6379b17df0d2f42083a5db1c9d7c376e69465351afbfa4
A_p005114,A,evaluation,False,,13.0,e303973b3cc965f5713e28f17b8b843408c5db66185bc3d3fbc80bc8360f0d97
A_p010649,A,evaluation,False,,36.0,3365b3e5a8b16b4897cea8db69b835a7557ed919bfb72782c1433d02e5057fd9
A_p010657,A,evaluation,False,,49.0,0c4fd7feadc549a7307b075ba3e945bca0e91a0e748c814a5b57b4bf8ab1dd4e
A_p016904,A,evaluation,False,,55.0,be284eaac6551210f42777c8254337c3c84e0e6098446bd538c03adedc2a4523
A_p011100,A,evaluation,False,,37.0,09012ce37e5ab229ce970d17a1af6385783db24a2167983955cc41136d84f53f
A_p003770,A,evaluation,False,,52.0,7dd89312bc87da33cae2226aa06c6bc53997c404a2c6540fec80bde0fc41a55f
A_p003814,A,evaluation,False,,59.0,0a91ab5a3c5e9581b3b777be1ac4027ee94747fc664972d33d90cfd3a5c5d677
A_p020460,A,evaluation,False,,11.0,8cef9605def727d6c1e7c9435944fa8fe546477055681a0af073cfd4da03f831
A_p020546,A,evaluation,False,,54.0,85711fe2f6e36f39f486bc1c97dc84f27e5e2c2ba75525019f8b635396dac17c
A_p005473,A,evaluation,False,,37.0,2dfa28bcf90dcb0695d941999f1dc05705b642ff3a9800c2d2f038ef06e5315f
A_p010505,A,evaluation,False,,45.0,4df7e0a7f5183f9cba5669289c8e1b9ee714e237eb9a912256dfe074e18e1077
A_p019392,A,evaluation,False,,36.0,8de4b4e6c52027f6f2613e452166a5355a54e773be48b2210532bedfb35dd29f
A_p014817,A,evaluation,False,,27.0,a10dbd0d9f435b0218db194e6556400ce00630562883047667ed275fc7ef37e7
A_p013035,A,evaluation,True,152.0,155.0,bfb2be6fff64ae2275a9fef2a06923c25bd1b7bf08b71ae842a6434d895e91c8
A_p015986,A,evaluation,False,,33.0,ffa6f5326aa5f6db71d751db3d4ff9f436a7c92455aef576016517f3e68ff167
A_p014230,A,evaluation,False,,50.0,d42119a0abb7f6832eca1cafe8a76704859cb02e78a39e16958fd1c1c4ab8a1d
A_p002817,A,evaluation,False,,38.0,5050a316f5163b5c04703e4d06f05f5b6c3cb67a327c716dec4afb9ed0330178
A_p013358,A,evaluation,False,,53.0,551e78cf4b7d7ad09a6df897faec813371a6d915a393107fb808e569a000a458
A_p014882,A,evaluation,True,15.0,18.0,0cdfd83b7250c5ed424aafe066fa66cb7e01c22dbfc626adefac027e32c8f597
A_p008144,A,evaluation,False,,51.0,cdf53701797cff7906365a2df1d068d4b8fc1bf5ca32be347b2c5ced931019c6
A_p011959,A,evaluation,False,,48.0,ecccf681377b8327311bdb0ce90eb4c638e2039d9715302ef9d3b761d236ebeb
A_p017073,A,evaluation,False,,49.0,248efef48ab4e514ff880af254dedf95049deaed9e197d129d80c89e5353019f
A_p002975,A,evaluation,False,,36.0,4d33e871f2740d047f053da3a8efd237e7bc9dbc4b82c5d149033feef3838642
A_p007398,A,evaluation,False,,19.0,61605fd603f17c8819b385ef3591e3cdc714d8aaeb8829d15bf9db48a656f3c2
A_p004151,A,evaluation,False,,26.0,de1cef55f869686cb244f32b3ea05d8ab997ea8afc4a663ffdc2e8232197faf3
A_p001608,A,evaluation,False,,17.0,3638f14d52d4c84a7077284f0a24b0bef1206ee662160c2a1b1f00df3befcc19
A_p005184,A,evaluation,False,,27.0,7268db58424dacaa68a8897ca1c1a22c538433f05170c3e47d03c77f432f8875
A_p000079,A,evaluation,False,,42.0,ccd02adf69134c0c7e9058041935d44912289c0f4be126fcbdd9bf4966b78a44
A_p012094,A,evaluation,False,,28.0,42aba797830a40de96b6f94f9fa19f384c327fe6a96ba4a9492f0c0b7960e188
A_p002264,A,evaluation,False,,48.0,741bfab7b70543777d7cffd3aabed838e19ea4d2e6263f93f9210e79e9d3d366
A_p007936,A,evaluation,False,,23.0,62e7c64256a246c196e245b7f7f6fdd271eaa3fc3fda9cb927c22e6e41f66ab8
A_p003635,A,evaluation,False,,40.0,96c2a9243745f4e34602f4d2e2521bace2b4e2ee48418d197d80f0df4ac2e4e3
A_p017097,A,evaluation,False,,41.0,c02551fde249f171ee27b2d37c279cad1295cde6cc91706fcdc7be1192cbf602
A_p002680,A,evaluation,False,,44.0,73dd74d81d4979af32167be0c97904d3c52a93afe3b55da5bb5d2c625a536b76
A_p015886,A,evaluation,False,,47.0,188adb8c0aec74581ee36b604baaea9364ede55f2ba1f41533278868b2b3611d
A_p006021,A,evaluation,False,,30.0,8c5375f6c167b0368fe03090ff1bacbc4df3a613debda3ebccd80bb953c00b00
A_p009243,A,evaluation,False,,46.0,7c0ec8a3a541ec85c825d6944ee1702167a6d92e1408088aaeed7a89fc04577a
A_p003049,A,evaluation,False,,9.0,707d806b138449cd01a84fa4d73e460872ef30e6a09616e1951d6379510ad9f1
A_p009312,A,evaluation,False,,21.0,90b7c01f0e925a8fa825f2064a0886ae41a8c120d9eb7bd05ce95db27f733496
A_p006353,A,evaluation,False,,48.0,cd1b23164f06570481dcbfaf8de00c1791ebf4b19f8fc1b3aa7b6e0d6941a047
A_p002121,A,evaluation,False,,57.0,ce13a58bd74f5ccdb6d5a595162015463b5c0f7726655ff3eee902d9cabdfc18
A_p002787,A,evaluation,False,,41.0,fdf859bcc06202d84d84ac470cb8a37755400a0241a1c7f1d07bf7f0306dfdca
A_p019286,A,evaluation,False,,31.0,b8073101511fc12696b26d41eabb36dda2ff8f6a86741d5e58324b57b8d6c365
A_p019386,A,evaluation,False,,47.0,9b7ad54899b3c8689d564964a8cb3e363a493d6d34cb9227a866aa93d47228ca
A_p010283,A,evaluation,False,,39.0,81b0a1e7b38cf108613f810b0a22c4fc07cb1e6e695fe9fd98bb4808eb3dc6e1
A_p008904,A,evaluation,False,,27.0,e3fef5f616ea4de1412f4adb6dcd1cbaddbf5bb4f2955215fd5e9665cafef719
A_p005811,A,evaluation,False,,22.0,d78824903a47d0baa57a737704414c953d3ff196510e59e96e17536073f841ee
A_p012181,A,evaluation,False,,58.0,a060a6c98190f9a38213611ec1cb6d16b064137767794330be5511ff5a8b3f64
A_p013373,A,evaluation,False,,27.0,05b1854406209bf9f586f6bc51b1f662f2481fe107d3dff7b47d03ca70cf0518
A_p004304,A,evaluation,False,,39.0,b5a0d3e803faa119a2567099f776d36048b00103f17257725d9ee0a7d37b9a5f
A_p005926,A,evaluation,False,,25.0,4810f24b8cb5f182029e36002462f057c31601274ac261d50acdbade27fc8eb9
A_p004410,A,evaluation,False,,59.0,e7da046396816a2869a75f22959a2fb68dd6becbd13e9138247be3bbdade0526
A_p015809,A,evaluation,True,19.0,22.0,96d62f4765d1a05cba63b4c517e711adcb8a23723d4abcdb1ca92f03953159f9
A_p001090,A,evaluation,False,,51.0,5fc428ef5db747e9186213a5e9103ebca559bdffeadb0d3d551f80aefbaba31e
A_p018773,A,evaluation,False,,41.0,fad5826dbac431ae6cf37ca7a00301dabd4f0e76adffbe9422000a199a06232f
A_p010389,A,evaluation,True,130.0,133.0,1919f22c10735bcab26a751ac57846ed6d9e7459becabb46abba64886d606d64
A_p014283,A,evaluation,False,,59.0,c0378a3a921ee392b914ffedb0fa11536b397215e4a884ebca84dd1610fc5468
A_p017352,A,evaluation,False,,24.0,090a16ae73bcfdde5a030e1e9268500d798daa1cd48090c358bf9efeb63e9060
A_p007055,A,evaluation,False,,57.0,4d07433de4858b61c829d343c6c2eddb6f6a619856175fe6dade2d8fb91e85b2
A_p016259,A,evaluation,False,,37.0,5d9b5ff3488ba9ae85039fd1a047b86205f3b43ba3b8ad29d7d54f3adbda05cc
A_p017296,A,evaluation,False,,51.0,fc4cc7e358c1a246d8d5dc144bcc3e063eaab4f2e08a89cb03c81649c239434d
A_p012649,A,evaluation,False,,36.0,c8298646c725a9956f6c562350946a31a353857c8413b70acbe7b50e4eb59361
A_p018924,A,evaluation,False,,29.0,e058fa7328381b39106ebd0af39cb129bd7edd99cb6f279aa03b867fb764aeb2
A_p017387,A,evaluation,False,,45.0,37f69846b799b135d57f09cebebd2b6b7e2ee58ba0cbe0bc3810517fcf2f5ef7
A_p010010,A,evaluation,False,,27.0,dbdd4084044ecd5373e3b1558d6b26310f0facf29128ca4db1013df3839ee1ab
A_p011528,A,evaluation,False,,42.0,ac8d1144d3aa3c4a88a28c2669c6b21063d4d41149475d3de37f31232a7c80fa
A_p017664,A,evaluation,False,,42.0,77c6801aa71c89c080195a49ba8a7a8927716c6a6e92044dc42f039e9a81d7e6
A_p019623,A,evaluation,False,,59.0,1cae78e5c255560c51e8c6df5093681ecb806b2487f53abca96a7ffa79895425
A_p006809,A,evaluation,False,,47.0,ff9aed60f0a26da9bad801a535a7ba08cdd2434a60a914e20d02d45c738c6792
A_p008637,A,evaluation,False,,55.0,58d19b6747c5e88f07de9d2cce76fa3e1f8eb5620b0de50446c7eaafc7758ad4
A_p013555,A,evaluation,False,,22.0,c673c734461bd817c3fc0ee2b36266ef109773870dad2262a470892e7be770c1
A_p007591,A,evaluation,False,,43.0,8cf3b6eb345f61f721d694dc2c9944da3c23fe4bf82de47e30a0170810d9d5cf
A_p011418,A,evaluation,False,,23.0,afabdf8d360e1edb725cf1515423c37496b9b8716e80d9ceaa1dea3668ae3d20
A_p007672,A,evaluation,False,,42.0,0f20474e8a9e75ede5be50bdb924abd53851a5824c93b0ef5dd36c03ab290632
A_p002752,A,evaluation,False,,51.0,c5bb002a34e7f767253e48c84e4cb414a57a5a701fc07af49b5d739f69279e11
A_p001567,A,evaluation,False,,41.0,396da246109381f414129e3da8528ff7f70b75751ceecdfda63fbe0946606213
A_p002125,A,evaluation,True,88.0,90.0,206922e8a530529a62789892c30e2d8721bf6904d8d963052189a6861a4b30b2
A_p013621,A,evaluation,False,,55.0,24adaece4da9f1c1dc90ec55f410ad27808e0376cd0f8b77ddff127823608311
A_p001487,A,evaluation,False,,28.0,84f64c4b48c0339e7d8e501d637101a66f4684586ae269cbd0b30f236eb89483
A_p019754,A,evaluation,False,,23.0,2195476a1b5ba97f37620aecf0e2e2783a5dce2f21af7c8737e8db313bdff6bf
A_p011607,A,evaluation,True,32.0,34.0,16d6114c2cea2722e2c882542d40fcd28fc5d18e9c57bed1fd6bd5ed2c12b111
A_p016463,A,evaluation,False,,41.0,e02399a8b16e346f5571b38eca4186640ee67779947a64b1f5d16c1a7498abf9
A_p015531,A,evaluation,False,,21.0,df319b27dd0e201a2e97635798abba37402cf37ed10920bcadc1d43bffe1e75c
A_p013048,A,evaluation,False,,36.0,4d8b5b8d6431636109cc53ffa8229b4e434ca84207eeabc22fea65b7ec501d96
A_p009034,A,evaluation,False,,40.0,86e96d6a8ff0ac2fb5ed2cdcd73f4924d734e08a409fa659173b5350045b9323
A_p007434,A,evaluation,False,,26.0,8ba50539276eef0a11e6eea2809ca962c90c98446e8edb60ba47f462dc7d221a
A_p012270,A,evaluation,False,,42.0,b2ce94acb107665da0ee2c8d9d4b2ff360139b0c15de65fd5c59f76ab285e351
A_p017253,A,evaluation,False,,37.0,71d704ba9a1e286222c8b200ae18bcd6dcb2e518b4829d044c8049fff5e96153
A_p006506,A,evaluation,False,,41.0,6d2e49b6404f497373b0b71714c048eeea392f43491e8d7a87df2e9a3f4fbd0d
A_p014307,A,evaluation,False,,54.0,2c67d3e75d990c314dd88b1cff1645d0ebc3f2927632d717aa6431da34a994ee
A_p014875,A,evaluation,False,,28.0,885e64ef81d0a0f0932b7c1b6ba0b5ad91a645e660b8b9d0824e868fabde39f3
A_p001040,A,evaluation,True,213.0,216.0,729fdff2035354e3f394ead59b5e78c482c96a882b4d7f7f5eb3cb20d503f3fd
A_p019235,A,evaluation,False,,20.0,2d096dd9fb6eac4c093540d58c91acd0c7d71067e22529e8b1db0fa8e2d2db4c
A_p018941,A,evaluation,True,22.0,25.0,1d41cf85a0a5ff83d1dc68fc5294d2ecf7e086575c8a9714298b01c9bd7e3d6b
A_p013876,A,evaluation,False,,54.0,c8e9295acd4a62339d4be3198783b451beeb979c2048bad4f2603ac932171b54
A_p006741,A,evaluation,False,,43.0,31e89ce80feddfe072e48295bd3b106b1eb45b5cf6aab0816ee54a80a61b6a6f
A_p017660,A,evaluation,False,,45.0,cee1dd28058d157f40d2c87cf9b64fe2a1fdaa8423c58df6a1217766a4977cf3
A_p017003,A,evaluation,False,,54.0,879c077a934534ab20bb030e618ad44f2b7e6091225bad2de2f5a23509135fa8
A_p018610,A,evaluation,False,,43.0,6c69cf3f0ff58d88006aaa2b06cfa4a86088c6e36d49ab49a879a694711c898d
A_p010633,A,evaluation,False,,24.0,fe47221a995aee518dbebf1d61670df3a0731ba1906d0585accea458aaa73b7d
A_p009089,A,evaluation,False,,28.0,266fa9a832ef2e9324cc2e2c7a0317381082ecc82ea1c857f6d8a7059cf12a38
A_p020515,A,evaluation,False,,28.0,eadab7eee1f4a62b8c5833f9d818c916d492581a71a4826f9804170bd69ad6b8
A_p006584,A,evaluation,False,,49.0,4f66aa91c12e309aafb3fd633801598f8e2efd166c6e7c506d4c6ed86fbcc0c9
A_p012635,A,evaluation,False,,23.0,d096fc72439edce540dbe1468fb430c7694c92455545f859ffd29e1258ae8c33
A_p016699,A,evaluation,False,,53.0,dfbb642ae2f1c8e18c0d9fec983175a4c79d5dced5df2a967c4d8e4ee1b8ca21
A_p013660,A,evaluation,False,,45.0,22c606ef1d11a9f6099a81a6f44d49ac208ed91da99d14f580fa948778837ca6
A_p019106,A,evaluation,False,,51.0,0982c8d939bf02b9efc51fa9f0e99b47d9d1648e9e8fc97b05eb51636968a92c
A_p003073,A,evaluation,True,126.0,129.0,83323cef60259543e19b7e198cd1ed2223ff65017b9cd39760cc71771825debf
A_p012256,A,evaluation,False,,46.0,6d6e3f8a161abd222433103f192eb94779daead30b755cd2334da52ee9f09af4
A_p012782,A,evaluation,False,,26.0,49f66e81c8a9794a4a2d0aa48ecbdcfdeb53a43d6695c68afc4eb62f880f2d4c
A_p008512,A,evaluation,False,,35.0,a6606166d0904f6291bb0de7c956195c1c2016ebac12d41922f5ec88ae7fed8d
A_p000680,A,evaluation,False,,23.0,ec66d57fe4b71d5e6fc0aeb0471799aef397bb4489ae05e7b4549bf62b4c7c4e
A_p008882,A,evaluation,False,,29.0,ba6f7b39e36605623610a02febb4c0a0dabd241319d656afcb6e54d64c5704d9
A_p004495,A,evaluation,False,,24.0,eeed5bc51426aaa6e626a3a84e9ee9e6399621f1c129d8484b5ebba61de2cb98
A_p004955,A,evaluation,False,,36.0,3f9f0244361b8b233ea5753f360676a88f111510b43a1508d27b6d7db39d3535
A_p001333,A,evaluation,False,,12.0,ea027cf3a3fd2fbb98cdbb7145516d5b3255a1708c3b43c1ba88344b78634f81
A_p006719,A,evaluation,False,,47.0,89a255a254164999cb121daa015b877bcca0488ccce7da1c533e7d4af836c460
A_p008227,A,evaluation,False,,18.0,78a86a0f852dea211b963efd47a51a2e676aba4ddd0a19259e54437f6350dc98
A_p004275,A,evaluation,False,,35.0,4f6d6ac6af92571286907ac13d3b5d43ce30e6b273802d46b2795e1b1c8a0a27
A_p013740,A,evaluation,False,,52.0,60c94f86c8fbe0461ce441c948565613d0950e2095b7006a0ffbbd9a96f4d7dc
A_p019204,A,evaluation,False,,39.0,5dc57b12355a91e1b46038ae422d9bfca8510fb142bd0bcfd7ac95231df197fa
A_p008275,A,evaluation,True,52.0,55.0,e8e5983d7d14e553c4df22ee717613dce477576d7d0293a1773e4b54d9894fd6
A_p015565,A,evaluation,False,,59.0,4d14757e6586f971ecd39f2f2aacbb567ec79bd3d46ba88f925a754232356d94
A_p014679,A,evaluation,False,,28.0,282cea114acf5e3228ffc7964d1346096e9908a9d9f88a04f1186a311903b4c2
A_p002987,A,evaluation,False,,44.0,3791c8984c7b750db1202ab6ffdc6369d51b78ed799b10d6332f8c71bc9396a5
A_p017297,A,evaluation,False,,52.0,b09a3950440ef1bbed8c56ca10bfb91a47c9914bd6dbf93daa519ddbcd592586
A_p004036,A,evaluation,False,,53.0,7976eb7a9659ab89a4f7c999aede8bef04f09b1ea23e8830aa13122b85591e07
A_p002656,A,evaluation,False,,34.0,612b3f491422447a460c20459d4f86a07abbbe39e021bbba44514bb6c234bcca
A_p018325,A,evaluation,False,,24.0,1f1407e0eb4e2edaab7d879379c2e35d243c90c12cacb812374b49228f304e07
A_p008593,A,evaluation,False,,19.0,381fb61d29543c00a8870369023c681b01ffa7799e6c2f91f710de84cfdc55c0
A_p006755,A,evaluation,False,,56.0,22c01f8585c15ced099cc1e670b6de3123f3e98833b3909697137bf940e4858b
A_p009997,A,evaluation,False,,29.0,85b6502f09d12872d055850b2a9c2f602dd81940da65e6d47aa39e6476319f5b
A_p013620,A,evaluation,False,,42.0,80499759e9e504ef5683c78b84395311d789ef2dbfe648341d6150c9ea43649d
A_p007503,A,evaluation,False,,27.0,99ceb8f0e379320d5ade2c629deada9c1e9edd76bb3944c0cb0c423cc1b31dde
A_p015146,A,evaluation,False,,23.0,9a1ace210f49376d463d144cd1a2be17f0a21a3ff8a07375f8040a762fe31172
A_p010608,A,evaluation,False,,45.0,b7970932af72b8b9dafefaffa720cb4472d9ae24fc33888a4deeda5c9af24780
A_p004970,A,evaluation,False,,36.0,68fc0d5886b2bfcf8d9f90290d7ff45df6b3201a41acd4eac6386584fd10a394
A_p020570,A,evaluation,False,,43.0,dbc115d40f4d60b135a5f3e736bce9af2cc15ce607a8b908e0210420c76bc7e0
A_p012254,A,evaluation,False,,53.0,ca89ee081463d729378469600ca7fe068d2b0c1b7be6ef5f30239f17227d66fb
A_p011287,A,evaluation,False,,44.0,c85698f110901a2a87a68722a0216ba146e191cbcbda91a8e4e4b335a471f2dd
A_p002952,A,evaluation,False,,20.0,5ceb82800be0ed10ad8fd725c12fce7c518607bf40d9e1bee552aa87bfdfad77
A_p015903,A,evaluation,False,,53.0,c2e717a45dec63a1fa5699b19bf84c7b136ae07d7b8c11e91411a3de199a2798
A_p010521,A,evaluation,False,,36.0,29c596dcf20e04b5452b6c7c0a85a9fdaff5daf700afa32b5ab51a5c3bb9df2b
A_p007099,A,evaluation,False,,54.0,434943b6a14cb04bf3bac2afdee13efb0001d96588dd1692732097bb85779fd8
A_p019089,A,evaluation,False,,38.0,eabb7ce8a5926e2d791cd18fbd89af885e2a1f1466424352bab86b9c16369a8a
A_p009705,A,evaluation,False,,36.0,6a5c8c8ddb540021735d150bb5f6a33e8346d0caa5a9d50d38271c1b826409a0
A_p018305,A,evaluation,True,36.0,39.0,d63adf5049a51e8e84927789fc8868e55b4e2a86fff478d705672a2cb10c73f2
A_p016013,A,evaluation,False,,37.0,f9bb5eabf60e97e7545d18c644efba461728cfadd5b7c3c4da627f1c2403dbc5
A_p001617,A,evaluation,False,,24.0,bd20d2d0ccf2abd11e43001277433fa6216d230a7c171eace7796a0033950b95
A_p008157,A,evaluation,False,,23.0,31f25df2101db8cbcc996b5ff469702e1137506fc4ea84410d5c3435de71be5b
A_p003201,A,evaluation,False,,56.0,82886ec2984d3a32d070c93130efacecb7010d0342d2c949c7d55f4d19f27fdc
A_p005620,A,evaluation,False,,24.0,9aff7542786469c7440958092d7005807b54a05b476c103d134b4b0233b07ed2
A_p005535,A,evaluation,False,,21.0,63059c10464f6b4412d14e80391df4492545c5f0c187401e05984cb0533f0be5
B_p118919,B,calibration,False,,41.0,78b8b1e18579c18cb41d1625474d54897e90af170ca78e0686880aa33c6cdc17
B_p117130,B,calibration,False,,44.0,a9437ceff0162ac84c30445e753ebf01f3b5f021b2336c24c81788d3c9f199b8
B_p113296,B,calibration,False,,45.0,745e3e050d28b39b6f8add7ade956296846cd7a8a8b434c0723e4fba82f82280
B_p117712,B,calibration,False,,39.0,9e049970bde91c0971ab8ab11ed5d4aa8f78e81e9ba709464ce36f237d997d92
B_p112226,B,calibration,False,,45.0,5facbf38986958b4e0f9145d671b43f006a35c0225323d57c6e68a2453c3d2a8
B_p104125,B,calibration,False,,57.0,404504300cfcd4d538bf235926702f238b4ae1f31b59e37389b566b694150580
B_p109129,B,calibration,False,,21.0,d9769ef47414048b24a5f05ca356fb2e9af1fd5c1146a4bdf431e99408b71f9d
B_p107551,B,calibration,False,,55.0,329e97f4790b0d195647a5a743b28fc5a9a66e5f5c539230770a6f063ffcbdd6
B_p107105,B,calibration,False,,16.0,6cb698ce7fe5bc12b6d2e5d9acebe7dc1bd0747d7de55b16d522b664af937138
B_p108698,B,calibration,False,,41.0,73c49b70a5670a7ca3f93e42b2719996d87c94bf00b30c28085035d06f461ea0
B_p114579,B,calibration,False,,22.0,105ad8a4beb978d0294bba45e468777bd35d7ace70acbb6a995a441752da8cf4
B_p106202,B,calibration,False,,38.0,96d58c2c588900dbcabf819dc9de14afccbf80782c758b2ce294930ca0fef1c5
B_p112568,B,calibration,False,,20.0,de9f9ea119ed476517a29bba18235c2be1e62a3e596747a38f6e67786c789f64
B_p101657,B,calibration,False,,13.0,128faa68a2706ef642840ff32ec7784eebe984af9743de8735c2b9620a033dc5
B_p111496,B,calibration,False,,24.0,bd6a4279574feee4acb182902677c808f3d3ba7ad00c85e3c3116f0f4bcf5688
B_p114183,B,calibration,False,,51.0,8f6a98de5679e61d5331447b58a9449f570175445f41970e050847e4f148250f
B_p100178,B,calibration,False,,56.0,20677de63dce2fa509d64be8cf5fcf2b2a959c57e2b9271266284b5bf611acf6
B_p101325,B,calibration,False,,21.0,e3a2096eae39f311ccc57525470a8018ab3eb0f98f82bc03570997486e547850
B_p100320,B,calibration,False,,42.0,4c0374995476a830e2646cb6428a111386d551948b29d9e4e9bb419fafd949f2
B_p119781,B,calibration,False,,41.0,0fa9debd9a2efacb3bab2a63878a744088ccf5875d29aedcfb22098a70f49461
B_p109285,B,calibration,False,,26.0,510d27a9950a1f7ac9575326153ac148a78b209ef74b1aba370784803052ec76
B_p108390,B,calibration,False,,16.0,8d1802d263a2961e6118f8741b0a93b5ea624ed384f7fc05021f0325b5ef42fe
B_p102514,B,calibration,False,,40.0,5f6ba03579674ebb3c6f8efd8d6c2169296e321c2f1a5f1fb01ec8f5b9b4663f
B_p107093,B,calibration,False,,24.0,a7eb307fb9d083c1897c223a6201224b8dd63db7d706613b978067ced0fca97a
B_p108408,B,calibration,False,,57.0,f8e08893ce8065b575c4d639e885ef1c288fb44b4e87fbdc39372c5bd584f447
B_p100998,B,calibration,False,,12.0,e89a9457a0e3b7454a9f05141a06e412e5505c925873febf577504be610b0764
B_p106354,B,calibration,False,,41.0,82258415c32bbd47999a885624ca25389cee43e9cebb6ca52c1a9a7b73a6c693
B_p104600,B,calibration,False,,46.0,f3f78a85e15e7411a38b9b2d677628aba4182806573e4af982d25a80046d38f0
B_p116640,B,calibration,False,,21.0,a3061949a49336cd8b5f9f741f24b380b1fd70267984e158f68295327cf80663
B_p104317,B,calibration,False,,27.0,5e433cffe73bc07632bc194ce3ecc9d511ce91454a0e72f7da66325521185c6d
B_p108837,B,calibration,False,,23.0,d076816c411978943156dd0ea30cabd0203fa2a31a6c76a9cbb81af2439bd787
B_p104442,B,calibration,False,,23.0,5099929d33f942d4e9fcba82ef90c7f9e0db195a424c8e979472af8a05a59521
B_p119649,B,calibration,False,,25.0,cb30110bf007598538c34907934173de200aa9141c06a1b4e0eb86b93cccf38a
B_p108057,B,calibration,False,,37.0,e83e23bc3b4e7165b185e74c355886f81a9498bf70ee2e058a7be6cc69636790
B_p102816,B,calibration,False,,39.0,081c56a79fba34974168e1ef877aeb510cf1a496457bdb561dd884f7c2dcb105
B_p118569,B,calibration,False,,28.0,7b2df28711dc40c36ff5aa2a6b8ea18fd8ac3b94fface3bf258517df3a389231
B_p111837,B,calibration,False,,48.0,8c1ea075c0bc64fe96edeb7116dcc0836a7447d0c64718e1715df681593ec464
B_p106678,B,calibration,False,,47.0,ae15a0d49ee3ed244b30edf89ac2aacd36e39a3bc25db8dd1e7ee7b35c6f01f4
B_p101838,B,calibration,False,,38.0,99c3b0de39d3e002fc1de559fe529f2b8c24cf6ad9dd00c2fb27d1d52098c8d4
B_p115703,B,calibration,False,,32.0,2c4be9a3ad1fc159c902531c941c879e71fe09a9f98ad3702114dd8d22986689
B_p108075,B,calibration,False,,21.0,ca1ff4cb0e121fc86c123b98458fc92ce16154fb7318a82122982b135d1a4f93
B_p118597,B,calibration,False,,45.0,4bb35803394c33bec5a120db59078626a560c0847d1647ba7bc7dca94d468ecc
B_p113131,B,calibration,False,,36.0,20431cd5afbde4c20d9143ee1ab1015c71324b1f7a49ed7b008c181520dd8215
B_p102860,B,calibration,False,,41.0,00e0820921306cc28ea26c4b808b1e012e5d09a30fd40327899ef39ef35e4bfc
B_p116281,B,calibration,False,,44.0,870ca2bfc9acb91fb76baf50a141100d80cd3d62f385a1aac9209f8a20c4ea26
B_p106468,B,calibration,False,,25.0,77b95240bc2e641941d679db9c53801d4ef28cb5da9f864601fdb5f023356789
B_p118900,B,calibration,False,,14.0,400119bd077a9e4a5a2e6be12c737ca8fb92c199b431d65f8b90da2c58103023
B_p107886,B,calibration,False,,16.0,e32e4d4032e634cb1b2783743cd26b2a56da0f512447b6f7fae476cf31318fab
B_p111477,B,calibration,False,,22.0,86fd4d44b3f8be4ceb467aebf933e6102fb774c885991bb56e0c29d74b7cea16
B_p105820,B,calibration,False,,43.0,ab11dfcdebc294399d2f2e72f8ca0499123a87d3279d986353165e94f0bf3301
B_p101019,B,calibration,False,,40.0,4414c966eb323d23adec0114e441616621b9fb020b5b367594ac1ee104061149
B_p116265,B,calibration,False,,21.0,85c1f70eb79ad6575cea0a9513d41ce567ec342e2568825edacf8e64de879eb3
B_p111367,B,calibration,False,,57.0,6cd3a807c2d234653b77966fe16b82dacbe538e9582c6ab1aaeb6a2c154abc73
B_p117251,B,calibration,False,,43.0,9e7dbe0c14f92bedd9de05981882eb2ebe73f0232428c18d6b8ecefe31081bbf
B_p107788,B,calibration,False,,45.0,df6e3b171125d73587b2b070a140ce569e02f32ad37c84183a389a72b21b6932
B_p117033,B,calibration,False,,42.0,ca4f1d323e6cdd590ec8844d341a0e41eeacd814b56522068e2165f2d7dc26cd
B_p115702,B,calibration,False,,50.0,602b03d359994c2a38a3581bf92439b011ee63612eb53d61afda2bb84c1b75a2
B_p101553,B,calibration,False,,45.0,89916b210c33467b24e9c64337d54e765575175104ebf4a4145e079afbeccc17
B_p116071,B,calibration,False,,20.0,5119b6c1a5e824008304ea38e22cf1785c067ba49e29f88dfe14c3b4998cb9d2
B_p109329,B,calibration,False,,43.0,a7d64f74568e6b6f5e9a4f40b98aa57ec9c2ef17a25d4382ad4825d732c055ad
B_p118105,B,calibration,False,,28.0,5b54995d23a16212927c929c784cddb99ccd04c21a6bd542815a72f3ebd22932
B_p109148,B,calibration,True,97.0,99.0,a65555a2dfc75eeab97896a62b692a31577a4c77c8d69e351e53349fe078ed62
B_p105834,B,calibration,False,,18.0,f49a43e627a1a76643c5b1be3edb6d9ea445c1b2d57f99786479d93f518b70de
B_p113577,B,calibration,False,,23.0,3a4514ad73bcbb57aec1f8b7937e987605d2d1de35584efec7d6cca908702fb6
B_p101422,B,calibration,False,,19.0,1f4405eeeaa420ce16ceab95043ff27fbafadd783f043c780c280e29d35bc12e
B_p111175,B,calibration,False,,30.0,314eae7e3b15f2fbf9f0a1cf4f0b891bf89a6d4da5b382aae58c48eef01b4f93
B_p119626,B,calibration,False,,34.0,cb3941f63da479b1ef77538db2129afb9a16044f740e3329fda0d8470951c9cc
B_p108831,B,calibration,False,,58.0,99dab60ee579aea1bdab95b493d0b0de926f0e6817de61fc2297c77e93a668aa
B_p117135,B,calibration,False,,59.0,3ae114eb07bde16caaee98745a96777bbea7e377786159ed4876c8d34da9709a
B_p119653,B,calibration,False,,16.0,5daa39216c36533f4a68292bfac0d4957fa1660146b4d5d32b9bddb20be78ed5
B_p109241,B,calibration,False,,43.0,ec05b3b67ae214a995034bd9df8842de2f6f51d2f2dd2379228d16ca2cd9cdc0
B_p119965,B,calibration,False,,54.0,0a32879924377cd442b63d9a31b3d1b5fbdfb2df530ab9755b644381fe0d8500
B_p111820,B,calibration,False,,54.0,16d81fedd5ff67a10c4b6156bb00d09e0e2707dd99e6e43d84a915684e1a112a
B_p104888,B,calibration,False,,58.0,c31ca507612831fa172fabe9a3cb6c58ceb3bf6296fd5706bd9b05082f30618f
B_p102988,B,calibration,False,,16.0,c1e9b0bfed225c4876f32de7fa315cab35984bb89e6538a793c051d4e63ae611
B_p110862,B,calibration,False,,17.0,013b972b0824d61ee5771823596978a341bf0c8c8108e38f4b6e790854a90755
B_p103581,B,calibration,False,,40.0,068bca9f7edd38cd1e9d6730ae9b7d2b2498dc5c2a8b1db652ed1755b240ff18
B_p116449,B,calibration,False,,38.0,71598e31ff8e42ae498735471220817089daae20909b6702992c723b10558a2d
B_p112739,B,calibration,False,,44.0,2ff29d5af21b19f848b148da9dc0c1aee127c08029faafb6b67b5f3f10f3af19
B_p111763,B,calibration,False,,38.0,6dab690c031672fdd757fa81693d8550325a1f08ab0960ca213d6f8a918a577e
B_p106522,B,calibration,False,,44.0,28b6f36bb07d19b2d5ebd410703036ee4ef606e17074c44659358b7546a504ff
B_p114101,B,calibration,False,,50.0,f8a5a79a744a7d3d5b3ea17fbca03c9e5dd8f7519271908a1e41e7a26af9798a
B_p115619,B,calibration,False,,18.0,699f987abc846708057de78caee7dfa798805082eeead9bcd787ff986dd1fa5e
B_p101477,B,calibration,False,,45.0,5c570e8e0adedb36e61c37d969156d619b98ab25e45453aabc14b414a14e1966
B_p105132,B,calibration,False,,19.0,d6a8642bf75d9ec125a91760db84126b437502796b9d62833c46468edd3fe946
B_p117184,B,calibration,False,,19.0,e7b9f51e220efabfa5370c21ea94c814155ed03b9b305cf3802247d51e589425
B_p103232,B,calibration,False,,42.0,6c775ca2d82f5c83b3455206c0f9ca39e699b69853476b0fbc7094354b867fd9
B_p106025,B,calibration,False,,13.0,d6de98eec11b8d6736d53c25b9786586e6170631b3ffe3bc41efbce0e0ed33ad
B_p110618,B,calibration,False,,23.0,a1bf6aba287902c8c90b47db998f671c940cb3d5593286230be8ed1c9ac6c43c
B_p104726,B,calibration,False,,40.0,fa6e3262937c33cc4e4c781f8782c01728c6d97a7fc5a5c5c232e06a066769c5
B_p100904,B,calibration,False,,20.0,1ffcf1657a8dca0320fb648270ec2d812fa3c7e709819340ed8b2db9aa1699a6
B_p117172,B,calibration,False,,19.0,95bb138b836f393503b42fdd38fa6ec905d321f08230543ba739dd216786a3cf
B_p107614,B,calibration,False,,27.0,0ecb1d0b30d3f9f7dbdc8ebff39e93c95117464114cbe02665fb76b0c2f903be
B_p107975,B,calibration,False,,44.0,4fc1173415c1166dc247efb85fad689e4be61023e93187d6e5ba5ecc7624b30f
B_p113723,B,calibration,False,,22.0,548b86635a2503d5b877eadf33edfa85e4bf069523e18ceb2c2a1a3ff7311266
B_p109408,B,calibration,False,,38.0,697b468f7a1ef3c5cd45a5996d612363c8d5e9199ef2fde06224af7e505e2544
B_p118751,B,calibration,False,,12.0,31e96892b6b96d5c711bea019c6b44a06d2f4539969bc6a44655f9f51f32191d
B_p113011,B,calibration,False,,22.0,548519e6dcd2afa5faa9d641431abdbc7e3343a392e791f27ec601c8577e4a04
B_p100655,B,calibration,False,,45.0,801e428228dac563e88a93ee89b4743756ca86ac98e8f3012caac5eb621a91f3
B_p114930,B,calibration,False,,11.0,e451a85ea4910509f43341780b52e585f5ab6f0129cffc25766352138e278911
B_p104482,B,calibration,False,,44.0,b37ee87d3f715e24c16e9a2ff5245beaad6e1da7489e55ceffcdeeaeac4ea8cb
B_p115865,B,calibration,False,,19.0,b2196ff5890f804d8a9506156be73dafaf143348165ab2e21426aacbf86efddf
B_p113819,B,calibration,False,,37.0,1905212c2053fdc34a67f051c301dbbc91cdb041ed40805a80f962de219f925b
B_p103534,B,calibration,False,,31.0,37f7114c0b895f43c128d0d103b3387b2f18771a067b432bc313be6866183142
B_p115457,B,calibration,False,,14.0,8e94d7715b33dbb112b6b829a7e417782e2f9f4ca6578f9f0448f32a31d8092f
B_p108344,B,calibration,False,,30.0,3cb2ef843c53e359055831815a24587903686edd5561c3a637c58f664f0da749
B_p101759,B,calibration,False,,39.0,6ac2bfa559642f864e6ecbab16eed6ef1efe60015491077cde8934964f2fc8d9
B_p108355,B,calibration,True,94.0,97.0,6877941c989b1923c99a1b0b7f86d572ea34fbde55917896497dcb02bfb6efc2
B_p112426,B,calibration,False,,39.0,516e1c069bf66dc3dc57b78775b8b59945b7d4f6abc2714ca272d7bda567b48b
B_p100450,B,calibration,False,,33.0,004597617e153822d8231ba779b3535afc6f59ef5a969108b7692a12bb309921
B_p101226,B,calibration,False,,57.0,ad7dd959f6197220ad6b9fe1ca725a57ed3faa31a7417310a3ac6c5fadbee5ab
B_p118478,B,calibration,False,,49.0,d2009c33c1ff8195ae784a980605ca3e10afc30e77eb9dc19af3a700c823450b
B_p115708,B,calibration,False,,30.0,ac49e65cd6a33e1883b0984b4335858e8fc568d3efeb9acd70039f5bb74fae4b
B_p102919,B,calibration,False,,56.0,a687403a32e66e82796dd38d5bbda4ccdd3a26f8c88bde2ca95494cf4aaf0aa4
B_p101810,B,calibration,False,,38.0,85d54bc563ff2e33695b9f1a0736379726ecf267cba21832a3b7c919fdc64a53
B_p106445,B,calibration,True,104.0,107.0,eb0355f512edd4ca0296696977e6095464294253a56db466f788cb4c3ecc2c4a
B_p105063,B,calibration,False,,16.0,731a3ae3127cc182fb80d693d77715974603ed70494792498345b9d62c6ac94e
B_p116020,B,calibration,False,,45.0,c89870804282a7b02f89b09f308237083118721717dbf80ec233dd543498367f
B_p106735,B,calibration,False,,41.0,12f68f5f3beb0d8424dc1bec414863284124ce14c6e5bd634382957d539b59df
B_p114059,B,calibration,False,,40.0,79cab78a82b17f23728406201260cdd0cd14546044b6479dfae04fc648847a3a
B_p102449,B,calibration,False,,59.0,51294ef732381c96ca9891b30f9a75f3b17c94f8c13cffd0bce3a5ae950e7ede
B_p110401,B,calibration,False,,46.0,ca6f0d498772006867f69a9e6c89eaa9ec49a9738d443fd5a894b1fd9c6c675c
B_p111677,B,calibration,False,,16.0,ba9026012a8fe4a8eb0180c1012b12d2499be66fef99153db7a5c35d35f7e98a
B_p115055,B,calibration,False,,24.0,533b1d52f8616e0de240eb28ccef1959a0822224719c2c81f08c14d3f9d2530b
B_p116175,B,calibration,False,,119.0,b3138db7380e47667e1079b4d5f92c1cb4221726a79217bad76f87e963f664f8
B_p105048,B,calibration,False,,22.0,aaea42020991ab49cbf65a7ae0a8f22bbe9f5c6a57fcdfacb0d02995650dd225
B_p103350,B,calibration,False,,24.0,407e8f3acbe3d256dcdf6bbef86332c3108ffd383a4e1787c442638bc9233b36
B_p103749,B,calibration,False,,51.0,4820c3964fdb224d46334fd012d2a25c3bc18ee171017b6326599a3ddac594dd
B_p110086,B,calibration,False,,20.0,a2e4b87d402622c2177f87e221a2a50c4d9d5af03bda0cb19aa810a6bd36a2eb
B_p110575,B,calibration,False,,38.0,91db0b1b3caa5713a4c9d8f0e2ea117d00568dfd7249ee0db3c9727b2f4c5be9
B_p107099,B,calibration,False,,28.0,9503a0e1c4e69af5695d6f3ff06eac38872029104b1a8b54160b99448a130c9f
B_p110448,B,calibration,False,,56.0,8465de78e0dedb09a98bcea096eaa2deedc62daeca960bd6affdc8d21c104d81
B_p111565,B,calibration,False,,37.0,588185fa24529cea274d0ba0e547f9aacaae4280a536237faa42b635796c125c
B_p117592,B,calibration,True,105.0,108.0,3d8dfdb3783d5afddb0758bf5eef7bfe231ef8f2bdaed45aedcb09edf1c2c73f
B_p111028,B,calibration,False,,28.0,0667c12597fe3c9f68f7f8ff8d3dcd05b400ad9d78356b3dfde63932f498940e
B_p107273,B,calibration,False,,18.0,b26a9fdb8db26b4073c82dfa6d11fcc255e4e0a4aa3feae58c52115cf26c2f7a
B_p108515,B,calibration,False,,30.0,3cc168260151b52dfaa3693d412b89eebea1cabe4ba9d59806c8fe1daaa3744d
B_p102466,B,calibration,False,,52.0,da1118db7aec1145cffac6bdba3085be7a48494c246faf883b196d0f0cfb1ba7
B_p109908,B,calibration,False,,35.0,7d0c92ea269615cb49ed82e33a077661c6653a0e50048970001b4a1747dd16e3
B_p110745,B,calibration,False,,18.0,94f7b1b587227fa1e6fafc135f4c827c2f321b1a0e1e06f07351bb9bc617c52c
B_p119767,B,calibration,False,,31.0,fbd9e5d405a53086febc2b7c5323ae6f617fc304dfd8226e4ca74aa95a8d75bb
B_p103321,B,calibration,False,,53.0,f59bb8355fbf08b60193862d6d343cecb7d9ddeab1cb0ca761d75aab4727721b
B_p115042,B,calibration,True,51.0,54.0,51fb6a369218c35f6102ad47c0097cb6b9fff239a05e04d5121b2e3305921111
B_p109679,B,calibration,False,,42.0,8e6c9d9967079c8cdbb261600733d104518528cd4bbdef9ecc571889b744f630
B_p101820,B,calibration,False,,43.0,cab0cd2ad5137106577459d9f63c4420edeb330f1adda224db5841e2f977a634
B_p117766,B,calibration,False,,47.0,7b5e62001ad33bdd3cf96b8741cd185c83555e9b69f43be2da1bfb90d08617d1
B_p117161,B,calibration,False,,25.0,38300a67ef75cf47117cda75ac2355a8eb8970a0eed3dbca273f238111edc62f
B_p105205,B,calibration,False,,41.0,48b64b9ccafc89280f4e2fb6df4c08b2afc473c88d77392d510934dd504ddff3
B_p113774,B,calibration,False,,24.0,ec957e7218bd963b24db9a5a72392fb22898c374571091786647921ca7244863
B_p104606,B,calibration,False,,32.0,e0a4b966fa5bb24b595ec2658a416563d89f3872dfa6e312923cf2d4ab0db3f4
B_p115782,B,calibration,False,,22.0,ae001f1c22957450e86cc9877eb61f1fc07e05e4414d5b95498afdbed598d7fb
B_p105928,B,calibration,False,,54.0,9bb4ef689a348581602d61a86cac02477f26a7fe8ba3c1771926a6128b8a1c1b
B_p100553,B,calibration,False,,58.0,d6dcd1949da6c76773a4847a6ead78eb722fcc5d9daeab78eb10f0dfe762e2bc
B_p106278,B,calibration,False,,26.0,d74561664a86b4287249e55fb1e14da340805a201908da411ed3b16ceead8f4c
B_p101868,B,calibration,False,,39.0,d8d6f24796565e11aa11793ae5b7a3a713ce05a16a6e2b8b81d3af673bbf7b12
B_p115347,B,calibration,False,,47.0,b013792a307b5999194b5b570807829cf00edfa1a84779f4846e0c3c94d334f6
B_p102738,B,calibration,False,,57.0,94a50d347e966e0f4742a7d1340dd2c37599dd3d7279df0986708f24f0585777
B_p107436,B,calibration,False,,40.0,764fc4978a2680881ad572014debfc31bc2b309c111d1242e9e0902f7b30bca6
B_p116467,B,calibration,False,,40.0,955330ed475b5011c6e404da35eea402a22c8f56fe42f7bc98b8cb1277b032d6
B_p116189,B,calibration,False,,19.0,49214bd8e45171c0d903a9d13f4d5262149cf1be1aab477ac6499ce53d73cdd3
B_p112183,B,calibration,False,,18.0,916af25ef01f6acba10510fa8af7a7bf56a5eef9a25611dc8ac589805279bd58
B_p102554,B,calibration,False,,47.0,4d39502d741855cbfa286900d31dbe917901309c1e067e8af7412f28d9bf813d
B_p106631,B,calibration,False,,23.0,4cdcfa8535eea63dfa4fd75007b1bb60d5ed55807559a6cfb92c0f4ff01bfbad
B_p102198,B,calibration,False,,53.0,f7f88f9aad935b1afd48d700a12140685b679249f23ca20aae59b864541a3d02
B_p112177,B,calibration,False,,44.0,ae729598133a8adf8aa2cd3abd99bd8c2668f8afad9c060c5a19a2d7c2280ecf
B_p105551,B,calibration,False,,16.0,381e6aabf25d5bc56a2ea8bb0b10d984e42b3940d3df8110f513b526871ead25
B_p106644,B,calibration,True,112.0,114.0,6c5a06d9e1c8ab546f82e0cd19b7ed20f90e13d725022522927bc2e110f5df04
B_p107245,B,calibration,False,,19.0,a0a4c08ad86e5414bd4c85c433015a22c3a33b6446c6e5f80f9ea19faf0aca7b
B_p114824,B,calibration,False,,38.0,4c7dd5d541a88682e28c006def0ff346e6e07d537ca704680c69c76632528e19
B_p108928,B,calibration,False,,54.0,4e70c9d345a0a19fb60b54ed165d5fd9f8fd8682e946e80c157b6c8be9f7db01
B_p104212,B,calibration,False,,26.0,498bd0633c2b15b1d7ade5bc9b2a9d95867a7def52ba6f670911cb755301020a
B_p106549,B,calibration,False,,20.0,65766f3480eae6f11659d2497a8719098cf7e1122b7acbb93ed0d7b3ad8765d2
B_p108304,B,calibration,False,,17.0,7fe34729c66c07a8d47af772b07c4dad042560b2748b54959d5eb8c044cad138
B_p103832,B,calibration,False,,37.0,9841180d478574c913218bb5d38561d3902aa761466b6cc24b985411921fb010
B_p110620,B,calibration,False,,12.0,8d794d81bc4af772c4bf7e503b98613b644a0d8902b2419dafdebf238e6e7913
B_p118071,B,calibration,False,,51.0,17c07a823e87978305eacb46a03d4723e4014fa4523722a692c38d28d9286d6c
B_p115700,B,calibration,False,,42.0,61894a6772d07bf6b327e60edc965a033453e52a3b095896817925a9d31c7830
B_p118027,B,calibration,False,,50.0,f62dcdd5287f665f1582d11b974c010cd7615389049f68c7b67b5086cd1bfa3d
B_p118348,B,calibration,False,,26.0,8d63775e448d298bc9c7f2f722d83fd5f29c8caf27209d22d2fc548b6d704292
B_p114660,B,calibration,False,,23.0,8e14f5690e4685b87f7dc1d3e03b6392bc63471f308d118c4536bba4e140a6da
B_p102169,B,calibration,False,,15.0,b4b53a62fd5e4e034273d2609024c5c99ab878f91c39f888f0aab79a4555e9bf
B_p105036,B,calibration,False,,54.0,5f78b473dfc5df14a5670af42842f3ad5893070fa3791fd3768f4ed152b6cce8
B_p114389,B,calibration,False,,57.0,6058aabb44ff29149177611d7fec671f44ff0851a5f106c458e976bb01ed6386
B_p114816,B,calibration,False,,46.0,4b98b93cb49a77d671b083746169829483af0b6a487fea8ddec5cf6e0c879265
B_p102428,B,calibration,False,,30.0,2e29497a5b79714a0a2f450ae88960bf02ff1f8cd9938e64170db14d097c7ce9
B_p111775,B,calibration,False,,21.0,e186564529b63b477066dd15cbfc530f1c59e1bb95aebdf2d6ed35c5c767f68f
B_p100960,B,calibration,False,,20.0,e125c1f7fff095a22eef1d936dd4ac9291a5148c1a39f34a69f519221e4e65c7
B_p107171,B,calibration,False,,20.0,1cee9f21b4bab2402e19d6bb12479290408530b8fee519aa96bbfab8e340dd36
B_p115038,B,calibration,False,,40.0,4c6509bd3bc1f9ec7ecbe6e5169b89d937acd663b2001d2d4782b6d06c9a9683
B_p111106,B,calibration,False,,47.0,3a515bfde25bb76da447a1691b20584956cf2b8ae973b71a91a0a06d969a23e4
B_p112476,B,calibration,False,,23.0,0435178a93adea5f607f2f77f42940cc6cedef831fbe2df7deb4bf72d49c6929
B_p116538,B,calibration,False,,18.0,6ffe62cf60846ec7eec5077d44bad1d4a177f6890d90ca48c4fa85690cc88047
B_p102518,B,calibration,False,,20.0,e66af3fe705cb6c2a1e2114724c4d63f9a1f9039c3baa6182a655bee6d2cbc78
B_p107454,B,calibration,False,,53.0,24bccbe28aab3ac892c320ccc3e82e9feac5a470d438399e8aecb4f1ad67813c
B_p113233,B,calibration,False,,36.0,185282fce3c0d5ae9efa8db7faa0cb5d48e7493e67001be367fd47036a4a78fb
B_p118957,B,calibration,False,,46.0,758eef100979e3d59d3f1320973e901dd77bb3b7e2899bb67fbbf86ef55d78cd
B_p117875,B,calibration,False,,19.0,f0e7b8180ac8d0f12d2f44ab24ead102b18157028763a91b76e1b96271f9bc89
B_p102533,B,calibration,False,,17.0,bcfe3998f163fb7fe7989a15d2e67a22becea8ee4bfb0548180b6bb5c0c0693f
B_p110815,B,calibration,False,,38.0,4be3da2e1d02aa4d2a7dadf77dfe6fd17b456ffd1a42bd7c820250fee999efe5
B_p118754,B,calibration,False,,43.0,cd67955c05603bfb18845a8e401ccb8110d07bb938e4493835aec51b2249aa42
B_p113793,B,calibration,True,41.0,44.0,16cd36570f727085adfa75ac12ad2a581c20e9aa68c0031e89f23a75ce6cf763
B_p112028,B,calibration,False,,30.0,a9edc7cadb79a7fc29c074896332cbc3cc76f8df2e9e47a12c06c918719d3a58
B_p111031,B,calibration,False,,64.0,1b4a2ff912703f4e3e72a5fec9241533b62f6c36a6165b6158b92d3610e9d8ce
B_p105181,B,calibration,False,,28.0,fa11cea1a4325ce9883afaebb8283aeb302952c09fd2178f6d2b0b7e84cc849c
B_p119107,B,calibration,True,207.0,209.0,81ff465adb3f1a3c50eb3d17a00f95a13cd5162c6e1f385ac493717fcbfee7d8
B_p106334,B,calibration,False,,22.0,c63770b7524e9be77d7fc41b69178cd4fc346f5aba5f7e8fb109b0a3ee4f2880
B_p101620,B,calibration,False,,46.0,9ba8d3398d4b9f3515b5d4f1586bd8c7f4d57c9ab70882f610763c7b604218e5
B_p117234,B,calibration,False,,39.0,2e18f21693965569c04cc23fe47378f4458e8e02008b9d67bbc55a7c8c4efacf
B_p112271,B,calibration,False,,42.0,ccfd5c2879ce211062e3a4b28f704883f366d546f02d5279738e1bf9f60933b7
B_p112393,B,calibration,False,,57.0,9d74bece9c02a9bc0c42cbd20671aecdcd6d7c7c5283e6a5d3d34f16e98e041b
B_p118361,B,calibration,False,,22.0,ecbc35bdade90b024ef0276cc59c02274b6412b5c666971a61ec6a6d17692d6a
B_p100721,B,calibration,False,,42.0,5c9fa52d1dbfe9c0734c99056264c6cbe2cb32a80429d78db30faf77a0f0d571
B_p115656,B,calibration,False,,46.0,c5041ca5bfa53209dfee11ffbb7d86745566a374f0e87f0493b8adde1276e62a
B_p116506,B,calibration,False,,35.0,cc78ee6a60067269b123ac23a01ef06771898803e4a5884a0f87b6d54f21344a
B_p117239,B,calibration,False,,43.0,2e81734015f8950e6a2decb33dd86867d0e1ef5f1e5fb1976114cef62cb25085
B_p100215,B,calibration,False,,34.0,ee95167ce79f7c2ec6e0d988ad97024ef43eeb7ab0c1c50fc8a8d070fdb8ef80
B_p108914,B,calibration,False,,40.0,7e635948a8f60994e36c66ea8f3b32ccd26d2e59ed1909009c14a1583104b061
B_p118238,B,calibration,False,,45.0,252db0b5b646ab76f9b1a45baf1fdacd6f2d22e4d81253e1bed604df5aae2b36
B_p106594,B,calibration,False,,34.0,b437ff7bdccb5f12c7991b5c2193453e363b9569bc80c2248bfe8ca520dd813e
B_p119161,B,calibration,True,23.0,26.0,90edacb5b9914a9628983b38b1a727acc78468fcdacac89c0f867ce71c1bbd8b
B_p118205,B,calibration,False,,49.0,d0e001f4cd3833ce2138c77c79948065369560e369b9517e941fdaa23db9a5b1
B_p112104,B,calibration,False,,19.0,46121e2187ea075b0a24b83f6629eadde4846028c3a14526c185e0cab70399ba
B_p108002,B,calibration,False,,44.0,90e0a2df229bc39df6d6442a222b4515bf497fb13a0d977aaa16cbf958337254
B_p109968,B,calibration,False,,41.0,535adee71cdd5138832811c0d1a027a8cd30a585b89a25c1778f0719fe827054
B_p110665,B,calibration,False,,36.0,88ef303334d4e986760e79cd434fb794f9a8ae8257ccb66f9767c7694d3d89a2
B_p117908,B,calibration,False,,17.0,5d8080c0629dc71d87dd0620f466c6b70d7319cac7326d4f23790e9fdd90d3cd
B_p105046,B,calibration,False,,17.0,650febab65388c8638fd5071192c075a66bf8c2bb93a747324d44323b2f01cb5
B_p103175,B,calibration,False,,47.0,3503e5a257addb41bf35707d6a3421b25fa0bc561e06b3487813eeaeb070a15c
B_p118623,B,calibration,False,,32.0,5359b0224de9ea1afafe189590e9b6471601138eecc61d17be19097fc2ec570a
B_p102284,B,calibration,False,,33.0,7485a31a8f7d6f71f6bf5a8fcb9759ccf977ce99a1686cd61ec0b967ace3d7a1
B_p107498,B,calibration,False,,19.0,6e7cbfd7e3d6df9cb1d195cfedd10aa863961424575076be886644d314fb5945
B_p108077,B,calibration,False,,26.0,43a559cb0becc1db5fbbb2eefeedf7a4eb4ba11fa0d618edd41af4b287fc539d
B_p113645,B,calibration,False,,51.0,b0876ba22188ae8e35b9436c97ee6549576732fe791ba089ff46ce6236ca0ae8
B_p105723,B,calibration,False,,22.0,efeda592b1217eb95c3eeff710041e0764f5acba0bd14153c6654d44502bcaf9
B_p111205,B,calibration,False,,23.0,4273ea7b44e9f8abcf87fd249f4cad85ab9c5a0eee76cf6ebd89cca271473186
B_p109219,B,calibration,False,,146.0,f3215ebf8f33dff010a40aa16cc9e7cddb06e62e1fb1615197ef317d11852055
B_p101442,B,calibration,False,,45.0,5b3015bda55d7ef2385156e5396ac2941858e07a0d9d985838a770f3c9c0f551
B_p118897,B,calibration,False,,22.0,b7e9dd201d9bfcfe604af29fe7856511e17f63f0ae8885bf58d40ad95bc1553e
B_p100080,B,calibration,False,,25.0,ac4dbd32a3f8475befd285baadba9159ec1d1b0cce089b0ca13501779beb4967
B_p110006,B,calibration,False,,57.0,5510c9a7ef986785d92f4466b6ef3ae9ae3ae037a281122f50144393174f945e
B_p119049,B,calibration,False,,53.0,df15e2a2209d4d9fe4fc1aeedcfc2f6110c29d7b693d6369103bc6c9981fcdf1
B_p102980,B,calibration,False,,42.0,e58286ceb101773d46f5f9abfacb58400c3e300440333db9598d3b6683a689aa
B_p102898,B,calibration,False,,37.0,7bcd3eb14e482d7bd20f8c6fb4c05926bc6a9d743bdc5e8cd8e10279088cd810
B_p111027,B,calibration,False,,39.0,ae93fd78a4585ba3b2ff3625e13acb35e4199c177a464c31dc1290d6c5c78a1f
B_p112101,B,calibration,False,,39.0,49c04dd5cd35166bb7f3e3ebf7b50eae1c1d9b23fc7c5ad956738f3bcaf289b9
B_p118633,B,calibration,False,,20.0,b28a0db85cf436ec9d782afea9a2a0c9955249308e5abe5e1eebf0e0fe43ff81
B_p111332,B,calibration,False,,22.0,2e866daefe1ff80e2d4f55ab85b01251991aeb42479337dfc78e101d80c88a33
B_p115336,B,calibration,False,,52.0,f9087e5f1215371e884f5709846839dca00dd0d720c85d41828ec74c2e0ca9b2
B_p102937,B,calibration,True,30.0,33.0,3730f6c67362f5ed3cf5fa6379babc13e47072bec1cb31ffbd20a52cdea0ce98
B_p114704,B,calibration,False,,37.0,48131577709837936eba3afa081c04bf4b8cb5936b8fba514ec1f47cc30ef656
B_p119967,B,calibration,False,,54.0,ce2c913c3bae7169f4b6783d6bf17c9df41582f994f95e7bc77933cb7d458e46
B_p114658,B,calibration,False,,46.0,343af7994ebcad9ca167cb14685628933e4f91aa14f74f2d559410141a35b48f
B_p118642,B,calibration,False,,53.0,9ef4c6e21262887be2e6d1ca68b4e32ceef77a5e3d69b09dac1df085ea44288e
B_p106464,B,calibration,False,,18.0,0dc257399f2b4f0d81df74bab52df180d53f26724b4971b58f8cc674da52ff9e
B_p116340,B,calibration,False,,43.0,f2214a211d3e05aa456a3152334037d61cea5e841897caf52b34a4bff9485fcd
B_p106829,B,calibration,False,,19.0,b277ee58c7f9000a6ce97bc990500ad4da3b4d696dfe58e85603b587aa16b50c
B_p115957,B,calibration,False,,26.0,58a6f9c3deb93eadabbfda82beab88417ec5a4cb056854526af23ff8317d2399
B_p116849,B,calibration,False,,15.0,f473ba3d58d97fb8a2abd3be9701ec4515f529c9b16068f45b7aa481fe74497f
B_p100668,B,calibration,False,,90.0,cb09890cbbf451bd3907d331b9fe7fac50367de879b27fc44d3caef8c86a12a0
B_p111509,B,calibration,False,,21.0,b2114b47bb5deb49744d5e52b9947ec71388e49f93e5416e99d94f1aaa4cc277
B_p119475,B,calibration,False,,16.0,06e750e28ffdb9da858479614065893d882b3d7e64705ea7536d7e9881ab24e2
B_p103284,B,calibration,False,,33.0,ca83e1a5d8fa09aa2089f5036995898741eedee8933253823374f99cb0f3db23
B_p117615,B,calibration,False,,19.0,16241b6dba3b104e8d7baad284286989fc51de72d21eaa618a536abc9d805a16
B_p103442,B,calibration,False,,20.0,b7592ac397c493736139cc21639f5e6063fbcf493a036b65e582a08a38234320
B_p114428,B,calibration,False,,57.0,1592dc6274f95783948f253d26669fccf859fc8e62a0c8ae5831dfd603fdea5c
B_p118312,B,calibration,False,,25.0,8ef3393ec70f63b39e946afbef2c2b476c2833b01ccdbf2e8caed02b9025bb24
B_p109645,B,calibration,False,,13.0,f3c95f39a44fb6a1735b8550c314e3348673a6d2c6c8e74983a967462e9455ee
B_p105096,B,calibration,False,,15.0,eea29c5b425faada03e14edd1d3b683744e52fa0bb6b5cf2e972e578fc9bea22
B_p113028,B,calibration,False,,46.0,a0fb4d7627dc6998bd99d8f02b4d8b6d120edc5fe853c5415c893793681fad44
B_p102703,B,calibration,False,,44.0,add83906ea19dfe4fe66c9823eecaed5ae298288d45d963e196d0e89af2fc8ea
B_p101546,B,calibration,False,,41.0,6043bb10a94af015ef9ab044ece6d5cd6fcceb05a51d922d2fb5f70a0ae0666e
B_p107134,B,calibration,False,,22.0,51d213f3c4661bdc51626fb04c2dfce7b5b5859079d1129f2e3f36644e69c08d
B_p102646,B,calibration,False,,52.0,a9f0368c7ca115dc702f6be0f28bab02dacbe982e24ee6a7a5cb7ad953125399
B_p115275,B,calibration,False,,20.0,045a11fb188f2f6f46e6e18c6610dd6a859be6e3eab4dfa43c254c87b6455315
B_p115965,B,calibration,False,,21.0,a6cb9a4c3ed90115f3c5fd7c4c4873d283904628e789b861610ff2dc3b1a908a
B_p108169,B,calibration,False,,38.0,71d9652a0bed52b1a003343e666068682d08baf7a1994b37affdf2e7dbc26cf6
B_p111656,B,calibration,False,,37.0,61323aab3ce12be2fff93b7b66a8da7ca23085665735afe074ac4d98c236074c
B_p114246,B,calibration,False,,45.0,a1395b3d2ea8361a3426cf925c28b5dffa0101c83a7e61dac5a5e6909a4e8d76
B_p117061,B,calibration,False,,21.0,1a72f47862cd95837c28fe9c5b3d4f69ff2fabd8c8229077daba711cd6ea52c9
B_p105983,B,calibration,False,,42.0,170d7b347c9fc1a553d06958de8bad4f729fa7db7980bdf2bd0917ed88cc1d4e
B_p111635,B,calibration,False,,14.0,87929409ecd0e5ce44eef34b7b73668b4d435c66bebe7680e027f6b3fbc06f88
B_p112920,B,calibration,False,,40.0,022377a39f1431a5c35ad193b69580ae601cdc93d0949fd1c81dec18e73e01f0
B_p117859,B,calibration,False,,36.0,f35d6461ac93cad6d8da4be83e416c5f2a2a3f375191f3249b843782855ed03e
B_p109662,B,calibration,False,,26.0,fc474a00b3f525dc2b5eeaaadee78f83a625b37546a042e2f0ced832f36b1bc6
B_p102574,B,calibration,False,,25.0,92b12d16135d36c713ce0440a483810072f5b2fba75e35ee9860d9d43f2c59d9
B_p103053,B,calibration,False,,57.0,9e1ffee626ab4af80677b182d184b28afea591d60f9d2f436d3fa528b3a47c68
B_p111406,B,calibration,False,,16.0,45039f3739e2d32e37c9345f013a43c09cc238ad7c645a5469900e3d1ece3151
B_p118929,B,calibration,False,,31.0,9e868582be2026fad6499100efb19dc839a1d59f14bf9a9c70c17060d943a13f
B_p112844,B,calibration,False,,21.0,618e9722d31f8c92b3e5994c192ab21048e78830fb29db7974ea3e5f8611eb4f
B_p102496,B,calibration,False,,21.0,43b70debea1479042dd4cb9ddaf4909c3abc7a84d6c3c14969fbd85a192661e8
B_p103331,B,calibration,False,,26.0,5cb32e502a8f48d4b22623d447129f2b1e2d7fa7492e3fb2f67b9a2e15791b9c
B_p118690,B,calibration,False,,56.0,c77da5806ef92ff615f0b8e9d72dca1852a6f9fc50709973e85a81ff1dcaee24
B_p114079,B,calibration,False,,18.0,24120b3ace751211d59011c1c6fdb2e430a11947b2b3081812d4ac607edc99fd
B_p100945,B,calibration,False,,38.0,f8928693ca4112b48e0c3d85c3a2fa390a2a2a10b48c9e5d0d9e31696b672afc
B_p116334,B,evaluation,False,,22.0,8eae9c0bf82a96e13a6056332710568d7aca604296070066d67eca8909b28982
B_p101028,B,evaluation,False,,56.0,c05f789c47ce69113e337d69faae72d696ccfc5e71a0fdc2e898d0a0f8e12f1a
B_p117325,B,evaluation,True,95.0,98.0,d8cd3f142b61e12cc42b0f286831759b9da4195cfed4966bd10f9678ef9fe7dd
B_p110776,B,evaluation,False,,23.0,0e3b53a86282ac8f40f9a4034a0b7514de541785f07cfd19d3e206de6af68523
B_p116053,B,evaluation,False,,55.0,6ce3f36554b661f7ab4b14bf0fb490dbf817d8aa6caf8997b64d3d39bbf1a269
B_p111715,B,evaluation,False,,32.0,c0e22ab65c8031f1fa443c217bdb905198246de418e0434a60a864dea05b0813
B_p115950,B,evaluation,False,,22.0,f85f59094278941c551fbaacfeeadcd73b7030890d7f812ca4f9b30c684683db
B_p113352,B,evaluation,False,,57.0,c6114a4b1cfa600ccae772e3abc427a469edc63513ab4d64d21c2ad280789a48
B_p117211,B,evaluation,False,,51.0,c403f6b26aff1ed76d76f1d92bfe3c2a20151f45bd3ece7fffc7a8c88b3b7177
B_p101615,B,evaluation,False,,53.0,4d62ae8436fa5deec550a873663fcdbf96be9e19b29fdd6216e33509760c0d0e
B_p103596,B,evaluation,False,,42.0,f8e29fa6d3c4773b663ed7998e2e6ed3eb3e7ec1be3bcb26d31e165fc04ab6d7
B_p112005,B,evaluation,False,,55.0,b1a65964c1dbe3f8d46ff602ff1887fa102749c8eb560209d344d24e32112d1e
B_p100424,B,evaluation,False,,58.0,459e1f0eddde39d3168c3366a5feab6064d5d0bb72356e95e3802947a47ce40e
B_p119346,B,evaluation,False,,37.0,b5fce176b02ad852f87444c25ac56854be235d30deed5cfc0fb2c7affe679d45
B_p105625,B,evaluation,False,,20.0,cf22784bf1af4a95945e74f86a11e594ff497c6f40fb86aba0f6b8904e70d048
B_p103666,B,evaluation,False,,46.0,72f3f2820d5db7b30611daccbc77f2652a845f792f870c043cde96589bddee42
B_p103135,B,evaluation,False,,50.0,d1ebc48efbd7d0c56ece2b6a3a6e299b1160f3edaceb8a5b40efb95005ee0756
B_p103333,B,evaluation,False,,48.0,0fb6357ad626ca94bef052d7d89c0f59927a7aa4c15afd65d9249642fcbf404b
B_p115716,B,evaluation,False,,17.0,2ed2bf54a2727e7f690fe2df656fcd89faa89461ab9a06234a9fd49d8b8aafcb
B_p109840,B,evaluation,False,,39.0,50f1d471fed3e23d0c15a96ab8c5196a5d5979f07285850ec3e5df67fd224251
B_p101756,B,evaluation,False,,51.0,e96c6d8b46c2b228d222b4ac204d9b9aa10cd6ab99cd6959ef5438cbc017e14a
B_p105669,B,evaluation,True,80.0,82.0,068b8a554fa55578bfb0e56d77b5744eaedf80567aa53401174041ae63e4e987
B_p104693,B,evaluation,False,,56.0,ee44df5eaa242997b17a9ec925d962204f8a3b5d434f7e29a501e06dbb6a2a53
B_p115555,B,evaluation,False,,39.0,81848ea27bd43060cef827315662e5b299c2a9027cefc2efd51e73147e312c24
B_p102785,B,evaluation,False,,36.0,8801cd6a4492f9dcc5c6e21b78ddad2efdd1e262837c9d0688d88ad22ba9b380
B_p117825,B,evaluation,False,,37.0,0b59342056ba73ec063198fd8452222b3795430eeee0f99614f473fccffa097b
B_p109984,B,evaluation,False,,49.0,30e1dea0eeb24186e0b9b411e12acc475eab279edff70dee12e874021070e971
B_p119972,B,evaluation,False,,41.0,f8797a2be7e35a0a5d0be69e3ac251451b80529b569dfcfc9ea7684b595b9177
B_p113606,B,evaluation,False,,55.0,6b4d993c45cafee6244b2cd17d97136ce084f96f7010b9e8aab051c5d494a964
B_p112646,B,evaluation,False,,21.0,33a222e56458cb9c3a9b9dc8418a66f83b0254ef5bf226dc2253ab899cc4c2aa
B_p114788,B,evaluation,False,,20.0,e5eaf48a003340508f0e978053aa2a63f342435a9c5b799ec2c813c24727cc88
B_p106704,B,evaluation,False,,96.0,ded95f11c43eb8d3420918c84fd6a66e89c1572573dc92f8ef3324f61234a5ce
B_p102049,B,evaluation,False,,36.0,18cbe17b77172b23bd6f21b26fbea164615bfed3055688489bb1235b75bef8f5
B_p105816,B,evaluation,False,,37.0,e5e52fcb52a1782717394ac0fd165960910addc6d1b5c8aac28f75f4f46fefbf
B_p109345,B,evaluation,False,,40.0,0d2b2c2163400a272ede0f12e6892103adcb397cebec3229dfdba83e359ad446
B_p110149,B,evaluation,False,,47.0,8f8a291dfc303fbc678519a257000b286e88d1a7045509c3ec1fdd1e880f8f8f
B_p112706,B,evaluation,False,,24.0,2493a447dfeffcdded296a447f779814d1b0f0e8cabc067c54496a35120b9fdd
B_p112162,B,evaluation,False,,37.0,383fd9a94b090e9e7fe6e603645a2cc6eb5468d4673bf7651fb9c7fd9742ce9e
B_p119984,B,evaluation,False,,53.0,6f3a6f725751642004d113b36bf9b1e3f98c44d7daa9d741cbea8a441004f3bf
B_p108517,B,evaluation,False,,53.0,d367cf252c78da11bcc3e693353e45b5cd317a76b24a66628bbc0488bd6c454c
B_p110230,B,evaluation,False,,32.0,f198e9fff2eb0877fe5ccbe1b011b10ff78769a6a89652f13e0b4195c8505c0b
B_p101280,B,evaluation,False,,41.0,bec17e57e315ffef59c2cdc1098f52368cf4b8810b929e09d5a18d874e480596
B_p104955,B,evaluation,False,,43.0,14277ccb28ed17adcde5253dafb162187e0d4d0d8bfc5db5562ae04a8a81db38
B_p101831,B,evaluation,False,,41.0,4d0c3b2d12273bfaea85074b2083549dc2a3f3a4e25b659c820a765ca62c0962
B_p115136,B,evaluation,False,,50.0,a5d3edd09671f568b5c8a9538f3154e85830dd9af8413c4b7c2f04f616e35d67
B_p105343,B,evaluation,False,,36.0,978e4f64771c08f323bb5812aa094b67ec98be4aefc7b8d8a74ad160a4f77609
B_p106348,B,evaluation,False,,59.0,21cd63d091fcff96f849f351d24dcaf1bbf33a2edee9efa5461b165986a5cbaa
B_p106019,B,evaluation,False,,22.0,e493e678e12d2eef57ec5a56ed919674f400e4ac860c3236fccad7eb70253b2b
B_p118088,B,evaluation,False,,48.0,da69fdcfeec884c9e24727b8bfbdea01956c6959fe6cdf74c4460d0b3e7dc6a6
B_p109716,B,evaluation,False,,37.0,b3b2ee080bfdf613ee78ff564ba6a3a6b9c17f8639e416892beb6da2bffca135
B_p109140,B,evaluation,False,,49.0,af1e50128201143d8935153993029eaebe581b4207b65c90a8c119a42433efce
B_p117378,B,evaluation,False,,18.0,e5f7b66b3aaf00923d8912e8689efeb75ea493fcb112a891ccaa9ab009bb9459
B_p104064,B,evaluation,False,,32.0,d862f63ea2a7c7b564f2f701c7a148e946c4ea412aa0ff74cd69e3e1c176940e
B_p100889,B,evaluation,False,,58.0,d7e79da2abf310076a62f515bf3ee46810d9385cd6128fb7149a4c85c2008fad
B_p116768,B,evaluation,False,,22.0,e228d3e21562f7848d96c94c582392705c9b1dc555c514b9bec5062f18e36ca1
B_p105736,B,evaluation,False,,19.0,41f37a1f77336139f0e54da174eeca59a29b2e22d9d78a4b66543c594d132cda
B_p105054,B,evaluation,False,,32.0,a9a716a29b4e5109f773e8f5ba5b5fa44f0411fb84fb622d39cdb5f6643780c7
B_p105806,B,evaluation,False,,37.0,72620f1428e21158dfe7e3b979f12d361e1ca93d957599c87caf6755d0a1da0e
B_p108256,B,evaluation,False,,19.0,9468ba383a6daff83bf60b25fd63942c3fa6383a2c49df31df7c27972d63628c
B_p119792,B,evaluation,False,,39.0,47cfaca19171aa2ac6d1fbbb38d235563566873eafdd25789304f9c2cf994a21
B_p113598,B,evaluation,False,,43.0,0ae4f2ed5775bdd5630e3e62f7241b401b115f5739cc49d20b0cd5301adf81ea
B_p100867,B,evaluation,False,,10.0,c0d29c78a4020834e3fd3d720802b6435f7de61ab7d76df660c39f9778e0f059
B_p119559,B,evaluation,False,,54.0,de4e067844680585895458ceb4d4f8f52475bf96374df346df2cb5c10367804a
B_p106116,B,evaluation,False,,36.0,56e9696444b25f96f8be06a1be7c4a4dfc6a21668e3e491ae8a2ad96f436bb9c
B_p101269,B,evaluation,False,,37.0,ccff14bd0a0494edc8f5988f7bfe32f79fd24c4381ba6546336b64399d7fa1aa
B_p110889,B,evaluation,False,,47.0,a96c6b63afb57dcace38e6bcbadf05ffe62af10e93f7df844432b2ce822b7a6c
B_p101425,B,evaluation,False,,8.0,b13a989a5ec1f2ac2ef495ea4d2bea1ae95efd066f8fbcdfb319ea495d8a40c0
B_p116050,B,evaluation,False,,48.0,659ca0846dfc6335f0a1f1864a83558c31b31cc95192077fe677e8abf2d4988e
B_p102643,B,evaluation,True,20.0,23.0,803715e2e2d07aff9f16c84ee8c96303aaf9eb28dc9df67d6857720c9bf1915a
B_p109720,B,evaluation,False,,53.0,f4188c9bd872c3486745f29de2fba24eee651691d1a8bae302912d4811c003d0
B_p107696,B,evaluation,False,,35.0,3a870cd50aa5cf209a4a336d85ec61b7992781f7b4354019a56dd1528c5136ab
B_p117747,B,evaluation,False,,15.0,fa5d1aa13b173fbb1d0a202617062ddab52cca9b7c353676a1b37470be169888
B_p110781,B,evaluation,False,,14.0,bd38c33242b3fe5d9dd2d9b02da2769a0efc3095984c2fab5dcadafb9084cf95
B_p104882,B,evaluation,False,,48.0,6e5d90a5fd03fd2459ee028a85da31386307b35063fc7f07586a5c621f709945
B_p103697,B,evaluation,False,,44.0,09d1c73cf62aa574bb59943535a81e046031d8f955aefd95190f1fa253b6ba15
B_p102190,B,evaluation,False,,46.0,18bfba54f41984f7bca674daf4f8c93ad1aa28c147992ea3a6f89c0c368a7129
B_p115175,B,evaluation,False,,32.0,3b4c14a0a0a687ccb3be5c1bc2e379a264d9ec93198d5fbdd62e9fadab28cdde
B_p106288,B,evaluation,False,,18.0,143dfe5514409c79a2d10a3214e983561adac937221296acca1953a8597511f7
B_p118794,B,evaluation,False,,27.0,d8b150bed8e35624b97ee2f833e10c9965576784c80e68696a6e0bfe66289771
B_p115860,B,evaluation,False,,41.0,d64e8c3c34fd8aa072c5dde7188fd134f389353fa46628c8b1fda2da739b42dd
B_p108346,B,evaluation,False,,40.0,1fbc25668971fe1f93049f1145ad150c38779685a97b17313ae8dae5f3dace76
B_p110871,B,evaluation,False,,44.0,5c9eace8854c3088971bbe9ea4b3135071bd4f9401dd79220124d9e1cd4b035c
B_p113909,B,evaluation,False,,39.0,9eaee950689969ac8c8579fb44102e690b96aa5b00cda1a06e4c52ee4a609fc8
B_p109665,B,evaluation,False,,37.0,870541aee05ac0eed4be7408878bb82dcad59acf360096d4e7f82d917cb4e30e
B_p110681,B,evaluation,False,,20.0,84d2747e0c9c9d5e23549bfa608e7574b25083b90248554385a4c5e73dd0e93d
B_p117539,B,evaluation,False,,60.0,d2429095a2cd7fd801ac3847938d9100358ce7af00aac955fc7685a89b3fb114
B_p118078,B,evaluation,False,,31.0,47049debbb8a9ea9218795e3e57432376e2b46fe6a483b43ecde9412b1732f8b
B_p108040,B,evaluation,False,,15.0,6a2ad0cc8ac288c1a15ebb2cfd374b3e4186e468c999a2b822b05d1da0482670
B_p116371,B,evaluation,False,,29.0,b3e9341eeabfcda59000e892b72faa29e5cd1a743d66cc1992f06feee3471264
B_p102942,B,evaluation,False,,52.0,278e9b5ac3458e8e1d263f56acf25bbfd359e27cbea48b4681059344756b4c78
B_p112945,B,evaluation,False,,58.0,cb304ab825a39912e67e094d0d93c85ffac5d37b7a9c7138bf26d052f008f0ed
B_p104541,B,evaluation,True,25.0,28.0,6f0d032151d73643b2b0b1095a4bc4b97ead35d3725ec4c386656e0f70836679
B_p115439,B,evaluation,False,,36.0,3fbbc8753bca07e800499f6a8fb6d683682edab1e9b7f3dec21ed412778c264b
B_p107231,B,evaluation,False,,24.0,571cdae924408646634949fb5925b9ca3654758cfb7d7af2995b3d9ecf02baa1
B_p112986,B,evaluation,False,,47.0,e351221c86897930ad712d1979d0f343f027d75fc649c9dd9a26bf0cd81f9a74
B_p106807,B,evaluation,False,,47.0,ad9597daa3e122001c207b6020a6b78527e8e16a759721ba84422c3793366b7d
B_p117496,B,evaluation,False,,20.0,827a1c3423622956c520a5ba5084560a4477fa1a5fa661daba886e08fade16cf
B_p107040,B,evaluation,False,,44.0,87eb2244f15269fb5750f117d9d964643d9f13c4e63ed984272d77d857685203
B_p105958,B,evaluation,False,,51.0,b017ccd56e6e88018e0ec0c2bfce170cdd0606c562630551ba021f3e579dd9f0
B_p113314,B,evaluation,False,,22.0,f3d8f33a47309f294aa4f32f1ddebe6b2add2dc300c206d468807a1705862236
B_p112596,B,evaluation,False,,91.0,57a3d1d97e426900eff1ddd5e673c59e8b5cab02fdb22bc8e74b7efb2bd435c8
B_p103621,B,evaluation,False,,29.0,5822ef204d47a67d1379b8c2845fdc618a3d8b5e14eccd8a3de3cef2c5ec113b
B_p111146,B,evaluation,False,,28.0,494d7a13370ff3807453de477a7abd2012f82c7ef129b12b27e6250cac514787
B_p107283,B,evaluation,True,222.0,225.0,7214b56f8535d6a9fbd5d29666a4199afd63e4dd0240fe2655454288628528a7
B_p113530,B,evaluation,False,,44.0,0b5522d6f463c079ae3ca24e569478a9b7784cf3ccec1ce4851c25b700c6cc17
B_p102338,B,evaluation,False,,23.0,3d5faf1cfead87a3216754c56190f04272de4f2ce476f3ad084b92b53853d7cc
B_p104364,B,evaluation,False,,38.0,92d1e21c027cc2a53712a1a5bcb8f5718ab0544f696f69663bffa82bde62d907
B_p107954,B,evaluation,False,,20.0,6ab684329cfea5ba17ba4cb75a7e86470c058c9ab4dd9be303d654fe6aea2ee5
B_p111738,B,evaluation,False,,30.0,ceddf342be4b459fd8531da43bea8bccc023ee76036f8bd927102cea4d37cb2f
B_p118572,B,evaluation,True,79.0,82.0,2d9cf675d60f76de172f2a44177a34daead3bc0fb952fe69c27ea6b1e49d30ba
B_p103934,B,evaluation,False,,36.0,9fd6b1e430974a466b7b5c7fb836202228abada1b48de2ef6c40a7646b01c8ce
B_p103419,B,evaluation,False,,54.0,1dc5d03d1db5ad2125f36920e8c27d9c1a8c8fa7c817c118a52e2d44af936715
B_p109078,B,evaluation,False,,48.0,5638d024438bdf0ff142eae5fb237f22d0ebd0ef40b77963ec3554ad84eee0bd
B_p108748,B,evaluation,False,,14.0,76c914300ce867740a27fdd5e55757b0586e172a7a1336c4e9a44af7b934da22
B_p106375,B,evaluation,False,,13.0,28aa8d76e6b025f5397e22fc50e182c0d58cb28a2142266b1f8e634b7511a3eb
B_p109596,B,evaluation,False,,53.0,94dfed54c2bec2edecb12c59d5fbd3d8634870336d8cfec2e5157e3c7de724d4
B_p101974,B,evaluation,False,,57.0,c374a2bd3a55ff20f1b89281a6943b0d82fc91ee01d48e3ac0149478c5217b0e
B_p117013,B,evaluation,False,,38.0,82fa1f2f92605971ed62d130b1c7961b9533aec9017adc38da23f76de7dc4d13
B_p112240,B,evaluation,False,,39.0,0f15416a78d3606b087688a846945ec6f694a1ec5d3f6ca931e810c390b2fc2f
B_p113122,B,evaluation,False,,54.0,c0c1ab200cd8143034e6e14aa64bd05bd393669e74848416b2fa2c70387780ff
B_p114253,B,evaluation,False,,50.0,339f6c3cc7569b3cfecb8878707e92eb32f27997f3f7418e1c7040ac9e7869be
B_p105109,B,evaluation,False,,48.0,7b08fb3c3721c381f653e450c9b4fb0d73c589fcab493da71c1d5045dcabf516
B_p105464,B,evaluation,False,,26.0,7e1dbae599d9da8830268cc277a1764ef9ec8705ef7b87e9a630b8b4aa9016dc
B_p102759,B,evaluation,False,,41.0,8f9d1fa174b3a74eef5191eaf17f6bc2f342c06f15c6f13d8549abd3161af1e2
B_p104084,B,evaluation,False,,41.0,95a7e27831d317b4456222fca407321e580e81bda33a902c928e4de48faf6b76
B_p102131,B,evaluation,False,,27.0,61209bba9148acad5c69a945e07dcf31e6dc8a3ab39c09c10ae8fb0e630d73bf
B_p113837,B,evaluation,False,,46.0,0d980b1ddc707404fc1ae7bdca932a95037afca7120aa7787f89dc55db0873eb
B_p105576,B,evaluation,False,,45.0,b2c592db52bb85046527480dae2b9e30f2280f1fdea03d4308729e737fe04011
B_p117443,B,evaluation,False,,38.0,e9bc61149b7190837ad4be4d70405ce6c1898e79da975879c62fa2aefc14f6bb
B_p102405,B,evaluation,False,,26.0,3f30fa3c93bc6a430d09b29cbbb618bc70f3d5cdf21cc3dc7e474e9478743ea1
B_p102309,B,evaluation,False,,45.0,2f2881a8d0d7b165b44880fa1d5c1c4a8fbd4f09c22e2e270ad5dcf667824d66
B_p106958,B,evaluation,False,,31.0,8fae5bcf4177339d914b80f9cf9d649d150ee607c0554a595dde05cb82ca49c9
B_p102053,B,evaluation,False,,23.0,59230182073a9953de0866ecb7db0c718702a118ff3727c973b5cc4f317a2ac4
B_p108046,B,evaluation,False,,27.0,dcf2657cb15f96df6de76395335c7135a337ddda7122c83127ec68ad35b08a64
B_p114287,B,evaluation,False,,43.0,97b65014e9c8d67d3a0c618ec6016b96b08d57869161d1d81d866861082d0663
B_p107064,B,evaluation,False,,21.0,e04e8f06f6bb4ebb538e80b5aa94f4e013884f52062cc0d75a2ead25d803a9f0
B_p114503,B,evaluation,False,,20.0,db9506ebde4059c31b31622dba22252533c68ccb2d2f4e027dc62f6fc0e68f2f
B_p101165,B,evaluation,False,,30.0,583b117777c975bc367350ccc0baa1729553f89a7d29c882870b2902aba3d1c0
B_p101483,B,evaluation,False,,153.0,f78874e9f6f17014034993b35a96f99582e0ba183890b6eb3a9e1a292c048c7f
B_p113034,B,evaluation,False,,46.0,e61bb3143d79c5b7a4b54806356e36c4704282816d0c1cf822ccbb5aa4c27e65
B_p110805,B,evaluation,False,,13.0,52c2c70052f91114b5396e498a629bd463e528679e774f017f215a51d2b589a4
B_p105306,B,evaluation,False,,35.0,1340c0d0b68178ee3e5c81d2ab94cf70c91dead3504a804e64f0cf8f038133ae
B_p100957,B,evaluation,False,,23.0,0cdb53be0e47ca95e87eade17a11fcfb24dfb6a6fe0587c7fb0b91588046a562
B_p108356,B,evaluation,False,,14.0,52c138cc1297fcfe573ae77ed37b0afea961914a628109bbc05941a836d80e37
B_p112364,B,evaluation,False,,56.0,b1b0d7921bb4287d662c9dfa46473052f9582d770ff1d275c06ac550f5f9702d
B_p100070,B,evaluation,False,,17.0,3feba65e021161259675620de3bbf381aea4bfe9ad7b5376a5108eff03c54b2c
B_p110975,B,evaluation,False,,43.0,a7469b2be6d26dbcaa7d26c98e42601d30f3026442dc41f3ecdb2dc6b9718561
B_p118526,B,evaluation,False,,44.0,dc3a2786b90adc14e45b854a4c94254b0a696155bc10fb0a9b26b08179728cc5
B_p119870,B,evaluation,False,,26.0,2d57e428c417a202e83c0a55eeee5e011da1d313bfc1c309cca4118cba8bbe8f
B_p117259,B,evaluation,False,,20.0,e313ed1f41b0b98b581531dab0d0a619ef3a9e785e8a1f26ffd9a32da3abc634
B_p100958,B,evaluation,False,,19.0,74cd4390131191908c73653191197c5a9172ffe64236e9c79756ad53de8844a3
B_p115822,B,evaluation,False,,47.0,f87b4bb3e66ae5a9d8310aef61909823c8c355d9efe8e325fcd8259b76688558
B_p118966,B,evaluation,True,79.0,82.0,8e8241908e23a165a9418f34106670683ca06ac5b4a33f70e4d2be258e75fa5e
B_p101861,B,evaluation,False,,40.0,4364a7a0fb1a1d09c5bc656f62ace825354fb662d900c978d7e59826f4721f43
B_p108468,B,evaluation,False,,24.0,0c953bf560dfc2a81e9abc90990b7888549eae5244466f0b59c1d4e08008169c
B_p114991,B,evaluation,False,,48.0,417e79ac70e433034ae33494aa7bcdea8c496da31f2340fd0fa7c7c9e20919dd
B_p107443,B,evaluation,False,,17.0,3887526b306adc618217ce182499d6a0a44bd7e6936af15fca2fcd8a362e27ac
B_p119471,B,evaluation,False,,44.0,a54cc05653e8693dad235cfaf45883564c793a0c32ec1018fa227ae1fc114608
B_p109601,B,evaluation,False,,232.0,89167f30f61c376c082260313e72024cf8fbcfb7c3b39c197831e4c21ad98690
B_p102420,B,evaluation,False,,45.0,2f6b84314679f17e2c3823c35f16a51bcd0c45455979103c8daf42d653074cfd
B_p118559,B,evaluation,False,,39.0,500b9ecf39f1c2a8def8cd95c0045b6a868a67f038530638fb49e608107cdd48
B_p118307,B,evaluation,False,,36.0,179aca5c5eb3c357923cb4b8fc94f02c227c0b1f39d0fc2c237c712fc9f3cc55
B_p118994,B,evaluation,False,,49.0,df90b99b56b1ed99b6936a732ffc99cbd24f2a354dd7b2c9d05811a5a62e1790
B_p105477,B,evaluation,False,,22.0,34135b7fd71df9c53ab2ac28cb1ca0fbcb7a89a7d4c7ed7a34ba3d3bbae5ca88
B_p104445,B,evaluation,True,110.0,113.0,2ebe75b30e0636be34d69caaa6d77f821f3cf3f7874f1ffc3bfb9419e45efc75
B_p114041,B,evaluation,False,,24.0,6ddaa4dc58a827a3a3ed92fd0368449912722a847d79309ac8f1bfc92cc20a3c
B_p112383,B,evaluation,False,,23.0,1dae501b362c806fbf0d6a188784439b582f8bbbd66253aa84ff58ff2caec5f9
B_p103095,B,evaluation,False,,59.0,258e7798326c6f25dd8b8d83fe9cf526485a9aad3bfe043c8fe97084b2a5e0aa
B_p113938,B,evaluation,False,,45.0,d78b4210264cd77dd19d9547b3fbef20d750be706a848ea725476e05575c6fdf
B_p109507,B,evaluation,False,,48.0,a8cc8c555479ddcf296f976a600d52e925605650841801a85a2ae0240eeeabea
B_p109331,B,evaluation,False,,19.0,fb3f94acf7fd5aa8aea7e01ddc004ff369ec6153939ed1fa0be05a5fe7aa9dd3
B_p118638,B,evaluation,False,,22.0,56ca2acc9d410342f141f0014a69089f6a968cd03fc65a13d8f1c63a82bccab0
B_p109130,B,evaluation,False,,11.0,f39bb4e15fc882bd604a75e143399f9f46b195131c944de799ac3ce0d252ccfd
B_p116365,B,evaluation,False,,13.0,f95f3ba62758e8b2f7d732f2af8143fcf493673e5b9b7bfbd5d0f2eb788dc325
B_p103997,B,evaluation,False,,35.0,0fa47e8029d24cc88d57abf3ac33b39e0fb8892520aed332c93250c71c389fc6
B_p103747,B,evaluation,False,,38.0,7ad5ade04b305f211bbead78d70a502d1693d48f7812c13fa72aad8802791f0b
B_p102917,B,evaluation,False,,19.0,d2f32800d598a52846083281ca0b58da5f523b1c1719a0234e7af2e6f1e24380
B_p113663,B,evaluation,False,,19.0,0baa2f6b3bf13a1e6313907b0711a23eaa27a95e8c0ee7e60de126062b49736f
B_p110692,B,evaluation,False,,53.0,f7f6eca06644db6d3c6721237f9447d874752aaa1cafd9a66381b08cc3018d51
B_p113605,B,evaluation,False,,43.0,879971eb83e74ca16924f3dfb268e85bce07bf378637bc5d99c51637401e6c80
B_p116245,B,evaluation,False,,15.0,503456cf8e9c57ab6c71e63f2367d7e9ecae5d831936cb6bdbbda60908bcc568
B_p103961,B,evaluation,False,,54.0,62b1363f743764fb1b0c1cd8ceb5c12233efce8511222e227a67adc229e4d0bf
B_p107227,B,evaluation,False,,26.0,690ce35ae40755ac41badc4a733fae99b5b9c4e66e9b62dfb0d60f644d0b5b15
B_p107856,B,evaluation,False,,47.0,59c620c2b2884d58da05037fce44605628d93b996031de1cb3b58f236438bed9
B_p113964,B,evaluation,False,,25.0,92d6b9c4e9e67fb90657123685a43e2a3e0b4042104e410056d8ea1af41cb40e
B_p118995,B,evaluation,False,,39.0,2227f578c6e216f0d7065c4f6581caf216b623a00151f9d94f1806009abc082e
B_p118554,B,evaluation,False,,53.0,7ceba02869a5cae752b7039f781030e00eaedad1f1f77efca3dcdd03638bb9fe
B_p107485,B,evaluation,False,,18.0,12e57bdb6478d7e6147f0eca18658d61973023238fb008df638a4b953bdf8143
B_p119581,B,evaluation,False,,57.0,ecc9a93ccb9d0598600414c62c281b6cabf8fded11dadc5535008a46d43896c2
B_p115195,B,evaluation,False,,41.0,31cc6270879f2c80d8767cdb260b10ba87bc262d46ca51d013c794057f2f56d3
B_p102325,B,evaluation,False,,21.0,17668db0c6e69822fe08754943198041ce00a3e199ea658caafa3e35d96f3940
B_p105131,B,evaluation,False,,47.0,73766aa13dd1b00f84bf197b9c4f6235306c2fe384bd68bab8923882d5d4df79
B_p118543,B,evaluation,False,,41.0,57be95dc4866d24d8cb25bd9d538680bda5a4e8690e2e7a61e867ea10fa2e218
B_p110538,B,evaluation,False,,42.0,c2170d6a3e769f4d61fe8876c2bb892c456611220341ebce5f57b4e4f8ca598f
B_p103587,B,evaluation,False,,33.0,3b12cc7c34f0926e74cb73578d164d7ddf50ab444f7557822814ceae9d507b20
B_p112819,B,evaluation,False,,21.0,37a388c3df46073110549f520728c5c312ad3e2228513dc535c799a3eb9860ab
B_p117452,B,evaluation,False,,37.0,4bd19206777cf547c047d9dff2bc5473b05ac67977eeb3f9ea688cabf0c4900e
B_p114983,B,evaluation,False,,46.0,cd827d1952ed24c8c992c5d2890dcb0172d8ea12e3addd22c6c67bdeec121180
B_p106177,B,evaluation,False,,27.0,c6e7688d113dc713c5238f6d6c94e9ac3a6c359f5a567c3e5f5f71322f6e5718
B_p114154,B,evaluation,False,,19.0,f48401d7fcf428b0b0e8448ade2ae6991b94b6515adab1dc4fc24a70a7cfbbcc
B_p118970,B,evaluation,False,,47.0,f78185d92a7bcbb9f4ddf46c6707dc93628a828f7849c8f0f513d15cbfd916ed
B_p110566,B,evaluation,False,,50.0,4d1d7fd1ff3425a6badcb147ffd31a07a184c482eeb1b381468d66683175ed8e
B_p105469,B,evaluation,False,,25.0,40a0f7224c6402817ee9f3e988d2c15a39ae90a234752ec152600478b29cec41
B_p111666,B,evaluation,False,,27.0,371e640aa1a84c2972fe80b62050c7dfaddfd69841f0d6fc3ee76709d0815ebf
B_p119366,B,evaluation,False,,23.0,667bcf748786811015b75c150de35b6447ec57c5ead3994776411d9a2faa706d
B_p100961,B,evaluation,False,,47.0,8c15aa7a35fa32f36ee71e1ea11108fede39bbf6af449cd8745320f8110d0d3a
B_p109260,B,evaluation,False,,51.0,b653d10e09a3d07fd46167d58aa67fc1c9f939f67e8235664e55078756902111
B_p107348,B,evaluation,False,,24.0,113f0454476bd8242e3b5f75efdcce051b22a014993bc69f823ac8de6d7537b3
B_p111176,B,evaluation,False,,50.0,b15b4e38dc93ad96d97dd1bbaa5bb0c9db293beec5546570936a57bfad49eee8
B_p106561,B,evaluation,False,,38.0,824d0e6bb50875afb4ef7d60eddd5da94d881e82f35f021c3fa3876e802bda8b
B_p107248,B,evaluation,False,,48.0,e5fee64cfb4fdb65f387f1dce1298e7a2d28f4614856e71a6055ccf419f30d33
B_p116382,B,evaluation,True,36.0,39.0,adb2c03306b9a9a1bdb8eb77feff422aeffbd274e86ebcaf7cb6711ca0851254
B_p115874,B,evaluation,False,,41.0,befd394a3ce7c5aabc17ce3bfaf6a3821cd016769b697762a3c3a67eec457d7f
B_p105218,B,evaluation,False,,14.0,259643a4ddae2b381ee8956ffce54f22903f954d0529acf22f0b180289b6b984
B_p114753,B,evaluation,False,,43.0,e6384e57c4d8259cb39feace1cf42c8080b6ba27b6e3fca5c0da95d412c5fe8a
B_p100308,B,evaluation,False,,34.0,9c3f28013877b70249cf329a16f3f8a5c35104b70bfd73806b531af7e04eb574
B_p118807,B,evaluation,False,,23.0,0dae3577aa03c3bd7ee18ad035b60379faf8a36f0ab4ad0bab1f62edca4dc636
B_p100616,B,evaluation,False,,21.0,0f12e1b883e7e6e615c23ad6d6e8880812e9bfe8ad1392110ee9dcae67b9a910
B_p113041,B,evaluation,False,,48.0,b6e5343c8867abcf109c5d2b5fe60b3c4371a7976531a8b072ce688b73dd6217
B_p112688,B,evaluation,False,,47.0,319ab22c982bc23f005c6dc54d9c87741bd6b033a55f472ca7796ea659db7e5d
B_p102996,B,evaluation,False,,58.0,43cf87a289611c790715373adee1e4c0137a7943e4f03bb7a75a5e11c1c65eab
B_p110808,B,evaluation,False,,50.0,b47bdbbe1970fe179391e1305ef0cd1817bd9fe964f70b99331ecf9dc8abcf76
B_p108832,B,evaluation,False,,39.0,12162c815641ba382eb8f4c4ebbaf2e78e0bf3bdf0fab8c4ae6577e84061a731
B_p110756,B,evaluation,False,,13.0,71e0e33f44cd8215f26c1c86175209d76e67d9d3a7589e6868d6763bc4d8a6d6
B_p118614,B,evaluation,False,,14.0,a4efeb12b07ff8c9764e69b1ca6b02bba5526fb28bee2b0b8d904cab0053d6b9
B_p102801,B,evaluation,False,,59.0,53440e2393c7c707a9a4cb913495075d85c62a2cdea993ea1d9820f5dc879679
B_p116935,B,evaluation,False,,10.0,ee5ef42829d2334d896fbd0a30cf4461fb9ec33fa0884fc952c4eb5c6e5a233e
B_p114793,B,evaluation,False,,43.0,1012e9e01ecf0f7afed33c54dc29f051688ab7b8cfdcb89fe396b8b137ac0d45
B_p109745,B,evaluation,False,,59.0,ac537209e3de03f822319530f5af3ba323aaaf76aac66fd6967351abdb29cb84
B_p100682,B,evaluation,False,,8.0,230daf784418ec4944b7127f1504b64440aa09aaad3a48a436d0c0e5e6554553
B_p106488,B,evaluation,True,177.0,180.0,83106e8fce3cbd032b1321d10f1826d2810e562d9a58c59f367ad0bafa748aab
B_p118169,B,evaluation,False,,50.0,a2842d38f73faebf2a6e50bbc41f6472dd14f384f2cbbfb1e99b2f5f18cbca3e
B_p101800,B,evaluation,False,,89.0,82d9792dde150bee1a51f81280fe6c1e7405648f242cf9de56f58fcee0de7f50
B_p110587,B,evaluation,False,,27.0,a1fee57fc29145b75d63c1cc1f7a9be104713f023fd756f1826686b7ab19fe59
B_p101988,B,evaluation,False,,15.0,b595685a3e6b9a1cc6faca8d9a80b2ee2319add484bf89ac289ef25b9ca1fdb6
B_p107047,B,evaluation,False,,59.0,83c394e257eff644bc222dc2652c40f0a308c282201c0f6ef7c7866448a9f1db
B_p103524,B,evaluation,False,,23.0,1d3b0f23107b7c4ec3d79c85372864586c4b1da6c6dd0ad854f5e118f00eff9c
B_p114967,B,evaluation,False,,38.0,604555c9977fae2355c23646909ae12d42c440e74696a3bc699934f95a1de82a
B_p111853,B,evaluation,False,,35.0,a044ca464ae5148bc8cae8cf22d414997335c899184668b38c46088c45234962
B_p118131,B,evaluation,False,,26.0,9daeb7967e2146b17ab0adc64700c82d72eef41262707c2d16264f2f2ae4cd76
B_p102921,B,evaluation,False,,22.0,320f6d68d04a41456f1a677fff8c286bf6003cfc75f30eb06a445696e2cd9f77
B_p117124,B,evaluation,True,219.0,221.0,ce7ee048b79598de82aa86213db70c66b7d95e6fc8fe6ae0a35df6ccfbd3b8ae
B_p104143,B,evaluation,False,,40.0,48b6bded60037e9d9c19b670d9ef2db2afa56c3a7a934fbe0a72c39a9580b0be
B_p105641,B,evaluation,False,,35.0,b3eb99d356934500005d7124a7e484cf82ac27ba408879b1b69489183e9c4bfa
B_p105028,B,evaluation,False,,18.0,24fa1b64742d8ec359c44fb33bfeb2614fd9259d50d43856c7fd5b6c960f7046
B_p118645,B,evaluation,False,,46.0,e662ca3e8ef72af90d58bbb4ff5288638cea9dec34a7be3b0af0fa91dde7b6cb
B_p103080,B,evaluation,True,18.0,21.0,574540002ef92f615cfd8a22ebea26d9ae8a862b3efd7da9db554db5829027ce
B_p110032,B,evaluation,False,,140.0,310fcf783e633cd54407ddb632f9bc1fd2e6dbaf28157e87805323ee56da8a10
B_p114857,B,evaluation,False,,24.0,2d3a287cca8423d1d9c079990767619854808a213463538fce493f9fcb915c68
B_p108806,B,evaluation,False,,24.0,b275117af4555b0c767749a52252c06bf33d07ecc468a429cee6322a51c0fe66
B_p111071,B,evaluation,False,,31.0,6c751a454f0cf19a112e730b702df00f412e997c0c15e56d13f0f43a3a02ffee
B_p118254,B,evaluation,False,,18.0,8f1cb380c190aebe2e63c5697a424c50fe02b9bba59c4db0d42f5c13f91dcf7d
B_p119729,B,evaluation,False,,28.0,e154800e7e3e5f65b17964f183900276a45a1aaddc8fd7f84e06bc74153080ad
B_p118278,B,evaluation,False,,41.0,84f8ed133ddde57583c200e83ae0278a5adf63f942d811c037addfe834698e17
B_p104252,B,evaluation,False,,26.0,0730b4ffde1c90aaac23b529bab580d46076326dac16b3d9d89edb3114b7221b
B_p118677,B,evaluation,False,,54.0,64114c7d1a5efced13c62b336d1f4251178a95bc5287c5856faf63ffe7ec70ad
B_p105445,B,evaluation,False,,15.0,ac6196316be79d45e48d532887fe699da1937e4de4240eb48ac2ba343d02ffe8
B_p106794,B,evaluation,False,,20.0,b036db4ef7873835d8467537762c6449d4de6cec65be6964307c7fbbc7c17f4a
B_p116639,B,evaluation,False,,50.0,615299aa6544b7a19749b38676f8c0d49dbd060742daa681fdd7f0cc22be282b
B_p116244,B,evaluation,False,,46.0,c95a4b36eed1be2c916de9a412dfcb8a9c26c941f975051a364c656637065cff
B_p115240,B,evaluation,False,,34.0,0b9efe2060ab4bd925775333bab432235d23908be9fe16387c1f5dfeb5f741ec
B_p109990,B,evaluation,False,,40.0,16afc298f64c503ecdd17e392aab90ce4fe7928360966618bb6317d3c3c1fff6
B_p101212,B,evaluation,False,,38.0,d8d90924c55541b93a9be1c7249c170c6b9b853969e932203374bff25ec96bc4
B_p104562,B,evaluation,False,,47.0,18050397330c006ad6949e56e15b6dec52e18884c9c8e7501e827d3facf36b5f
B_p115789,B,evaluation,False,,50.0,c4bc1ba64e4e3c19d6959e914c17671e6b8d4074018fe2d3f05f72a9aa68e372
B_p100251,B,evaluation,False,,39.0,3a04933ff08661763d17d9c6f96068ebbe0630054607554d0f01d06f846fbcfe
B_p110736,B,evaluation,True,15.0,18.0,a9c615ea20f6f627ecd834662046d0f2d70284fb20d794da156b790936e399fe
B_p111708,B,evaluation,False,,42.0,4402d828193b4c7ff9225ba64b74cea10e7132c4112438486bf40874922a5fc1
B_p101090,B,evaluation,True,58.0,61.0,f3d4a6ea8df152134f0c38f6eb11c254679d8cdf80117ea7b36d60086ed0201a
B_p116891,B,evaluation,False,,25.0,745d72bb6439175fd0a56f9ad4014920810329a37f884773e4028d5726390b96
B_p103069,B,evaluation,False,,57.0,b3360aec8f2328474e984671ebfb8d7702567707119a8741cdf32d91685171eb
B_p104406,B,evaluation,False,,20.0,7ce1bbd2b9fe387c7f4c09df86bac742b311247f5673ff0270439073430415f5
B_p103258,B,evaluation,False,,42.0,4d40673647e3490ed5063cb2c915e42a6a53312892e639c20c5b2ec6417d8b53
B_p119123,B,evaluation,False,,48.0,ec1a06d2ec189f2b950dcd50ca3f5b279c4d046ca2fe2fdcab69ebb887e8893b
B_p119897,B,evaluation,False,,45.0,ec5bc266b5c701c933c2aef44c132b77731c7f69ddd3091d35cadfa3b81551c8
B_p105534,B,evaluation,False,,38.0,91d79615a6391a08bda57db3929fec3cee21bbdeefc3d1ea490a3e06c0417e16
B_p120000,B,evaluation,False,,35.0,26242f8ad46e1bc0d4708cc12b4b452396c186fb77fe81b66dc917fcc221efe6
B_p104573,B,evaluation,False,,25.0,5a7986e16ac3f718c3d7f12c285f4ff5ed916aa5b0a0eb3cfd12a78f233a741d
B_p115906,B,evaluation,False,,38.0,fb7770ea910021fd018ad378ceaaac59f350a03f2aafc8d16d9f0088ec93c35e
B_p114045,B,evaluation,False,,59.0,dc914ec339fbcfa9102182258e64f9ad60f4c1dbc40a4d2fccdbe5750fc038df
B_p106416,B,evaluation,False,,289.0,8439b0a9ffb8dc56f6707a5e8141e9709e300ec3412cec16091e1f346b1db99d
B_p108505,B,evaluation,False,,42.0,6259a0caf31f13f4c829532d9f1a72d787a0b0273ef603a7810f5b7c2840d6ca
B_p102051,B,evaluation,False,,16.0,3b61209757a8f5baa8e5164eeb1062f419c2e88531aab47dbb25ae999a67e723
B_p119925,B,evaluation,False,,47.0,0ed78ff7bdaeaac78319ebeb205a27de7f49ce78bf0f90bb1901ecb9e84d6c05
B_p118847,B,evaluation,False,,16.0,ff44f53782eab350f4ac908aebb33a3bcfa62b25d30e15268a72db29bc09b4a8
B_p116809,B,evaluation,False,,32.0,e11a9ecd3508ddcd2b1362f33269557799ac4c01e91ccb093219f74d8e87cf5d
B_p115001,B,evaluation,False,,23.0,4e4d363bce8507812f94ebf894981fea2ef356703be187f4e6528aaf918d276c
B_p112352,B,evaluation,False,,54.0,975a144ec58125c8e508a7ecca4e0ae66fc3e1ea7bc89111b74299bc2fde9e33
B_p115736,B,evaluation,False,,59.0,c1c6f934b7270fcd8f7db29daae32a4413773e9efbff01fda2ebd404ef45a340
B_p102008,B,evaluation,False,,23.0,84f1abd2a4906000174e1a2648af7639e0b8286cd608a5f0337b9404b01f16ae
B_p102393,B,evaluation,False,,16.0,ab4d90c90c0912e3b29bc80ab6551b090eb75cd2a8e368dd4e3b9105ce2ea6ec
B_p100834,B,evaluation,False,,24.0,a4f1e1338f9c2920c806a8531f08c773ea7c020d9cc0fcfb2418d876130e1937
B_p110563,B,evaluation,False,,36.0,ea0dfcd131451e9fdf318471621fcd75bfcab7f539dcc91876cb625d02741ddc
B_p117200,B,evaluation,False,,36.0,ffe617474fd60eb6fdcfb8b20304a07cc3db2c0853fac3203ab134327e99f0fe
B_p103456,B,evaluation,False,,23.0,5b80375d4bb6ecb10453ad6c1f9ce4aeb66566f399bec2673184d79f5d5759b1
B_p102271,B,evaluation,False,,36.0,14af3359ce4ddb4868d078882c5f19ac1fbb77f466e9f0520cac6e9e8fc69fec
B_p111328,B,evaluation,False,,45.0,f0a02edeb3e70ee9496823d7836942db544456884a37f14f17d0445a3c11cd3a
B_p119019,B,evaluation,False,,23.0,6120363af3425ed09cf90ee4137ee53a311f7976bf82b24a7eb75eba076c6cf6
B_p115089,B,evaluation,False,,55.0,f093bdc4b8f6f3cdc2ba6a218e3ee60092937d31cd543e9646e7b1b99097b5fa
B_p119542,B,evaluation,False,,55.0,def7a1eb6367d41de41f107a631a6f703f37a7b4a55f0945dbd2d118e54fa9a8
B_p119790,B,evaluation,False,,22.0,89351b0228da5430fcbbccd67db847555cbdf5132bc8bb14d26984f0cb8fd126
B_p114455,B,evaluation,False,,38.0,6073192bbd7398641d0cd2b76cf346683966ab1976baaf1122cab1eac1cee10f
B_p101112,B,evaluation,False,,50.0,2b2097cfe98054988c4e78c1670de9f970c700786dc4399ff3b48e71d81b9c47
B_p107817,B,evaluation,False,,25.0,3d8c9c481dc8b567ae88885dbd0c4bd930b7a7195a3643240fd4d5e7d8bd83e6
B_p101698,B,evaluation,False,,34.0,e0c2725ddb283396149d6a5ba3b9b60b8224e35e82c3b3dab32917704ecdea9c
B_p119292,B,evaluation,False,,27.0,107e2096561a3ad1c64e224fca12a886462bf7e986834b6cad67ecc75a0012d4
B_p119243,B,evaluation,False,,12.0,6774cd9fb1c24068d456eb9d1058ab2692ac005b72e1a158c52f333d3dc85b54
B_p102981,B,evaluation,False,,44.0,a9ba2d399a8658269b209d045aaaee950a86236179198095500815d04084474e
B_p118463,B,evaluation,False,,44.0,b32e904438d1b5c1d02505b8735112256d37c107e25f188de39ae1bd3a046cd3
B_p113664,B,evaluation,False,,34.0,942abe2d5952a173581c1f9ebb6eb1d5733f53037638bdc6ce2f295fa5ad19f1
B_p105644,B,evaluation,False,,18.0,276e48382b3ae74e71c25ab45a21fa172904e38e123d8efc209eae98c7b3c24b
B_p119069,B,evaluation,False,,43.0,40c211bc32ef21d186b44b3d5f1cd559cd75b0720a7d34732f8296208525b582
B_p101760,B,evaluation,False,,51.0,10411e61d3b7a475007f2d6cced3cda4dc27e3ca937a25acc0cc02a936fb76b1
B_p110468,B,evaluation,False,,37.0,aba3fa053a759bfc076c0f112858bdfa0eb8aaec598cf5b9c53962faf9b960f9
B_p116779,B,evaluation,False,,45.0,58ede585572bcdf3a64712e624a15a3e1b48f2077d34dfd402bd0e267a234a37
B_p102017,B,evaluation,False,,41.0,04edd5b5fc640598f5157905e1d3af5144d972393a6edb2fa234de6e39cfb72d
B_p105031,B,evaluation,False,,39.0,43bb7fb6d6a525d2cc02852b6c0d47052099ee4768baaef30525c77bec5e2809
B_p117311,B,evaluation,False,,38.0,696e8302ce6cc19389414288bc231936c98aa6bc48fb169c23d47dcac638dd19
B_p114372,B,evaluation,False,,55.0,83b5f6afa72bc28572cf85191cb775c6ebaaff3c7e2164328291b32cbf62d1d1
B_p115606,B,evaluation,False,,44.0,d8ac722dac00bba44ffcff65eb5db58ecf3ce3c92a7a3cc94d10f0fa93207cd5
B_p117119,B,evaluation,False,,23.0,cd95fb80c1e927c08cafba46dfdceab8df1c42fa9544c3ecd5167ac01ae717e1
B_p111527,B,evaluation,False,,44.0,a8f7875d85c4ddf654b9095994a8ce2d07451add8f0e35aec4719460b4556fb6
B_p113489,B,evaluation,True,50.0,52.0,9fe34421138f13ba5d7bd275b95e7458a45b6392a469d1b563e1e182a8824886
B_p101466,B,evaluation,False,,15.0,66e6e84eb3b232268e30eecefa36cffcdd501265efea81510af558470a77de56
B_p101706,B,evaluation,False,,20.0,65441078d12e44b3fef0ab908b216f7f23db577068493b8b9c551421e6aeab6f
B_p109476,B,evaluation,False,,48.0,c786155801e6bd16b0bb23ffe5c2523718e3b5bcf3f4a7351d7641a4e0487719
B_p109986,B,evaluation,False,,50.0,1d40b0beed5b568d323698eba1b665e319c814ebda72ff875d7e5859a756b977
B_p108335,B,evaluation,False,,21.0,780a629e9654837d93dbf2086ecdcc1240a3ce8f69e6561966953dcd4770a5de
B_p107156,B,evaluation,False,,53.0,295b44ce31239ce29b19a43fa8b66d34214bead604b807d6a36810300547abd2
B_p112228,B,evaluation,False,,43.0,7b87e74dbfb57264557b1a568f20975d4e8c347a6642dbe8e5c54bb6c41be530
B_p115287,B,evaluation,False,,38.0,f30008a478778d8b6a71f12bf9d675e2b67078d0503b5da0610842d4c5fafe23
B_p112671,B,evaluation,False,,23.0,83cb0614267160a50b952f1c3382ed3950fc30a5338f8afe67496873645cb755
B_p110193,B,evaluation,False,,47.0,44ea78374b1bb5677d2329eb7ff6610ff4f72119ded5e2986e17e166c129718d
B_p103233,B,evaluation,False,,46.0,b0ee7be9f265d546e039b3f182505a797a242ec404bf9d81ce3c2244e955f864
B_p104906,B,evaluation,False,,56.0,90fd514486613b5422a2110c4b2ddb6efb1fc1d45167a072f9eaada0732a869c
B_p100411,B,evaluation,False,,20.0,c920d2fde8b68222e719ee0d56f1e80c186910dd2a657819ae2289015d943c05
B_p110312,B,evaluation,False,,24.0,1aee467a86cbb7aca032077df8d31ca36245663c50ca60785119a9aaab1dd4e5
B_p108903,B,evaluation,False,,18.0,bdf9b7aad3d2fd110577724b14d553123541a697392397c007ea4162927e3070
B_p119237,B,evaluation,False,,36.0,87c7874a9d7760dd60f180eb45e52b116b81fe8cc650633914275ce142763d0e
B_p114557,B,evaluation,False,,28.0,317be47369582837ec6083b63fe9523f9a3382ea66c2d5e30e7bf0b45668394c
B_p100293,B,evaluation,False,,47.0,80b5b7bb0ff83bc4af94bd6b39e3737d61fccf60085ca75dc43856d7d65301b8
B_p101208,B,evaluation,False,,36.0,3f70691b649dccf962cdaf5691b8b1ef53fe0f381fa7bc10c59ccd3b33308f90
B_p112191,B,evaluation,False,,43.0,a9faeae1be68a65ffed7fdb7754b5e289080dc96e28e3290cc35161665684497
B_p109368,B,evaluation,False,,50.0,b4b611dc8c7fa48532ab09d28925ef92c4cba8b9bdb2ca94f645d00fc8ca49e7
B_p110515,B,evaluation,False,,40.0,8ddcf642dbb23279183d9e84cb18208d867065e1017f6984c53b3c540afe7296
B_p100083,B,evaluation,False,,21.0,f5f836c09f38d3b3c3a09d01dd06888c36e5f0500c5db9b3142a4ddca3e3826d
B_p105214,B,evaluation,False,,36.0,bd5be7fa85660061c6d839bec87a90b3e8cf74e57053654decf13d81c04332d4
B_p103517,B,evaluation,False,,28.0,d260a70abf8b95ef55d576de9857dc330fa640178edc4919ffb62ddeeb6bdf58
B_p101909,B,evaluation,False,,45.0,c5a06ee1fd521b6f24261c8dc03293be16ec493000cd46d488d473019a98674c
B_p105756,B,evaluation,False,,40.0,3372b1d0cac1dbde8ba65e557340a56f14aaedc51081e40b4a97b55f68287e42
B_p111131,B,evaluation,False,,23.0,993a90edc4a76de9fdb206f0eb5f86c55dcba3576bd587da1b8746f838ec3e40
B_p115532,B,evaluation,False,,19.0,e76a4a7b4752a7d0ad1db2f607b90ff586d100b2461d12f87b4178e5e33357ea
B_p115188,B,evaluation,False,,50.0,19b70d0ba4eedc066174d0b4292c9020a752a59aad2b77956274061e6ed1dbab
B_p108471,B,evaluation,False,,26.0,beae048d9d0e1f5e20b0c4718d973750b9202ace84bfc1315d216b616287a0e5
B_p103319,B,evaluation,False,,50.0,19a84eaedb2bb7ebebde0d374753a59278aa74905dd59c527db46668bd15fe60
B_p119263,B,evaluation,False,,24.0,87acfe22732ea831b957d540ab8bfd69b7a6ce13d6569a8074e1045ed51e9620
B_p108082,B,evaluation,False,,42.0,f55487b2c71ebff21d879df60a46bdc9047ac86deaafb9c9f4a3bfad9f03bd9f
B_p108715,B,evaluation,False,,21.0,c34ce1cf2b1875af63f08c71d94d465f835113ef4d4e0b9c33b88aeaaa38f26a
B_p117285,B,evaluation,False,,53.0,d24d5929baaac6084af989e975b78327935c0feb99e093a242d80e2c47911c8e
B_p111107,B,evaluation,False,,44.0,0c8b91a65d1d81f6c7354e2772a322f8ccecd4d7c4dc3f48f5a10db9a1e8a8f9
B_p106412,B,evaluation,False,,19.0,cc1409005c2b577cce8985a827cd3297260ce3eea4cd8bebb0cd4fbe28e46615
B_p107779,B,evaluation,False,,15.0,bca08e01e245fdab46bb7bb481597aa216a44c12bf557f0f6ac603a45fd7fd0f
B_p114752,B,evaluation,False,,8.0,0a35c08d3ef7c2ff89125d9b6ed8982035cce3a7328d561818be6368892ae6cf
B_p109515,B,evaluation,False,,44.0,211533030afb245ddf010ab7817eee29a90b7980f698319df45504f065ff6f8a
B_p112569,B,evaluation,True,59.0,62.0,69f48ccd3d61aa53caeec37a53f2b82b5e9a97ac716ee2dd477a2924895ba198
B_p105948,B,evaluation,False,,17.0,8ee4420262dc67c76dd695a7fb117267e47bcb935fd2bcf0a8e9a8e940adbf6c
B_p109021,B,evaluation,False,,38.0,1fbce02c67e2c51c3c7c8e41c028bcaeefdaba9d13614d136c80ca8cb423c15d
B_p112138,B,evaluation,False,,47.0,b9ca1d108da44a1331b3237b7e8cef4eb27d1f98fb23dbcc448355779bd08230
B_p114011,B,evaluation,False,,22.0,dac3fd7b65d010b261fac12175f278f4481e57328d7595e87d340e6ab5c62077
B_p100237,B,evaluation,False,,57.0,6a281ccee9d6015156c40975fe9a6137609b631dec6504ee3cb7f37672887cc0
B_p118875,B,evaluation,False,,24.0,2188908587bd89d91d0bd1eb55a1875b6ec26a96a192567c96cf0c28eb1b43f5
B_p113524,B,evaluation,False,,39.0,0065eedcca793580cd51825f2137fb33e0b8075a9c4d99b8679ececef2e7ee13
B_p111591,B,evaluation,False,,18.0,4131733760eaffded8d559ad4c7e12350efdccf2fa9321e12f4a423451967705
B_p106452,B,evaluation,False,,38.0,7dfd80cf49d2dbcd225cac60e0333604bc1eaa478c5fecb0f3c155bce26b5c1c
B_p114355,B,evaluation,False,,36.0,0a635e28ed8e2f5e2a289e3c1da3168a98162f1b226631797b2cf4021356b167
B_p107286,B,evaluation,False,,37.0,0c6eec4cb75098dea33f0998634b2844b57689176757f1763334c23170294bd1
B_p100976,B,evaluation,False,,20.0,ae27c46c2950eb813d54eef779e9046d13bb74fe3a0cdad9f9d6f51adb722b3d
B_p112362,B,evaluation,False,,40.0,0c445bc9e44b6a623024c8bba0ec9cf21a9b1eb70adc3a13fcedbf5164fe6436
B_p109489,B,evaluation,False,,43.0,15585ff94ecb5460961493122bc19627956a763710acbece8f25d9548a3f5e46
B_p111046,B,evaluation,False,,16.0,03ee7e885259628a27c5d4bb093b019d396113553dab29691faebb78cb9fa8c9
B_p109234,B,evaluation,False,,47.0,745f3a9f8c159267c36323a15b2593ad5eb721a27b3ec5bf5074d25678c789f3
B_p102577,B,evaluation,False,,46.0,cf26795ddbf527c6d12224d6f4af598f10b2a8d8a4c90a0e37b2f0bb73e7ad64
B_p107545,B,evaluation,False,,21.0,2d78f64ce854853055fa9ef2ff38115bc63d2a94b7feccec0067fc5d15d9d146
B_p110967,B,evaluation,False,,21.0,4be84733eeba9c3fcf5f57d61caafa5a864d1b846033175ec2a94341caaae2b2
B_p105733,B,evaluation,False,,51.0,6a4f6a269cba76c7a609244802a628b00d7038126eea2699821cd66444ee3ac2
B_p116309,B,evaluation,False,,39.0,80480e54508050e6b270e3f460eb79a8cd6de32578a4a80bf06b346ef310999e
B_p115593,B,evaluation,False,,65.0,3f544615b41b2489cd0b6997d70a6467ee58b13db4dc068bb530c8a3dcdc4b93
B_p117535,B,evaluation,False,,18.0,3b365bcba404a63c91aaf1fdf923d8968be83f5155c0df83daaf8a7fc13add0d
B_p101833,B,evaluation,False,,13.0,b903c44ac8f89a417aeb367fa3bf5a54b556826e546270888e535a6c278b3e7a
B_p103582,B,evaluation,False,,41.0,5f0eba3ff096d380dc79e16603700123381affafc5ca601af4805a8e3854a945
B_p113085,B,evaluation,False,,28.0,a794849698f4331a891525c1539a953b5bcc7939a4c7391ec09064b95ab0309d
B_p108495,B,evaluation,False,,38.0,8efe560706f6eb53ec71dd77af1bdde021fe3e9330b5559e56591779789acc05
B_p111519,B,evaluation,False,,54.0,e1efeb6cb897e0dcfd2caf11ab43c654872f8b00db00ebc5a5c61a98ed86e268
B_p117333,B,evaluation,False,,19.0,55ed316f90583f2b7e241d5d125b04d4ce760bc2f11277be3f3036eb78379344
B_p108915,B,evaluation,False,,24.0,ef591ea27077e30b35c20dd7f025878dc9845978f1162086250e750b1cea246b
B_p117546,B,evaluation,False,,18.0,82111b3147e181e6b23a3f9f6575384f782b76bcdf5f97772f2b8b3f57fa8859
B_p114463,B,evaluation,False,,55.0,8e6e4d0c6f56dd12f8197d084344aa066c48cf00c479d947bb9a364ae5b30211
B_p110485,B,evaluation,False,,47.0,b6caf9b79805e3aefc74e608d424365b854a993586e70a467776663f50661023
B_p108672,B,evaluation,False,,49.0,a549560773471f8dfa45aaecf2390563e749605a953beb179c66859006c3fe08
B_p113462,B,evaluation,False,,40.0,9c4d50b418b8a5d3f610d5ec07bc18d7278ad923a53dbcbc94db6144aaf93489
B_p105405,B,evaluation,True,203.0,205.0,591db968c0887435e0fdd569621499ad0c908f90e5b6e73fdbf6f703a937771e
B_p118429,B,evaluation,True,23.0,26.0,fa131b1c03f97ee343144b3c049d226f967efb06cd8f15c959dfc96c23b32005
B_p109684,B,evaluation,False,,25.0,d126b898f11057f033921bbb0d42d35354492d90a1e2235c5c042a5bee0a0317
B_p113360,B,evaluation,False,,13.0,86a3474b7256628c80880f6c1a4ce286c885401b8f8de0230ca4b7c8e3bc8c7d
B_p101366,B,evaluation,False,,22.0,9933d3128eacaf4f2555b5b8288c01962ef9632a3423cc6e287376ef6b00eff2
B_p105662,B,evaluation,False,,41.0,af39d4f4b81558aade285d899fd963f869b5d4ff75ba2778e6b4d89526135d28
B_p104880,B,evaluation,False,,38.0,3100a3d8da424216eb3b2408b74d16eab9e202f61920b7e64a8b1e741866503e
B_p111720,B,evaluation,False,,56.0,af8a9669b7eba79049230a253b7ae5397902688aa58a2ca5749d291d2ae7eb06
B_p103570,B,evaluation,False,,21.0,881c0e9d32580e6d60170480a1d609a7b468748e369a059dba6f198427b214a7
B_p113532,B,evaluation,False,,40.0,0bba60932f6e10add454c8cca2263d86f495a91518cff314c0d5673ce0f41d1c
B_p115561,B,evaluation,False,,38.0,1e8e56d0efa196a25d850e1640901c83a81a51d907840610e70dce84f20030e1
B_p103634,B,evaluation,False,,54.0,b63d34e65986a4ddc5ca46b457489f4c885ccd54b594fde6e3c7337adecca89c
B_p110322,B,evaluation,False,,56.0,00a1804e1d6a107ae061d7459e94fbe1a3da531bbc4e1cd576b89cc65f930e14
B_p100564,B,evaluation,False,,57.0,795c376f952ef08eca1620bb46c5803f23e9c9f5d6d9b06e08ebcfbb278cc9df
B_p108575,B,evaluation,False,,49.0,4cce73e0b652dc0b1aba534f2af79ae081932038df869461f7ad5e4a21a8dd38
B_p100073,B,evaluation,True,25.0,27.0,513b60fa0706e4e8554220d063c224bbd97443dc6ffe9a4f463fd4472ff17863
B_p103081,B,evaluation,False,,45.0,65b0648c441e72a27fe48c093c3ab2a61f7abe7eabaa96937aba8b1ccb21bdea
B_p115045,B,evaluation,False,,58.0,403785cc35e6ab3328d72303c3246f67e8086bf483977c203690fbc9c5164c39
B_p115704,B,evaluation,False,,21.0,b3eb0d92cebdbbd1bd5e8e0e593479f45cb7316b64d4fd8d26ef81d476a3c469
B_p108347,B,evaluation,False,,18.0,3cb10b04af3841b64b518a98501fb46e35bde0a6edf37282cdcb682e17f2c6e2
B_p104429,B,evaluation,False,,55.0,728b60e0fad36ba222f7a5288c1e6af0bd0b366656fee8890e03b05bd8197a74
B_p115046,B,evaluation,False,,15.0,d525210779c6dd9efb7af45200a705e0c72f90ada4f5fe41d9e3f76dfb5c7030
B_p116880,B,evaluation,False,,55.0,df6b49b63b84fcbcfdf6e2bed607ff3e06f9f5505bf8e941a0031a521f6e4802
B_p107657,B,evaluation,False,,58.0,f43a175d11300f8787ccdc7189decd07689f02f40bee0d1b012c4594cd6919d5
B_p104047,B,evaluation,False,,47.0,08b6070c0066ba70b079df497bdf4e8eb237d8f6663680a9b0c4dc5e07c03401
B_p111364,B,evaluation,False,,38.0,49cdfa108d71bc288b7f665d3e8c85bd087638dadf84b14fbff7a630736bde56
B_p119154,B,evaluation,False,,25.0,f4ac3e0a89da024cfc250dd1f17c5d0913910a0501ca5cf96a81f56293ffdf9a
B_p114541,B,evaluation,False,,21.0,9f78517e460cad78a1abd1acd508d05fcf4c9b7c3154104b8023344728f1ae0a
B_p106506,B,evaluation,False,,45.0,e97b18a18806508bed74c7196a02d2f973628c92d0ed97a50c96563c719957ad
B_p101115,B,evaluation,False,,54.0,6f206249baef2b2fdde9f4ab31463055e3afc4905f2336d2e66efd1a28638c51
B_p112083,B,evaluation,False,,57.0,be51d416b337b780f8da92ddec2ea443875e98229b64567f13eba8cb9186e99c
B_p114117,B,evaluation,False,,46.0,99d56a1758c71eb6c62ccbcaea8d90eb3320e434607ac882eadf00f224c411cc
B_p105354,B,evaluation,False,,37.0,40fed86f32e18b1df7cb76ff7b712c1562228fa9efa1b7f7874359add4f24488
B_p112153,B,evaluation,True,19.0,22.0,47db5021ea366eab512c441278d845de62e0849ed254847ed2db0996cef24318
B_p115147,B,evaluation,False,,58.0,8687ed65dab7fc30b55a2ef511a52c1837507abe55362795cadaae4086b5f212
B_p110909,B,evaluation,False,,89.0,3096cb1ed2a94ef6fb1c9a2142834c2049ec4d0c27bdb6add2415d8df958290b
B_p107787,B,evaluation,False,,19.0,784920180360b7caf3b4bed4251fdd1d180e41e652aa9f37a150063a33520d53
B_p111086,B,evaluation,False,,44.0,6a2304d19d02a7c82499e1c43becdb045877f305c07020fed225affb2c4764e8
B_p117081,B,evaluation,False,,40.0,e06975c8c104931fd20df4405c7475d15fb9eccb5a2436e1896c657ed3893260
B_p116224,B,evaluation,False,,19.0,43c82df6626b4b2c9d07edcb8f0c6771dd4fcc8804ccd4afa078b7d292ecaebf
B_p104388,B,evaluation,False,,19.0,bfb7bb27e11a4fcc8ad78d27f628f7d1d4eff2327c87b2878a1afcbdc4ba081a
B_p116287,B,evaluation,False,,41.0,c98add52a8f912ad24ca4b9cc01b2691cefae2f3a55224a80c2bc935c7f8f825
B_p107290,B,evaluation,False,,27.0,baae3f7a65c8000e4fcfe662075edb6a379f2c0027dd73503c5d2864abd36645
B_p105286,B,evaluation,False,,49.0,98527e60b428de3b77fa2a196f5cc344e335e1528b0833a25a65d99fc2542694
B_p104410,B,evaluation,False,,53.0,a86d593b6a6cce38fc6a1372161fb31af351cd5a1b6f90ad4269315a1d51b075
B_p109168,B,evaluation,False,,46.0,4b54055cdcc398bcddddc992d63300bd8daac2fe89dc120925a121f6134ae919
B_p115999,B,evaluation,False,,18.0,bd6ce14b41b39d49dfd42b8e076c25a5abf8fc71ba4864c1cb71b58c5ebacdef
B_p119148,B,evaluation,False,,22.0,e40a250769ba9a8149473eab16f66441797c3b7544b967454f813fe50e38b90c
B_p105490,B,evaluation,False,,49.0,076b834ee662700a14c3dc0c0b4669f43efd93f1caf005aadaa1ff1125ad85ea
B_p101238,B,evaluation,False,,47.0,7d87453ef624a4852dc6d6b6eec44e5bd8f4e9ec283e1e1a6938a3ccdf0b7ff8
B_p109142,B,evaluation,False,,22.0,4ea61ba4d73a7c7866e48d7b6a544111e9a463728545e4ce6148483cc54f72e3
B_p111177,B,evaluation,False,,54.0,ace6cef00f5669348b540a01efd7422b7fb90cdd393f5ca6a9beb00e0872ac26
B_p119669,B,evaluation,False,,17.0,b060a61d5b723bc419d60d342985e72b261867dea68013fba1a6064b5dcb1f15
B_p101938,B,evaluation,False,,36.0,433764f744c3a1c6c7c52a81035872948f8e4cd5a1e1d5e0667e1e428a009bbd
B_p109035,B,evaluation,False,,31.0,c969c963158a4f447bc322ed0e358815a1aa1c930a17e71c81467cdb56ad6e96
B_p108857,B,evaluation,False,,39.0,e5e88cb2ffe2e441b110937b8628566b4e4638de1cea6a23401790df808b7a8c
B_p116996,B,evaluation,False,,32.0,6ec711e0001d8980b9722d16e29fe383ca34e1320bb7816c57c2f6f5812c3736
B_p101152,B,evaluation,False,,31.0,7922d42c4c112df848ea2c5b5f0374d106edec6ce89048da69bf7b8ec05379d9
B_p115937,B,evaluation,False,,84.0,14ea5f5af2f4e4c975fc20a1e847c86564deeed61fc463203a7d981e3951c9e4
B_p108537,B,evaluation,False,,27.0,a6bc9932537d6131f85b8cbac4de32ea7402bdef66e9d7648faa1bfede3656b7
B_p111346,B,evaluation,False,,47.0,6fbd9a10d5d63937dbd72911ddb138a576c22d788c6eeb7a1a79bd77a966f2bf
B_p109910,B,evaluation,False,,26.0,ad7986b8f820185900688098894e39d5f49f7add7bde441189fa93479647c689
B_p113040,B,evaluation,False,,40.0,9fd943bbe341ef67402ecafad8cd00b024c0b006181f852d771ea0b114a1425c
B_p111882,B,evaluation,False,,40.0,11508fd078358823d209206de796289ae73fcd79eff9800d51e99accaa118c9a
B_p115897,B,evaluation,False,,44.0,dcf2ad38138528e8848ee8e6a3c5620d852a7b1095c20ebed823799ddbc27805
B_p115982,B,evaluation,False,,39.0,feddf8da966aeeb2e6ab02c6ec76da3493da05c35637684e2e1c46130658650f
B_p117097,B,evaluation,False,,44.0,d852c310842d3b3683411bbf62f503a364feaca84fbd048c263e36f22df3b812
B_p115367,B,evaluation,False,,39.0,62e7d6a855a29e53b236892c204ebc75f208dcdbbccdef239ad68282a42d6cfa
B_p115052,B,evaluation,False,,41.0,425edd5d1ae7abb514c86f16c6db6680f0a078b2a90ad92671ad6eaeeb5d76dc
B_p108360,B,evaluation,False,,19.0,14663fefa3cede08d1812df9db4aefa04eafd1b983ad65f72e3322111b0b54b0
B_p109108,B,evaluation,False,,27.0,fdf28897e237989f84be882d591935d9b1fcc64a9308d676ab5a6bb4589b54a4
B_p119709,B,evaluation,False,,39.0,005b1f44c6aa79ce5f4f00d89c29403c046968766204b2e3465805c906d43e57
B_p113911,B,evaluation,False,,26.0,40d354532838371c8286baf273424726fd1e2bdc57f5c59fe1a1aba2fff889b4
B_p101602,B,evaluation,False,,43.0,1e7ece4a74e83d2bfd01278109d353d218635393c37d854a8b3e9772c09363fa
B_p103605,B,evaluation,False,,23.0,48d7607a9eefe0b7208cc6494aadcd16bf27c6df3724dd74cbee70917a468cb7
B_p108529,B,evaluation,False,,41.0,c36618942b8f732eb75af967a51ececa9076ee95b2f4879367689e11cc5dab52
B_p110229,B,evaluation,False,,20.0,e29e6afff706250c2e4f18c0119e25123b58f143d15cf936ca67502f5959e287
B_p109123,B,evaluation,False,,46.0,9079094c8da43e30685c094ef5f9369d7f03ee087a686abc57e63b5d22d6a4b8
B_p102194,B,evaluation,False,,21.0,e7adbb2a3c66629dfa8d7a039fadb39b315f3adf6986cd31ebfb6143a69e339b
B_p101531,B,evaluation,False,,44.0,3d355c789e836f63dfa59070f7e52d0521ad03a65bd0f2f57367191c80b1a266
B_p108810,B,evaluation,False,,21.0,776e56bfaef4cd0652c2aa88347f03c235728dced5be48b90f69da7ac3dedb09
B_p119256,B,evaluation,False,,46.0,f9278b9a7a61d25599ba075828dc7a2877eb878cb0c6caf00efb4db4f784f84d
B_p116602,B,evaluation,False,,23.0,09d7149d744121ea0bb81e99fc56e1f88c378d7a9ab392dc97e57a3c9317fda8
B_p113535,B,evaluation,False,,24.0,1becbfaf0568b616e5a6a03518ec647c5727a7956756ddbcd5e53f329c9a55bf
B_p112637,B,evaluation,False,,39.0,ea2bff6d2dca831eb2164451a3247f488cf96d2bbe112a4daf06f60709126a99
B_p103176,B,evaluation,False,,18.0,c9f18910da217e88ba7e5b349579a198335459f6e62c2d3ab33c91bd640b3404
B_p103936,B,evaluation,False,,46.0,b07cb055e6f3040b965a6f08819b0253da87d3fb890c1177e1b92f88dfb3ff9e
B_p108705,B,evaluation,False,,18.0,b9dc0f39e398d41640b9a938901825df1aac38e253294ff502a72d7edba37566
B_p117162,B,evaluation,False,,19.0,da0fefae8d90fe45c82c8a9bb43dae24a44467803927fd206c8386da58c13698
B_p112626,B,evaluation,False,,21.0,b2d1f9313aac665d3782ca9b6aa017713be781ee3cfe2f7259e499954f5baae1
B_p105860,B,evaluation,False,,50.0,75d2c5752708e27e1f772895ca5bbb1b1a4fcd16d70dbd35de33c3c576c2ce42
B_p117997,B,evaluation,False,,46.0,d4a25722603b924af6bcc01a2e3b772423d67a3e7494f1676c3db5d66ca01b14
B_p113238,B,evaluation,False,,52.0,3cc9d8cb98c370fccbdae8617e94e5a4421c422f7d487cdd08273c62682f9708
B_p116591,B,evaluation,False,,86.0,59870d9bffea1e76f1a5ab1301d406f5ceeb0403de892bb35b6d8689bac775a0
B_p107677,B,evaluation,False,,36.0,cb7fa7a3526430a70abcc48959c944db7a835e5bf24fff98f61b284b2355747f
B_p111239,B,evaluation,False,,163.0,7710c0e148aa09d04d3ed06a4a13e8c0ed166ab80c16a69eb09c0122ad674965
B_p106269,B,evaluation,False,,19.0,43fb03ce59836c961159a6e8d412aed79ad9955bf303b78a54de95c0d2d9ad30
B_p113141,B,evaluation,False,,56.0,4266151db77e722c081b9ddb4767baedac6fd7d3ebe0775a52c70fa86d7ff4c7
B_p101486,B,evaluation,False,,37.0,33a2da5c2b3a734e9ad00b40970b21f51186928bfa3e9702e0348168be089ce2
B_p119700,B,evaluation,False,,21.0,fa6c5b6fea76de0e4fb8d64c37c7841934147b1e20169c6561db4d367b5ad954
B_p117616,B,evaluation,False,,45.0,41ca0c505cefa9b1c4c4ccb4008b41ba3494cea99b31502e8364ea12de288273
B_p114325,B,evaluation,False,,59.0,811adf88b5ee5a5234c333e8bac18d3669b2d913a208a89e79c4b9331228cb6b
B_p101450,B,evaluation,False,,49.0,c649ecca42bdc32e119f0f1bf8d940244a4add0cb08ae4ece6ff79aaebddcb1b
B_p106688,B,evaluation,False,,56.0,271608a33917f7938d70e8e6154e78835ff33cb6d0835227bc6a2f6109aa7d69
B_p113482,B,evaluation,False,,28.0,4b593b42e9c4efd219a8300f3073e12c1ba41a4c27283d072ec7b47111d3f398
B_p107291,B,evaluation,False,,36.0,ab1cc5d1281bce197fcc770869c6f44818a5236d37eab91c47421d4819b00672
B_p106725,B,evaluation,False,,44.0,81e0de6d126696f962c4a0bcf0c840a6b5f021d024b426aaba0819d69ff2b6d7
B_p117929,B,evaluation,False,,24.0,30a8faf4c56d6caee00b126b28326d5acbf96ef7161814cba935cc2811dee3cc
B_p110798,B,evaluation,False,,43.0,61fd0781d83040577c773e5769cfb88e25165ea871a19a302b0b1d428fdd4740
B_p104164,B,evaluation,False,,42.0,062d7d8010119ed9050eda3e294a9d3cafeedd7b470bcd934f39eaaca0b228a0
B_p100979,B,evaluation,False,,54.0,8bd0cae1516cf95c71520cff21dd9d698d146aa3e5b2d2eea69b660cfaf86cca
B_p101137,B,evaluation,False,,43.0,cfc66439c38fad734f1a3e0c184168c24b53b4be06781a31f12d48b360dc34a8
B_p110882,B,evaluation,False,,43.0,76b08a39aa153c254d045b7e1601314a0f39fde328b9cc59049fb3df57d775ff
B_p113497,B,evaluation,False,,38.0,d7de9fccffcd46e59cbaefd2f2908565da97852638da8c0dbb080aec3f6fb9e9
B_p112422,B,evaluation,False,,50.0,820e2e2354bf15214f37995409e0ff6e9ca99e8fb8b8f753735ee696ff033199
B_p104215,B,evaluation,False,,37.0,8c4effafbdf86934f483c2a240890047ef56f3ea285413af7b373de4446dd1f2
B_p110657,B,evaluation,False,,26.0,8332e93157a7373964d2b4701b16b9fc2bd01d2ef3babaeeb582fc0711985274
B_p116803,B,evaluation,False,,40.0,3cc3afafdf4368e00e35c32b0174f1198d419404f9cd93dd430ad0244ff12564
B_p118137,B,evaluation,False,,36.0,ce04286ec9e1f954fcaddc38dc52f74c992419c7c872389f98987c6c90990226
B_p116439,B,evaluation,False,,336.0,d2c104a0e8f3d821bee49156b9490ce1ce4788e4cef2b3493cf0deab963535d0
B_p117478,B,evaluation,False,,22.0,a9278bef4e1ce366c7e7c89d670b3debf8c5f7ae59e4abf22de0118376b31cb3
B_p119752,B,evaluation,False,,21.0,671006552476c20d8b51fed39c5dda71393759735f621e3276106b851671a831
B_p108248,B,evaluation,False,,21.0,2fb35bc60e0a2ac243e6862536130ff36500cc2ae5e82be3339be5d4abae9979
B_p101015,B,evaluation,False,,55.0,941c8f3f1d751063c2f7f36250fe02861da577eabae0d7cb682ec8e9b67b033f
B_p100277,B,evaluation,False,,40.0,a17b29d69e71e0535bca1ad7a038f1f6e8a6ab86ec359acd12eb32aefd32a2e9
B_p107225,B,evaluation,False,,39.0,00d457698c7851c5c79a510d6a73f1721b0769f9716047979d0e9404bf713b42
B_p103787,B,evaluation,False,,57.0,a0e51767cb5ec1095bbe0a85eb8b6de0889028de82e10fb758937c45203d5100
B_p105623,B,evaluation,False,,37.0,60b6d45866840a7c688163a5929853b4ddb888cf94218add3092ed239c6eab1c
B_p101134,B,evaluation,False,,54.0,2c9079665ae23f2eb2e97e972e085479aa2d738237d3ee5ed989097e86ea2b05
B_p104799,B,evaluation,False,,27.0,c4566bab4f44301c18a49a75c7a5a047ca2693150d993067a62204e8bf2363f1
B_p115376,B,evaluation,False,,37.0,ce7aa5b70a268fefd1b5face492b0e6ca3224ddc30e8e1cb15dfa35297a44599
B_p111310,B,evaluation,False,,23.0,4a82a6206d39a2e7fa2f857555b7f06a6077c97090bb7ae58353172925e1589d
B_p101542,B,evaluation,False,,25.0,6156c64695e63271980ba9fcb511b3ef7af5c7b77f5570502a1d6a8a57195505
B_p100467,B,evaluation,False,,35.0,54602127670538dcf21224491ec4b8f9493699e3936cab16dffecf4c37e17835
B_p101658,B,evaluation,False,,41.0,f940aa315687dca44baf8776cda4c3a344551ca36881099b9207d1ff4ef46e7d
B_p118438,B,evaluation,False,,41.0,b81a487857df362f3e5afa6e923defa1026c5cf8d9df854329a13166020244cf
B_p110720,B,evaluation,False,,18.0,1e3310d83195e8bf5e584a3ccd0d14d4012f6a2cbcdde33b145c558028c8402e
B_p118345,B,evaluation,False,,9.0,0f3b6ad3cd333831d8d5ebf6c1baa71b928b0beb6d327e40ca6ecc484bcb02e7
B_p118537,B,evaluation,False,,32.0,14f5ea196011574e5a6c54653f768b9e69594623f3888c667dd0a0fdad5723f8
B_p109268,B,evaluation,False,,44.0,a810aefe8081b06f8c8c579ab0bd4f09231dd6a8fc5dca35167acdba21706b40
B_p110857,B,evaluation,False,,21.0,783e39ecabbc296bd93483430d3cf6826a92883b1b94e0baeca7204fb6a26603
B_p113659,B,evaluation,False,,41.0,f4a6ae2317ada44d6eb4680ec99fe469258b346dc5e4f899326e94bdd7dfed78
B_p111574,B,evaluation,False,,19.0,f1113cb025f06b8aa9eb3eeed4db9dc27d0dd609b73aaed836eb7e9fcaf45a74
B_p100366,B,evaluation,False,,22.0,d78d53799458823bba00d89b1c981a180411006a682c7b4828d66cb03198f971
B_p110444,B,evaluation,False,,38.0,0fd9cc58e1dcdb4145fe3f151d34fb20ee30725514f0d19e404df57738b78009
B_p115838,B,evaluation,False,,52.0,a1ef98d070ee98532cac4c781812b324d785b6ecd664ff9b13c95b4edf8f953d
B_p107828,B,evaluation,False,,55.0,e22fa87c08c90f41b82ee9fe97133e38893ae412d4230a9f9e79eed539401f6e
B_p108879,B,evaluation,False,,51.0,5159153fc8425a84c49e50a4d388f1d932e2d8fda48403fd0aa2ec3fbfce36d0
B_p117844,B,evaluation,False,,23.0,1ae7cc92a0e149617283b6d8efdfa67ad29719454eb9b71e0da0a4166022475c
B_p112427,B,evaluation,False,,43.0,c0a40b8e2b311a12aec62c97d73738e83efda3474986e3a77f0a7703ee83f6c9
B_p100445,B,evaluation,False,,37.0,2796e4cbc2317cb917d177c41c12cd5fad0fbeab22e9353bb820ecf834b87761
B_p114710,B,evaluation,True,17.0,20.0,c69163fa166b160e11360b2098949e0ea17783dfe0a3a30a8852029731006f3e
B_p118074,B,evaluation,False,,55.0,2dd8c56363f232fa8fb806915b9b0b4185ef117beeb42aedb833fc43c6a6d0f3
B_p119766,B,evaluation,False,,24.0,a5aa8a9990c0908d964b9e3f0df17c5865e02e9a9ef017431143d3e0273b6aeb
B_p105229,B,evaluation,False,,51.0,e21d88b1f3cd89ce1acd65d2d607581bfba488fd3022e5b97bd95cd56905abdc
B_p109873,B,evaluation,False,,18.0,1c6a9ecb469e7dab48a9a0cb07d15a7cc61a1c2d2c57e9ec2cdf47f685dbdd86
B_p106481,B,evaluation,False,,21.0,1e105317e56c2a71a2bb80fe6527b41c1fb8d1844bf21910748e4802b56d4eb9
B_p102908,B,evaluation,False,,17.0,3fbfd9d7e93f52c50dd37b2f130248825fb047af901a5cbe083ea338657105ff
B_p114970,B,evaluation,False,,43.0,d975a8a491364dfa8a45050b7170c319237a6793762834734e7cfaebae3e6312
B_p108401,B,evaluation,False,,37.0,2b52607910d7dca94c13f71ee59b6c09fc88f7ea46d5b3ae7927b7d4d63fc7e4
B_p104721,B,evaluation,False,,28.0,a99de063efcbd2855bc41a3e3393301f6f30bff0434b1644e9fa3d6a3c65b179
B_p117394,B,evaluation,False,,16.0,1121604a9dc860aefcc6feb8461ba4384eec03cda158c7a2f9c7366bd3349a05
B_p113012,B,evaluation,False,,30.0,8264e9d541d39ba28aef670aa05a1dbd4aaa8b64c12204a557e8b3ec1da14409
B_p112333,B,evaluation,False,,56.0,a21307fc10e712c479cf9bf6c739b00f8b61c5adea05e33e47548571b940b141
B_p114957,B,evaluation,False,,21.0,da5f72b9e721d6004ce05b8ec6eed037a0074a29b23807b77ac5a953140539e3
B_p106487,B,evaluation,False,,43.0,a73476dbbea16e4a692a7e4980a8a79e709826bd8471343ad3a0e2b111ea1deb
B_p113342,B,evaluation,False,,48.0,a8d1d177ca08b391139ca82d8224187a03ce9ef98ef01160fc4c516cf48a98d7
B_p104976,B,evaluation,False,,38.0,161da7a6fdd70977d0742c7d01bd35065912272410ccd71b3c5b741a0930cfe9
B_p106660,B,evaluation,False,,28.0,876f1833cdb96bf2a5bd36686fc1123c68b65c6525df990830f214ea7036d48f
B_p103683,B,evaluation,False,,19.0,e719fce77cc56804c3457536523a2583d89348fc2be42daf570f1a65c617b462
B_p101085,B,evaluation,False,,17.0,cf128febe927e3175cff69c5ca4d36f56bac56004a9035942bc7b6f20c83ef1c
B_p116689,B,evaluation,False,,14.0,2abc0de5aeffe92d5cd50ef11eec3f7ebedc581595e5dc33df11929ecaace2ae
B_p112039,B,evaluation,False,,18.0,aa6bf77e97792247a283d39e1870ab667be492bc1b768be60e476e7e6b9aa643
B_p113940,B,evaluation,False,,23.0,badbc8a5fc809fb501bd3e006430bdc59eea42b1ce84e54ed1bbaede8aa424a1
B_p112526,B,evaluation,False,,41.0,f7a993d698f9ef6b97fcf0147e9e70ef37a16e57b26e55bcba9fc189aab2d70e
B_p107445,B,evaluation,False,,129.0,2369dedf4e0227a6df0996398fc5c38aebeba4ebedd8fd1a4bc6e5329cb8c741
B_p101368,B,evaluation,False,,21.0,1c8f2e8416cd1d5c08861b5abb26b676da1b734c2f80e4e39d079d0c86e38308
B_p103645,B,evaluation,False,,54.0,ad66c34970a55cf11b28c7c5539202dbb01353f15f1847d957c2da58b4ed667d
B_p113805,B,evaluation,False,,26.0,8980b4d377e3f12bde8c61669f2a747101890e7e45758d6583f09b29969b92cf
B_p114523,B,evaluation,False,,24.0,f5ba3a3301af8d3e58c003b9afd74330535819677636665e1b558a55119d799a
B_p100085,B,evaluation,False,,39.0,e943f423d977360d4ea5ac8981c68a6856a5817e71ea6366ecb658941c250e7c
B_p119913,B,evaluation,False,,54.0,9dd6a6a6ad0858c4547248e0889989626c9f896786f8916ff25c53e5a9d4b459
B_p108919,B,evaluation,False,,19.0,b528ae73a96fa8ea656832877027de83aef9357af4d8c2d7ae9bd1c51b31423b
B_p115717,B,evaluation,False,,37.0,e001ab31f14064019bb04a780e09106b5927acc179f55d3769a715ef64e6f377
B_p117610,B,evaluation,False,,43.0,f512af5b20609ee53a614683b111b7745d55b367885b7e7d5c3c06095c068d9b
B_p106120,B,evaluation,False,,26.0,5aeed9720e2c15a9cd87b9f61117932844859c6ace688de9d63c6b6b4771777a
B_p106266,B,evaluation,False,,44.0,3c98fc32b67e904c7cff3831873d8afc81a977da6ebdc02cc00406e08f0c9dc1
B_p106186,B,evaluation,False,,26.0,ebd24405caa472b099f5fbd249055f6f817df896895201209c10d6d217224be8
B_p110671,B,evaluation,False,,48.0,dd39d9218826429abb84bf8ed1a1dc30a0511a14157d9a3d1c1b95fa52760373
B_p112911,B,evaluation,False,,55.0,dcd1d8ec1aca4b409548816fadefb7889ee88abbcb06501f45c350a53a72b4ea
B_p119182,B,evaluation,False,,20.0,a7f19fc5b748deaf5d854c63ce697c50725f640767e716b531063958be9921ed
B_p118391,B,evaluation,False,,21.0,6731575fa130cc3a445ea71ce40c9d40906fb0e5a5e26be72688ea525163e476
B_p110954,B,evaluation,False,,49.0,29d6936356bce90db28ac7739de217040cc271c8b79aef1f7312b8241e1ea53c
B_p108453,B,evaluation,False,,22.0,66a1513e3490474826a89a50c03f145fef6093ea4dea97b8930e8d30edf21fc6
B_p105562,B,evaluation,False,,12.0,fe54900f330f136dca55e63a94adbe15bda93bdd4a7c19f29ebb4482cb3a04ac
B_p101285,B,evaluation,False,,48.0,ce452294000d02521dedac97bf59d5c1c53b223cf985f113428e668ae03406ac
B_p103911,B,evaluation,False,,20.0,da0aebea6c33562363c5d2224f44ae3c80bb1577132763cb966331390e904161
B_p119304,B,evaluation,False,,18.0,4e1db756f3c6dfdc9c927b24c6bd725e9e30194017912cb53835962f285c7d3e
B_p105040,B,evaluation,False,,39.0,b4d3e5c40fb636e7cbbc4829231988bbe3263f5b25abe34eb77077ccb0544462
B_p109497,B,evaluation,False,,35.0,28cf1120e13c7c77116e7b4759c96a4d01c0ecd4d8dcf6418144027c2f5440bd
B_p101661,B,evaluation,False,,41.0,ec648f2bdc69f25273cf63632c1a86f27f34e7acf6c1d8346872a8b4ed40a0b6
B_p115514,B,evaluation,False,,48.0,589bc2950eda1313f73eb0d9241030bd8111075bc896b9732fa47f7fbf07196c
B_p112037,B,evaluation,False,,51.0,623a7555c85e121b3d063f5e13a2fcfe812152c524a63f56b9411224e783a84b
B_p116844,B,evaluation,False,,40.0,27b904bbc2c84ad4a05d9b80ffa13dc9ba4a988cafe0d68c49820989a78e1229
B_p114068,B,evaluation,False,,55.0,2a0b8890f8b31d31d0ea68e4460835b9a0dc842ca528c8af20dabe7d61af7259
B_p118846,B,evaluation,False,,25.0,8239e5fb6e98a8ca637f8da7c51b0ad3ff6f04edb1d6c0e86cfe8ec0051b533e
B_p114971,B,evaluation,False,,23.0,2df6dcd7460e1a736a1461107aeda98c385ceae337f4a80a59675be11dc7c327
B_p101002,B,evaluation,False,,54.0,6efd8b4584eef45fc7ba643737de0f9fd68fbba7866a8af08b5416344ffdba13
B_p117534,B,evaluation,True,181.0,184.0,f41ed9f94857daafaffe4f2d1c11e16d7baa94c4be3dedb85ad8863d68943854
B_p109508,B,evaluation,False,,39.0,5650364a571ae5628525380a1a8cd171ad201454f686d2c7043760220aea217f
B_p104078,B,evaluation,False,,20.0,125c00b5b87573f14643eaa79640ae5f6014cb83bfded8d5836cca2121439b3b
B_p115665,B,evaluation,False,,23.0,30167308cf4c2c0fe306f744fc0db33d71b5065e022f8986a261d9719315c2c0
B_p114638,B,evaluation,True,18.0,21.0,ebd2b36298da0895aeb9aa4d7f124a54a1fb307922c15cedf087b8dff113a72b
B_p115779,B,evaluation,False,,38.0,507f00c6ca8cf01d89c708c15a28966cc873b61b809527a0402ccd1c999cafa8
B_p112563,B,evaluation,False,,48.0,ca098a5ac9d8c493d7df958283841bde367d354d5e25bd2eadca50269f500ce8
B_p111442,B,evaluation,False,,17.0,9ee15f44c1f7344ac0fb9ea936337c0801d79beab9eb9eb414375070c7d64306
B_p107463,B,evaluation,False,,34.0,6fff70e2dd8da67157c3204aaef1c307bc21f695652ec71ad2ff8c53d0bc5f17
B_p101617,B,evaluation,False,,10.0,ba6b7d1c981229dc915032a6901215d101f869f21c875a79d7b2262fcb5619c5
B_p104319,B,evaluation,False,,25.0,e1a856b768f07e606e3bb5d89dff1b75b94e3bf9d541573bf08d9a06fca8e0e4
B_p115625,B,evaluation,True,19.0,22.0,7b372f06f809f51dac5be3bf24fb203df3a5466883ed2d9888b0a75e6916f0e2
B_p104011,B,evaluation,False,,44.0,82ca9dad4373b7703ebba6df2a9d9adbf585d7f9fcf99795bfb4e484b1dae7e1
B_p109397,B,evaluation,False,,17.0,207180f7293acaaf9ad7d5d9eb87abc5ee3e7f103e9f5cd5e39833d14a715a82
B_p114754,B,evaluation,False,,46.0,59e9ee11da43de55334155be7724af2d2bdeaf8a72edb970d8b4b6a109d2d1d9
B_p113527,B,evaluation,False,,51.0,7a2abc2352da0c81157d64c749a12472eb820423dfb754ad24ad9d6d7ff51db4
B_p117249,B,evaluation,False,,31.0,270d8f7b4e2672bdfa7b86903cc8d98145b697948e6b1af5560b7d42818ac5ca
B_p117935,B,evaluation,False,,43.0,5624a50188ebf1c20f8cee998703d35b9705db57f1f36ac4b9ac058ceeabd278
B_p106576,B,evaluation,False,,39.0,4185415978c7c6fa72e34bad8e436d41ad5f50fe12af9c00245f2f2ec99eb069
B_p101415,B,evaluation,False,,40.0,ae87a2bbc3e3cf3feff465c4f3822d387c22b070574c900c73173d324e1deea6
B_p117604,B,evaluation,False,,45.0,c824af4f4da806deb6a6efca81b2b33481bcc40d8962db1693b284bdbaff56b1
B_p109801,B,evaluation,False,,23.0,05bd0751ded44dd0bd4dded07a0df7fb99bf843895d0b2e0d447c35d6dae6686
B_p112128,B,evaluation,False,,18.0,aa655517bab730d95abe16084772da36965606a230c44e5e7f4b9dc6a1caa447
B_p102104,B,evaluation,False,,41.0,9a672abc6f33203429887e72eee704f2be35e1b9601e4ce352bddf5dbc7e04a9
B_p101802,B,evaluation,False,,36.0,7c40fde916eccb67551a1a4734dc2b2af752a488331c112a0aacc57833172a63
B_p116815,B,evaluation,False,,22.0,d8fd6f196d50fc729f03fa32e772a9b7ca25b39f2454f4f483826aa7d17330ea
B_p109779,B,evaluation,False,,52.0,047a25f045d54c186b75c7ee9567cb1ea76de2a06c10b41abe81164934a03675
B_p105022,B,evaluation,False,,42.0,f119c101a8a4313adb1876b5ae71191a040007e5e71eb88231e12eaa237da982
B_p113707,B,evaluation,False,,21.0,4b57256cf8f4bcfd5126af3a2cbc7b5e8fc83d799e8ce6d5a2e6163bf7e4205e
B_p117710,B,evaluation,False,,38.0,cb5e1c42c7536d75de6817222eba21acca0d64666e3648d52fd0645caa0b3794
B_p113983,B,evaluation,False,,22.0,f407168db36c61f244c0876d7ae008c1662abc6962a4108bcb285fe478126cf6
B_p103714,B,evaluation,False,,27.0,10ac38f4470614a5709954135179e29b79ebaf00ec8036c86faddc34aec318d3
B_p119109,B,evaluation,True,65.0,68.0,27c9016bed34f28fee18ecd07303b0150947aa11aa4167113edc6c74e1cc3207
B_p109803,B,evaluation,False,,45.0,3d851199ff15e33e53f412a905057235f1d60d7d60642ff56104935a5114841d
B_p102603,B,evaluation,False,,53.0,ff843d5054f04716bcf687c4d65a23512be5146c6446812083e2b3333a072818
B_p100873,B,evaluation,False,,58.0,3505bedf72bba651101ce8562f7dd9564ead3b05ae5c727eb5807441765fd24c
B_p111588,B,evaluation,False,,10.0,50e02e2154ee878d918d6085108b62f1ab414412c79ff8619763b6a78dbf40f3
B_p118936,B,evaluation,False,,22.0,916e42f8a0f47eb8ccc17d7f9bdfcf0b5c14533c2a032c45cbd966041ede0988
B_p105340,B,evaluation,False,,23.0,0ee92e70628ff951c3a0de816d4ecaa6e242f56a4cacae0d4adf56020ae9a2fc
B_p100395,B,evaluation,False,,39.0,b204cd122115cd74dddd2e53675d45c6fdc7fec4f3691eb6d3b2612c4bbc4ac7
B_p119483,B,evaluation,False,,43.0,b126e56c5b28c2c5a28e5e553f5bdc19e318a8fa723ee2c2b0c32a0c6a17db6d
B_p101840,B,evaluation,False,,33.0,7f0c03aa0a425ef52094ce5b49738de43b8efc38e1e4718976cf28b2894b4bce
B_p115219,B,evaluation,False,,38.0,7b4b0a4a63608573bcdb8657be160d6a6138a77898527762473967a80f3ab6ea
B_p113918,B,evaluation,False,,50.0,180d92349bf35a410d347d03353c2fe9eb77d7e2f2aaff329486c215c24387af
B_p104807,B,evaluation,False,,40.0,6b3bed36f876b75dd45f73b4dd5281e13e76eaa61bf9d6ab16262b221119e68a
B_p116220,B,evaluation,False,,50.0,af4847669e064da4e86fddae1387d19312e6a2b16bfe106ae9a2697ef16ea558
B_p110902,B,evaluation,False,,65.0,ba0d4b4f0486f8b78588c9ffd36399c00ff04e3c50a702d07e8a7f270d7fc36c
B_p100905,B,evaluation,False,,49.0,db735079b83649e20a1b0ab7547e537fcd944e5e50f54d7dc5d12bf8bda287da
B_p111488,B,evaluation,False,,36.0,dc664007f49ab81c00dca72a2601130a370671ede680f470becb8b5a77b58e3b
B_p100854,B,evaluation,False,,16.0,ae520ef1616c199c88eb09c0e34fcdf504e283ae8f95cf2c548355c08ac0e8bb
B_p113995,B,evaluation,False,,30.0,887c1dc7e2a7d2d5b243bb3f17d47e4ccecfc00b5fb052a47fe95c3b464388cc
B_p112903,B,evaluation,False,,37.0,14f7a52741fa263dd8348e16dbc3760ed04a4e63054a70b2e15b4e5407aa6374
B_p103302,B,evaluation,False,,38.0,faf4ca7b14e352f714ecc05f071927ad70b3ee14cbb7d5c3dcc1b13ad52f6b06
B_p101998,B,evaluation,False,,19.0,1f59602ffa2a98c0306c99874f2ef48ff79eace31df8c96312a30c60e0f26a60
B_p108870,B,evaluation,False,,50.0,26d40bcffd1d507e6d804cb9cb4b957a4ca0e43419641ebca5ce2ce85a944044
B_p116165,B,evaluation,False,,58.0,5dc869cf0db0c74eb11d9c049e9e33fea44a86d7894a06578d908903acb3dad6
B_p106837,B,evaluation,False,,53.0,076d0a27bc51f68d082f1aaf3eb94bafa864c924b8d8a8e151bb501c1fcfc497
B_p102189,B,evaluation,False,,49.0,2bdc24b9acd1b9e207eddc5cb44fc5f77772ede59f6be4fd122daa0558f21dd3
B_p104923,B,evaluation,False,,47.0,e5dbd6b95e063e27d8f53cbd6ae64f5b30c930c304b69b364430349d135addbd
B_p105263,B,evaluation,False,,42.0,c7ac967cdf212a07603edd568a0fd78a61ae214c91925616e08647df0c791730
B_p104578,B,evaluation,False,,46.0,5f8d6083fdc11874edbbfdba7676d8283fb2a4ccafb6949609c3037e21275342
B_p109577,B,evaluation,False,,19.0,f1eb9b75ffc9c118eaedc76385909ab6d49ef98a4ee16fac7b94f9a37cae1b35
B_p103811,B,evaluation,False,,25.0,03dd51218675dac14585bfaa5d737feb141f04205e6bb992c335e7f915ea599b
B_p113593,B,evaluation,False,,21.0,13dec9fb73e97cdcb2a829243d6b42630c4cd9d171dfa82203438c03b25aadfb
B_p104382,B,evaluation,False,,21.0,3a8e3d519c0cb048a615f2197db7c30239c282163d1b0a1d8c0e179a652a871a
B_p100495,B,evaluation,False,,23.0,fb5c6ba7f0c781973a96cd7adba821b835c40e832076db7caa6792be8883ba9b
B_p103829,B,evaluation,False,,53.0,9f7d95d61815c9b857de2a6a3889b36b3da76b1979ded02e59f605f58f8320db
B_p102595,B,evaluation,False,,23.0,4b750646a881bb6b17fdb94ed9e3c1de7fe97389404eb3dd65992467271d4784
B_p110881,B,evaluation,True,170.0,172.0,aaf99558d406ed3859dd97a5db8184a492dbc9b62404ee2a3197972bded956ba
B_p114839,B,evaluation,False,,17.0,d40d6d28c1f1adceff6200d9f242339abb32d2bd53e62a23a9c72f58db39c95d
B_p116684,B,evaluation,False,,41.0,87c496abe04a7197127815c370abcc7d17462d585473a32c2be4bcd00868ce73
B_p104234,B,evaluation,False,,42.0,2aeed9b4678cfe177802122ced8896b292f939e523417bbd363f5e85236f4a08
B_p114097,B,evaluation,False,,40.0,c22204993ec2314e10e8eb08cf9eb473f2f19e094227ad21f5a9aa4c069a181b
B_p102165,B,evaluation,False,,12.0,41837261cf90bb94015fcb77349a46f8db753e7b2ccd42b5e1380b4a788a5161
B_p109080,B,evaluation,True,145.0,148.0,c602b06271700f096915a2b814d463f52d22674a0612c8730f57cc4b77eef121
B_p103349,B,evaluation,False,,57.0,f5b8640c14f13a8ff8b8b76131d52ddc7f27de04e411f412722aa5d1f64c01c2
B_p104690,B,evaluation,False,,51.0,d07b016246e82d4ac596f63b36db1ba48c53130b6819994fdddb04e7a9417c3e
B_p112505,B,evaluation,False,,37.0,229f2acfdad39fe82eb2d6ca9409ebd06828963f8aab4b3b7dacae19df040ea2
B_p103203,B,evaluation,False,,21.0,b520420f4558052b48d5d172dbb8a732a1e11032d4778b912111e372df233689
B_p113420,B,evaluation,False,,21.0,0ce7d738c2f23f91ec645403d55af780c9f98af07312880b1f69cc5f2923a09c
B_p109621,B,evaluation,False,,21.0,b5c90d8aa65056661bde2a4a9b73d6369a94f2ca8fb5bd417da72c3bbd811bf0
B_p109495,B,evaluation,False,,30.0,15ddf53045c3894bfb1dfd0a34cd9a1fc43f224b89276051aa6ade63e96dfc9b
B_p114177,B,evaluation,False,,15.0,10393955bafe13068925fa730abf56d64a6899f1d744752f7423f431d5b5280a
B_p101365,B,evaluation,False,,18.0,34edbaae193500aadad5fcd29761065db3aa64c05095d1e63991e5bc4ab07a36
B_p114981,B,evaluation,False,,54.0,5bdab3057f57d9b1519f573e33da6b0f6ceed8641e95aeba5c01e1dd6e83b2c9
B_p114817,B,evaluation,False,,56.0,04c98e8858e4c87c449d81d9d393a5156ebefca67d2d1ad9877c1b88a9937a5f
B_p101571,B,evaluation,False,,34.0,df5e5505f8fda6e72a9a08b4825a9e5c6263bee41c1f86f58755db13bc0fc5c0
B_p102090,B,evaluation,False,,58.0,b5b799bbc3338ce4ad707ec40bb5a8d9d1a934a714a66e4ce7f51423551c28ec
B_p103364,B,evaluation,False,,20.0,03ef1eef1302c1df2660bfb5e70e3bc00eb95ef57b9a9bcb7a53815a2a90ce0c
B_p103481,B,evaluation,False,,19.0,1d24e69ba0acfce2dd0d977e591d72a9ddfb312fd02a6813cde6f1b7b3b69e3b
B_p103800,B,evaluation,False,,38.0,9496db6f159401549504649ea74fbbaa53fcf8832df526a6730f5d774636dd4b
B_p112389,B,evaluation,False,,49.0,827981acf1646354381d1fa0a6d5fd4d3416c71533496220105b381836440593
B_p100264,B,evaluation,False,,28.0,8da7f1956e88dfe5495b06152c001d20fcb402b8f3f03abe109b545d7829cc80
B_p117629,B,evaluation,False,,18.0,29ef124049f05f2f7526bc7e95c8638f2e06c4e98a4ffc9f518db4d374a478d8
B_p105813,B,evaluation,False,,46.0,1e392af9546f7c9b487c28b66abffa2e39d9fc106865841efa1bc06cdc10915a
B_p101964,B,evaluation,False,,26.0,61e9eb7a02965892eb9a1d2c8dd60f4ba7f0561dc8f152f29de6195922e08328
B_p109835,B,evaluation,False,,39.0,e6ba4387daca748062b6d3bb899b293b0a950520bf11e861ffc192fd877dab56
B_p111659,B,evaluation,False,,34.0,64a3a69421519ce2c09162ed053db6d0df84687079bfedb90138eb39d008aa7d
B_p102876,B,evaluation,False,,35.0,9445f0e8b14ee935c5cd08f33a71b797550876693e509214aa428bafec7788e2
B_p110910,B,evaluation,False,,20.0,5e551077ef1e131a516c565f8f6b81f446ed9a611028d81ee0ebfcbe496a5590
B_p103868,B,evaluation,False,,22.0,bd27cc8da6feb4e5901314761b451beabca9697aa11dbaef1b77496987baf61a
B_p118601,B,evaluation,False,,25.0,7eae1368b99f3f27b8b7ed12808c464449cada4ff365da93df92e91133b17213
B_p115477,B,evaluation,False,,37.0,c1335d4a6330f3b9120cedca2b91b781a15261dcac4086f99892ce64fdcd5e36
B_p100820,B,evaluation,False,,58.0,591a3438f187e242f2b4d84165c079a6bc112209f3e0ab6fe2350264a03ddb81
B_p105664,B,evaluation,False,,37.0,c4546a279828f771c27d5a0e0e5c325ff8e8a1a30b5e565f9277585311050acd
B_p118235,B,evaluation,False,,22.0,f17034277895082ac582e4443a2394a82c7a8b764d7cb9c041e50f63464a7888
B_p106137,B,evaluation,False,,13.0,f39ceb4c1b4ee22cf4f605dc5bdab8abd2883ff5a3749ad18d337954170b1193
B_p111266,B,evaluation,False,,45.0,9fa25447cfca6537a28ed98191480625653ce31543421be314b9ba9e4bcfdc12
B_p111927,B,evaluation,False,,44.0,e0c31a9b046b537fdb3be033ed2a651d955c8d116294ab3741b4398f616a7723
B_p115452,B,evaluation,False,,22.0,3815b80034e45cbaf0f949e29709a356490a4232f028ee5000ac235735dcc358
B_p109253,B,evaluation,False,,38.0,b59f265074071d2cf937710a4aca0d9203548421e152c1662f1924ca31a3c787
B_p105027,B,evaluation,False,,37.0,61bc85e3abf5eaf8a390ca1a863d7056d16c4f87223c1310b995a0245cf3bd01
B_p116960,B,evaluation,False,,46.0,bedbdff16936f59047f207da9091f1364e48298971ec9935ed5c714f70f77801
B_p101855,B,evaluation,False,,44.0,71646f9430380bf94626dc06ce4fbaffad319f4561fbf5da476eb32131c11531
B_p106007,B,evaluation,False,,45.0,b7d135432b802fd5e7b95d46f170d7b88d24a0f27b6bf285e72c15c491ed897c
B_p105503,B,evaluation,False,,18.0,360e8b0cb3b67e739e1bccbf5c65e5d1ed8ded0431d8d8ea652e95aab2a8ef94
B_p105738,B,evaluation,False,,34.0,b3f617681738661a34c0e3d8b773f1f1f2745b6baf0ed5884579750530b2b7aa
B_p101821,B,evaluation,False,,39.0,160cdb6cde5b8c96b5a510d74db2d3ab05ad929a1ee54f7e879ae589412a4583
B_p113001,B,evaluation,False,,47.0,849d2aa4ee0e914c77e37c33ac08b324a64691b5d1b46b833e429ddad0eb38b3
B_p118695,B,evaluation,False,,51.0,4c9875e9bda2fa6dd13b23a298d2d0c3f8130c7d76d2ef39cdad10a51e70d407
B_p104777,B,evaluation,False,,45.0,db20db167950a4ad77b8cd097a163658f120c703f269b7b097d3f13422cd8d3c
B_p101169,B,evaluation,False,,19.0,a65dcbc7b04484078bedc07d18ded470c02beec11b322cbf624cde529f03b3cc
B_p111703,B,evaluation,False,,25.0,3de91c102c2fe00308956f3fde3d5f76c81fbdb70f23f9cbed9601f12f43852c
B_p108350,B,evaluation,False,,41.0,d486fd05c9890c2db4a90a6336e0b1f33adfab951253a43be600aedf331ef126
B_p104723,B,evaluation,False,,45.0,358a9c1957647914c30aaede920f6198669f7c4a3bb0a7a5a3e407e0aa5f043f
B_p110999,B,evaluation,False,,41.0,3729c14caf3504e1966702c7a3a960f7116acd0baacf2614b39df6eb3cbf01d7
B_p112850,B,evaluation,False,,20.0,0afb598bfd01bb1622ab3cb3fff5c0bf28a06ca2ece6821900f59d868be77b76
B_p100253,B,evaluation,False,,20.0,a8b5233a802327577755f64c80130860f469b04b9033a0de89b82641669d9068
B_p108525,B,evaluation,False,,26.0,eeb7b194bd963d05140230fa650445c178bfc10f1f83c41c85461ba90b583a84
B_p108212,B,evaluation,False,,44.0,ef1fe67640f57d9bc6d9f3dca85b53f2645a5019decb4f18147fa41c627d45d8
B_p110060,B,evaluation,False,,16.0,53eb7e2b70319f735b2381df54bf98667e755de187af32ab0389edabf1661d77
B_p102108,B,evaluation,False,,38.0,1fce74001d0efb00d6a4d042f861f4b9b32429f08ab9f436165e2e048c40aa5e
B_p119797,B,evaluation,False,,38.0,d857f4e451d8629e11fc2186237f3b1276e0e65541270a78e9366dc171615ede
B_p118925,B,evaluation,False,,38.0,534a1d9d19ddb9841166a44cce5b68e9eb46e62ab156f0e85090de25c74f6c99
B_p107130,B,evaluation,False,,37.0,c40eeaf1eca035f4bef7b2f520c46f5e9d67eceebc56a4623193197dffea6c7a
B_p102062,B,evaluation,False,,46.0,b189f01f7d80f1adfa822ad8a4f90f6a2785fb49d6a20dbf91cf2bc8f2023ee5
B_p108308,B,evaluation,False,,43.0,83bd3451e46e4b832796fc5fe2bd6062df8defcebdb96169675e9dfbb73840b8
B_p102605,B,evaluation,False,,37.0,3a9c36e6f96a9e4c227024cc5143f328bdd54b4cc298a359651933bfcd7af476
B_p114876,B,evaluation,False,,33.0,e5c1b1e52e7bcfc892e2ac73b1e2bbe6544a39e1a7d57a52142b293428640b0a
B_p117879,B,evaluation,False,,47.0,5669ebb1a598a628e37d0854e9db55ed5b5ec5cce4d67e54e100da28e07279f5
B_p113921,B,evaluation,False,,32.0,2899b02c729e309c28de6853bb2f78485d5aec34a58ee9cf2b38235398184bbc
B_p101432,B,evaluation,False,,28.0,d72866d426bad69bae6c73a0a4adcebb280a2904ccfe4dfd0c08ef8da41357b0
B_p119435,B,evaluation,False,,15.0,fb80138752b4a6fcef65cf5a600fb1a91c9b46cfb6fb53814ddd8ff8d9f9cd4d
B_p105007,B,evaluation,False,,19.0,913586db4428ae205b4568195bcb864020089e57acfb08e7a996f80b240d3183
B_p101762,B,evaluation,False,,23.0,c6cb93729f1f755ea13c8f6138c1f038c9c6993e0ef3fe14f1ca527b824da772
B_p110684,B,evaluation,False,,30.0,105d7faa52031b68084a37a8a3203994cc075d8e39b880b7e8804194fac80347
B_p100658,B,evaluation,True,107.0,109.0,71771c92ae7ef8c926acc05197f0870f37aec7915538605681fa28705d161008
B_p106339,B,evaluation,False,,25.0,0cedc5ec1272261682898298dca45c5cb6feb8ee7546730e3779d9f3ea0914cb
B_p101476,B,evaluation,False,,46.0,e7465bc29c9285e43483cd29ef9312c7aecd4fc864b256fcb4a4b7269db071b9
B_p115508,B,evaluation,False,,44.0,aaf1ca2f5f131c1a2a7b168ea96fb646112652bb0cf58b7685684af68222b64d
B_p108281,B,evaluation,False,,54.0,cd5247c33253c0fd046e8883c31ceaf5a8761a98a9b6b2a9a3982b73ba2ed013
B_p109543,B,evaluation,False,,31.0,080ca8302fa0ee67663830b4596a6b54adb75a3640a9b18e3cc9b82563cbc4de
B_p105272,B,evaluation,False,,38.0,248a47da48244d89cbb2581198ba4c769fd32e27ae2ad3a27773d336f39cd789
B_p100800,B,evaluation,False,,42.0,e3bbb9f85740f649a7d97c07984b17a8d64d8994287298525fa47263f4d0a759
B_p107116,B,evaluation,False,,28.0,18472a305e985315e24e7a2387b76ff9e07629bc5cc8a3bd1c00adce635e118b
B_p114315,B,evaluation,True,87.0,90.0,219089bc03d2e5b8f42da553426b88b07764aabd6fea6403b1147655d9fe3328
B_p102887,B,evaluation,False,,28.0,46c31e8f564b850026864b7743db18eb389c4fee2f1dca9aabbb342ff295a02d
B_p118342,B,evaluation,False,,15.0,5d5df1461f4335cf42217663c940d34cc807d36b37043abda0402e7e5e1da139
B_p116545,B,evaluation,False,,36.0,b71907a51c4370b3b73352946e5c2965a64afc057bd19b74f1d8b4606acdf57a
B_p101022,B,evaluation,False,,40.0,2a30fce494482398690a0c8d0416605d17ef22f5b5d3b09b3c8dc6d7ace2da06
B_p118165,B,evaluation,False,,50.0,11a232aa3829eba06f46d93ad33cc3cf30577ce67e35829eb1b6a09bb3793983
B_p113514,B,evaluation,False,,39.0,460e1a9a2ec25518025ae1c2120bdf82a62749c3ea5157a7ba8b585be2313e89
B_p117725,B,evaluation,False,,48.0,af78f9fd5a7c61692c33de14c224dd7c3d1a413d5ddc9a62c17dfc38341ef0e7
B_p107475,B,evaluation,False,,57.0,bf40e497feeb5fe08df20c4ac96f711bd280ffca49553d36b79fc33d2bc782fa
B_p101639,B,evaluation,False,,20.0,32c42d2a770605203cdd14e607d85bd4a39080e9e56d905ccd9debadf53b206c
B_p114375,B,evaluation,False,,41.0,0f92c21386ecc83963a70359d60d816e07e33b12c7dc6e95b3711dee3476c063
B_p107229,B,evaluation,False,,42.0,79161bd3b474ccbee35181aac2b20a128977fd71d5360060d3447586221da2f5
B_p105236,B,evaluation,False,,24.0,f412e7be0e3efd7f26d68492f97e0e71f50dbd3ad0517cc536498a647e9fe842
B_p107666,B,evaluation,False,,20.0,c22ad6dbfaca5d528e86e93e4b4d09a53f625fb43a6313eb2faac6aca819a006
B_p110847,B,evaluation,False,,22.0,1d4ab159175130332074d5788f5e5662d27a5c5f3ece42c07cf81a96fb4ce982
B_p111409,B,evaluation,False,,38.0,1da3acd7c074f2505af977e7e93d038e079d6c0204a5c22fa918ea3ed88cee56
B_p109286,B,evaluation,False,,36.0,7b6428646ec111d272a8c941fefc3a81b6e8c7c409173a931d255e3e91c49a04
B_p118810,B,evaluation,False,,18.0,94640e16979dd212b167c0e10514217dbc4fce9969877de3db044cb658a1ff74
B_p108577,B,evaluation,False,,55.0,85da2483e5fc9ca86dfff1e25d7ebd3516bfbd8669d21476d5d54d835dd6ac2f
B_p111417,B,evaluation,True,15.0,18.0,356332df495978862cf2f8143001b2a7620b55a48667d64ac7b67b1689ac445d
B_p106163,B,evaluation,False,,53.0,292e9ff6d8dfd5c19821aacb2bee55ccb187616a7fbef2fdb3f843bf8015f054
B_p108519,B,evaluation,False,,59.0,bac85d35e472bb4c600f0ce0b206b6df2a107f23257359fca4bf07e52c5e6b10
B_p102952,B,evaluation,False,,44.0,e1e8229d15b70fd1cd06781d43ca6391e911cccbd7d88e69d5c3345bcc25d9f2
B_p110010,B,evaluation,False,,23.0,c30b8bdc24fc8491c8acf1716f57e311cd311648a876715ea3347b98c5f7f6db
B_p107919,B,evaluation,False,,28.0,bda91723b32e9d5b02f6fe6f2b52e43faab3d4380eb9a225179b2827dc4b495c
B_p118123,B,evaluation,False,,36.0,97fbb1188ff5bf803fefcbbdb7295e8ab586f11acc7ca188fbb260db2c659e79
B_p108185,B,evaluation,False,,27.0,18749a303caefbded1c5ac9e0509d5fffe8416891a52a1d1b2a01ee833ae1fde
B_p102166,B,evaluation,False,,11.0,6defa10d1365140d041e40247d6bf8e4a3dea65a81a23a8005a1efbb7fb50462
B_p111781,B,evaluation,False,,47.0,489eaeae8d37c371a051ce507f3fa5f17368e782d1dcd3428d99c6460312e38d
B_p102239,B,evaluation,False,,45.0,ce0b31969a25fc1a93ba28a485495f979023e17ae16adadaa038c4a0f228433b
B_p111202,B,evaluation,False,,44.0,c1efb5bb492983c9a688bb971ff8a836684fd7b744c117cf05ebb86d9c685165
B_p114025,B,evaluation,False,,10.0,75177c2ce8cf18b7fad142295fd0aab2a68e2b85e50f63a1ddc52b0134d0231d
B_p110206,B,evaluation,False,,57.0,1bbac7d09c7aab75983e53586551ad2cf400bd375ec96d2d8fb6adcbed0ccbe7
B_p107131,B,evaluation,False,,57.0,0b6af8c84f9fb1dd85ecda014990acada9435a953f887c4b2916cc88d5c64274
B_p116388,B,evaluation,False,,26.0,58b40f1a6c65ab7db507c798a52f2723f26d7d11161025751e006ffedb490d89
B_p104391,B,evaluation,False,,36.0,1d058db25ca91d0b23f5a1e100714ed474c5c6fe1f94b1f91ba52834ea486bdd
B_p108187,B,evaluation,False,,21.0,dce002b4d6985fe16e0535f71035c7b8a00dfb5ae59872cfcd053ac0dbc15ed5
B_p115303,B,evaluation,False,,45.0,89f53d8b4bed27b2a5df39843ac3a04277349621f76b5ee79e67d5673b22f0bc
B_p104373,B,evaluation,False,,44.0,6d712e09849e8c60fd228798d9a1b5079fb9401e11899dee2bcf195c67c2df6c
B_p110033,B,evaluation,True,103.0,105.0,f53574564d9627852675ecb6ac0547788f71077419107c79689333296d065f5a
B_p110567,B,evaluation,False,,51.0,a368364c1373aff8fce2845b04e75a41455c1453cc6e7d03e60c8eec2eb53882
B_p119853,B,evaluation,False,,58.0,6366f6425bcc8c484a0a2c8b6cd31ea3bc3a83ffa6ee6f475b7959fb5d8a1bfc
B_p111011,B,evaluation,False,,41.0,96a105da79f471a0288ed091a6cd2fe1b117c632dc1a032e8e6997f33efbee5a
B_p111680,B,evaluation,False,,25.0,8513aefdf135e9070e85d6232d59a0e57f1a4e994a76ca35f6312bf881e876ab
B_p112487,B,evaluation,False,,49.0,48c0e4ad910b00af7b2bf142b2f8375c788a1b6ce49ece346d9d9198b1d99ab3
B_p113375,B,evaluation,False,,37.0,e7b8cdf7c60bb0741e3305b81c9f6eb89f8097d9188e3430e327f70f5c11c70d
B_p109376,B,evaluation,False,,41.0,a29d1ea6ead30897d909a3f5c4634b05fb1695f92c0d6a58c0d95e2eddc04e91
B_p108853,B,evaluation,False,,23.0,a76eceb806b55e76307bc409dae271d454222be7340512f116e44dfed1917be0
B_p106414,B,evaluation,False,,56.0,38a48a85766111fd5c495bd7e617c7215e61b81933d04bda40029bde01bb0dc9
B_p107688,B,evaluation,False,,58.0,a5a5b27e02759d2e61874a4b8cf282a257c41bf979db5482ea370b3c85b19551
B_p105428,B,evaluation,False,,48.0,cdd027f4e2cb5ebac940f0c05bb54b4823034ac24be5a311b46051605fe059bf
B_p118608,B,evaluation,False,,59.0,a13672e7731e6f67c03a62f8bc18ee74d68ffb21a7c011d5e03115e34ce625f2
B_p119431,B,evaluation,False,,21.0,cff54c20661ec365f1534f704736731264cc63c5f2dd6ba588a92770451c6679
B_p111893,B,evaluation,False,,63.0,ee3fad8ddcf323cab2b52fcc9b449ea61635c60aaa862c83c9cefdb5108af60c
B_p117612,B,evaluation,False,,41.0,10c5867a033ef9f9e395bac1c4bcffde1c4d9e2697fc02052391d759b27d2532
B_p104525,B,evaluation,False,,12.0,ef6bd288ff678d6ecabcb1b69337b4086a645a38be669658f80d23f18ddae388
B_p104135,B,evaluation,False,,43.0,adfb46df46d9413aeb8bea988c9aba3854e238bde31798ea240505b8776276dc
B_p106164,B,evaluation,False,,12.0,258d4a4f624f6e5b2db3e58b8652695110c94138fcb2484e8c1362aae7342f50
B_p119106,B,evaluation,False,,24.0,4c399e2135edb0b6ff46d3fbfd2dc9774d0ce8f0219ee6ef975a3b575600afa8
B_p112628,B,evaluation,False,,18.0,947318ba6a87fefac495fa4a1dedf999b4702b2a6d7066fb4e00dc75e17b5d05
B_p117395,B,evaluation,False,,49.0,d8a5dde6f0c9a6cc593e43b25bf26ba588434af1d2809da91117acdb1a54070c
B_p114792,B,evaluation,False,,48.0,fa7313d7711dbf7d205f9e96e6f73599f3da115edd2b99eec1bf6298cf189ce0
B_p103971,B,evaluation,False,,48.0,3445921ff4ca1b863969886bf790807324c099af962013375e6ae6293f3b1518
B_p107902,B,evaluation,False,,16.0,1c71092e5662044ca58c943327d151221f7894f342b1bb5b373c11e876920489
B_p113181,B,evaluation,False,,41.0,8831c46574a60ea95f403d3a97e073a97abeebbd1c5da4ef93fc5e5a30335b0f
B_p106012,B,evaluation,False,,33.0,a3b5fed84080aebc021e8634a974795d812db3b559bcfce174cc72d1abdac3da
B_p106484,B,evaluation,False,,48.0,e5dfcdb96581e2a381a5ad39cb2d6af01babab73f322b2a45738e4cea3a0134f
B_p107794,B,evaluation,False,,48.0,bb9aaaf12445df6e605a5c1043629fc30adc83a1478ed0c20af6608b947e3aee
B_p116647,B,evaluation,False,,21.0,7075f4c17c5a5055325604d4318bb3afdb9837847dddf470c93b23e5535b577c
B_p118589,B,evaluation,False,,46.0,d702f25ff86aae149df38169e4962976b7feb03dfde7078072fbf2d62f22eef1
B_p110052,B,evaluation,False,,19.0,a7cbe399ec1f644b716dbf5094263bccc639719a151ab48398f0d4a8ae7cb7c5
B_p107242,B,evaluation,False,,23.0,b2be72aa4ba7e970887530bbc35576843253a081ad66bbc034eb272b51bda205
B_p108784,B,evaluation,False,,22.0,d93eed8ab2bf80df7c20d83596fdf81334e4a92b0f89d2fb84729675388e623f
B_p113333,B,evaluation,False,,18.0,95d5c5affd5bfd9f4f2cccf7d6d7e2bfa88bd4cc02fce4edef3d873dff5feb37
B_p118560,B,evaluation,False,,43.0,09eb0bbfc0d43109f74a834d2bdcb79552b4253d5fb46157b8f95312322d8526
B_p108654,B,evaluation,False,,52.0,5a30b7e71247eaddd49ff3e842d9811ca8903f4000a81c65443f7d297b44cded
B_p115680,B,evaluation,False,,34.0,a30f1f309d9e8f8c659595b6b60c22575f92b302a901501d8f82e9cc5bd351f6
B_p108244,B,evaluation,False,,36.0,3383d831ec45909891facdd6f1b75aa2ff62d6ecd1bcdb56d536cbac770262fb
B_p119710,B,evaluation,False,,21.0,07752e249d5b2355f549822a0a33d59af4df8503ee33de7576e9bbc7f0db6a63
B_p118455,B,evaluation,False,,31.0,fde2dc08b46553085301ce44fa2478bcc3a54bb4622c66cf0c996de0c8a753db
B_p118006,B,evaluation,False,,52.0,7b68962dc17f5dea2519a0cc7d41af42bf9710f77be986938da19b1cf607589c
B_p103780,B,evaluation,False,,21.0,4b147b5ce2f922b8093829c36cb7efba77a89ed94c17a9ff71f7c537a3ab1a97
B_p114653,B,evaluation,False,,19.0,aa46e177b10c5dd223efa39809bdd49076b40b6c4625c730bbb71184456221f8
B_p101443,B,evaluation,False,,24.0,a52198601d0af2151b2c38b6affc6a533e53d8a643b1f8da9c6985f977fee5ad
B_p107021,B,evaluation,True,64.0,67.0,6702211ca8855337fb500e8f61459f9f7c527a2ad8d28eb760b17878380b5507
B_p106959,B,evaluation,False,,39.0,8297cd1c67f5a83ffd9006f3e51da45a1df4b5dd4adee56e354158c99f78fdf2
B_p105917,B,evaluation,False,,41.0,6b3ae1a0599d444c80ffa929641f4006c5e82c212860b59349b1ab76a6217da5
B_p110466,B,evaluation,False,,13.0,556038a87d00542de64a9fe38ad67d9ddee377542fe24022a4f849397935872f
B_p100898,B,evaluation,False,,35.0,600fe659ca4ced6804f1d04166f81f03a4411da97527a6f9382e239f7bccbc72
B_p103519,B,evaluation,False,,18.0,ff562a92742f61c183b984cd4718e47583a842c3456c92e9ada4c798b269a401
B_p102357,B,evaluation,False,,39.0,32d0a05c85b7be2cb6b13acf6ccad92c6a6eb4da01709e53033bce4e45605d8e
B_p102138,B,evaluation,False,,40.0,542433dce10f4eb809ec44ab88b96f8456477e894d1d3e6d7e6475f591413d49
B_p110900,B,evaluation,False,,43.0,5b60f06fa65c5113fbae509d7fd0a11923a5307b8f06b3982664f445c894b06f
B_p112817,B,evaluation,False,,36.0,8a778c535df7a7bfaeccc707b018e00a71e4c40d9c575930daaa742b1b360eec
B_p116322,B,evaluation,True,309.0,312.0,420aa9698ddcd0c5706bb9b1d04634aa4c8a00a1ed392d53ad2b5e767fa2abe2
B_p111182,B,evaluation,False,,233.0,a566807cf0b861d85058a6d22dad934ad66cfd798f57bc47c32705fa0ce53715
B_p107976,B,evaluation,False,,46.0,abdf8676afc8d1f7f1fff69f0f4c418d6178c366b94d213a91f026966e8eee8c
B_p113077,B,evaluation,False,,20.0,5bae0f202f639a00c381ba7b41354c04605b95e0602817b6d883d55058044849
B_p118425,B,evaluation,False,,40.0,c4ef0477f394434a07b883e443c7288955201c580485a6c447b915f245303a6d
B_p102705,B,evaluation,False,,18.0,75aa507e3de2b62faf9cd8cfdb7fd183c366bf2f04e39f6234e7a1f733903a28
B_p109183,B,evaluation,False,,31.0,e4ccbbbc623476c793f50cc502f00424a9b3d7e16fdeaf832d0c5916a118482d
B_p118616,B,evaluation,False,,14.0,eb18f32cb95dbbb785890e9a40d053ad8efd33fff8586eef22d19a8e452766fb
B_p103214,B,evaluation,False,,59.0,6d38eaf1387a60035aced509c6c38f1ee32f106f09e85957ff604eed65c7f1e1
B_p111670,B,evaluation,False,,36.0,244c5de9a956a56e2042c34a67c8b9cd049311a83f6e6ff0e993177f604ef0e0
B_p117602,B,evaluation,False,,59.0,7a4d9f615f449f1b9efa02cb89e31f834a0f80238584d5954da49233d54ca7bf
B_p118930,B,evaluation,False,,19.0,0ef6384869b26aaba4f9e762c09a9ca32838a58b5e7a6c26610fc8bc5d5c79cd
B_p114725,B,evaluation,False,,45.0,e8253c1f8bfe1127943bcd4526cd5ce0ca77159a72ea0f1eb5247e63a0cf87b9
B_p119102,B,evaluation,False,,22.0,fb621d25308073f1dd012055f72e6b47a7f9a16430929a63152099780208198b
B_p119084,B,evaluation,False,,96.0,0f2ea3192decfb8e1377fc74d7cbea780d058627392f159f6a6946163c773270
B_p101503,B,evaluation,False,,19.0,49c74ae28406739276b03e2605ae4301d760c37db5bcc8023c50e969c3bf888c
B_p113139,B,evaluation,False,,15.0,bcbecd51db3aa686d83ca6fa853b9c7eafbb15487f11f5eff82af9c4fe9e0e8f
B_p100611,B,evaluation,False,,31.0,e0e12f45bb55c1ade8dd571a2145cb189f04011bbdbfd614a98cec0b49908213
B_p101744,B,evaluation,False,,42.0,fae06954065229f1feefac238e5a5315a2ead27039cd4b1fa3dc3737c1ba0550
B_p104321,B,evaluation,False,,58.0,b061bf843b789d1b689ba10d9ce78998ca1760bcea443da1aba20591de1436e6
B_p117474,B,evaluation,False,,36.0,711ff486c86cb4b2ed2113c5ed669bfdbff97aa865d19f3b366dd18c13a05b41
B_p103120,B,evaluation,False,,36.0,9474f9ee92e46cda772ec38cd0ef524bb39cd9316ac62281efee48857218bab2
B_p107935,B,evaluation,False,,54.0,302723aca6038613dc0e00660c86402307501fc1ab8d689cd812e4e78ea98291
B_p103253,B,evaluation,False,,26.0,c11ee1d0065bcffe82011c10c2a9008560524a3da465003dce6c01533a145439
B_p114067,B,evaluation,False,,39.0,fc5086895d39e83e111e159ddf82f781b911f1c144caecbe98d2fd701f2fac71
B_p106079,B,evaluation,False,,44.0,b6228e760c4b2f33061409e21f392a292defc6e4be45d081493889d1c7556907
B_p112620,B,evaluation,False,,30.0,1f693b4b9c895af1510b13227e180c6beb35a5c3d82648241eb4f456e284b728
B_p102612,B,evaluation,False,,39.0,4d175f273f8ea54da71644b8ec32226abbd3775e071f2c0dc4cbf0450af458dd
B_p114212,B,evaluation,False,,43.0,ca7994d33519be17bde8e0d8715c6848a3bb926a1addd8294522a62e54042706
B_p107321,B,evaluation,False,,48.0,35182391829b8bf8b2cf99a39ed4cf0063632228b8dd868236550ed515d47745
B_p105512,B,evaluation,False,,55.0,45acfda491e392333776eeb3e0ec83e24520e4a16ca51dcc428c1bb0f35207b5
B_p118470,B,evaluation,False,,44.0,d91f3a9b77602ea51dd8927c32656457bb9b66bbef7479d6cd19eab7d210fb60
B_p113781,B,evaluation,False,,57.0,d64782a3e8390a86d83086c8e1cc7c7b7267050227795c81380bbb084891d8ac
B_p108170,B,evaluation,False,,19.0,b99e8cfeae7d9208c49935e6a061648f2a2a432ab3ee1a0f7e4f4105788f702b
B_p105906,B,evaluation,False,,19.0,0a18a3761bcb43934db5c501908f7fe134ae5f9952299358beb6b3b686877854
B_p117409,B,evaluation,False,,39.0,280440392e12beb244273c9d11e5da61ae5b36640215511654b3931e2eafba21
B_p102891,B,evaluation,False,,42.0,c41a3d448c3f8aa0365fd58f6e5ca68cc6a95c3c592de2d34f84bb4bea8eacf8
B_p119991,B,evaluation,False,,25.0,b6bec59bdc044b2fa314d62c82ad80a4bca594ed0884d75ac0f5f5be8f6da9e6
B_p101525,B,evaluation,False,,28.0,e14a7dbe62e3b6ce696638764d4a4a2f9aecf55308c55a9ce49164f63790b719
B_p109618,B,evaluation,False,,21.0,2d46b5d7fb59996cee564c6018ca975415a38366b4ad7dcea07f5c15ed72414f
B_p103935,B,evaluation,False,,22.0,bd3605a17407f6e52e6fb71781d70e04e9a67ae6312c8460f95d55165bc37863
B_p117851,B,evaluation,False,,51.0,20fdd4a5bc190aa69ed8042070702bb3490b1bb863219276c8468a794652bf2c
B_p106059,B,evaluation,False,,46.0,34533809ac8bc4f67a727a0c0f1e8b8288fb5e36e345fdbb5ada3e339572b298
B_p100369,B,evaluation,False,,49.0,cbadf506aec0db0602ee3857ae185e2e117e86c32d844c26f437edbc5d8d483b
B_p110114,B,evaluation,False,,48.0,747ad66678de6814a0a4fa33f47ff2b0f71bee0c3a0ef58d00b127c47b098223
B_p115212,B,evaluation,False,,58.0,39139ee3bc0460fa2119f885f4d2233f1a47d60130e74f27b487ee783e822e0e
B_p119486,B,evaluation,False,,19.0,4872b3d113a8217823c3abb6684b9b5a51dd7c5b32a2614062512196b718e506
B_p110482,B,evaluation,False,,46.0,f2eff6c912894baad973d0d488896079a4f94657cc40be1afcc4924d1319f78e
B_p101819,B,evaluation,False,,40.0,dad3d906328bf0c45606a923a207f29e671305fc248d7bb423550a1868396aa9
B_p113221,B,evaluation,False,,53.0,0c7c4ab088ea604b8a636b68327ba9887170c6392a0f1f4a1185baf3b970f241
B_p118106,B,evaluation,False,,35.0,ecfe4d34db88e2a71b3970effec4056f841da7b2c42939ade16e24e71e7fd4d5
B_p113076,B,evaluation,False,,39.0,8bc9a10e7175a359c16e561fcde2f1ce64ca5162823d3b49da3ad7e14cae6ba9
B_p110273,B,evaluation,False,,46.0,32427b08eb7d1101b5071d3203649c9ac61c79296675f2cd7fc374bdc3124628
B_p113179,B,evaluation,False,,44.0,1568e1864081b9095acc680f0779dd1c0f8e56c44726d8ac88b87921ab71d800
B_p100422,B,evaluation,False,,40.0,83e379357da5f0ce7ec366de0cb99ba7d5d502f52dbedb23e3effb7feb6bcdaf
B_p109566,B,evaluation,False,,27.0,55e591847073796aa7a1b33c1b8e8d9a1329e656bc9ada0163a971ab7bb7dfb6
B_p106633,B,evaluation,False,,54.0,c586d3b341a85e3fd2b59d9a1169de2fb1dce77e17233b40d2cade1326297c0b
B_p117380,B,evaluation,False,,20.0,87826346bff6680d1564f31ebed0c389419b3e6496ac9a302d8fdeaa5dcce609
B_p116702,B,evaluation,False,,47.0,5c9286e229f7da14f1bf56869657064a5cfc103dd6e6d48fd60e55f97124d979
B_p118662,B,evaluation,False,,55.0,81cfb23a0213d59c1412df3185207a6c25f8d6e8edebac0f8f81a51455fb94e1
B_p118778,B,evaluation,False,,41.0,5e104905b2aab501cbbb570defee5817e7e053fcc15163d6774010b680eebbb9
B_p107932,B,evaluation,False,,37.0,e11bdfe508eee3db0410e4d53d5ba3f2e9826a04463a75a97dadfb196bb017dc
B_p106196,B,evaluation,False,,43.0,b674b14a36d0e39bc638052f399130cab568780b79662142353e530f0955602d
B_p104118,B,evaluation,False,,18.0,fe037b92d6374a6f2f6d10948c285d2362d39d9494223adb24d8fd9fdb3f6d2e
B_p100172,B,evaluation,False,,54.0,a136bdbf6617650d6ec575221652ff991a353f376f8e09147fa1f54b12e608bf
B_p103433,B,evaluation,False,,42.0,95eecbf7c50921e7ad1a72b05118967e8a18f1296e88900cdb8349898eb5228e
B_p103093,B,evaluation,False,,35.0,f9c53d7ac0b6e4704bb073f2f483d2e1b4070b3e8d898ff8047912e40f9b71e1
B_p102151,B,evaluation,False,,38.0,352b37958a61540715a6a4dcc341556fcec70e6b0e6e7cf0e96ad980b93a50d2
B_p101781,B,evaluation,False,,58.0,b1f45eb720bc773084eb315e17a3eeb8818384d26ad93c7cf1598ff5b917c381
B_p107177,B,evaluation,False,,52.0,6aa610b1e80a725325380f27ad43839cb61c9d70319eaa3479a8d31491aef876
B_p107141,B,evaluation,False,,39.0,098c1342012760f9ca1a2dbc5808a023dd4384c77709bd243940502b182bf234
B_p106428,B,evaluation,False,,32.0,8dff2f1ca9e713719a6f815b26cd80c3a457bedde5a516f095f5755fec6d3363
B_p109161,B,evaluation,False,,38.0,94f9189102314d50a094e927d5a440c822e155bcbbb0893ffb186d8c5fb9a6bf
B_p105981,B,evaluation,False,,20.0,a0d9d6714acde5b97d83c5251dbb47f705ae0202356c404c7da2ed29d2112cf9
B_p100068,B,evaluation,True,101.0,104.0,c308b4bdb6450724e74e26ae0470edb2810399ac5b014e0d218cbc531e99068f
B_p112090,B,evaluation,False,,45.0,acd9caca0981913dc2901d42e055569f98bf143bb856f3c288fe79b79770e575
B_p114594,B,evaluation,False,,25.0,5cf10beda3bbd66a6d1dbb5a21cf43d3e0aee6722f53431b400bbaad26124649
B_p117653,B,evaluation,False,,25.0,a7e18a3743a4816f345c48515493c286cbbbb862f0277b6497a3aa7eed59c48d
B_p109946,B,evaluation,False,,18.0,fe286c9b4d6cd0f57751009506991de5c4b3a8cc1835bbb9c62c8e53463d6f25
B_p116777,B,evaluation,False,,55.0,469b9c47e858edda66c530d525b2d529c5db18c873474e7c7bf07914ba8c77a0
B_p115810,B,evaluation,False,,59.0,6388b616c0369d29024b86985bab9ae0e53183775930054fcf550ef6762f907e
B_p106323,B,evaluation,False,,18.0,7bbbea445e2dd71fd65b50e5d34a3a38a50fc79e9e23b27d4454b149b7c7f1d9
B_p119110,B,evaluation,False,,38.0,8fad08f3c8bab57c3ceaf250d575184738d87409b746136d028c4fc3588eda8b
B_p101180,B,evaluation,False,,28.0,ef18bae06b6e03f75ca76efc2f1fc8c609d5dcf6a84474b9301550e0c58515a1
B_p102722,B,evaluation,False,,34.0,4a99f7d9d9a75bf03cf9c61b9d2e58d3681b313231d7d82f896c34bc2c0c6d37
B_p100359,B,evaluation,False,,30.0,7b862beac413e5427cdcdd9e7f8a86a2c262335a6893d936433e320105901b3b
B_p104296,B,evaluation,False,,39.0,41f102e472579d6530e4898f4e249957825af32516c41c5d9142be79e76151fd
B_p113571,B,evaluation,False,,21.0,8c410bf0b222ca7df59f28140a5db3ded00583ae5f65a5281eafe790943c7c96
B_p102758,B,evaluation,False,,17.0,7a12cb4cdad84cb7ede7f57a5222c8c681749d178f01aade63b4875dd8db14d4
B_p111395,B,evaluation,False,,29.0,e9b0b62c92293c4fd6188e38ca9653fa94e173f947eba7a7c12f06f85e62d1f7
B_p116036,B,evaluation,False,,29.0,ac33e12870f2fd43abc9c02cdd4e792b713e48f219013e671e88a80991991406
B_p105905,B,evaluation,True,16.0,19.0,dc8439cb88acd46378f813e5aaafa1aea2bbed3029f68a30fb3312e88a852946
B_p111288,B,evaluation,False,,58.0,53b29e5eae9e02b07b293c6119c39396131e2fd6791ac0fbb1cc2a953ac8d63f
B_p108733,B,evaluation,False,,44.0,806609775cc85b4bef02e0c42c47ffb8fbe51b1a8ac9e8bfb6d73f9d6f4cbfe8
B_p111218,B,evaluation,False,,57.0,4cb38dae526f541945007807209d326973e3c2571f1b7ba03fd76c1e0a19ebcf
B_p112455,B,evaluation,False,,45.0,9e1c70cd6a167151f4a5ceee29692b8ade756538f0be624f62cafa160fddae4f
B_p113765,B,evaluation,False,,40.0,89009a856c19491c5a95099f512d4252dfccfba8b2d78782cddd1ac83c169e21
B_p116992,B,evaluation,False,,20.0,8a519a3823e1108b2113e2fee19a025e4f6b6d60d699be2f0b5201fdda4d581c
B_p114936,B,evaluation,False,,35.0,d6ce5fd57cbc1e6f2ddf567b37ee3c5d991a0366ca60e2299faedf4674eb21c6
B_p116402,B,evaluation,False,,44.0,c587cceeedfe307375ec70abedcd4439c5da70abaf07060cac917699dc440829
B_p102023,B,evaluation,False,,14.0,88d7997f396cfa29bcf1bf7f7f04e2880d7d0f5ff0207867b13625e1399b4441
B_p102997,B,evaluation,False,,43.0,0ad1bceaeb8de8457f10fa67228438b44f4a95739956256f0cd50cd39f556a7f
B_p110851,B,evaluation,False,,43.0,132c3d97af61a7f66667d4880d654aa81fd655f7868b838b78908e91d8028370
B_p105904,B,evaluation,False,,36.0,1415baad481a6845486f1275ca92bdde9c08904d6110068d5e0a19140085fcff
B_p116824,B,evaluation,False,,11.0,359a6f72e7445b4daeb0632f4b59aa06f65b3129567860e76770a05d871278c8
B_p108576,B,evaluation,False,,16.0,4d3a1556f724369b9acae6693c4346675e9ab3f27b1dbf3515fe458de851663b
B_p113020,B,evaluation,False,,56.0,e2b966f8936edf2d4f723bea102e5442da3ef172786c43b471bc8146f8142348
B_p107486,B,evaluation,False,,52.0,934b9d2650600ee3d97db844ce5ae9f973e2dc45ac84a3a0240792d5abf44ff5
B_p108587,B,evaluation,False,,37.0,f3542077517b8de804b37ed444cbf682fc1b3300c56e5bd4cf0fba08e60e3bf7
B_p118382,B,evaluation,False,,19.0,994eee6611108a00a24baed927ccc92d7fdd0d2a41c898ef261997b914be1b8c
B_p113451,B,evaluation,False,,19.0,278ce7bb12014ace1b4772e8438504865e992569bc928d7f7be39a3e5a1bbc52
B_p105945,B,evaluation,False,,19.0,3248b57ee4083b9369bf3d0e994b7003493bdcc728eb3eb8612e6ec73f2b6055
B_p100440,B,evaluation,False,,17.0,88db03935538efdcfbcdd73ac2ab09d50dbee3d0bf72f313c9392208bcbf1586
B_p102674,B,evaluation,False,,23.0,7c99276fb4602689cb355efb19d1476610a3ff37e26848c56308e7886a619291
B_p118350,B,evaluation,False,,55.0,9ef169bbf6b0a4b424f48a0c176d40691752afb70f46c64c92e183973b25a949
B_p114900,B,evaluation,False,,46.0,fc91d7f8eb6eae290a04e0a776e19857646ae97ff54d40fe52cb5685181f278d
B_p108504,B,evaluation,False,,36.0,22560ce4acfefcce1e79d04e518dbb07acca0638159e00035e13beac3de98049
B_p101067,B,evaluation,False,,39.0,5597cd2d27a5be0f06be3b432fcc911bc04600cd8ea46feebe7d6e8219546896
B_p116832,B,evaluation,True,126.0,129.0,7bad56148bc0d96a7d19380cadaa97c917f98e83fcc3a4bb2dab175994546883
B_p107072,B,evaluation,False,,42.0,67e94b3dc75c892aa9e1f8195aae42957a3baadb6d91cb1e03e8f599d3a0642f
B_p109932,B,evaluation,False,,48.0,d631aee68bcdcfd2f436dd9b364cfbc2b1a5c283ca580be53c46e28da2f7fcdf
B_p114396,B,evaluation,False,,33.0,5a479021c903cfb606993847da2a67b8faa3c78bfeb79a0d125821144563bbd5
B_p105968,B,evaluation,False,,56.0,c8a1670e4d22c747d1b446c1ded60dfa9faa5d0a940f10efdc51289a4ffd2821
B_p119689,B,evaluation,False,,21.0,13c1b8d32e98b209f3fbe4035aa07c83f4734989a39b8f94dc9ffb62e33d62a8
B_p113978,B,evaluation,False,,21.0,534723671d52d68fb3ce0cad32548e69147b350e8905b235a9c30cbeecea0dad
B_p117558,B,evaluation,False,,46.0,8754d59c8c2e41d69d06e5c3bc536bf534493d969a25a457b9f4df97d2c4f18f
B_p116547,B,evaluation,False,,24.0,dfdc91675deae335928f1f6ecfbd5e8ab58f5c94a07c63261f200ffda7c14677
B_p113257,B,evaluation,False,,52.0,091e741284cf329dbc0afbb7e223b09e2546668326c9802090e586b610e80264
B_p113080,B,evaluation,False,,25.0,4c00c756f51e6bf26160f5d61700505d90ea099138a7e9e914dd6498953cfc28
B_p117018,B,evaluation,False,,32.0,a06c0c3e1ebaabb28d63c3a3b4c5fa0aa0d88252c1b5d062d483547796bbdb1d
B_p100397,B,evaluation,False,,48.0,99d3391b8aa0fb003b4fd85f92a333f0936e692044138b877f149c63b269b9ba
B_p117453,B,evaluation,False,,48.0,4dee0f21dc2365c04f48dc541e1ddd3a4b42e355645caa6031345ad4a9e8c359
B_p114031,B,evaluation,False,,38.0,064be0f2ea1e4b15ca1378fe19bd6fce76ac40482de182f39880f1e3d4f82fb0
B_p100335,B,evaluation,False,,45.0,2c808c4fa2cf5e1761974a8a62b32895ed39d16f24f4fa388b7901ea39366160
B_p110171,B,evaluation,False,,37.0,f5f419fb9b79d1f1c52d331970550cfb2b8972cf01e4427bd04543b75357f37a
B_p115000,B,evaluation,False,,27.0,d1e20ddfda12ba9ed5129858fdb872088b4608f0e24ca496183fc211d316d83e
B_p107430,B,evaluation,False,,40.0,548cc01b122b9221daba02eafb24af8b0c4cef3614bd52278f51eab978456340
B_p108477,B,evaluation,False,,19.0,c71e2cdcc42098b6ac97f1aac5f22b34168cc3d34d1dbfae63552584630a126d
B_p104530,B,evaluation,True,246.0,248.0,d212a9eb62d4a548b184a5e70875522cb5cec98f2ccba6653b926e1c0b36e606
B_p119048,B,evaluation,False,,46.0,06711251a780da4fa1f7245af86d552079e5fdfa71c62971f8be1d076e261fcc
B_p105851,B,evaluation,False,,13.0,c92167f0e6d3577f54c5afd08f06b7771a38ab40c7f03ab89db87a6d44df2d38
B_p114696,B,evaluation,False,,16.0,7afc8e95f51266aedbc36ee8e8ad24290bf7746ebcced2ddfb04bb350dfa16b5
B_p105692,B,evaluation,False,,38.0,4e0fb7863187a39f457caad9507a5ae89f888843147624010e54633895185167
B_p104413,B,evaluation,False,,22.0,c5b3dd26a3b992f5eaec0d653c103cceae6daea37e5786279eddf57b507433ff
B_p107703,B,evaluation,True,86.0,88.0,d890a9136788922e8811b2639578335e76ba8eae2f1417b0dcbb089010dc5f07
B_p116308,B,evaluation,False,,44.0,340750ff1e47351c6f9b2c3de59912361c21cbba6ad906b9f74c2fdf39e7b0bd
B_p104371,B,evaluation,False,,44.0,7e3cf6da101bb699226439dde39cd17558b6f8b5e5ad9ce07e690657be4721a4
B_p112278,B,evaluation,False,,23.0,a447d6a3fe423bdad6bff343637c5c4f3f34c05e1d4975b28bed6bcca3bc9025
B_p118007,B,evaluation,False,,23.0,d1bce390d44b59da38450bfe5304ad5443c5f8dd3830371e5407add1f8b5ab4e
B_p114865,B,evaluation,False,,52.0,1258a7786af2a07869f95756bc81cb2036b58b5d5cf2e4d0458ff597e385f051
B_p103975,B,evaluation,False,,17.0,4bb5038239a20faa3e22b8551ae27311a8fa4384c70985639452bf8360238331
B_p116630,B,evaluation,False,,36.0,a63fd6be3927b30d60e8a09d06e41612b87851a03b2f587896a3e7ebd07f4ca4
B_p112151,B,evaluation,False,,51.0,bbd4fed293fc0f351442374ac2d09315da27fe500296dd71537b891354ec65bc
B_p119416,B,evaluation,False,,53.0,9dafaec6b5ab7c9223f066a1f0f6ca73c2efa700c1ff97757019c977df6eb923
B_p110858,B,evaluation,False,,49.0,ebd0b7f7f07061ff7fad9e715ec41b43749986640be1415fe0ce0fb955b1fd9f
B_p114231,B,evaluation,False,,30.0,d96072f803a0ce408b4f6ead89fd2be57b9a11271f8a84b3ae1a06ec3462091f
B_p115133,B,evaluation,False,,42.0,ad91ecfb0f80eeedc5e348e42cbc21e540a4ec6aa654c5bf3111eec25498b315
B_p100032,B,evaluation,False,,28.0,e4f7a2ceb943a5e06f02543e61bcc5ca5478be45df0404cafb1f646398d802af
B_p114331,B,evaluation,False,,10.0,7e09b64f08a8ba57d65a3592d333a63850c71b747f8172a73351b9232225b60d
B_p100485,B,evaluation,False,,27.0,990b1b4cb3b95088367fc5f6fac1e51106495bf44b6e932862fb656552184427
B_p111227,B,evaluation,False,,34.0,680f3d53d66b5ce7d820ee95148f40d1698123de04b0a0a8a65733d1f9927abf
B_p113698,B,evaluation,False,,35.0,8f329b4e2fa66b2cc5d10274a1c99e9601e4078409e7172b5c26a024ae56982b
B_p118967,B,evaluation,False,,37.0,9128347879a1a4e172ae05e9e6aed651795fe1739f7a97471d3495100b45da22
B_p100036,B,evaluation,False,,38.0,f1cb8b9df48d80f08222654d71bf8b95ac35b65c2f26f3935c76976a69188f77
B_p106599,B,evaluation,False,,45.0,1d6d6baffd8af45e6ff7104b1e1403a2b0559590cb41eb3ea0c69b6438314f30
B_p101731,B,evaluation,False,,38.0,55f8559457a414cd80a4e6d0b83832ccfc21055d9eb1c2fd1c2a959b2a9ab9e2
B_p102324,B,evaluation,False,,22.0,f4d3ddad41ce06af679a0958743b5ffb16da342e2ae0919df05f20b8bc874f8c
B_p117700,B,evaluation,False,,19.0,febc6e90dfc96c1da317275deadcba00517fddac2117d7bf918423bdbc84a76c
B_p117975,B,evaluation,False,,25.0,7e066c7b45c5dc54c6d94499bfca8cc3bebd842ee92420bbf1e01d5cad6e69e8
B_p110226,B,evaluation,False,,15.0,0dcda88ac8d44c44455667bfa841921a87a2579754b67e570d6db9315f798164
B_p119998,B,evaluation,False,,49.0,635226d3158ea9c9ed2be8657b2e144ef6f79c54adbc35c0c023eef352048d94
B_p102251,B,evaluation,False,,38.0,65fec7b827b2e5fe1f8b38fa807e97319e358a7cf5d3654c7931d3eee0423330
B_p119099,B,evaluation,False,,40.0,8206d57728c23696b5e1eaabae72d6a6ffc921c6a6f9823e36b617a532c8b94e
B_p105020,B,evaluation,False,,37.0,369fdaedd6fc77a5270fb4a55dccfdc691a63f64c1ae6b5afe9b17d955807068
B_p102047,B,evaluation,False,,35.0,6b9f5c6e4506ee995ed389553c642a30c711bd32c53a39d79213e2fd2f261f11
B_p101650,B,evaluation,False,,51.0,a9be42966e2d195dcb718a73aca50e9df59bbe2a696ba707807caf9854eff500
B_p112763,B,evaluation,True,225.0,228.0,a3b25ce3f6b93a5193ab9dd19c3f1dd2179f89507166871b0c44921f0f08bb79
B_p104432,B,evaluation,False,,44.0,357f080ae8f654ae279f84c09603f84cdce139e4da181ecea40b500cd8ef0437
B_p112486,B,evaluation,False,,56.0,1bad1f89e374ad8354c02b13c89534e7f9793f85b66b3f8b44b6d5618662d7a9
B_p100795,B,evaluation,False,,24.0,120eea34d7c7e0090347b8dd65915d46e9cb0b9b87c2e0491a17a1f5b66fbdca
B_p119995,B,evaluation,False,,42.0,456ea04df5e236ebe6d76fc27761a66d130da38009622168609365e1c212a35c
B_p108554,B,evaluation,False,,20.0,5a1e959f4bd2dc7af77bba671ff864351c342709057fd2d544870db339cec1da
B_p116855,B,evaluation,False,,47.0,37e82c0dde7e5342b2b758ca3af9335fa7d6514ade17f80d64d2cd2579851956
B_p107159,B,evaluation,False,,50.0,14e7f2675542f4d526f0f1a3a6f5a8a01dd879720aa769e5ee8810514658af2e
B_p106345,B,evaluation,False,,18.0,90f6dd40f05980d015231147e3fcb4178f376befa09e62bc4fefe42d963421d6
B_p108102,B,evaluation,False,,32.0,63c2d9253f66612d665e3e9bd220ee1fe418dcb50e9b4c81a539e715eda55dc8
B_p107433,B,evaluation,False,,54.0,9f8e724f0016a9c670fd54d614eeacf03baba9a41702b3e38fe43b683f430a29
B_p109609,B,evaluation,False,,55.0,1776eddee78701eaf407c6b24529e6c6c9082e8ae4e354a5551abdea1ebc5e45
B_p115264,B,evaluation,False,,45.0,5b4e671690af92cedfdc7cf3cb1c81818e8954ddc3d1c42bae9d7659442b2ead
B_p100755,B,evaluation,False,,57.0,66a662f9563a37bfd1addd4463fb7cf23bf752265a8f6ffa4932fea2d762a8b4
B_p117597,B,evaluation,False,,42.0,3c9a11e7b7812d3227d401f94c7518a61ed09b4e9ecf86ba6d3350fb0e1078c2
B_p114718,B,evaluation,False,,41.0,07ee09ffec541255fe29542f33fef12957f1ddfb77b5b28fdeab3ba8fb1fc039
B_p102527,B,evaluation,False,,23.0,2a744097d50c4884355ceb10aaf84f3b09bbc50c3e8a8ddcb82bc9c01948fbb6
B_p113865,B,evaluation,False,,36.0,b3f713be4a9a497292a36640f926d159e8e223e3ed484b800bb04e33c9f57b0e
B_p113404,B,evaluation,True,179.0,182.0,b7f2a7426d559d8e42c5d14acec869cfd887b4644619ae55ab349416e96625f4
B_p113322,B,evaluation,False,,20.0,f1c5aa5b3efdb4670f2b8940c5b01a2ef1eeb1b9cd5bd97cecab60e57f2369c9
B_p103408,B,evaluation,False,,14.0,b8c4242baebe9a17a756918405570bb4b94323f46f41e2bc835142e152597181
B_p115498,B,evaluation,False,,24.0,f220d7d1298a8a1442f0c90e4fae2faca1161fefe3d70151c36d5103481d485c
B_p105642,B,evaluation,False,,44.0,5e56943aec11e833b28d178fe9f60f5428044e95ffeaeb67472b14d7ec0d183e
B_p100126,B,evaluation,False,,31.0,93dbe75842a3ecbe64bd96b9ba4284f7c9c2afd4cd8dd3cb317fd1200842b2a2
B_p108455,B,evaluation,False,,39.0,374fdf73f11459d196c6b2fbaa2da395503fba8f570c232740d9048e4c4b1221
B_p114217,B,evaluation,False,,29.0,7c18e311ea9614d9d0042ac76e5e16eacda859d71393cb3d3410fde50995f3af
B_p105563,B,evaluation,False,,39.0,f204aed38eca2cafc7da1b2cf0b429e381991bbfc4d262420bdea1a51dc3b7c3
B_p105791,B,evaluation,False,,23.0,5b8ae7023ffbe192e6e4c04574586a05347db78a94ead7d74caf14478c9afc8c
B_p109705,B,evaluation,False,,32.0,d28a5fa4d05227eff195a1ae4f64fabfa48713bef8c6f9028fb231e0c135c5be
B_p111991,B,evaluation,False,,13.0,d95dcb6618c04f70b8c7058be8c6cf10727f7ae148cd389a6e93b71ae73e133f
B_p106407,B,evaluation,False,,50.0,629c6b8a71cae3eafc281eedc3eb8a18926be3862e5ab3d9c2afcc81d8b73fcf
B_p116097,B,evaluation,False,,52.0,be78350469ad3931f422ecf7c55e91ab23702c2cccbf0eb2d283b59930fefcf2
B_p111487,B,evaluation,False,,29.0,19ac23af9013a9cd09b990199e26c5ec6d7f0eb365a238ca9d6aca094f505812
B_p103436,B,evaluation,False,,39.0,4b9424db3b44fbdf6f7237cc7d63b0b93473b4d888ce64682c5abcf2b75f7d5a
B_p108960,B,evaluation,False,,53.0,6611e7be7026875158d5177afec60673f8d2267ad413efff3a4a88ef02309313
B_p118713,B,evaluation,False,,58.0,a4821d9ca2fbe4490de10deec1aa46b489064a63197cc728ac09cbce9fcd4ab5
B_p110763,B,evaluation,False,,41.0,ae1b7c404117c3ad9156ed61ec147ff987780e6593f2deb4638cfa8dffb1405a
B_p108720,B,evaluation,False,,43.0,e71490473ab8642b49fba1a80e0809f3ace3cab6fbc78f9e6d350e45614db5f8
B_p113564,B,evaluation,False,,44.0,3a1515e0a38704ef71d300734d37f2367f9e31f771280972d09c4b372e4bb4dd
B_p117379,B,evaluation,False,,40.0,38f43abfad3a33319aad7a9fd1fa914d68caf32a9099b003f4f577fa8343b12e
B_p106318,B,evaluation,False,,44.0,f4466541d808707320360a451556817e8d3a52813cd9545756fa1e2ae9a75ce6
B_p115421,B,evaluation,False,,10.0,f06537522d04b6e10feaa7f9b09bc41891140f39300b510ffe481cc4bf3d0991
B_p117196,B,evaluation,False,,56.0,22055f8dfb212f5e75f5aed7de8debc862e19d78ae6c5ddda545f8d9f7c6665d
B_p105530,B,evaluation,False,,9.0,74164d5eb89bec2f396d0ed847bbcb17c264b911171640fb0e107dc94d8d6a14
B_p108754,B,evaluation,False,,49.0,7c89aa57cb363981c39484f593fcd62c9d0e4b13e642779661f2377b4e245297
B_p114910,B,evaluation,False,,19.0,a49f1442f419289b2ba2c85a8a085e911555785111b4e42deb44e81044ba054e
B_p102850,B,evaluation,False,,53.0,dbc7a6dac3d76f1ce0c08f27b2726d0ee6ab48efb79a420b46df41d37452701d
B_p118790,B,evaluation,False,,39.0,3f9d5c1083c627a15793ce50bc2b71a1fcce539ba3d4d7a86eb33741dbdb3e2d
B_p107222,B,evaluation,False,,52.0,1d6e1b9c3911c4bc9c6b91bfdde65603bb1136eb95f7849ae798c94e703e512e
B_p117215,B,evaluation,False,,26.0,cc14e50dee3c161146bff2aaab361edf45bc08b4b287db8e854f6025c65485e5
B_p108632,B,evaluation,False,,26.0,9b89bacfdd1f742e88585185a7282c0d50b6cd66ea3c9c888bcf9d89af624c0b
B_p113132,B,evaluation,False,,19.0,58e415b331188a3935c47c33a8261d25565a5e4c61332f5c0b3c4d110ffaa746
B_p116482,B,evaluation,False,,48.0,4a6ec9c5432bceb290261076dec01fcbc63bb5559c97a5991547fe7ed105cdc1
B_p108968,B,evaluation,False,,21.0,e40bb8f0c011ff124328a816f392e7cddde49d26c54c2ae2404b38afd36fc088
B_p119141,B,evaluation,False,,44.0,64119f0a835f7947736a346d735f7400b8efdb318852386475914fd047d5715e
B_p104972,B,evaluation,False,,48.0,a1bb5ffdf699a666802c754f68244f3c36619a2ec55d32647836ab542b48f383
B_p111922,B,evaluation,False,,42.0,31aa20cbe66909d4f5062ce1c4831b0bca15e79fff4216b0c07eaf8dae94e5c9
B_p101434,B,evaluation,False,,35.0,5c401b07b82aeb1003363de1e452ba24dfa0e9c75d02c3c28e355870ebbb4323
B_p104349,B,evaluation,False,,39.0,ed0b37cc2dc26ee69bf7c490f9f167461a4bd4e705c91fc8aeaa2d432b4be297
B_p110419,B,evaluation,False,,21.0,1b312a0cf01900974b022e860c5069e65e181953bdb46adc54b982fcac495cb1
B_p119809,B,evaluation,False,,49.0,d31f2f6b939d9a6d0004fb5abb7f31e5214023f4017f357cbccff06515cc8b61
B_p119142,B,evaluation,False,,39.0,3cbc5b540bdf4a6ff22e0a7557dd028cfd59920cfb0cb856ba976af876d823e8
B_p100842,B,evaluation,False,,38.0,b9329249fe613a14c0e7098598ea93729ae97d071b5cffd75233cb041e5393c4
B_p104171,B,evaluation,False,,51.0,116bb9cf8835a995b418aa0df5c8a5abb19aa02292c70b1ffee723bcdcdfa690
B_p113370,B,evaluation,False,,44.0,dbcadef1fe5ba5bd350d56651805bd216cce3beaeef108eeb1e16a4e03d180eb
B_p117672,B,evaluation,False,,21.0,1cde1b833ee409280c6de90dd61625df3e085b19f2f48331d57258cf491482e4
B_p105656,B,evaluation,False,,39.0,29ba60b2d0dd319c7dad9b3850e1c3e28b283f76b10d81ee5985b746c5d227c1
B_p101693,B,evaluation,False,,19.0,1dbc6866a173012c8aeb1ad38d41afdad8af1438d1362841a1d2c1ab2d35db55
B_p117523,B,evaluation,False,,51.0,fbb9e2e554f423e133d959a77bdf4edc3e3b8a594cde73042c9d98a451dc34b7
B_p117584,B,evaluation,False,,21.0,7d80fdabe1d8a246909283998d24c8a7a2f150fabc712f5594e74b36c9b3c2d1
B_p119336,B,evaluation,False,,42.0,b7ecb555aa1d5701f26ec11ef0dd065cb52d95525267a13cd5c62247f3a63d5b
B_p109612,B,evaluation,False,,16.0,8408436025553b29400d95684d06cbc777da3677c52bd860e4a272275ce71bfc
B_p105989,B,evaluation,False,,18.0,093438f911d64d23dd4e20c5eec82f9f48fe8db78aa3a173466de6112cfb75e1
B_p107586,B,evaluation,False,,49.0,ca69c64de700b9bb1d2ebe3da7430b9d3e1fc8a031992ca4fa970d244dfa7e75
B_p117579,B,evaluation,False,,48.0,3b23bdf364d9f0fdfebe5bd34726a6d1a2eaeaf680015df9604ed79020dcdf35
B_p105390,B,evaluation,False,,18.0,5e85ecca2b7fcbc792b988f0f1d04a92307297a3b6630e461d14327dbaaa4c54
B_p101906,B,evaluation,False,,46.0,840a852960f75dc2dad803f414f6b25cd582f880e42dba5339e4a7e11c84ec85
B_p117782,B,evaluation,False,,31.0,8ba6bf8919505df11f858f127eaf88d7642e002596a16427a82c62b73fbc204f
B_p105234,B,evaluation,False,,48.0,18c253d642ba7e9154ea544e4dae1666a10aa13e753f4246ccb332a8c9c77ebb
B_p107419,B,evaluation,False,,46.0,7e373d9c5ea3f0dd765de5e75e5b446023ee0e6eacda782fcf94c999a072b768
B_p111178,B,evaluation,False,,47.0,a793ded4b14b41b7c9a9a1e0e7a061cb9f5f2c58ff15c217dcfc8a44e2ac5d88
B_p111171,B,evaluation,False,,47.0,0b39af60365f9151137c30bf2c37db82e55710cb4a63312538b31d335739107b
B_p118832,B,evaluation,False,,21.0,d4c85402adc558771dd69f4c369afa3bcf58ef5518bdbd6415a0d3776af9475b
B_p101652,B,evaluation,False,,15.0,712523eb1a303fbc947fd0ee66fe3dd8a5fce827c48c5da94d42e0dc34920584
B_p108440,B,evaluation,False,,39.0,0542637a37c7ed9107100a0991a032c3a05dc74ee61fdacfc8173648c213b264
B_p112916,B,evaluation,False,,38.0,4da0cb245a9aa5162d2e09769f4070388beb1ae62d68ffe0227a0fa00604a732
B_p107609,B,evaluation,False,,54.0,a1b6984ea93aaf5f095693bde17ac551fe2cc5b21b65b7063857084768db5955
B_p101018,B,evaluation,False,,40.0,25b6b4283e02d8152ecc79f07464341acd16914f9a179d1f4b055dcbf05610e4
B_p103461,B,evaluation,False,,14.0,3f0686a953ef52fbb01bbd9ea23ff82a87c021e28f795b17618fdb0a9aba6c51
B_p107584,B,evaluation,False,,17.0,7a28dd68425c54908effa0222fb671288dd69d6dcfe6bc2dbbe9a0a1c942eb08
B_p110647,B,evaluation,False,,19.0,0b75a0dd30d1e712f0e1a6696d906370b4c1c4e1a81af47825f2076332708c6f
B_p110080,B,evaluation,False,,52.0,cc2aac615ec967eafc82d58daa664ccac6ba87c290be500751bb848e5fc91d1f
B_p103653,B,evaluation,False,,46.0,6a8a8bf3c8c91106b770dcfc5308f31e1a660aaa50f764ffbbcf9a7c109f14ba
B_p105570,B,evaluation,False,,25.0,45586468fa51cd4aa57477e6561d0b9e28cb3ac43db7ebce9b4dbe0b2fc016ea
B_p118692,B,evaluation,False,,56.0,69736a8e222d1de74f67a7de729757260eac80f6ba8f72cf150b8da5ea607656
B_p119950,B,evaluation,False,,19.0,61bacf80ea36ca1061aacf3cd73bb766d47385acbcd7fa34ef0eee4c06c57ed8
B_p106834,B,evaluation,False,,41.0,5611708890cc07d590d654cb4390a29e64fb9d9c33c90ede22a14f08957e90b7
B_p116231,B,evaluation,False,,14.0,df6e666ab83fda0b14e688037ef7e05f7564533783b2c51a8c59d56e96346e0c
B_p105400,B,evaluation,False,,14.0,392d1bda3be6a3ea5a7042e0bf79a92aacf483a0909cefac1d94c30559a3ce3c
B_p114953,B,evaluation,False,,39.0,e4830e9b95c2e52a54adc9e64dbe57580e21ab659428af0ccaf388b8464460fc
B_p109494,B,evaluation,False,,32.0,5b1defa574527a68d2d54cac196c9fc2f571fb8cefbcc13b7f6d9643e3642aaa
B_p118290,B,evaluation,False,,12.0,0f3eb62159f71c318ca62fcc1579c60fa8a512f8f1f6e9159f51e9f327eb0307
B_p108644,B,evaluation,False,,24.0,b886d1b4b53fd4983d7099980ee43afc7287f37598161b31af484d87d1ae9e48
B_p117151,B,evaluation,False,,20.0,d4a47b7b856c7a0840eeff5c8c6f6bc885eb50bdf312adaf7e1f6418b64b4569
B_p112585,B,evaluation,False,,27.0,1764d8da38225151a79b60c31dbaabf5aa855eb5ee09f5c27a99e5a169a3a83a
B_p106134,B,evaluation,False,,39.0,ddadd278000b86e9b67830f03e29fd25b07062fda635ee911829caf436c9e054
B_p116709,B,evaluation,False,,22.0,c2a1b937df88187cb77994aed5d1d84d58ab08e240225e851d063664ab3b2de0
B_p118887,B,evaluation,False,,38.0,739c44dc05d0dc89b1d9060dd93f423fd381421d272964e048ab4a32a330409c
B_p117190,B,evaluation,False,,44.0,1631099dd6c4efb68bfafb3e9bd67c416585100683f0e63d97f7a5640c9bfc0e
B_p108749,B,evaluation,False,,10.0,d198670ec3c19f71f93db1eb9fbc5a0b6a685e77dc58f9d7b6f8450f8b77c340
B_p115245,B,evaluation,False,,26.0,118cd2896074f0598852c1805c8f4bcc2ea213680c6a8c315b13bc525c0458de
B_p110364,B,evaluation,False,,49.0,b5ca575a2f153163235823599149d74d11a236c3c0a3b27d8d84dd2c7557875d
B_p108385,B,evaluation,False,,46.0,339502429d59cb6135ac05cf20ccaa41e95ceeff851da8896193ade92d2e2c0e
B_p115972,B,evaluation,False,,56.0,d07a4856b51fb30a69a09642f715287f7aa7287f224bc67489675c604ed8a9bc
B_p102484,B,evaluation,False,,39.0,ac3cb8e6a27383faeb5a467bdaeba53389c46591fab0531c1fcb3939147da0fd
B_p112648,B,evaluation,False,,36.0,9e610cf1884c2c39327b2c208be61f92c799edb0e82e0b942668a384293dfe03
B_p118931,B,evaluation,False,,55.0,cfa3f84a605f8e0625121c9bd413219a7243340ee095657fd174a7b13f5a9148
B_p109119,B,evaluation,False,,45.0,18c3a9a9c8d80293640aaa51f332a5b0b53186ba3abbcf3bc7bfe1f0d35c6b42
B_p111863,B,evaluation,False,,37.0,29e65343b580e0898de150d62ffbfa4155cff27cd3110d060141529f41ec8cbc
B_p114371,B,evaluation,False,,22.0,dcee1a9919711325450ab57cb1fc02ed1fdad368b23198c53131cd56c7eb743a
B_p106153,B,evaluation,False,,37.0,7fe7a8ce1f21914433532e7c13a3959d4c84dff3e54d598d714336fe8ac42ebe
B_p116186,B,evaluation,False,,23.0,9db0a6e4c094b86fbd8f9f843dff1d49927938d3f1092fea849199da035cb979
B_p112743,B,evaluation,False,,18.0,1e2d2584de55561f3969e511ec175f55b98140bf1869c1441ba61e288fd3adca
B_p111061,B,evaluation,False,,22.0,7ee218ec9ad2264d39c950be0ca8e4a7cb3547be54ac12a87798f4183f69567d
B_p111126,B,evaluation,False,,39.0,7a11e0e0ed74a9f573d7ecd95ee87aa91f6d4a76cd21c161a169c95d2f10f342
B_p116247,B,evaluation,False,,22.0,3fc91fc265af5c6ece5997c50739ecc17e9681bb6897cce79da7cac1c7f43844
B_p103256,B,evaluation,False,,46.0,ec94f00ddefa782a00a01bf1a576195d979fcf066412cea6b757e8172148156b
B_p103921,B,evaluation,False,,26.0,5a22b0c250402cef1c7faca97e8402da5b45484a7da3c3ea5ead11778fe33007
B_p118483,B,evaluation,False,,67.0,16995c3bdf6c59d1f778bb68a65308383538a14a7055f10c315b035aa356abff
B_p115884,B,evaluation,False,,39.0,c32b61ea448ffd67ac1ca30c3b15cbb3b35b6dedfa44020ed04d779ce46b3f0e
B_p115888,B,evaluation,False,,57.0,79b29e5dbe2eb89feacf037f259322d28edb0f46337e9e07eef6c41287e9f65d
B_p115145,B,evaluation,False,,21.0,6af8dc660685f56db9eec2aa74017c2e968706396b1931bcdedb99c0923728ba
B_p101504,B,evaluation,False,,55.0,e0445814b68beb42a476c71896b4578f128ae20d55eed94bf6ba87211ec2a137
B_p104007,B,evaluation,False,,36.0,18525e13d5184ff60de1ac3fc6ca93ea81c78eb2f82a8133bca00a2ce777d20b
B_p112536,B,evaluation,False,,38.0,083c3bf1a63ca3922d4a561741236e98506e7edfc1d3efb38b76c0c8dc5d893e
B_p113091,B,evaluation,False,,59.0,4201ec5c6be54fa1c4a8822f8a5323632f4ece1f8f11d9b77d66d03a5c81eca2
B_p114313,B,evaluation,False,,20.0,172194d93e7c73fa7f407ee88bb4512041936472221f7dd434901c43c027d8e7
B_p109735,B,evaluation,False,,47.0,6dc748e540b2e697f2f50c1358524ceaa69127c26028c79c45c8b77be5b381b9
B_p106956,B,evaluation,False,,39.0,239e2058787955ccee87959c55d7d5c0ae0ab5740c9200ea9254b1adc6142675
B_p108048,B,evaluation,False,,31.0,cb6ddf7cd34b431e439c8bb03d89b7d7a3a4d19b0d07e486cc24b696c6135c3b
B_p115667,B,evaluation,False,,51.0,51f6ddbc8bb8310edcad3c5b8e32fdd17f5c7e68d10319ab76968cff7189cafd
B_p106106,B,evaluation,False,,25.0,94aa594ccb022c117c0c6926644be715a071f99ae4a34a9172ad177a90bfc71a
B_p108297,B,evaluation,False,,42.0,eaa1203b286e0c601dbe191d2a0fd5230d453fe8449c655d0cd05e1383ef2f08
