source,model,input_variant,condition,policy,threshold,threshold_infinite,calibration_nonseptic_people,nonseptic_patients,septic_patients,patient_false_alert_rate,patient_false_alert_rate_count,patient_false_alert_rate_ci_low,patient_false_alert_rate_ci_high,window6_sensitivity,window6_sensitivity_count,window6_sensitivity_ci_low,window6_sensitivity_ci_high,first6_sensitivity,first6_sensitivity_count,first6_sensitivity_ci_low,first6_sensitivity_ci_high,early_first_fraction,early_first_fraction_count,early_first_fraction_ci_low,early_first_fraction_ci_high,window12_sensitivity,window12_sensitivity_count,window12_sensitivity_ci_low,window12_sensitivity_ci_high,first12_sensitivity,first12_sensitivity_count,first12_sensitivity_ci_low,first12_sensitivity_ci_high,any_positive_alert_fraction,any_positive_alert_fraction_count,any_positive_alert_fraction_ci_low,any_positive_alert_fraction_ci_high,nonseptic_alerts,nonseptic_hours,nonseptic_alerts_per_admission,nonseptic_alerts_per_100_hours,septic_alerts,septic_hours,septic_alerts_per_admission,septic_alerts_per_100_hours,first_alert_lead_median,first_alert_lead_p25,first_alert_lead_p75,alerted_positive_patients,run
A,logistic,native_numeric,source_hourly,hourly,0.0175243187331984,False,187,444,17,0.2612612612612612,116,0.2209792373491449,0.3047572842450629,0.2941176470588235,5,0.10313551437032,0.5595827187543372,0.1176470588235294,2,0.0145793168403024,0.3644091621012502,0.2352941176470588,4,0.0681077404373566,0.4989932732045801,0.3529411764705882,6,0.1420974831102209,0.6167163365565971,0.1764705882352941,3,0.037985068070626,0.4343178728442839,0.3529411764705882,6,0.1420974831102209,0.6167163365565971,3063,19094,6.898648648648648,16.04168848853043,50,551,2.9411764705882355,9.074410163339383,12.0,6.5,48.25,6,Initial
A,logistic,native_numeric,source_hourly,single,0.0175243187331984,False,187,444,17,0.2612612612612612,116,0.2209792373491449,0.3047572842450629,0.1176470588235294,2,0.0145793168403024,0.3644091621012502,0.1176470588235294,2,0.0145793168403024,0.3644091621012502,0.2352941176470588,4,0.0681077404373566,0.4989932732045801,0.1764705882352941,3,0.037985068070626,0.4343178728442839,0.1764705882352941,3,0.037985068070626,0.4343178728442839,0.3529411764705882,6,0.1420974831102209,0.6167163365565971,116,19094,0.2612612612612612,0.6075206871268461,6,551,0.3529411764705882,1.088929219600726,12.0,6.5,48.25,6,Initial
A,logistic,native_numeric,source_hourly,silence4,0.0175243187331984,False,187,444,17,0.2612612612612612,116,0.2209792373491449,0.3047572842450629,0.2941176470588235,5,0.10313551437032,0.5595827187543372,0.1176470588235294,2,0.0145793168403024,0.3644091621012502,0.2352941176470588,4,0.0681077404373566,0.4989932732045801,0.3529411764705882,6,0.1420974831102209,0.6167163365565971,0.1764705882352941,3,0.037985068070626,0.4343178728442839,0.3529411764705882,6,0.1420974831102209,0.6167163365565971,976,19094,2.1981981981981984,5.111553367550016,20,551,1.1764705882352942,3.629764065335753,12.0,6.5,48.25,6,Initial
A,logistic,native_numeric,source_hourly,silence6,0.0175243187331984,False,187,444,17,0.2612612612612612,116,0.2209792373491449,0.3047572842450629,0.2941176470588235,5,0.10313551437032,0.5595827187543372,0.1176470588235294,2,0.0145793168403024,0.3644091621012502,0.2352941176470588,4,0.0681077404373566,0.4989932732045801,0.3529411764705882,6,0.1420974831102209,0.6167163365565971,0.1764705882352941,3,0.037985068070626,0.4343178728442839,0.3529411764705882,6,0.1420974831102209,0.6167163365565971,711,19094,1.601351351351351,3.7236828323033415,18,551,1.0588235294117647,3.266787658802178,12.0,6.5,48.25,6,Initial
A,logistic,native_numeric,source_hourly,three_of_five,0.0175243187331984,False,187,444,17,0.1801801801801801,80,0.1455364614307477,0.2191503314969663,0.1176470588235294,2,0.0145793168403024,0.3644091621012502,0.0588235294117647,1,0.0014881743912666,0.2868893966672207,0.1176470588235294,2,0.0145793168403024,0.3644091621012502,0.1176470588235294,2,0.0145793168403024,0.3644091621012502,0.0588235294117647,1,0.0014881743912666,0.2868893966672207,0.1764705882352941,3,0.037985068070626,0.4343178728442839,2824,19094,6.36036036036036,14.789986383157013,38,551,2.235294117647059,6.896551724137931,47.0,24.5,60.0,3,Initial
A,logistic,native_numeric,source_patient,hourly,0.033675748624532,False,187,444,17,0.1441441441441441,64,0.1128107249810804,0.1803088836793328,0.0588235294117647,1,0.0014881743912666,0.2868893966672207,0.0588235294117647,1,0.0014881743912666,0.2868893966672207,0.1764705882352941,3,0.037985068070626,0.4343178728442839,0.1176470588235294,2,0.0145793168403024,0.3644091621012502,0.1176470588235294,2,0.0145793168403024,0.3644091621012502,0.2352941176470588,4,0.0681077404373566,0.4989932732045801,1242,19094,2.7972972972972974,6.504661150099508,5,551,0.2941176470588235,0.9074410163339384,16.5,8.75,29.25,4,Initial
A,logistic,native_numeric,source_patient,single,0.033675748624532,False,187,444,17,0.1441441441441441,64,0.1128107249810804,0.1803088836793328,0.0588235294117647,1,0.0014881743912666,0.2868893966672207,0.0588235294117647,1,0.0014881743912666,0.2868893966672207,0.1764705882352941,3,0.037985068070626,0.4343178728442839,0.1176470588235294,2,0.0145793168403024,0.3644091621012502,0.1176470588235294,2,0.0145793168403024,0.3644091621012502,0.2352941176470588,4,0.0681077404373566,0.4989932732045801,64,19094,0.1441441441441441,0.3351838273803289,4,551,0.2352941176470588,0.7259528130671506,16.5,8.75,29.25,4,Initial
A,logistic,native_numeric,source_patient,silence4,0.033675748624532,False,187,444,17,0.1441441441441441,64,0.1128107249810804,0.1803088836793328,0.0588235294117647,1,0.0014881743912666,0.2868893966672207,0.0588235294117647,1,0.0014881743912666,0.2868893966672207,0.1764705882352941,3,0.037985068070626,0.4343178728442839,0.1176470588235294,2,0.0145793168403024,0.3644091621012502,0.1176470588235294,2,0.0145793168403024,0.3644091621012502,0.2352941176470588,4,0.0681077404373566,0.4989932732045801,394,19094,0.8873873873873874,2.06347543731015,5,551,0.2941176470588235,0.9074410163339384,16.5,8.75,29.25,4,Initial
A,logistic,native_numeric,source_patient,silence6,0.033675748624532,False,187,444,17,0.1441441441441441,64,0.1128107249810804,0.1803088836793328,0.0588235294117647,1,0.0014881743912666,0.2868893966672207,0.0588235294117647,1,0.0014881743912666,0.2868893966672207,0.1764705882352941,3,0.037985068070626,0.4343178728442839,0.1176470588235294,2,0.0145793168403024,0.3644091621012502,0.1176470588235294,2,0.0145793168403024,0.3644091621012502,0.2352941176470588,4,0.0681077404373566,0.4989932732045801,293,19094,0.6599099099099099,1.5345134597255683,4,551,0.2352941176470588,0.7259528130671506,16.5,8.75,29.25,4,Initial
A,logistic,native_numeric,source_patient,three_of_five,0.033675748624532,False,187,444,17,0.0878378378378378,39,0.0632065541720353,0.1181207214644518,0.0,0,0.0,0.1950643229690931,0.0,0,0.0,0.1950643229690931,0.0,0,0.0,0.1950643229690931,0.0,0,0.0,0.1950643229690931,0.0,0,0.0,0.1950643229690931,0.0,0,0.0,0.1950643229690931,1141,19094,2.56981981981982,5.975699172514926,0,551,0.0,0.0,,,,0,Initial
A,logistic,native_numeric,local_patient,hourly,0.046246096159623,False,187,444,17,0.0990990990990991,44,0.0729319326940338,0.130748794152471,0.0588235294117647,1,0.0014881743912666,0.2868893966672207,0.0588235294117647,1,0.0014881743912666,0.2868893966672207,0.0588235294117647,1,0.0014881743912666,0.2868893966672207,0.0588235294117647,1,0.0014881743912666,0.2868893966672207,0.0588235294117647,1,0.0014881743912666,0.2868893966672207,0.1176470588235294,2,0.0145793168403024,0.3644091621012502,844,19094,1.9009009009009008,4.420236723578087,3,551,0.1764705882352941,0.5444646098003629,26.5,14.25,38.75,2,Initial
A,logistic,native_numeric,local_patient,single,0.046246096159623,False,187,444,17,0.0990990990990991,44,0.0729319326940338,0.130748794152471,0.0588235294117647,1,0.0014881743912666,0.2868893966672207,0.0588235294117647,1,0.0014881743912666,0.2868893966672207,0.0588235294117647,1,0.0014881743912666,0.2868893966672207,0.0588235294117647,1,0.0014881743912666,0.2868893966672207,0.0588235294117647,1,0.0014881743912666,0.2868893966672207,0.1176470588235294,2,0.0145793168403024,0.3644091621012502,44,19094,0.0990990990990991,0.2304388813239761,2,551,0.1176470588235294,0.3629764065335753,26.5,14.25,38.75,2,Initial
A,logistic,native_numeric,local_patient,silence4,0.046246096159623,False,187,444,17,0.0990990990990991,44,0.0729319326940338,0.130748794152471,0.0588235294117647,1,0.0014881743912666,0.2868893966672207,0.0588235294117647,1,0.0014881743912666,0.2868893966672207,0.0588235294117647,1,0.0014881743912666,0.2868893966672207,0.0588235294117647,1,0.0014881743912666,0.2868893966672207,0.0588235294117647,1,0.0014881743912666,0.2868893966672207,0.1176470588235294,2,0.0145793168403024,0.3644091621012502,263,19094,0.5923423423423423,1.377396040641039,3,551,0.1764705882352941,0.5444646098003629,26.5,14.25,38.75,2,Initial
A,logistic,native_numeric,local_patient,silence6,0.046246096159623,False,187,444,17,0.0990990990990991,44,0.0729319326940338,0.130748794152471,0.0588235294117647,1,0.0014881743912666,0.2868893966672207,0.0588235294117647,1,0.0014881743912666,0.2868893966672207,0.0588235294117647,1,0.0014881743912666,0.2868893966672207,0.0588235294117647,1,0.0014881743912666,0.2868893966672207,0.0588235294117647,1,0.0014881743912666,0.2868893966672207,0.1176470588235294,2,0.0145793168403024,0.3644091621012502,193,19094,0.4346846846846847,1.0107887294438045,2,551,0.1176470588235294,0.3629764065335753,26.5,14.25,38.75,2,Initial
A,logistic,native_numeric,local_patient,three_of_five,0.0364717649635699,False,187,444,17,0.0765765765765765,34,0.0536119720369401,0.1053660556835036,0.0,0,0.0,0.1950643229690931,0.0,0,0.0,0.1950643229690931,0.0,0,0.0,0.1950643229690931,0.0,0,0.0,0.1950643229690931,0.0,0,0.0,0.1950643229690931,0.0,0,0.0,0.1950643229690931,1029,19094,2.3175675675675675,5.38912747459935,0,551,0.0,0.0,,,,0,Initial
A,logistic,mask_ambiguous_units,source_hourly,hourly,0.0175243187331984,False,187,444,17,0.1959459459459459,87,0.1600297154207389,0.2359703137417092,0.1176470588235294,2,0.0145793168403024,0.3644091621012502,0.1176470588235294,2,0.0145793168403024,0.3644091621012502,0.1764705882352941,3,0.037985068070626,0.4343178728442839,0.2352941176470588,4,0.0681077404373566,0.4989932732045801,0.1764705882352941,3,0.037985068070626,0.4343178728442839,0.2941176470588235,5,0.10313551437032,0.5595827187543372,1950,19094,4.391891891891892,10.212632240494395,23,551,1.3529411764705883,4.174228675136116,11.0,5.0,51.0,5,Initial
A,logistic,mask_ambiguous_units,source_hourly,single,0.0175243187331984,False,187,444,17,0.1959459459459459,87,0.1600297154207389,0.2359703137417092,0.1176470588235294,2,0.0145793168403024,0.3644091621012502,0.1176470588235294,2,0.0145793168403024,0.3644091621012502,0.1764705882352941,3,0.037985068070626,0.4343178728442839,0.1764705882352941,3,0.037985068070626,0.4343178728442839,0.1764705882352941,3,0.037985068070626,0.4343178728442839,0.2941176470588235,5,0.10313551437032,0.5595827187543372,87,19094,0.1959459459459459,0.4556405153451346,5,551,0.2941176470588235,0.9074410163339384,11.0,5.0,51.0,5,Initial
A,logistic,mask_ambiguous_units,source_hourly,silence4,0.0175243187331984,False,187,444,17,0.1959459459459459,87,0.1600297154207389,0.2359703137417092,0.1176470588235294,2,0.0145793168403024,0.3644091621012502,0.1176470588235294,2,0.0145793168403024,0.3644091621012502,0.1764705882352941,3,0.037985068070626,0.4343178728442839,0.2352941176470588,4,0.0681077404373566,0.4989932732045801,0.1764705882352941,3,0.037985068070626,0.4343178728442839,0.2941176470588235,5,0.10313551437032,0.5595827187543372,635,19094,1.43018018018018,3.325652037289201,12,551,0.7058823529411765,2.177858439201452,11.0,5.0,51.0,5,Initial
A,logistic,mask_ambiguous_units,source_hourly,silence6,0.0175243187331984,False,187,444,17,0.1959459459459459,87,0.1600297154207389,0.2359703137417092,0.1176470588235294,2,0.0145793168403024,0.3644091621012502,0.1176470588235294,2,0.0145793168403024,0.3644091621012502,0.1764705882352941,3,0.037985068070626,0.4343178728442839,0.2352941176470588,4,0.0681077404373566,0.4989932732045801,0.1764705882352941,3,0.037985068070626,0.4343178728442839,0.2941176470588235,5,0.10313551437032,0.5595827187543372,469,19094,1.0563063063063065,2.4562689850214725,10,551,0.5882352941176471,1.8148820326678765,11.0,5.0,51.0,5,Initial
A,logistic,mask_ambiguous_units,source_hourly,three_of_five,0.0175243187331984,False,187,444,17,0.1396396396396396,62,0.1087651029476916,0.175409374039537,0.0588235294117647,1,0.0014881743912666,0.2868893966672207,0.0,0,0.0,0.1950643229690931,0.1176470588235294,2,0.0145793168403024,0.3644091621012502,0.0588235294117647,1,0.0014881743912666,0.2868893966672207,0.0,0,0.0,0.1950643229690931,0.1176470588235294,2,0.0145793168403024,0.3644091621012502,1773,19094,3.993243243243243,9.285639467895674,16,551,0.9411764705882352,2.9038112522686026,35.5,29.75,41.25,2,Initial
A,logistic,mask_ambiguous_units,source_patient,hourly,0.033675748624532,False,187,444,17,0.1013513513513513,45,0.0748908650025786,0.1332609549403348,0.0,0,0.0,0.1950643229690931,0.0,0,0.0,0.1950643229690931,0.0588235294117647,1,0.0014881743912666,0.2868893966672207,0.0,0,0.0,0.1950643229690931,0.0,0,0.0,0.1950643229690931,0.0588235294117647,1,0.0014881743912666,0.2868893966672207,869,19094,1.9572072072072075,4.551167906148528,2,551,0.1176470588235294,0.3629764065335753,51.0,51.0,51.0,1,Initial
A,logistic,mask_ambiguous_units,source_patient,single,0.033675748624532,False,187,444,17,0.1013513513513513,45,0.0748908650025786,0.1332609549403348,0.0,0,0.0,0.1950643229690931,0.0,0,0.0,0.1950643229690931,0.0588235294117647,1,0.0014881743912666,0.2868893966672207,0.0,0,0.0,0.1950643229690931,0.0,0,0.0,0.1950643229690931,0.0588235294117647,1,0.0014881743912666,0.2868893966672207,45,19094,0.1013513513513513,0.2356761286267937,1,551,0.0588235294117647,0.1814882032667876,51.0,51.0,51.0,1,Initial
A,logistic,mask_ambiguous_units,source_patient,silence4,0.033675748624532,False,187,444,17,0.1013513513513513,45,0.0748908650025786,0.1332609549403348,0.0,0,0.0,0.1950643229690931,0.0,0,0.0,0.1950643229690931,0.0588235294117647,1,0.0014881743912666,0.2868893966672207,0.0,0,0.0,0.1950643229690931,0.0,0,0.0,0.1950643229690931,0.0588235294117647,1,0.0014881743912666,0.2868893966672207,270,19094,0.6081081081081081,1.4140567717607626,2,551,0.1176470588235294,0.3629764065335753,51.0,51.0,51.0,1,Initial
A,logistic,mask_ambiguous_units,source_patient,silence6,0.033675748624532,False,187,444,17,0.1013513513513513,45,0.0748908650025786,0.1332609549403348,0.0,0,0.0,0.1950643229690931,0.0,0,0.0,0.1950643229690931,0.0588235294117647,1,0.0014881743912666,0.2868893966672207,0.0,0,0.0,0.1950643229690931,0.0,0,0.0,0.1950643229690931,0.0588235294117647,1,0.0014881743912666,0.2868893966672207,200,19094,0.4504504504504504,1.0474494605635278,1,551,0.0588235294117647,0.1814882032667876,51.0,51.0,51.0,1,Initial
A,logistic,mask_ambiguous_units,source_patient,three_of_five,0.033675748624532,False,187,444,17,0.063063063063063,28,0.0423103752810183,0.0898565277090562,0.0,0,0.0,0.1950643229690931,0.0,0,0.0,0.1950643229690931,0.0,0,0.0,0.1950643229690931,0.0,0,0.0,0.1950643229690931,0.0,0,0.0,0.1950643229690931,0.0,0,0.0,0.1950643229690931,794,19094,1.7882882882882882,4.1583743584372055,0,551,0.0,0.0,,,,0,Initial
A,logistic,mask_ambiguous_units,local_patient,hourly,0.0357292605629719,False,187,444,17,0.0968468468468468,43,0.0709774258457675,0.1282323320914093,0.0,0,0.0,0.1950643229690931,0.0,0,0.0,0.1950643229690931,0.0588235294117647,1,0.0014881743912666,0.2868893966672207,0.0,0,0.0,0.1950643229690931,0.0,0,0.0,0.1950643229690931,0.0588235294117647,1,0.0014881743912666,0.2868893966672207,824,19094,1.855855855855856,4.315491777521735,2,551,0.1176470588235294,0.3629764065335753,51.0,51.0,51.0,1,Initial
A,logistic,mask_ambiguous_units,local_patient,single,0.0357292605629719,False,187,444,17,0.0968468468468468,43,0.0709774258457675,0.1282323320914093,0.0,0,0.0,0.1950643229690931,0.0,0,0.0,0.1950643229690931,0.0588235294117647,1,0.0014881743912666,0.2868893966672207,0.0,0,0.0,0.1950643229690931,0.0,0,0.0,0.1950643229690931,0.0588235294117647,1,0.0014881743912666,0.2868893966672207,43,19094,0.0968468468468468,0.2252016340211584,1,551,0.0588235294117647,0.1814882032667876,51.0,51.0,51.0,1,Initial
A,logistic,mask_ambiguous_units,local_patient,silence4,0.0357292605629719,False,187,444,17,0.0968468468468468,43,0.0709774258457675,0.1282323320914093,0.0,0,0.0,0.1950643229690931,0.0,0,0.0,0.1950643229690931,0.0588235294117647,1,0.0014881743912666,0.2868893966672207,0.0,0,0.0,0.1950643229690931,0.0,0,0.0,0.1950643229690931,0.0588235294117647,1,0.0014881743912666,0.2868893966672207,255,19094,0.5743243243243243,1.335498062218498,2,551,0.1176470588235294,0.3629764065335753,51.0,51.0,51.0,1,Initial
A,logistic,mask_ambiguous_units,local_patient,silence6,0.0357292605629719,False,187,444,17,0.0968468468468468,43,0.0709774258457675,0.1282323320914093,0.0,0,0.0,0.1950643229690931,0.0,0,0.0,0.1950643229690931,0.0588235294117647,1,0.0014881743912666,0.2868893966672207,0.0,0,0.0,0.1950643229690931,0.0,0,0.0,0.1950643229690931,0.0588235294117647,1,0.0014881743912666,0.2868893966672207,188,19094,0.4234234234234234,0.984602492929716,1,551,0.0588235294117647,0.1814882032667876,51.0,51.0,51.0,1,Initial
A,logistic,mask_ambiguous_units,local_patient,three_of_five,0.0233953988820011,False,187,444,17,0.1058558558558558,47,0.078821488752087,0.1382728640915279,0.0,0,0.0,0.1950643229690931,0.0,0,0.0,0.1950643229690931,0.0588235294117647,1,0.0014881743912666,0.2868893966672207,0.0,0,0.0,0.1950643229690931,0.0,0,0.0,0.1950643229690931,0.0588235294117647,1,0.0014881743912666,0.2868893966672207,1172,19094,2.63963963963964,6.138053838902273,4,551,0.2352941176470588,0.7259528130671506,20.0,20.0,20.0,1,Initial
A,hgb,native_numeric,source_hourly,hourly,0.0139771849320761,False,187,444,17,0.3851351351351351,171,0.3396424414878205,0.4321690632383674,0.4117647058823529,7,0.1844369617839466,0.6707528460532426,0.2352941176470588,4,0.0681077404373566,0.4989932732045801,0.2352941176470588,4,0.0681077404373566,0.4989932732045801,0.4705882352941176,8,0.2298326872659903,0.7218816996688935,0.2941176470588235,5,0.10313551437032,0.5595827187543372,0.4705882352941176,8,0.2298326872659903,0.7218816996688935,5821,19094,13.11036036036036,30.48601654970148,131,551,7.705882352941177,23.77495462794918,7.0,4.5,44.5,8,Initial
A,hgb,native_numeric,source_hourly,single,0.0139771849320761,False,187,444,17,0.3851351351351351,171,0.3396424414878205,0.4321690632383674,0.2352941176470588,4,0.0681077404373566,0.4989932732045801,0.2352941176470588,4,0.0681077404373566,0.4989932732045801,0.2352941176470588,4,0.0681077404373566,0.4989932732045801,0.2941176470588235,5,0.10313551437032,0.5595827187543372,0.2941176470588235,5,0.10313551437032,0.5595827187543372,0.4705882352941176,8,0.2298326872659903,0.7218816996688935,171,19094,0.3851351351351351,0.8955692887818163,8,551,0.4705882352941176,1.4519056261343013,7.0,4.5,44.5,8,Initial
A,hgb,native_numeric,source_hourly,silence4,0.0139771849320761,False,187,444,17,0.3851351351351351,171,0.3396424414878205,0.4321690632383674,0.4117647058823529,7,0.1844369617839466,0.6707528460532426,0.2352941176470588,4,0.0681077404373566,0.4989932732045801,0.2352941176470588,4,0.0681077404373566,0.4989932732045801,0.4705882352941176,8,0.2298326872659903,0.7218816996688935,0.2941176470588235,5,0.10313551437032,0.5595827187543372,0.4705882352941176,8,0.2298326872659903,0.7218816996688935,1587,19094,3.574324324324324,8.311511469571593,37,551,2.176470588235294,6.715063520871143,7.0,4.5,44.5,8,Initial
A,hgb,native_numeric,source_hourly,silence6,0.0139771849320761,False,187,444,17,0.3851351351351351,171,0.3396424414878205,0.4321690632383674,0.4117647058823529,7,0.1844369617839466,0.6707528460532426,0.2352941176470588,4,0.0681077404373566,0.4989932732045801,0.2352941176470588,4,0.0681077404373566,0.4989932732045801,0.4705882352941176,8,0.2298326872659903,0.7218816996688935,0.2941176470588235,5,0.10313551437032,0.5595827187543372,0.4705882352941176,8,0.2298326872659903,0.7218816996688935,1107,19094,2.4932432432432434,5.797632764219126,28,551,1.6470588235294117,5.081669691470054,7.0,4.5,44.5,8,Initial
A,hgb,native_numeric,source_hourly,three_of_five,0.0139771849320761,False,187,444,17,0.3400900900900901,151,0.296092398555479,0.3862352266188043,0.4117647058823529,7,0.1844369617839466,0.6707528460532426,0.1764705882352941,3,0.037985068070626,0.4343178728442839,0.2352941176470588,4,0.0681077404373566,0.4989932732045801,0.4117647058823529,7,0.1844369617839466,0.6707528460532426,0.2352941176470588,4,0.0681077404373566,0.4989932732045801,0.4117647058823529,7,0.1844369617839466,0.6707528460532426,5469,19094,12.317567567567568,28.642505499109667,120,551,7.0588235294117645,21.77858439201452,7.0,3.0,40.5,7,Initial
A,hgb,native_numeric,source_patient,hourly,0.0357463317979515,False,187,444,17,0.2747747747747748,122,0.233746505850873,0.3188334823266706,0.1764705882352941,3,0.037985068070626,0.4343178728442839,0.0,0,0.0,0.1950643229690931,0.1764705882352941,3,0.037985068070626,0.4343178728442839,0.1764705882352941,3,0.037985068070626,0.4343178728442839,0.0,0,0.0,0.1950643229690931,0.1764705882352941,3,0.037985068070626,0.4343178728442839,4356,19094,9.81081081081081,22.813449251073635,92,551,5.411764705882353,16.696914700544465,30.0,27.5,37.0,3,Initial
A,hgb,native_numeric,source_patient,single,0.0357463317979515,False,187,444,17,0.2747747747747748,122,0.233746505850873,0.3188334823266706,0.0,0,0.0,0.1950643229690931,0.0,0,0.0,0.1950643229690931,0.1764705882352941,3,0.037985068070626,0.4343178728442839,0.0,0,0.0,0.1950643229690931,0.0,0,0.0,0.1950643229690931,0.1764705882352941,3,0.037985068070626,0.4343178728442839,122,19094,0.2747747747747748,0.638944170943752,3,551,0.1764705882352941,0.5444646098003629,30.0,27.5,37.0,3,Initial
A,hgb,native_numeric,source_patient,silence4,0.0357463317979515,False,187,444,17,0.2747747747747748,122,0.233746505850873,0.3188334823266706,0.1764705882352941,3,0.037985068070626,0.4343178728442839,0.0,0,0.0,0.1950643229690931,0.1764705882352941,3,0.037985068070626,0.4343178728442839,0.1764705882352941,3,0.037985068070626,0.4343178728442839,0.0,0,0.0,0.1950643229690931,0.1764705882352941,3,0.037985068070626,0.4343178728442839,1170,19094,2.635135135135135,6.127579344296637,25,551,1.4705882352941178,4.537205081669692,30.0,27.5,37.0,3,Initial
A,hgb,native_numeric,source_patient,silence6,0.0357463317979515,False,187,444,17,0.2747747747747748,122,0.233746505850873,0.3188334823266706,0.1764705882352941,3,0.037985068070626,0.4343178728442839,0.0,0,0.0,0.1950643229690931,0.1764705882352941,3,0.037985068070626,0.4343178728442839,0.1764705882352941,3,0.037985068070626,0.4343178728442839,0.0,0,0.0,0.1950643229690931,0.1764705882352941,3,0.037985068070626,0.4343178728442839,808,19094,1.81981981981982,4.231695820676652,17,551,1.0,3.0852994555353903,30.0,27.5,37.0,3,Initial
A,hgb,native_numeric,source_patient,three_of_five,0.0357463317979515,False,187,444,17,0.2567567567567567,114,0.2167344590400448,0.3000543267709238,0.1764705882352941,3,0.037985068070626,0.4343178728442839,0.0,0,0.0,0.1950643229690931,0.1764705882352941,3,0.037985068070626,0.4343178728442839,0.1764705882352941,3,0.037985068070626,0.4343178728442839,0.0,0,0.0,0.1950643229690931,0.1764705882352941,3,0.037985068070626,0.4343178728442839,4118,19094,9.274774774774777,21.56698439300304,87,551,5.117647058823529,15.789473684210526,28.0,25.5,35.0,3,Initial
A,hgb,native_numeric,local_patient,hourly,0.2029365622291755,False,187,444,17,0.0945945945945946,42,0.0690274831249607,0.1257114372035679,0.0588235294117647,1,0.0014881743912666,0.2868893966672207,0.0588235294117647,1,0.0014881743912666,0.2868893966672207,0.0,0,0.0,0.1950643229690931,0.0588235294117647,1,0.0014881743912666,0.2868893966672207,0.0588235294117647,1,0.0014881743912666,0.2868893966672207,0.0588235294117647,1,0.0014881743912666,0.2868893966672207,495,19094,1.114864864864865,2.592437414894732,6,551,0.3529411764705882,1.088929219600726,6.0,6.0,6.0,1,Initial
A,hgb,native_numeric,local_patient,single,0.2029365622291755,False,187,444,17,0.0945945945945946,42,0.0690274831249607,0.1257114372035679,0.0588235294117647,1,0.0014881743912666,0.2868893966672207,0.0588235294117647,1,0.0014881743912666,0.2868893966672207,0.0,0,0.0,0.1950643229690931,0.0588235294117647,1,0.0014881743912666,0.2868893966672207,0.0588235294117647,1,0.0014881743912666,0.2868893966672207,0.0588235294117647,1,0.0014881743912666,0.2868893966672207,42,19094,0.0945945945945946,0.2199643867183408,1,551,0.0588235294117647,0.1814882032667876,6.0,6.0,6.0,1,Initial
A,hgb,native_numeric,local_patient,silence4,0.2029365622291755,False,187,444,17,0.0945945945945946,42,0.0690274831249607,0.1257114372035679,0.0588235294117647,1,0.0014881743912666,0.2868893966672207,0.0588235294117647,1,0.0014881743912666,0.2868893966672207,0.0,0,0.0,0.1950643229690931,0.0588235294117647,1,0.0014881743912666,0.2868893966672207,0.0588235294117647,1,0.0014881743912666,0.2868893966672207,0.0588235294117647,1,0.0014881743912666,0.2868893966672207,183,19094,0.4121621621621621,0.958416256415628,2,551,0.1176470588235294,0.3629764065335753,6.0,6.0,6.0,1,Initial
A,hgb,native_numeric,local_patient,silence6,0.2029365622291755,False,187,444,17,0.0945945945945946,42,0.0690274831249607,0.1257114372035679,0.0588235294117647,1,0.0014881743912666,0.2868893966672207,0.0588235294117647,1,0.0014881743912666,0.2868893966672207,0.0,0,0.0,0.1950643229690931,0.0588235294117647,1,0.0014881743912666,0.2868893966672207,0.0588235294117647,1,0.0014881743912666,0.2868893966672207,0.0588235294117647,1,0.0014881743912666,0.2868893966672207,130,19094,0.2927927927927928,0.6808421493662931,1,551,0.0588235294117647,0.1814882032667876,6.0,6.0,6.0,1,Initial
A,hgb,native_numeric,local_patient,three_of_five,0.1602235508731755,False,187,444,17,0.0878378378378378,39,0.0632065541720353,0.1181207214644518,0.0588235294117647,1,0.0014881743912666,0.2868893966672207,0.0588235294117647,1,0.0014881743912666,0.2868893966672207,0.0,0,0.0,0.1950643229690931,0.0588235294117647,1,0.0014881743912666,0.2868893966672207,0.0588235294117647,1,0.0014881743912666,0.2868893966672207,0.0588235294117647,1,0.0014881743912666,0.2868893966672207,709,19094,1.5968468468468469,3.713208337697706,4,551,0.2352941176470588,0.7259528130671506,4.0,4.0,4.0,1,Initial
A,hgb,mask_ambiguous_units,source_hourly,hourly,0.0139771849320761,False,187,444,17,0.3738738738738739,166,0.3287155111739319,0.4207248750129573,0.2941176470588235,5,0.10313551437032,0.5595827187543372,0.1176470588235294,2,0.0145793168403024,0.3644091621012502,0.2352941176470588,4,0.0681077404373566,0.4989932732045801,0.3529411764705882,6,0.1420974831102209,0.6167163365565971,0.1764705882352941,3,0.037985068070626,0.4343178728442839,0.3529411764705882,6,0.1420974831102209,0.6167163365565971,5570,19094,12.545045045045043,29.17146747669425,121,551,7.117647058823529,21.960072595281307,18.5,4.25,39.5,6,Initial
A,hgb,mask_ambiguous_units,source_hourly,single,0.0139771849320761,False,187,444,17,0.3738738738738739,166,0.3287155111739319,0.4207248750129573,0.1176470588235294,2,0.0145793168403024,0.3644091621012502,0.1176470588235294,2,0.0145793168403024,0.3644091621012502,0.2352941176470588,4,0.0681077404373566,0.4989932732045801,0.1764705882352941,3,0.037985068070626,0.4343178728442839,0.1764705882352941,3,0.037985068070626,0.4343178728442839,0.3529411764705882,6,0.1420974831102209,0.6167163365565971,166,19094,0.3738738738738739,0.869383052267728,6,551,0.3529411764705882,1.088929219600726,18.5,4.25,39.5,6,Initial
A,hgb,mask_ambiguous_units,source_hourly,silence4,0.0139771849320761,False,187,444,17,0.3738738738738739,166,0.3287155111739319,0.4207248750129573,0.2941176470588235,5,0.10313551437032,0.5595827187543372,0.1176470588235294,2,0.0145793168403024,0.3644091621012502,0.2352941176470588,4,0.0681077404373566,0.4989932732045801,0.3529411764705882,6,0.1420974831102209,0.6167163365565971,0.1764705882352941,3,0.037985068070626,0.4343178728442839,0.3529411764705882,6,0.1420974831102209,0.6167163365565971,1519,19094,3.421171171171171,7.955378652979994,35,551,2.0588235294117645,6.352087114337568,18.5,4.25,39.5,6,Initial
A,hgb,mask_ambiguous_units,source_hourly,silence6,0.0139771849320761,False,187,444,17,0.3738738738738739,166,0.3287155111739319,0.4207248750129573,0.2941176470588235,5,0.10313551437032,0.5595827187543372,0.1176470588235294,2,0.0145793168403024,0.3644091621012502,0.2352941176470588,4,0.0681077404373566,0.4989932732045801,0.3529411764705882,6,0.1420974831102209,0.6167163365565971,0.1764705882352941,3,0.037985068070626,0.4343178728442839,0.3529411764705882,6,0.1420974831102209,0.6167163365565971,1057,19094,2.380630630630631,5.5357703990782445,25,551,1.4705882352941178,4.537205081669692,18.5,4.25,39.5,6,Initial
A,hgb,mask_ambiguous_units,source_hourly,three_of_five,0.0139771849320761,False,187,444,17,0.3265765765765765,145,0.2831118734022398,0.372370951487023,0.2352941176470588,4,0.0681077404373566,0.4989932732045801,0.0588235294117647,1,0.0014881743912666,0.2868893966672207,0.1764705882352941,3,0.037985068070626,0.4343178728442839,0.2352941176470588,4,0.0681077404373566,0.4989932732045801,0.0588235294117647,1,0.0014881743912666,0.2868893966672207,0.2352941176470588,4,0.0681077404373566,0.4989932732045801,5240,19094,11.8018018018018,27.443175866764427,109,551,6.411764705882353,19.782214156079856,31.0,20.5,37.75,4,Initial
A,hgb,mask_ambiguous_units,source_patient,hourly,0.0357463317979515,False,187,444,17,0.2657657657657657,118,0.2252295645320212,0.3094547373710403,0.1764705882352941,3,0.037985068070626,0.4343178728442839,0.0,0,0.0,0.1950643229690931,0.1764705882352941,3,0.037985068070626,0.4343178728442839,0.1764705882352941,3,0.037985068070626,0.4343178728442839,0.0,0,0.0,0.1950643229690931,0.1764705882352941,3,0.037985068070626,0.4343178728442839,4198,19094,9.454954954954957,21.98596417722845,93,551,5.470588235294118,16.878402903811253,30.0,27.5,37.0,3,Initial
A,hgb,mask_ambiguous_units,source_patient,single,0.0357463317979515,False,187,444,17,0.2657657657657657,118,0.2252295645320212,0.3094547373710403,0.0,0,0.0,0.1950643229690931,0.0,0,0.0,0.1950643229690931,0.1764705882352941,3,0.037985068070626,0.4343178728442839,0.0,0,0.0,0.1950643229690931,0.0,0,0.0,0.1950643229690931,0.1764705882352941,3,0.037985068070626,0.4343178728442839,118,19094,0.2657657657657657,0.6179951817324814,3,551,0.1764705882352941,0.5444646098003629,30.0,27.5,37.0,3,Initial
A,hgb,mask_ambiguous_units,source_patient,silence4,0.0357463317979515,False,187,444,17,0.2657657657657657,118,0.2252295645320212,0.3094547373710403,0.1764705882352941,3,0.037985068070626,0.4343178728442839,0.0,0,0.0,0.1950643229690931,0.1764705882352941,3,0.037985068070626,0.4343178728442839,0.1764705882352941,3,0.037985068070626,0.4343178728442839,0.0,0,0.0,0.1950643229690931,0.1764705882352941,3,0.037985068070626,0.4343178728442839,1127,19094,2.5382882882882885,5.902377710275479,25,551,1.4705882352941178,4.537205081669692,30.0,27.5,37.0,3,Initial
A,hgb,mask_ambiguous_units,source_patient,silence6,0.0357463317979515,False,187,444,17,0.2657657657657657,118,0.2252295645320212,0.3094547373710403,0.1764705882352941,3,0.037985068070626,0.4343178728442839,0.0,0,0.0,0.1950643229690931,0.1764705882352941,3,0.037985068070626,0.4343178728442839,0.1764705882352941,3,0.037985068070626,0.4343178728442839,0.0,0,0.0,0.1950643229690931,0.1764705882352941,3,0.037985068070626,0.4343178728442839,780,19094,1.7567567567567568,4.085052896197759,18,551,1.0588235294117647,3.266787658802178,30.0,27.5,37.0,3,Initial
A,hgb,mask_ambiguous_units,source_patient,three_of_five,0.0357463317979515,False,187,444,17,0.2477477477477477,110,0.2082619348427047,0.2906315215985249,0.1764705882352941,3,0.037985068070626,0.4343178728442839,0.0,0,0.0,0.1950643229690931,0.1764705882352941,3,0.037985068070626,0.4343178728442839,0.1764705882352941,3,0.037985068070626,0.4343178728442839,0.0,0,0.0,0.1950643229690931,0.1764705882352941,3,0.037985068070626,0.4343178728442839,3976,19094,8.954954954954955,20.82329527600293,87,551,5.117647058823529,15.789473684210526,28.0,25.5,35.0,3,Initial
A,hgb,mask_ambiguous_units,local_patient,hourly,0.1809538151370488,False,187,444,17,0.0878378378378378,39,0.0632065541720353,0.1181207214644518,0.0588235294117647,1,0.0014881743912666,0.2868893966672207,0.0588235294117647,1,0.0014881743912666,0.2868893966672207,0.0,0,0.0,0.1950643229690931,0.0588235294117647,1,0.0014881743912666,0.2868893966672207,0.0588235294117647,1,0.0014881743912666,0.2868893966672207,0.0588235294117647,1,0.0014881743912666,0.2868893966672207,553,19094,1.2454954954954955,2.8961977584581544,6,551,0.3529411764705882,1.088929219600726,6.0,6.0,6.0,1,Initial
A,hgb,mask_ambiguous_units,local_patient,single,0.1809538151370488,False,187,444,17,0.0878378378378378,39,0.0632065541720353,0.1181207214644518,0.0588235294117647,1,0.0014881743912666,0.2868893966672207,0.0588235294117647,1,0.0014881743912666,0.2868893966672207,0.0,0,0.0,0.1950643229690931,0.0588235294117647,1,0.0014881743912666,0.2868893966672207,0.0588235294117647,1,0.0014881743912666,0.2868893966672207,0.0588235294117647,1,0.0014881743912666,0.2868893966672207,39,19094,0.0878378378378378,0.2042526448098879,1,551,0.0588235294117647,0.1814882032667876,6.0,6.0,6.0,1,Initial
A,hgb,mask_ambiguous_units,local_patient,silence4,0.1809538151370488,False,187,444,17,0.0878378378378378,39,0.0632065541720353,0.1181207214644518,0.0588235294117647,1,0.0014881743912666,0.2868893966672207,0.0588235294117647,1,0.0014881743912666,0.2868893966672207,0.0,0,0.0,0.1950643229690931,0.0588235294117647,1,0.0014881743912666,0.2868893966672207,0.0588235294117647,1,0.0014881743912666,0.2868893966672207,0.0588235294117647,1,0.0014881743912666,0.2868893966672207,191,19094,0.4301801801801801,1.000314234838169,2,551,0.1176470588235294,0.3629764065335753,6.0,6.0,6.0,1,Initial
A,hgb,mask_ambiguous_units,local_patient,silence6,0.1809538151370488,False,187,444,17,0.0878378378378378,39,0.0632065541720353,0.1181207214644518,0.0588235294117647,1,0.0014881743912666,0.2868893966672207,0.0588235294117647,1,0.0014881743912666,0.2868893966672207,0.0,0,0.0,0.1950643229690931,0.0588235294117647,1,0.0014881743912666,0.2868893966672207,0.0588235294117647,1,0.0014881743912666,0.2868893966672207,0.0588235294117647,1,0.0014881743912666,0.2868893966672207,137,19094,0.3085585585585585,0.7175028804860165,1,551,0.0588235294117647,0.1814882032667876,6.0,6.0,6.0,1,Initial
A,hgb,mask_ambiguous_units,local_patient,three_of_five,0.1508303854415227,False,187,444,17,0.0855855855855855,38,0.0612764303001505,0.1155806168157531,0.0588235294117647,1,0.0014881743912666,0.2868893966672207,0.0588235294117647,1,0.0014881743912666,0.2868893966672207,0.0,0,0.0,0.1950643229690931,0.0588235294117647,1,0.0014881743912666,0.2868893966672207,0.0588235294117647,1,0.0014881743912666,0.2868893966672207,0.0588235294117647,1,0.0014881743912666,0.2868893966672207,775,19094,1.7454954954954955,4.05886665968367,4,551,0.2352941176470588,0.7259528130671506,4.0,4.0,4.0,1,Initial
A,hgb_no_observation_features,native_numeric,source_hourly,hourly,0.0197045330648678,False,187,444,17,0.1554054054054054,69,0.1229715014409363,0.1925117788516516,0.1176470588235294,2,0.0145793168403024,0.3644091621012502,0.0588235294117647,1,0.0014881743912666,0.2868893966672207,0.0588235294117647,1,0.0014881743912666,0.2868893966672207,0.1176470588235294,2,0.0145793168403024,0.3644091621012502,0.1176470588235294,2,0.0145793168403024,0.3644091621012502,0.1176470588235294,2,0.0145793168403024,0.3644091621012502,1129,19094,2.5427927927927927,5.912852204881115,10,551,0.5882352941176471,1.8148820326678765,5.0,3.0,7.0,2,Initial
A,hgb_no_observation_features,native_numeric,source_hourly,single,0.0197045330648678,False,187,444,17,0.1554054054054054,69,0.1229715014409363,0.1925117788516516,0.0588235294117647,1,0.0014881743912666,0.2868893966672207,0.0588235294117647,1,0.0014881743912666,0.2868893966672207,0.0588235294117647,1,0.0014881743912666,0.2868893966672207,0.1176470588235294,2,0.0145793168403024,0.3644091621012502,0.1176470588235294,2,0.0145793168403024,0.3644091621012502,0.1176470588235294,2,0.0145793168403024,0.3644091621012502,69,19094,0.1554054054054054,0.3613700638944171,2,551,0.1176470588235294,0.3629764065335753,5.0,3.0,7.0,2,Initial
A,hgb_no_observation_features,native_numeric,source_hourly,silence4,0.0197045330648678,False,187,444,17,0.1554054054054054,69,0.1229715014409363,0.1925117788516516,0.1176470588235294,2,0.0145793168403024,0.3644091621012502,0.0588235294117647,1,0.0014881743912666,0.2868893966672207,0.0588235294117647,1,0.0014881743912666,0.2868893966672207,0.1176470588235294,2,0.0145793168403024,0.3644091621012502,0.1176470588235294,2,0.0145793168403024,0.3644091621012502,0.1176470588235294,2,0.0145793168403024,0.3644091621012502,381,19094,0.8581081081081081,1.9953912223735204,4,551,0.2352941176470588,0.7259528130671506,5.0,3.0,7.0,2,Initial
A,hgb_no_observation_features,native_numeric,source_hourly,silence6,0.0197045330648678,False,187,444,17,0.1554054054054054,69,0.1229715014409363,0.1925117788516516,0.1176470588235294,2,0.0145793168403024,0.3644091621012502,0.0588235294117647,1,0.0014881743912666,0.2868893966672207,0.0588235294117647,1,0.0014881743912666,0.2868893966672207,0.1176470588235294,2,0.0145793168403024,0.3644091621012502,0.1176470588235294,2,0.0145793168403024,0.3644091621012502,0.1176470588235294,2,0.0145793168403024,0.3644091621012502,279,19094,0.6283783783783784,1.4611919974861214,3,551,0.1764705882352941,0.5444646098003629,5.0,3.0,7.0,2,Initial
A,hgb_no_observation_features,native_numeric,source_hourly,three_of_five,0.0197045330648678,False,187,444,17,0.081081081081081,36,0.0574325717116613,0.1104845614316966,0.0588235294117647,1,0.0014881743912666,0.2868893966672207,0.0,0,0.0,0.1950643229690931,0.0588235294117647,1,0.0014881743912666,0.2868893966672207,0.0588235294117647,1,0.0014881743912666,0.2868893966672207,0.0588235294117647,1,0.0014881743912666,0.2868893966672207,0.0588235294117647,1,0.0014881743912666,0.2868893966672207,1014,19094,2.283783783783784,5.310568765057086,7,551,0.4117647058823529,1.2704174228675136,7.0,7.0,7.0,1,Initial
A,hgb_no_observation_features,native_numeric,source_patient,hourly,0.0407457893577934,False,187,444,17,0.0518018018018018,23,0.0331176651362,0.0767167743479189,0.0588235294117647,1,0.0014881743912666,0.2868893966672207,0.0,0,0.0,0.1950643229690931,0.0588235294117647,1,0.0014881743912666,0.2868893966672207,0.0588235294117647,1,0.0014881743912666,0.2868893966672207,0.0588235294117647,1,0.0014881743912666,0.2868893966672207,0.0588235294117647,1,0.0014881743912666,0.2868893966672207,196,19094,0.4414414414414414,1.0265004713522572,7,551,0.4117647058823529,1.2704174228675136,9.0,9.0,9.0,1,Initial
A,hgb_no_observation_features,native_numeric,source_patient,single,0.0407457893577934,False,187,444,17,0.0518018018018018,23,0.0331176651362,0.0767167743479189,0.0,0,0.0,0.1950643229690931,0.0,0,0.0,0.1950643229690931,0.0588235294117647,1,0.0014881743912666,0.2868893966672207,0.0588235294117647,1,0.0014881743912666,0.2868893966672207,0.0588235294117647,1,0.0014881743912666,0.2868893966672207,0.0588235294117647,1,0.0014881743912666,0.2868893966672207,23,19094,0.0518018018018018,0.1204566879648057,1,551,0.0588235294117647,0.1814882032667876,9.0,9.0,9.0,1,Initial
A,hgb_no_observation_features,native_numeric,source_patient,silence4,0.0407457893577934,False,187,444,17,0.0518018018018018,23,0.0331176651362,0.0767167743479189,0.0588235294117647,1,0.0014881743912666,0.2868893966672207,0.0,0,0.0,0.1950643229690931,0.0588235294117647,1,0.0014881743912666,0.2868893966672207,0.0588235294117647,1,0.0014881743912666,0.2868893966672207,0.0588235294117647,1,0.0014881743912666,0.2868893966672207,0.0588235294117647,1,0.0014881743912666,0.2868893966672207,84,19094,0.1891891891891892,0.4399287734366817,2,551,0.1176470588235294,0.3629764065335753,9.0,9.0,9.0,1,Initial
A,hgb_no_observation_features,native_numeric,source_patient,silence6,0.0407457893577934,False,187,444,17,0.0518018018018018,23,0.0331176651362,0.0767167743479189,0.0588235294117647,1,0.0014881743912666,0.2868893966672207,0.0,0,0.0,0.1950643229690931,0.0588235294117647,1,0.0014881743912666,0.2868893966672207,0.0588235294117647,1,0.0014881743912666,0.2868893966672207,0.0588235294117647,1,0.0014881743912666,0.2868893966672207,0.0588235294117647,1,0.0014881743912666,0.2868893966672207,64,19094,0.1441441441441441,0.3351838273803289,2,551,0.1176470588235294,0.3629764065335753,9.0,9.0,9.0,1,Initial
A,hgb_no_observation_features,native_numeric,source_patient,three_of_five,0.0407457893577934,False,187,444,17,0.0315315315315315,14,0.017343656330719,0.0523390406821341,0.0588235294117647,1,0.0014881743912666,0.2868893966672207,0.0,0,0.0,0.1950643229690931,0.0588235294117647,1,0.0014881743912666,0.2868893966672207,0.0588235294117647,1,0.0014881743912666,0.2868893966672207,0.0588235294117647,1,0.0014881743912666,0.2868893966672207,0.0588235294117647,1,0.0014881743912666,0.2868893966672207,153,19094,0.3445945945945945,0.8012988373310987,7,551,0.4117647058823529,1.2704174228675136,7.0,7.0,7.0,1,Initial
A,hgb_no_observation_features,native_numeric,local_patient,hourly,0.0222464801215514,False,187,444,17,0.1306306306306306,58,0.1007083136032764,0.1655765655940722,0.1176470588235294,2,0.0145793168403024,0.3644091621012502,0.0588235294117647,1,0.0014881743912666,0.2868893966672207,0.0588235294117647,1,0.0014881743912666,0.2868893966672207,0.1176470588235294,2,0.0145793168403024,0.3644091621012502,0.1176470588235294,2,0.0145793168403024,0.3644091621012502,0.1176470588235294,2,0.0145793168403024,0.3644091621012502,923,19094,2.078828828828829,4.833979260500681,9,551,0.5294117647058824,1.633393829401089,5.0,3.0,7.0,2,Initial
A,hgb_no_observation_features,native_numeric,local_patient,single,0.0222464801215514,False,187,444,17,0.1306306306306306,58,0.1007083136032764,0.1655765655940722,0.0588235294117647,1,0.0014881743912666,0.2868893966672207,0.0588235294117647,1,0.0014881743912666,0.2868893966672207,0.0588235294117647,1,0.0014881743912666,0.2868893966672207,0.1176470588235294,2,0.0145793168403024,0.3644091621012502,0.1176470588235294,2,0.0145793168403024,0.3644091621012502,0.1176470588235294,2,0.0145793168403024,0.3644091621012502,58,19094,0.1306306306306306,0.3037603435634231,2,551,0.1176470588235294,0.3629764065335753,5.0,3.0,7.0,2,Initial
A,hgb_no_observation_features,native_numeric,local_patient,silence4,0.0222464801215514,False,187,444,17,0.1306306306306306,58,0.1007083136032764,0.1655765655940722,0.1176470588235294,2,0.0145793168403024,0.3644091621012502,0.0588235294117647,1,0.0014881743912666,0.2868893966672207,0.0588235294117647,1,0.0014881743912666,0.2868893966672207,0.1176470588235294,2,0.0145793168403024,0.3644091621012502,0.1176470588235294,2,0.0145793168403024,0.3644091621012502,0.1176470588235294,2,0.0145793168403024,0.3644091621012502,311,19094,0.7004504504504504,1.6287839111762858,3,551,0.1764705882352941,0.5444646098003629,5.0,3.0,7.0,2,Initial
A,hgb_no_observation_features,native_numeric,local_patient,silence6,0.0222464801215514,False,187,444,17,0.1306306306306306,58,0.1007083136032764,0.1655765655940722,0.1176470588235294,2,0.0145793168403024,0.3644091621012502,0.0588235294117647,1,0.0014881743912666,0.2868893966672207,0.0588235294117647,1,0.0014881743912666,0.2868893966672207,0.1176470588235294,2,0.0145793168403024,0.3644091621012502,0.1176470588235294,2,0.0145793168403024,0.3644091621012502,0.1176470588235294,2,0.0145793168403024,0.3644091621012502,229,19094,0.5157657657657657,1.1993296323452394,3,551,0.1764705882352941,0.5444646098003629,5.0,3.0,7.0,2,Initial
A,hgb_no_observation_features,native_numeric,local_patient,three_of_five,0.0148640186682198,False,187,444,17,0.1396396396396396,62,0.1087651029476916,0.175409374039537,0.1764705882352941,3,0.037985068070626,0.4343178728442839,0.0588235294117647,1,0.0014881743912666,0.2868893966672207,0.1176470588235294,2,0.0145793168403024,0.3644091621012502,0.1764705882352941,3,0.037985068070626,0.4343178728442839,0.1764705882352941,3,0.037985068070626,0.4343178728442839,0.1764705882352941,3,0.037985068070626,0.4343178728442839,1547,19094,3.484234234234234,8.102021577458888,15,551,0.8823529411764706,2.722323049001815,7.0,5.5,7.5,3,Initial
A,hgb_no_observation_features,mask_ambiguous_units,source_hourly,hourly,0.0197045330648678,False,187,444,17,0.1238738738738738,55,0.094697862226994,0.1581704773031516,0.0588235294117647,1,0.0014881743912666,0.2868893966672207,0.0,0,0.0,0.1950643229690931,0.0588235294117647,1,0.0014881743912666,0.2868893966672207,0.0588235294117647,1,0.0014881743912666,0.2868893966672207,0.0588235294117647,1,0.0014881743912666,0.2868893966672207,0.0588235294117647,1,0.0014881743912666,0.2868893966672207,622,19094,1.4009009009009008,3.257567822352572,4,551,0.2352941176470588,0.7259528130671506,9.0,9.0,9.0,1,Initial
A,hgb_no_observation_features,mask_ambiguous_units,source_hourly,single,0.0197045330648678,False,187,444,17,0.1238738738738738,55,0.094697862226994,0.1581704773031516,0.0,0,0.0,0.1950643229690931,0.0,0,0.0,0.1950643229690931,0.0588235294117647,1,0.0014881743912666,0.2868893966672207,0.0588235294117647,1,0.0014881743912666,0.2868893966672207,0.0588235294117647,1,0.0014881743912666,0.2868893966672207,0.0588235294117647,1,0.0014881743912666,0.2868893966672207,55,19094,0.1238738738738738,0.2880486016549701,1,551,0.0588235294117647,0.1814882032667876,9.0,9.0,9.0,1,Initial
A,hgb_no_observation_features,mask_ambiguous_units,source_hourly,silence4,0.0197045330648678,False,187,444,17,0.1238738738738738,55,0.094697862226994,0.1581704773031516,0.0588235294117647,1,0.0014881743912666,0.2868893966672207,0.0,0,0.0,0.1950643229690931,0.0588235294117647,1,0.0014881743912666,0.2868893966672207,0.0588235294117647,1,0.0014881743912666,0.2868893966672207,0.0588235294117647,1,0.0014881743912666,0.2868893966672207,0.0588235294117647,1,0.0014881743912666,0.2868893966672207,234,19094,0.527027027027027,1.2255158688593275,2,551,0.1176470588235294,0.3629764065335753,9.0,9.0,9.0,1,Initial
A,hgb_no_observation_features,mask_ambiguous_units,source_hourly,silence6,0.0197045330648678,False,187,444,17,0.1238738738738738,55,0.094697862226994,0.1581704773031516,0.0,0,0.0,0.1950643229690931,0.0,0,0.0,0.1950643229690931,0.0588235294117647,1,0.0014881743912666,0.2868893966672207,0.0588235294117647,1,0.0014881743912666,0.2868893966672207,0.0588235294117647,1,0.0014881743912666,0.2868893966672207,0.0588235294117647,1,0.0014881743912666,0.2868893966672207,181,19094,0.4076576576576576,0.9479417618099928,1,551,0.0588235294117647,0.1814882032667876,9.0,9.0,9.0,1,Initial
A,hgb_no_observation_features,mask_ambiguous_units,source_hourly,three_of_five,0.0197045330648678,False,187,444,17,0.0608108108108108,27,0.0404534866850339,0.0872460335044462,0.0588235294117647,1,0.0014881743912666,0.2868893966672207,0.0,0,0.0,0.1950643229690931,0.0588235294117647,1,0.0014881743912666,0.2868893966672207,0.0588235294117647,1,0.0014881743912666,0.2868893966672207,0.0588235294117647,1,0.0014881743912666,0.2868893966672207,0.0588235294117647,1,0.0014881743912666,0.2868893966672207,522,19094,1.1756756756756757,2.733843092070808,4,551,0.2352941176470588,0.7259528130671506,7.0,7.0,7.0,1,Initial
A,hgb_no_observation_features,mask_ambiguous_units,source_patient,hourly,0.0407457893577934,False,187,444,17,0.0315315315315315,14,0.017343656330719,0.0523390406821341,0.0,0,0.0,0.1950643229690931,0.0,0,0.0,0.1950643229690931,0.0588235294117647,1,0.0014881743912666,0.2868893966672207,0.0588235294117647,1,0.0014881743912666,0.2868893966672207,0.0588235294117647,1,0.0014881743912666,0.2868893966672207,0.0588235294117647,1,0.0014881743912666,0.2868893966672207,60,19094,0.1351351351351351,0.3142348381690583,1,551,0.0588235294117647,0.1814882032667876,9.0,9.0,9.0,1,Initial
A,hgb_no_observation_features,mask_ambiguous_units,source_patient,single,0.0407457893577934,False,187,444,17,0.0315315315315315,14,0.017343656330719,0.0523390406821341,0.0,0,0.0,0.1950643229690931,0.0,0,0.0,0.1950643229690931,0.0588235294117647,1,0.0014881743912666,0.2868893966672207,0.0588235294117647,1,0.0014881743912666,0.2868893966672207,0.0588235294117647,1,0.0014881743912666,0.2868893966672207,0.0588235294117647,1,0.0014881743912666,0.2868893966672207,14,19094,0.0315315315315315,0.0733214622394469,1,551,0.0588235294117647,0.1814882032667876,9.0,9.0,9.0,1,Initial
A,hgb_no_observation_features,mask_ambiguous_units,source_patient,silence4,0.0407457893577934,False,187,444,17,0.0315315315315315,14,0.017343656330719,0.0523390406821341,0.0,0,0.0,0.1950643229690931,0.0,0,0.0,0.1950643229690931,0.0588235294117647,1,0.0014881743912666,0.2868893966672207,0.0588235294117647,1,0.0014881743912666,0.2868893966672207,0.0588235294117647,1,0.0014881743912666,0.2868893966672207,0.0588235294117647,1,0.0014881743912666,0.2868893966672207,31,19094,0.0698198198198198,0.1623546663873468,1,551,0.0588235294117647,0.1814882032667876,9.0,9.0,9.0,1,Initial
A,hgb_no_observation_features,mask_ambiguous_units,source_patient,silence6,0.0407457893577934,False,187,444,17,0.0315315315315315,14,0.017343656330719,0.0523390406821341,0.0,0,0.0,0.1950643229690931,0.0,0,0.0,0.1950643229690931,0.0588235294117647,1,0.0014881743912666,0.2868893966672207,0.0588235294117647,1,0.0014881743912666,0.2868893966672207,0.0588235294117647,1,0.0014881743912666,0.2868893966672207,0.0588235294117647,1,0.0014881743912666,0.2868893966672207,23,19094,0.0518018018018018,0.1204566879648057,1,551,0.0588235294117647,0.1814882032667876,9.0,9.0,9.0,1,Initial
A,hgb_no_observation_features,mask_ambiguous_units,source_patient,three_of_five,0.0407457893577934,False,187,444,17,0.0112612612612612,5,0.0036663325499439,0.0260831665393781,0.0,0,0.0,0.1950643229690931,0.0,0,0.0,0.1950643229690931,0.0,0,0.0,0.1950643229690931,0.0,0,0.0,0.1950643229690931,0.0,0,0.0,0.1950643229690931,0.0,0,0.0,0.1950643229690931,39,19094,0.0878378378378378,0.2042526448098879,0,551,0.0,0.0,,,,0,Initial
A,hgb_no_observation_features,mask_ambiguous_units,local_patient,hourly,0.0178412268866321,False,187,444,17,0.1509009009009009,67,0.1188994327925078,0.1876382432639205,0.0588235294117647,1,0.0014881743912666,0.2868893966672207,0.0,0,0.0,0.1950643229690931,0.0588235294117647,1,0.0014881743912666,0.2868893966672207,0.0588235294117647,1,0.0014881743912666,0.2868893966672207,0.0588235294117647,1,0.0014881743912666,0.2868893966672207,0.0588235294117647,1,0.0014881743912666,0.2868893966672207,788,19094,1.7747747747747749,4.1269508746203,7,551,0.4117647058823529,1.2704174228675136,9.0,9.0,9.0,1,Initial
A,hgb_no_observation_features,mask_ambiguous_units,local_patient,single,0.0178412268866321,False,187,444,17,0.1509009009009009,67,0.1188994327925078,0.1876382432639205,0.0,0,0.0,0.1950643229690931,0.0,0,0.0,0.1950643229690931,0.0588235294117647,1,0.0014881743912666,0.2868893966672207,0.0588235294117647,1,0.0014881743912666,0.2868893966672207,0.0588235294117647,1,0.0014881743912666,0.2868893966672207,0.0588235294117647,1,0.0014881743912666,0.2868893966672207,67,19094,0.1509009009009009,0.3508955692887818,1,551,0.0588235294117647,0.1814882032667876,9.0,9.0,9.0,1,Initial
A,hgb_no_observation_features,mask_ambiguous_units,local_patient,silence4,0.0178412268866321,False,187,444,17,0.1509009009009009,67,0.1188994327925078,0.1876382432639205,0.0588235294117647,1,0.0014881743912666,0.2868893966672207,0.0,0,0.0,0.1950643229690931,0.0588235294117647,1,0.0014881743912666,0.2868893966672207,0.0588235294117647,1,0.0014881743912666,0.2868893966672207,0.0588235294117647,1,0.0014881743912666,0.2868893966672207,0.0588235294117647,1,0.0014881743912666,0.2868893966672207,300,19094,0.6756756756756757,1.5711741908452916,2,551,0.1176470588235294,0.3629764065335753,9.0,9.0,9.0,1,Initial
A,hgb_no_observation_features,mask_ambiguous_units,local_patient,silence6,0.0178412268866321,False,187,444,17,0.1509009009009009,67,0.1188994327925078,0.1876382432639205,0.0588235294117647,1,0.0014881743912666,0.2868893966672207,0.0,0,0.0,0.1950643229690931,0.0588235294117647,1,0.0014881743912666,0.2868893966672207,0.0588235294117647,1,0.0014881743912666,0.2868893966672207,0.0588235294117647,1,0.0014881743912666,0.2868893966672207,0.0588235294117647,1,0.0014881743912666,0.2868893966672207,226,19094,0.509009009009009,1.1836178904367864,2,551,0.1176470588235294,0.3629764065335753,9.0,9.0,9.0,1,Initial
A,hgb_no_observation_features,mask_ambiguous_units,local_patient,three_of_five,0.0108511490884027,False,187,444,17,0.1711711711711711,76,0.137299627739407,0.2094945038046019,0.2352941176470588,4,0.0681077404373566,0.4989932732045801,0.1764705882352941,3,0.037985068070626,0.4343178728442839,0.1764705882352941,3,0.037985068070626,0.4343178728442839,0.2941176470588235,5,0.10313551437032,0.5595827187543372,0.2941176470588235,5,0.10313551437032,0.5595827187543372,0.3529411764705882,6,0.1420974831102209,0.6167163365565971,1719,19094,3.8716216216216215,9.002828113543522,17,551,1.0,3.0852994555353903,5.5,2.5,10.0,6,Initial
B,logistic,native_numeric,source_hourly,hourly,0.0109817525734817,False,187,444,17,0.1126126126126126,50,0.0847475564411415,0.1457613772817814,0.0588235294117647,1,0.0014881743912666,0.2868893966672207,0.0,0,0.0,0.1950643229690931,0.0588235294117647,1,0.0014881743912666,0.2868893966672207,0.0588235294117647,1,0.0014881743912666,0.2868893966672207,0.0,0,0.0,0.1950643229690931,0.0588235294117647,1,0.0014881743912666,0.2868893966672207,792,19094,1.7837837837837838,4.1478998638315705,2,551,0.1176470588235294,0.3629764065335753,14.0,14.0,14.0,1,Initial
B,logistic,native_numeric,source_hourly,single,0.0109817525734817,False,187,444,17,0.1126126126126126,50,0.0847475564411415,0.1457613772817814,0.0,0,0.0,0.1950643229690931,0.0,0,0.0,0.1950643229690931,0.0588235294117647,1,0.0014881743912666,0.2868893966672207,0.0,0,0.0,0.1950643229690931,0.0,0,0.0,0.1950643229690931,0.0588235294117647,1,0.0014881743912666,0.2868893966672207,50,19094,0.1126126126126126,0.2618623651408819,1,551,0.0588235294117647,0.1814882032667876,14.0,14.0,14.0,1,Initial
B,logistic,native_numeric,source_hourly,silence4,0.0109817525734817,False,187,444,17,0.1126126126126126,50,0.0847475564411415,0.1457613772817814,0.0588235294117647,1,0.0014881743912666,0.2868893966672207,0.0,0,0.0,0.1950643229690931,0.0588235294117647,1,0.0014881743912666,0.2868893966672207,0.0588235294117647,1,0.0014881743912666,0.2868893966672207,0.0,0,0.0,0.1950643229690931,0.0588235294117647,1,0.0014881743912666,0.2868893966672207,268,19094,0.6036036036036037,1.4035822771551272,2,551,0.1176470588235294,0.3629764065335753,14.0,14.0,14.0,1,Initial
B,logistic,native_numeric,source_hourly,silence6,0.0109817525734817,False,187,444,17,0.1126126126126126,50,0.0847475564411415,0.1457613772817814,0.0588235294117647,1,0.0014881743912666,0.2868893966672207,0.0,0,0.0,0.1950643229690931,0.0588235294117647,1,0.0014881743912666,0.2868893966672207,0.0588235294117647,1,0.0014881743912666,0.2868893966672207,0.0,0,0.0,0.1950643229690931,0.0588235294117647,1,0.0014881743912666,0.2868893966672207,204,19094,0.4594594594594595,1.0683984497747985,2,551,0.1176470588235294,0.3629764065335753,14.0,14.0,14.0,1,Initial
B,logistic,native_numeric,source_hourly,three_of_five,0.0109817525734817,False,187,444,17,0.0495495495495495,22,0.0313094070694339,0.0740601116616421,0.0,0,0.0,0.1950643229690931,0.0,0,0.0,0.1950643229690931,0.0,0,0.0,0.1950643229690931,0.0,0,0.0,0.1950643229690931,0.0,0,0.0,0.1950643229690931,0.0,0,0.0,0.1950643229690931,692,19094,1.5585585585585586,3.624175133549806,0,551,0.0,0.0,,,,0,Initial
B,logistic,native_numeric,source_patient,hourly,0.0238446492374886,False,187,444,17,0.0518018018018018,23,0.0331176651362,0.0767167743479189,0.0,0,0.0,0.1950643229690931,0.0,0,0.0,0.1950643229690931,0.0,0,0.0,0.1950643229690931,0.0,0,0.0,0.1950643229690931,0.0,0,0.0,0.1950643229690931,0.0,0,0.0,0.1950643229690931,284,19094,0.6396396396396397,1.4873782340002095,0,551,0.0,0.0,,,,0,Initial
B,logistic,native_numeric,source_patient,single,0.0238446492374886,False,187,444,17,0.0518018018018018,23,0.0331176651362,0.0767167743479189,0.0,0,0.0,0.1950643229690931,0.0,0,0.0,0.1950643229690931,0.0,0,0.0,0.1950643229690931,0.0,0,0.0,0.1950643229690931,0.0,0,0.0,0.1950643229690931,0.0,0,0.0,0.1950643229690931,23,19094,0.0518018018018018,0.1204566879648057,0,551,0.0,0.0,,,,0,Initial
B,logistic,native_numeric,source_patient,silence4,0.0238446492374886,False,187,444,17,0.0518018018018018,23,0.0331176651362,0.0767167743479189,0.0,0,0.0,0.1950643229690931,0.0,0,0.0,0.1950643229690931,0.0,0,0.0,0.1950643229690931,0.0,0,0.0,0.1950643229690931,0.0,0,0.0,0.1950643229690931,0.0,0,0.0,0.1950643229690931,108,19094,0.2432432432432432,0.565622708704305,0,551,0.0,0.0,,,,0,Initial
B,logistic,native_numeric,source_patient,silence6,0.0238446492374886,False,187,444,17,0.0518018018018018,23,0.0331176651362,0.0767167743479189,0.0,0,0.0,0.1950643229690931,0.0,0,0.0,0.1950643229690931,0.0,0,0.0,0.1950643229690931,0.0,0,0.0,0.1950643229690931,0.0,0,0.0,0.1950643229690931,0.0,0,0.0,0.1950643229690931,86,19094,0.1936936936936936,0.4504032680423169,0,551,0.0,0.0,,,,0,Initial
B,logistic,native_numeric,source_patient,three_of_five,0.0238446492374886,False,187,444,17,0.018018018018018,8,0.0078101961449399,0.0351928279379436,0.0,0,0.0,0.1950643229690931,0.0,0,0.0,0.1950643229690931,0.0,0,0.0,0.1950643229690931,0.0,0,0.0,0.1950643229690931,0.0,0,0.0,0.1950643229690931,0.0,0,0.0,0.1950643229690931,234,19094,0.527027027027027,1.2255158688593275,0,551,0.0,0.0,,,,0,Initial
B,logistic,native_numeric,local_patient,hourly,0.0154764053295726,False,187,444,17,0.081081081081081,36,0.0574325717116613,0.1104845614316966,0.0,0,0.0,0.1950643229690931,0.0,0,0.0,0.1950643229690931,0.0588235294117647,1,0.0014881743912666,0.2868893966672207,0.0,0,0.0,0.1950643229690931,0.0,0,0.0,0.1950643229690931,0.0588235294117647,1,0.0014881743912666,0.2868893966672207,549,19094,1.2364864864864864,2.875248769246884,1,551,0.0588235294117647,0.1814882032667876,14.0,14.0,14.0,1,Initial
B,logistic,native_numeric,local_patient,single,0.0154764053295726,False,187,444,17,0.081081081081081,36,0.0574325717116613,0.1104845614316966,0.0,0,0.0,0.1950643229690931,0.0,0,0.0,0.1950643229690931,0.0588235294117647,1,0.0014881743912666,0.2868893966672207,0.0,0,0.0,0.1950643229690931,0.0,0,0.0,0.1950643229690931,0.0588235294117647,1,0.0014881743912666,0.2868893966672207,36,19094,0.081081081081081,0.188540902901435,1,551,0.0588235294117647,0.1814882032667876,14.0,14.0,14.0,1,Initial
B,logistic,native_numeric,local_patient,silence4,0.0154764053295726,False,187,444,17,0.081081081081081,36,0.0574325717116613,0.1104845614316966,0.0,0,0.0,0.1950643229690931,0.0,0,0.0,0.1950643229690931,0.0588235294117647,1,0.0014881743912666,0.2868893966672207,0.0,0,0.0,0.1950643229690931,0.0,0,0.0,0.1950643229690931,0.0588235294117647,1,0.0014881743912666,0.2868893966672207,188,19094,0.4234234234234234,0.984602492929716,1,551,0.0588235294117647,0.1814882032667876,14.0,14.0,14.0,1,Initial
B,logistic,native_numeric,local_patient,silence6,0.0154764053295726,False,187,444,17,0.081081081081081,36,0.0574325717116613,0.1104845614316966,0.0,0,0.0,0.1950643229690931,0.0,0,0.0,0.1950643229690931,0.0588235294117647,1,0.0014881743912666,0.2868893966672207,0.0,0,0.0,0.1950643229690931,0.0,0,0.0,0.1950643229690931,0.0588235294117647,1,0.0014881743912666,0.2868893966672207,144,19094,0.3243243243243243,0.75416361160574,1,551,0.0588235294117647,0.1814882032667876,14.0,14.0,14.0,1,Initial
B,logistic,native_numeric,local_patient,three_of_five,0.0092873880654735,False,187,444,17,0.0608108108108108,27,0.0404534866850339,0.0872460335044462,0.0,0,0.0,0.1950643229690931,0.0,0,0.0,0.1950643229690931,0.0,0,0.0,0.1950643229690931,0.0,0,0.0,0.1950643229690931,0.0,0,0.0,0.1950643229690931,0.0,0,0.0,0.1950643229690931,797,19094,1.795045045045045,4.174086100345658,0,551,0.0,0.0,,,,0,Initial
B,logistic,mask_ambiguous_units,source_hourly,hourly,0.0109817525734817,False,187,444,17,0.1058558558558558,47,0.078821488752087,0.1382728640915279,0.0588235294117647,1,0.0014881743912666,0.2868893966672207,0.0,0,0.0,0.1950643229690931,0.0588235294117647,1,0.0014881743912666,0.2868893966672207,0.0588235294117647,1,0.0014881743912666,0.2868893966672207,0.0,0,0.0,0.1950643229690931,0.0588235294117647,1,0.0014881743912666,0.2868893966672207,691,19094,1.5563063063063065,3.618937886246989,2,551,0.1176470588235294,0.3629764065335753,14.0,14.0,14.0,1,Initial
B,logistic,mask_ambiguous_units,source_hourly,single,0.0109817525734817,False,187,444,17,0.1058558558558558,47,0.078821488752087,0.1382728640915279,0.0,0,0.0,0.1950643229690931,0.0,0,0.0,0.1950643229690931,0.0588235294117647,1,0.0014881743912666,0.2868893966672207,0.0,0,0.0,0.1950643229690931,0.0,0,0.0,0.1950643229690931,0.0588235294117647,1,0.0014881743912666,0.2868893966672207,47,19094,0.1058558558558558,0.246150623232429,1,551,0.0588235294117647,0.1814882032667876,14.0,14.0,14.0,1,Initial
B,logistic,mask_ambiguous_units,source_hourly,silence4,0.0109817525734817,False,187,444,17,0.1058558558558558,47,0.078821488752087,0.1382728640915279,0.0588235294117647,1,0.0014881743912666,0.2868893966672207,0.0,0,0.0,0.1950643229690931,0.0588235294117647,1,0.0014881743912666,0.2868893966672207,0.0588235294117647,1,0.0014881743912666,0.2868893966672207,0.0,0,0.0,0.1950643229690931,0.0588235294117647,1,0.0014881743912666,0.2868893966672207,239,19094,0.5382882882882883,1.2517021053734156,2,551,0.1176470588235294,0.3629764065335753,14.0,14.0,14.0,1,Initial
B,logistic,mask_ambiguous_units,source_hourly,silence6,0.0109817525734817,False,187,444,17,0.1058558558558558,47,0.078821488752087,0.1382728640915279,0.0588235294117647,1,0.0014881743912666,0.2868893966672207,0.0,0,0.0,0.1950643229690931,0.0588235294117647,1,0.0014881743912666,0.2868893966672207,0.0588235294117647,1,0.0014881743912666,0.2868893966672207,0.0,0,0.0,0.1950643229690931,0.0588235294117647,1,0.0014881743912666,0.2868893966672207,185,19094,0.4166666666666667,0.9688907510212632,2,551,0.1176470588235294,0.3629764065335753,14.0,14.0,14.0,1,Initial
B,logistic,mask_ambiguous_units,source_hourly,three_of_five,0.0109817525734817,False,187,444,17,0.0427927927927927,19,0.0259575409152696,0.0660215043958583,0.0,0,0.0,0.1950643229690931,0.0,0,0.0,0.1950643229690931,0.0,0,0.0,0.1950643229690931,0.0,0,0.0,0.1950643229690931,0.0,0,0.0,0.1950643229690931,0.0,0,0.0,0.1950643229690931,588,19094,1.3243243243243243,3.079501414056772,0,551,0.0,0.0,,,,0,Initial
B,logistic,mask_ambiguous_units,source_patient,hourly,0.0238446492374886,False,187,444,17,0.0495495495495495,22,0.0313094070694339,0.0740601116616421,0.0,0,0.0,0.1950643229690931,0.0,0,0.0,0.1950643229690931,0.0,0,0.0,0.1950643229690931,0.0,0,0.0,0.1950643229690931,0.0,0,0.0,0.1950643229690931,0.0,0,0.0,0.1950643229690931,202,19094,0.4549549549549549,1.057923955169163,0,551,0.0,0.0,,,,0,Initial
B,logistic,mask_ambiguous_units,source_patient,single,0.0238446492374886,False,187,444,17,0.0495495495495495,22,0.0313094070694339,0.0740601116616421,0.0,0,0.0,0.1950643229690931,0.0,0,0.0,0.1950643229690931,0.0,0,0.0,0.1950643229690931,0.0,0,0.0,0.1950643229690931,0.0,0,0.0,0.1950643229690931,0.0,0,0.0,0.1950643229690931,22,19094,0.0495495495495495,0.115219440661988,0,551,0.0,0.0,,,,0,Initial
B,logistic,mask_ambiguous_units,source_patient,silence4,0.0238446492374886,False,187,444,17,0.0495495495495495,22,0.0313094070694339,0.0740601116616421,0.0,0,0.0,0.1950643229690931,0.0,0,0.0,0.1950643229690931,0.0,0,0.0,0.1950643229690931,0.0,0,0.0,0.1950643229690931,0.0,0,0.0,0.1950643229690931,0.0,0,0.0,0.1950643229690931,91,19094,0.2049549549549549,0.4765895045564051,0,551,0.0,0.0,,,,0,Initial
B,logistic,mask_ambiguous_units,source_patient,silence6,0.0238446492374886,False,187,444,17,0.0495495495495495,22,0.0313094070694339,0.0740601116616421,0.0,0,0.0,0.1950643229690931,0.0,0,0.0,0.1950643229690931,0.0,0,0.0,0.1950643229690931,0.0,0,0.0,0.1950643229690931,0.0,0,0.0,0.1950643229690931,0.0,0,0.0,0.1950643229690931,72,19094,0.1621621621621621,0.37708180580287,0,551,0.0,0.0,,,,0,Initial
B,logistic,mask_ambiguous_units,source_patient,three_of_five,0.0238446492374886,False,187,444,17,0.018018018018018,8,0.0078101961449399,0.0351928279379436,0.0,0,0.0,0.1950643229690931,0.0,0,0.0,0.1950643229690931,0.0,0,0.0,0.1950643229690931,0.0,0,0.0,0.1950643229690931,0.0,0,0.0,0.1950643229690931,0.0,0,0.0,0.1950643229690931,141,19094,0.3175675675675675,0.7384518696972872,0,551,0.0,0.0,,,,0,Initial
B,logistic,mask_ambiguous_units,local_patient,hourly,0.0163109526681884,False,187,444,17,0.0675675675675675,30,0.046048479696859,0.0950542690001428,0.0,0,0.0,0.1950643229690931,0.0,0,0.0,0.1950643229690931,0.0588235294117647,1,0.0014881743912666,0.2868893966672207,0.0,0,0.0,0.1950643229690931,0.0,0,0.0,0.1950643229690931,0.0588235294117647,1,0.0014881743912666,0.2868893966672207,452,19094,1.018018018018018,2.367235780873573,1,551,0.0588235294117647,0.1814882032667876,14.0,14.0,14.0,1,Initial
B,logistic,mask_ambiguous_units,local_patient,single,0.0163109526681884,False,187,444,17,0.0675675675675675,30,0.046048479696859,0.0950542690001428,0.0,0,0.0,0.1950643229690931,0.0,0,0.0,0.1950643229690931,0.0588235294117647,1,0.0014881743912666,0.2868893966672207,0.0,0,0.0,0.1950643229690931,0.0,0,0.0,0.1950643229690931,0.0588235294117647,1,0.0014881743912666,0.2868893966672207,30,19094,0.0675675675675675,0.1571174190845291,1,551,0.0588235294117647,0.1814882032667876,14.0,14.0,14.0,1,Initial
B,logistic,mask_ambiguous_units,local_patient,silence4,0.0163109526681884,False,187,444,17,0.0675675675675675,30,0.046048479696859,0.0950542690001428,0.0,0,0.0,0.1950643229690931,0.0,0,0.0,0.1950643229690931,0.0588235294117647,1,0.0014881743912666,0.2868893966672207,0.0,0,0.0,0.1950643229690931,0.0,0,0.0,0.1950643229690931,0.0588235294117647,1,0.0014881743912666,0.2868893966672207,160,19094,0.3603603603603603,0.8379595684508222,1,551,0.0588235294117647,0.1814882032667876,14.0,14.0,14.0,1,Initial
B,logistic,mask_ambiguous_units,local_patient,silence6,0.0163109526681884,False,187,444,17,0.0675675675675675,30,0.046048479696859,0.0950542690001428,0.0,0,0.0,0.1950643229690931,0.0,0,0.0,0.1950643229690931,0.0588235294117647,1,0.0014881743912666,0.2868893966672207,0.0,0,0.0,0.1950643229690931,0.0,0,0.0,0.1950643229690931,0.0588235294117647,1,0.0014881743912666,0.2868893966672207,122,19094,0.2747747747747748,0.638944170943752,1,551,0.0588235294117647,0.1814882032667876,14.0,14.0,14.0,1,Initial
B,logistic,mask_ambiguous_units,local_patient,three_of_five,0.0074231077800748,False,187,444,17,0.0653153153153153,29,0.044175504993635,0.0924591508288353,0.0,0,0.0,0.1950643229690931,0.0,0,0.0,0.1950643229690931,0.0,0,0.0,0.1950643229690931,0.0,0,0.0,0.1950643229690931,0.0,0,0.0,0.1950643229690931,0.0,0,0.0,0.1950643229690931,849,19094,1.912162162162162,4.446422960092176,0,551,0.0,0.0,,,,0,Initial
B,hgb,native_numeric,source_hourly,hourly,0.0076662747879024,False,187,444,17,0.3918918918918919,174,0.3462108590083138,0.4390233563020518,0.4705882352941176,8,0.2298326872659903,0.7218816996688935,0.2352941176470588,4,0.0681077404373566,0.4989932732045801,0.2352941176470588,4,0.0681077404373566,0.4989932732045801,0.4705882352941176,8,0.2298326872659903,0.7218816996688935,0.2941176470588235,5,0.10313551437032,0.5595827187543372,0.4705882352941176,8,0.2298326872659903,0.7218816996688935,6509,19094,14.65990990990991,34.08924269404001,168,551,9.882352941176473,30.49001814882033,7.0,3.0,32.75,8,Initial
B,hgb,native_numeric,source_hourly,single,0.0076662747879024,False,187,444,17,0.3918918918918919,174,0.3462108590083138,0.4390233563020518,0.2352941176470588,4,0.0681077404373566,0.4989932732045801,0.2352941176470588,4,0.0681077404373566,0.4989932732045801,0.2352941176470588,4,0.0681077404373566,0.4989932732045801,0.2941176470588235,5,0.10313551437032,0.5595827187543372,0.2941176470588235,5,0.10313551437032,0.5595827187543372,0.4705882352941176,8,0.2298326872659903,0.7218816996688935,174,19094,0.3918918918918919,0.9112810306902692,8,551,0.4705882352941176,1.4519056261343013,7.0,3.0,32.75,8,Initial
B,hgb,native_numeric,source_hourly,silence4,0.0076662747879024,False,187,444,17,0.3918918918918919,174,0.3462108590083138,0.4390233563020518,0.4705882352941176,8,0.2298326872659903,0.7218816996688935,0.2352941176470588,4,0.0681077404373566,0.4989932732045801,0.2352941176470588,4,0.0681077404373566,0.4989932732045801,0.4705882352941176,8,0.2298326872659903,0.7218816996688935,0.2941176470588235,5,0.10313551437032,0.5595827187543372,0.4705882352941176,8,0.2298326872659903,0.7218816996688935,1774,19094,3.9954954954954953,9.290876715198491,48,551,2.823529411764706,8.711433756805807,7.0,3.0,32.75,8,Initial
B,hgb,native_numeric,source_hourly,silence6,0.0076662747879024,False,187,444,17,0.3918918918918919,174,0.3462108590083138,0.4390233563020518,0.4705882352941176,8,0.2298326872659903,0.7218816996688935,0.2352941176470588,4,0.0681077404373566,0.4989932732045801,0.2352941176470588,4,0.0681077404373566,0.4989932732045801,0.4705882352941176,8,0.2298326872659903,0.7218816996688935,0.2941176470588235,5,0.10313551437032,0.5595827187543372,0.4705882352941176,8,0.2298326872659903,0.7218816996688935,1234,19094,2.779279279279279,6.462763171676967,34,551,2.0,6.170598911070781,7.0,3.0,32.75,8,Initial
B,hgb,native_numeric,source_hourly,three_of_five,0.0076662747879024,False,187,444,17,0.3288288288288288,146,0.2852724798403881,0.3746844645049788,0.3529411764705882,6,0.1420974831102209,0.6167163365565971,0.1764705882352941,3,0.037985068070626,0.4343178728442839,0.1764705882352941,3,0.037985068070626,0.4343178728442839,0.3529411764705882,6,0.1420974831102209,0.6167163365565971,0.1764705882352941,3,0.037985068070626,0.4343178728442839,0.3529411764705882,6,0.1420974831102209,0.6167163365565971,6183,19094,13.925675675675675,32.38190007332146,154,551,9.058823529411764,27.9491833030853,12.0,1.5,50.25,6,Initial
B,hgb,native_numeric,source_patient,hourly,0.0203461802777819,False,187,444,17,0.2747747747747748,122,0.233746505850873,0.3188334823266706,0.2352941176470588,4,0.0681077404373566,0.4989932732045801,0.0588235294117647,1,0.0014881743912666,0.2868893966672207,0.1764705882352941,3,0.037985068070626,0.4343178728442839,0.2352941176470588,4,0.0681077404373566,0.4989932732045801,0.1176470588235294,2,0.0145793168403024,0.3644091621012502,0.2352941176470588,4,0.0681077404373566,0.4989932732045801,3641,19094,8.20045045045045,19.068817429559022,84,551,4.941176470588236,15.245009074410165,28.5,9.25,52.75,4,Initial
B,hgb,native_numeric,source_patient,single,0.0203461802777819,False,187,444,17,0.2747747747747748,122,0.233746505850873,0.3188334823266706,0.0588235294117647,1,0.0014881743912666,0.2868893966672207,0.0588235294117647,1,0.0014881743912666,0.2868893966672207,0.1764705882352941,3,0.037985068070626,0.4343178728442839,0.1176470588235294,2,0.0145793168403024,0.3644091621012502,0.1176470588235294,2,0.0145793168403024,0.3644091621012502,0.2352941176470588,4,0.0681077404373566,0.4989932732045801,122,19094,0.2747747747747748,0.638944170943752,4,551,0.2352941176470588,0.7259528130671506,28.5,9.25,52.75,4,Initial
B,hgb,native_numeric,source_patient,silence4,0.0203461802777819,False,187,444,17,0.2747747747747748,122,0.233746505850873,0.3188334823266706,0.2352941176470588,4,0.0681077404373566,0.4989932732045801,0.0588235294117647,1,0.0014881743912666,0.2868893966672207,0.1764705882352941,3,0.037985068070626,0.4343178728442839,0.2352941176470588,4,0.0681077404373566,0.4989932732045801,0.1176470588235294,2,0.0145793168403024,0.3644091621012502,0.2352941176470588,4,0.0681077404373566,0.4989932732045801,1061,19094,2.38963963963964,5.556719388289515,24,551,1.411764705882353,4.355716878402904,28.5,9.25,52.75,4,Initial
B,hgb,native_numeric,source_patient,silence6,0.0203461802777819,False,187,444,17,0.2747747747747748,122,0.233746505850873,0.3188334823266706,0.2352941176470588,4,0.0681077404373566,0.4989932732045801,0.0588235294117647,1,0.0014881743912666,0.2868893966672207,0.1764705882352941,3,0.037985068070626,0.4343178728442839,0.2352941176470588,4,0.0681077404373566,0.4989932732045801,0.1176470588235294,2,0.0145793168403024,0.3644091621012502,0.2352941176470588,4,0.0681077404373566,0.4989932732045801,760,19094,1.7117117117117118,3.980307950141406,18,551,1.0588235294117647,3.266787658802178,28.5,9.25,52.75,4,Initial
B,hgb,native_numeric,source_patient,three_of_five,0.0203461802777819,False,187,444,17,0.2252252252252252,100,0.1871850025794825,0.2669710751050476,0.1764705882352941,3,0.037985068070626,0.4343178728442839,0.0588235294117647,1,0.0014881743912666,0.2868893966672207,0.1764705882352941,3,0.037985068070626,0.4343178728442839,0.1764705882352941,3,0.037985068070626,0.4343178728442839,0.1176470588235294,2,0.0145793168403024,0.3644091621012502,0.2352941176470588,4,0.0681077404373566,0.4989932732045801,3372,19094,7.594594594594595,17.65999790510108,76,551,4.470588235294118,13.79310344827586,25.5,5.75,50.75,4,Initial
B,hgb,native_numeric,local_patient,hourly,0.1026862275907972,False,187,444,17,0.0833333333333333,37,0.0593517026890409,0.1130352929977366,0.0,0,0.0,0.1950643229690931,0.0,0,0.0,0.1950643229690931,0.0588235294117647,1,0.0014881743912666,0.2868893966672207,0.0,0,0.0,0.1950643229690931,0.0,0,0.0,0.1950643229690931,0.0588235294117647,1,0.0014881743912666,0.2868893966672207,518,19094,1.1666666666666667,2.712894102859537,24,551,1.411764705882353,4.355716878402904,51.0,51.0,51.0,1,Initial
B,hgb,native_numeric,local_patient,single,0.1026862275907972,False,187,444,17,0.0833333333333333,37,0.0593517026890409,0.1130352929977366,0.0,0,0.0,0.1950643229690931,0.0,0,0.0,0.1950643229690931,0.0588235294117647,1,0.0014881743912666,0.2868893966672207,0.0,0,0.0,0.1950643229690931,0.0,0,0.0,0.1950643229690931,0.0588235294117647,1,0.0014881743912666,0.2868893966672207,37,19094,0.0833333333333333,0.1937781502042526,1,551,0.0588235294117647,0.1814882032667876,51.0,51.0,51.0,1,Initial
B,hgb,native_numeric,local_patient,silence4,0.1026862275907972,False,187,444,17,0.0833333333333333,37,0.0593517026890409,0.1130352929977366,0.0,0,0.0,0.1950643229690931,0.0,0,0.0,0.1950643229690931,0.0588235294117647,1,0.0014881743912666,0.2868893966672207,0.0,0,0.0,0.1950643229690931,0.0,0,0.0,0.1950643229690931,0.0588235294117647,1,0.0014881743912666,0.2868893966672207,180,19094,0.4054054054054054,0.9427045145071752,7,551,0.4117647058823529,1.2704174228675136,51.0,51.0,51.0,1,Initial
B,hgb,native_numeric,local_patient,silence6,0.1026862275907972,False,187,444,17,0.0833333333333333,37,0.0593517026890409,0.1130352929977366,0.0,0,0.0,0.1950643229690931,0.0,0,0.0,0.1950643229690931,0.0588235294117647,1,0.0014881743912666,0.2868893966672207,0.0,0,0.0,0.1950643229690931,0.0,0,0.0,0.1950643229690931,0.0588235294117647,1,0.0014881743912666,0.2868893966672207,141,19094,0.3175675675675675,0.7384518696972872,5,551,0.2941176470588235,0.9074410163339384,51.0,51.0,51.0,1,Initial
B,hgb,native_numeric,local_patient,three_of_five,0.074112743514873,False,187,444,17,0.0923423423423423,41,0.067082251430472,0.1231859702903978,0.0,0,0.0,0.1950643229690931,0.0,0,0.0,0.1950643229690931,0.0588235294117647,1,0.0014881743912666,0.2868893966672207,0.0,0,0.0,0.1950643229690931,0.0,0,0.0,0.1950643229690931,0.0588235294117647,1,0.0014881743912666,0.2868893966672207,780,19094,1.7567567567567568,4.085052896197759,32,551,1.8823529411764703,5.807622504537205,50.0,50.0,50.0,1,Initial
B,hgb,mask_ambiguous_units,source_hourly,hourly,0.0076662747879024,False,187,444,17,0.3873873873873873,172,0.3418308991584662,0.4344548393030252,0.4705882352941176,8,0.2298326872659903,0.7218816996688935,0.2941176470588235,5,0.10313551437032,0.5595827187543372,0.1764705882352941,3,0.037985068070626,0.4343178728442839,0.4705882352941176,8,0.2298326872659903,0.7218816996688935,0.2941176470588235,5,0.10313551437032,0.5595827187543372,0.4705882352941176,8,0.2298326872659903,0.7218816996688935,6461,19094,14.5518018018018,33.83785482350476,168,551,9.882352941176473,30.49001814882033,4.0,2.75,32.75,8,Initial
B,hgb,mask_ambiguous_units,source_hourly,single,0.0076662747879024,False,187,444,17,0.3873873873873873,172,0.3418308991584662,0.4344548393030252,0.2941176470588235,5,0.10313551437032,0.5595827187543372,0.2941176470588235,5,0.10313551437032,0.5595827187543372,0.1764705882352941,3,0.037985068070626,0.4343178728442839,0.2941176470588235,5,0.10313551437032,0.5595827187543372,0.2941176470588235,5,0.10313551437032,0.5595827187543372,0.4705882352941176,8,0.2298326872659903,0.7218816996688935,172,19094,0.3873873873873873,0.900806536084634,8,551,0.4705882352941176,1.4519056261343013,4.0,2.75,32.75,8,Initial
B,hgb,mask_ambiguous_units,source_hourly,silence4,0.0076662747879024,False,187,444,17,0.3873873873873873,172,0.3418308991584662,0.4344548393030252,0.4705882352941176,8,0.2298326872659903,0.7218816996688935,0.2941176470588235,5,0.10313551437032,0.5595827187543372,0.1764705882352941,3,0.037985068070626,0.4343178728442839,0.4705882352941176,8,0.2298326872659903,0.7218816996688935,0.2941176470588235,5,0.10313551437032,0.5595827187543372,0.4705882352941176,8,0.2298326872659903,0.7218816996688935,1764,19094,3.972972972972973,9.238504242170317,47,551,2.764705882352941,8.52994555353902,4.0,2.75,32.75,8,Initial
B,hgb,mask_ambiguous_units,source_hourly,silence6,0.0076662747879024,False,187,444,17,0.3873873873873873,172,0.3418308991584662,0.4344548393030252,0.4705882352941176,8,0.2298326872659903,0.7218816996688935,0.2941176470588235,5,0.10313551437032,0.5595827187543372,0.1764705882352941,3,0.037985068070626,0.4343178728442839,0.4705882352941176,8,0.2298326872659903,0.7218816996688935,0.2941176470588235,5,0.10313551437032,0.5595827187543372,0.4705882352941176,8,0.2298326872659903,0.7218816996688935,1225,19094,2.759009009009009,6.415627945951608,33,551,1.9411764705882355,5.9891107078039925,4.0,2.75,32.75,8,Initial
B,hgb,mask_ambiguous_units,source_hourly,three_of_five,0.0076662747879024,False,187,444,17,0.3333333333333333,148,0.2895970873515019,0.3793081129792053,0.3529411764705882,6,0.1420974831102209,0.6167163365565971,0.1764705882352941,3,0.037985068070626,0.4343178728442839,0.1764705882352941,3,0.037985068070626,0.4343178728442839,0.3529411764705882,6,0.1420974831102209,0.6167163365565971,0.1764705882352941,3,0.037985068070626,0.4343178728442839,0.3529411764705882,6,0.1420974831102209,0.6167163365565971,6149,19094,13.8490990990991,32.20383366502566,154,551,9.058823529411764,27.9491833030853,12.0,1.5,50.25,6,Initial
B,hgb,mask_ambiguous_units,source_patient,hourly,0.0203461802777819,False,187,444,17,0.2635135135135135,117,0.2231037131145449,0.307106693196451,0.2352941176470588,4,0.0681077404373566,0.4989932732045801,0.0588235294117647,1,0.0014881743912666,0.2868893966672207,0.1764705882352941,3,0.037985068070626,0.4343178728442839,0.2352941176470588,4,0.0681077404373566,0.4989932732045801,0.1176470588235294,2,0.0145793168403024,0.3644091621012502,0.2352941176470588,4,0.0681077404373566,0.4989932732045801,3588,19094,8.08108108108108,18.79124332250969,83,551,4.882352941176471,15.063520871143377,28.5,9.25,52.75,4,Initial
B,hgb,mask_ambiguous_units,source_patient,single,0.0203461802777819,False,187,444,17,0.2635135135135135,117,0.2231037131145449,0.307106693196451,0.0588235294117647,1,0.0014881743912666,0.2868893966672207,0.0588235294117647,1,0.0014881743912666,0.2868893966672207,0.1764705882352941,3,0.037985068070626,0.4343178728442839,0.1176470588235294,2,0.0145793168403024,0.3644091621012502,0.1176470588235294,2,0.0145793168403024,0.3644091621012502,0.2352941176470588,4,0.0681077404373566,0.4989932732045801,117,19094,0.2635135135135135,0.6127579344296638,4,551,0.2352941176470588,0.7259528130671506,28.5,9.25,52.75,4,Initial
B,hgb,mask_ambiguous_units,source_patient,silence4,0.0203461802777819,False,187,444,17,0.2635135135135135,117,0.2231037131145449,0.307106693196451,0.2352941176470588,4,0.0681077404373566,0.4989932732045801,0.0588235294117647,1,0.0014881743912666,0.2868893966672207,0.1764705882352941,3,0.037985068070626,0.4343178728442839,0.2352941176470588,4,0.0681077404373566,0.4989932732045801,0.1176470588235294,2,0.0145793168403024,0.3644091621012502,0.2352941176470588,4,0.0681077404373566,0.4989932732045801,1051,19094,2.3671171171171173,5.504346915261339,24,551,1.411764705882353,4.355716878402904,28.5,9.25,52.75,4,Initial
B,hgb,mask_ambiguous_units,source_patient,silence6,0.0203461802777819,False,187,444,17,0.2635135135135135,117,0.2231037131145449,0.307106693196451,0.2352941176470588,4,0.0681077404373566,0.4989932732045801,0.0588235294117647,1,0.0014881743912666,0.2868893966672207,0.1764705882352941,3,0.037985068070626,0.4343178728442839,0.2352941176470588,4,0.0681077404373566,0.4989932732045801,0.1176470588235294,2,0.0145793168403024,0.3644091621012502,0.2352941176470588,4,0.0681077404373566,0.4989932732045801,747,19094,1.6824324324324325,3.912223735204776,18,551,1.0588235294117647,3.266787658802178,28.5,9.25,52.75,4,Initial
B,hgb,mask_ambiguous_units,source_patient,three_of_five,0.0203461802777819,False,187,444,17,0.2162162162162162,96,0.1787985401498329,0.25746302451583,0.1764705882352941,3,0.037985068070626,0.4343178728442839,0.0588235294117647,1,0.0014881743912666,0.2868893966672207,0.1764705882352941,3,0.037985068070626,0.4343178728442839,0.1764705882352941,3,0.037985068070626,0.4343178728442839,0.1176470588235294,2,0.0145793168403024,0.3644091621012502,0.2352941176470588,4,0.0681077404373566,0.4989932732045801,3314,19094,7.463963963963964,17.356237561537657,75,551,4.411764705882353,13.611615245009077,25.5,5.75,50.75,4,Initial
B,hgb,mask_ambiguous_units,local_patient,hourly,0.1020533678672871,False,187,444,17,0.0855855855855855,38,0.0612764303001505,0.1155806168157531,0.0,0,0.0,0.1950643229690931,0.0,0,0.0,0.1950643229690931,0.0588235294117647,1,0.0014881743912666,0.2868893966672207,0.0,0,0.0,0.1950643229690931,0.0,0,0.0,0.1950643229690931,0.0588235294117647,1,0.0014881743912666,0.2868893966672207,502,19094,1.1306306306306306,2.6290981460144547,24,551,1.411764705882353,4.355716878402904,51.0,51.0,51.0,1,Initial
B,hgb,mask_ambiguous_units,local_patient,single,0.1020533678672871,False,187,444,17,0.0855855855855855,38,0.0612764303001505,0.1155806168157531,0.0,0,0.0,0.1950643229690931,0.0,0,0.0,0.1950643229690931,0.0588235294117647,1,0.0014881743912666,0.2868893966672207,0.0,0,0.0,0.1950643229690931,0.0,0,0.0,0.1950643229690931,0.0588235294117647,1,0.0014881743912666,0.2868893966672207,38,19094,0.0855855855855855,0.1990153975070702,1,551,0.0588235294117647,0.1814882032667876,51.0,51.0,51.0,1,Initial
B,hgb,mask_ambiguous_units,local_patient,silence4,0.1020533678672871,False,187,444,17,0.0855855855855855,38,0.0612764303001505,0.1155806168157531,0.0,0,0.0,0.1950643229690931,0.0,0,0.0,0.1950643229690931,0.0588235294117647,1,0.0014881743912666,0.2868893966672207,0.0,0,0.0,0.1950643229690931,0.0,0,0.0,0.1950643229690931,0.0588235294117647,1,0.0014881743912666,0.2868893966672207,172,19094,0.3873873873873873,0.900806536084634,7,551,0.4117647058823529,1.2704174228675136,51.0,51.0,51.0,1,Initial
B,hgb,mask_ambiguous_units,local_patient,silence6,0.1020533678672871,False,187,444,17,0.0855855855855855,38,0.0612764303001505,0.1155806168157531,0.0,0,0.0,0.1950643229690931,0.0,0,0.0,0.1950643229690931,0.0588235294117647,1,0.0014881743912666,0.2868893966672207,0.0,0,0.0,0.1950643229690931,0.0,0,0.0,0.1950643229690931,0.0588235294117647,1,0.0014881743912666,0.2868893966672207,136,19094,0.3063063063063063,0.7122656331831989,5,551,0.2941176470588235,0.9074410163339384,51.0,51.0,51.0,1,Initial
B,hgb,mask_ambiguous_units,local_patient,three_of_five,0.079284314771001,False,187,444,17,0.081081081081081,36,0.0574325717116613,0.1104845614316966,0.0,0,0.0,0.1950643229690931,0.0,0,0.0,0.1950643229690931,0.0588235294117647,1,0.0014881743912666,0.2868893966672207,0.0,0,0.0,0.1950643229690931,0.0,0,0.0,0.1950643229690931,0.0588235294117647,1,0.0014881743912666,0.2868893966672207,673,19094,1.5157657657657655,3.524667434796271,30,551,1.7647058823529411,5.44464609800363,49.0,49.0,49.0,1,Initial
B,hgb_no_observation_features,native_numeric,source_hourly,hourly,0.0110760222106053,False,187,444,17,0.1554054054054054,69,0.1229715014409363,0.1925117788516516,0.0588235294117647,1,0.0014881743912666,0.2868893966672207,0.0588235294117647,1,0.0014881743912666,0.2868893966672207,0.1176470588235294,2,0.0145793168403024,0.3644091621012502,0.1176470588235294,2,0.0145793168403024,0.3644091621012502,0.0588235294117647,1,0.0014881743912666,0.2868893966672207,0.1764705882352941,3,0.037985068070626,0.4343178728442839,1655,19094,3.7274774774774775,8.667644286163192,35,551,2.0588235294117645,6.352087114337568,41.0,23.5,46.0,3,Initial
B,hgb_no_observation_features,native_numeric,source_hourly,single,0.0110760222106053,False,187,444,17,0.1554054054054054,69,0.1229715014409363,0.1925117788516516,0.0588235294117647,1,0.0014881743912666,0.2868893966672207,0.0588235294117647,1,0.0014881743912666,0.2868893966672207,0.1176470588235294,2,0.0145793168403024,0.3644091621012502,0.0588235294117647,1,0.0014881743912666,0.2868893966672207,0.0588235294117647,1,0.0014881743912666,0.2868893966672207,0.1764705882352941,3,0.037985068070626,0.4343178728442839,69,19094,0.1554054054054054,0.3613700638944171,3,551,0.1764705882352941,0.5444646098003629,41.0,23.5,46.0,3,Initial
B,hgb_no_observation_features,native_numeric,source_hourly,silence4,0.0110760222106053,False,187,444,17,0.1554054054054054,69,0.1229715014409363,0.1925117788516516,0.0588235294117647,1,0.0014881743912666,0.2868893966672207,0.0588235294117647,1,0.0014881743912666,0.2868893966672207,0.1176470588235294,2,0.0145793168403024,0.3644091621012502,0.1176470588235294,2,0.0145793168403024,0.3644091621012502,0.0588235294117647,1,0.0014881743912666,0.2868893966672207,0.1764705882352941,3,0.037985068070626,0.4343178728442839,503,19094,1.132882882882883,2.6343353933172726,13,551,0.7647058823529411,2.3593466424682394,41.0,23.5,46.0,3,Initial
B,hgb_no_observation_features,native_numeric,source_hourly,silence6,0.0110760222106053,False,187,444,17,0.1554054054054054,69,0.1229715014409363,0.1925117788516516,0.0588235294117647,1,0.0014881743912666,0.2868893966672207,0.0588235294117647,1,0.0014881743912666,0.2868893966672207,0.1176470588235294,2,0.0145793168403024,0.3644091621012502,0.1176470588235294,2,0.0145793168403024,0.3644091621012502,0.0588235294117647,1,0.0014881743912666,0.2868893966672207,0.1764705882352941,3,0.037985068070626,0.4343178728442839,365,19094,0.8220720720720721,1.9115952655284385,9,551,0.5294117647058824,1.633393829401089,41.0,23.5,46.0,3,Initial
B,hgb_no_observation_features,native_numeric,source_hourly,three_of_five,0.0110760222106053,False,187,444,17,0.1328828828828828,59,0.1027180525820187,0.168039137160801,0.0,0,0.0,0.1950643229690931,0.0,0,0.0,0.1950643229690931,0.0588235294117647,1,0.0014881743912666,0.2868893966672207,0.0588235294117647,1,0.0014881743912666,0.2868893966672207,0.0,0,0.0,0.1950643229690931,0.0588235294117647,1,0.0014881743912666,0.2868893966672207,1553,19094,3.497747747747748,8.133445061275793,34,551,2.0,6.170598911070781,49.0,49.0,49.0,1,Initial
B,hgb_no_observation_features,native_numeric,source_patient,hourly,0.0267247098859803,False,187,444,17,0.0585585585585585,26,0.0386052721250201,0.0846272691508784,0.0,0,0.0,0.1950643229690931,0.0,0,0.0,0.1950643229690931,0.0588235294117647,1,0.0014881743912666,0.2868893966672207,0.0,0,0.0,0.1950643229690931,0.0,0,0.0,0.1950643229690931,0.0588235294117647,1,0.0014881743912666,0.2868893966672207,548,19094,1.2342342342342345,2.870011521944066,2,551,0.1176470588235294,0.3629764065335753,42.0,42.0,42.0,1,Initial
B,hgb_no_observation_features,native_numeric,source_patient,single,0.0267247098859803,False,187,444,17,0.0585585585585585,26,0.0386052721250201,0.0846272691508784,0.0,0,0.0,0.1950643229690931,0.0,0,0.0,0.1950643229690931,0.0588235294117647,1,0.0014881743912666,0.2868893966672207,0.0,0,0.0,0.1950643229690931,0.0,0,0.0,0.1950643229690931,0.0588235294117647,1,0.0014881743912666,0.2868893966672207,26,19094,0.0585585585585585,0.1361684298732586,1,551,0.0588235294117647,0.1814882032667876,42.0,42.0,42.0,1,Initial
B,hgb_no_observation_features,native_numeric,source_patient,silence4,0.0267247098859803,False,187,444,17,0.0585585585585585,26,0.0386052721250201,0.0846272691508784,0.0,0,0.0,0.1950643229690931,0.0,0,0.0,0.1950643229690931,0.0588235294117647,1,0.0014881743912666,0.2868893966672207,0.0,0,0.0,0.1950643229690931,0.0,0,0.0,0.1950643229690931,0.0588235294117647,1,0.0014881743912666,0.2868893966672207,165,19094,0.3716216216216216,0.8641458049649104,2,551,0.1176470588235294,0.3629764065335753,42.0,42.0,42.0,1,Initial
B,hgb_no_observation_features,native_numeric,source_patient,silence6,0.0267247098859803,False,187,444,17,0.0585585585585585,26,0.0386052721250201,0.0846272691508784,0.0,0,0.0,0.1950643229690931,0.0,0,0.0,0.1950643229690931,0.0588235294117647,1,0.0014881743912666,0.2868893966672207,0.0,0,0.0,0.1950643229690931,0.0,0,0.0,0.1950643229690931,0.0588235294117647,1,0.0014881743912666,0.2868893966672207,121,19094,0.2725225225225225,0.6337069236409343,1,551,0.0588235294117647,0.1814882032667876,42.0,42.0,42.0,1,Initial
B,hgb_no_observation_features,native_numeric,source_patient,three_of_five,0.0267247098859803,False,187,444,17,0.0427927927927927,19,0.0259575409152696,0.0660215043958583,0.0,0,0.0,0.1950643229690931,0.0,0,0.0,0.1950643229690931,0.0,0,0.0,0.1950643229690931,0.0,0,0.0,0.1950643229690931,0.0,0,0.0,0.1950643229690931,0.0,0,0.0,0.1950643229690931,507,19094,1.141891891891892,2.655284382528543,0,551,0.0,0.0,,,,0,Initial
B,hgb_no_observation_features,native_numeric,local_patient,hourly,0.0193569196438513,False,187,444,17,0.09009009009009,40,0.0651418865958916,0.1206557838693944,0.0,0,0.0,0.1950643229690931,0.0,0,0.0,0.1950643229690931,0.0588235294117647,1,0.0014881743912666,0.2868893966672207,0.0,0,0.0,0.1950643229690931,0.0,0,0.0,0.1950643229690931,0.0588235294117647,1,0.0014881743912666,0.2868893966672207,782,19094,1.7612612612612613,4.095527390803394,14,551,0.8235294117647058,2.540834845735027,49.0,49.0,49.0,1,Initial
B,hgb_no_observation_features,native_numeric,local_patient,single,0.0193569196438513,False,187,444,17,0.09009009009009,40,0.0651418865958916,0.1206557838693944,0.0,0,0.0,0.1950643229690931,0.0,0,0.0,0.1950643229690931,0.0588235294117647,1,0.0014881743912666,0.2868893966672207,0.0,0,0.0,0.1950643229690931,0.0,0,0.0,0.1950643229690931,0.0588235294117647,1,0.0014881743912666,0.2868893966672207,40,19094,0.09009009009009,0.2094898921127055,1,551,0.0588235294117647,0.1814882032667876,49.0,49.0,49.0,1,Initial
B,hgb_no_observation_features,native_numeric,local_patient,silence4,0.0193569196438513,False,187,444,17,0.09009009009009,40,0.0651418865958916,0.1206557838693944,0.0,0,0.0,0.1950643229690931,0.0,0,0.0,0.1950643229690931,0.0588235294117647,1,0.0014881743912666,0.2868893966672207,0.0,0,0.0,0.1950643229690931,0.0,0,0.0,0.1950643229690931,0.0588235294117647,1,0.0014881743912666,0.2868893966672207,243,19094,0.5472972972972973,1.2726510945846865,7,551,0.4117647058823529,1.2704174228675136,49.0,49.0,49.0,1,Initial
B,hgb_no_observation_features,native_numeric,local_patient,silence6,0.0193569196438513,False,187,444,17,0.09009009009009,40,0.0651418865958916,0.1206557838693944,0.0,0,0.0,0.1950643229690931,0.0,0,0.0,0.1950643229690931,0.0588235294117647,1,0.0014881743912666,0.2868893966672207,0.0,0,0.0,0.1950643229690931,0.0,0,0.0,0.1950643229690931,0.0588235294117647,1,0.0014881743912666,0.2868893966672207,175,19094,0.3941441441441441,0.9165182779930868,6,551,0.3529411764705882,1.088929219600726,49.0,49.0,49.0,1,Initial
B,hgb_no_observation_features,native_numeric,local_patient,three_of_five,0.0134432996802416,False,187,444,17,0.0945945945945946,42,0.0690274831249607,0.1257114372035679,0.0,0,0.0,0.1950643229690931,0.0,0,0.0,0.1950643229690931,0.0588235294117647,1,0.0014881743912666,0.2868893966672207,0.0588235294117647,1,0.0014881743912666,0.2868893966672207,0.0,0,0.0,0.1950643229690931,0.0588235294117647,1,0.0014881743912666,0.2868893966672207,1208,19094,2.720720720720721,6.326594741803708,27,551,1.588235294117647,4.900181488203267,49.0,49.0,49.0,1,Initial
B,hgb_no_observation_features,mask_ambiguous_units,source_hourly,hourly,0.0110760222106053,False,187,444,17,0.1396396396396396,62,0.1087651029476916,0.175409374039537,0.1764705882352941,3,0.037985068070626,0.4343178728442839,0.1176470588235294,2,0.0145793168403024,0.3644091621012502,0.1764705882352941,3,0.037985068070626,0.4343178728442839,0.2352941176470588,4,0.0681077404373566,0.4989932732045801,0.1764705882352941,3,0.037985068070626,0.4343178728442839,0.2941176470588235,5,0.10313551437032,0.5595827187543372,1369,19094,3.083333333333333,7.169791557557348,36,551,2.117647058823529,6.533575317604356,10.0,6.0,41.0,5,Initial
B,hgb_no_observation_features,mask_ambiguous_units,source_hourly,single,0.0110760222106053,False,187,444,17,0.1396396396396396,62,0.1087651029476916,0.175409374039537,0.1176470588235294,2,0.0145793168403024,0.3644091621012502,0.1176470588235294,2,0.0145793168403024,0.3644091621012502,0.1764705882352941,3,0.037985068070626,0.4343178728442839,0.1764705882352941,3,0.037985068070626,0.4343178728442839,0.1764705882352941,3,0.037985068070626,0.4343178728442839,0.2941176470588235,5,0.10313551437032,0.5595827187543372,62,19094,0.1396396396396396,0.3247093327746936,5,551,0.2941176470588235,0.9074410163339384,10.0,6.0,41.0,5,Initial
B,hgb_no_observation_features,mask_ambiguous_units,source_hourly,silence4,0.0110760222106053,False,187,444,17,0.1396396396396396,62,0.1087651029476916,0.175409374039537,0.1764705882352941,3,0.037985068070626,0.4343178728442839,0.1176470588235294,2,0.0145793168403024,0.3644091621012502,0.1764705882352941,3,0.037985068070626,0.4343178728442839,0.1764705882352941,3,0.037985068070626,0.4343178728442839,0.1764705882352941,3,0.037985068070626,0.4343178728442839,0.2941176470588235,5,0.10313551437032,0.5595827187543372,425,19094,0.9572072072072072,2.225830103697497,15,551,0.8823529411764706,2.722323049001815,10.0,6.0,41.0,5,Initial
B,hgb_no_observation_features,mask_ambiguous_units,source_hourly,silence6,0.0110760222106053,False,187,444,17,0.1396396396396396,62,0.1087651029476916,0.175409374039537,0.1764705882352941,3,0.037985068070626,0.4343178728442839,0.1176470588235294,2,0.0145793168403024,0.3644091621012502,0.1764705882352941,3,0.037985068070626,0.4343178728442839,0.1764705882352941,3,0.037985068070626,0.4343178728442839,0.1764705882352941,3,0.037985068070626,0.4343178728442839,0.2941176470588235,5,0.10313551437032,0.5595827187543372,308,19094,0.6936936936936937,1.613072169267833,12,551,0.7058823529411765,2.177858439201452,10.0,6.0,41.0,5,Initial
B,hgb_no_observation_features,mask_ambiguous_units,source_hourly,three_of_five,0.0110760222106053,False,187,444,17,0.1103603603603603,49,0.0827683298075482,0.1432689796661664,0.0588235294117647,1,0.0014881743912666,0.2868893966672207,0.0588235294117647,1,0.0014881743912666,0.2868893966672207,0.0588235294117647,1,0.0014881743912666,0.2868893966672207,0.1176470588235294,2,0.0145793168403024,0.3644091621012502,0.0588235294117647,1,0.0014881743912666,0.2868893966672207,0.1176470588235294,2,0.0145793168403024,0.3644091621012502,1286,19094,2.8963963963963963,6.735100031423484,33,551,1.9411764705882355,5.9891107078039925,27.5,16.75,38.25,2,Initial
B,hgb_no_observation_features,mask_ambiguous_units,source_patient,hourly,0.0267247098859803,False,187,444,17,0.063063063063063,28,0.0423103752810183,0.0898565277090562,0.0588235294117647,1,0.0014881743912666,0.2868893966672207,0.0588235294117647,1,0.0014881743912666,0.2868893966672207,0.0,0,0.0,0.1950643229690931,0.0588235294117647,1,0.0014881743912666,0.2868893966672207,0.0588235294117647,1,0.0014881743912666,0.2868893966672207,0.0588235294117647,1,0.0014881743912666,0.2868893966672207,442,19094,0.9954954954954957,2.3148633078453966,1,551,0.0588235294117647,0.1814882032667876,6.0,6.0,6.0,1,Initial
B,hgb_no_observation_features,mask_ambiguous_units,source_patient,single,0.0267247098859803,False,187,444,17,0.063063063063063,28,0.0423103752810183,0.0898565277090562,0.0588235294117647,1,0.0014881743912666,0.2868893966672207,0.0588235294117647,1,0.0014881743912666,0.2868893966672207,0.0,0,0.0,0.1950643229690931,0.0588235294117647,1,0.0014881743912666,0.2868893966672207,0.0588235294117647,1,0.0014881743912666,0.2868893966672207,0.0588235294117647,1,0.0014881743912666,0.2868893966672207,28,19094,0.063063063063063,0.1466429244788939,1,551,0.0588235294117647,0.1814882032667876,6.0,6.0,6.0,1,Initial
B,hgb_no_observation_features,mask_ambiguous_units,source_patient,silence4,0.0267247098859803,False,187,444,17,0.063063063063063,28,0.0423103752810183,0.0898565277090562,0.0588235294117647,1,0.0014881743912666,0.2868893966672207,0.0588235294117647,1,0.0014881743912666,0.2868893966672207,0.0,0,0.0,0.1950643229690931,0.0588235294117647,1,0.0014881743912666,0.2868893966672207,0.0588235294117647,1,0.0014881743912666,0.2868893966672207,0.0588235294117647,1,0.0014881743912666,0.2868893966672207,143,19094,0.322072072072072,0.7489263643029224,1,551,0.0588235294117647,0.1814882032667876,6.0,6.0,6.0,1,Initial
B,hgb_no_observation_features,mask_ambiguous_units,source_patient,silence6,0.0267247098859803,False,187,444,17,0.063063063063063,28,0.0423103752810183,0.0898565277090562,0.0588235294117647,1,0.0014881743912666,0.2868893966672207,0.0588235294117647,1,0.0014881743912666,0.2868893966672207,0.0,0,0.0,0.1950643229690931,0.0588235294117647,1,0.0014881743912666,0.2868893966672207,0.0588235294117647,1,0.0014881743912666,0.2868893966672207,0.0588235294117647,1,0.0014881743912666,0.2868893966672207,108,19094,0.2432432432432432,0.565622708704305,1,551,0.0588235294117647,0.1814882032667876,6.0,6.0,6.0,1,Initial
B,hgb_no_observation_features,mask_ambiguous_units,source_patient,three_of_five,0.0267247098859803,False,187,444,17,0.045045045045045,20,0.0277284955393287,0.0687132413862152,0.0,0,0.0,0.1950643229690931,0.0,0,0.0,0.1950643229690931,0.0,0,0.0,0.1950643229690931,0.0,0,0.0,0.1950643229690931,0.0,0,0.0,0.1950643229690931,0.0,0,0.0,0.1950643229690931,391,19094,0.8806306306306306,2.047763695401697,0,551,0.0,0.0,,,,0,Initial
B,hgb_no_observation_features,mask_ambiguous_units,local_patient,hourly,0.0173517737007224,False,187,444,17,0.0968468468468468,43,0.0709774258457675,0.1282323320914093,0.1176470588235294,2,0.0145793168403024,0.3644091621012502,0.1176470588235294,2,0.0145793168403024,0.3644091621012502,0.0588235294117647,1,0.0014881743912666,0.2868893966672207,0.1176470588235294,2,0.0145793168403024,0.3644091621012502,0.1176470588235294,2,0.0145793168403024,0.3644091621012502,0.1764705882352941,3,0.037985068070626,0.4343178728442839,750,19094,1.6891891891891893,3.927935477113229,13,551,0.7647058823529411,2.3593466424682394,6.0,6.0,27.5,3,Initial
B,hgb_no_observation_features,mask_ambiguous_units,local_patient,single,0.0173517737007224,False,187,444,17,0.0968468468468468,43,0.0709774258457675,0.1282323320914093,0.1176470588235294,2,0.0145793168403024,0.3644091621012502,0.1176470588235294,2,0.0145793168403024,0.3644091621012502,0.0588235294117647,1,0.0014881743912666,0.2868893966672207,0.1176470588235294,2,0.0145793168403024,0.3644091621012502,0.1176470588235294,2,0.0145793168403024,0.3644091621012502,0.1764705882352941,3,0.037985068070626,0.4343178728442839,43,19094,0.0968468468468468,0.2252016340211584,3,551,0.1764705882352941,0.5444646098003629,6.0,6.0,27.5,3,Initial
B,hgb_no_observation_features,mask_ambiguous_units,local_patient,silence4,0.0173517737007224,False,187,444,17,0.0968468468468468,43,0.0709774258457675,0.1282323320914093,0.1176470588235294,2,0.0145793168403024,0.3644091621012502,0.1176470588235294,2,0.0145793168403024,0.3644091621012502,0.0588235294117647,1,0.0014881743912666,0.2868893966672207,0.1176470588235294,2,0.0145793168403024,0.3644091621012502,0.1176470588235294,2,0.0145793168403024,0.3644091621012502,0.1764705882352941,3,0.037985068070626,0.4343178728442839,231,19094,0.5202702702702703,1.2098041269508746,8,551,0.4705882352941176,1.4519056261343013,6.0,6.0,27.5,3,Initial
B,hgb_no_observation_features,mask_ambiguous_units,local_patient,silence6,0.0173517737007224,False,187,444,17,0.0968468468468468,43,0.0709774258457675,0.1282323320914093,0.1176470588235294,2,0.0145793168403024,0.3644091621012502,0.1176470588235294,2,0.0145793168403024,0.3644091621012502,0.0588235294117647,1,0.0014881743912666,0.2868893966672207,0.1176470588235294,2,0.0145793168403024,0.3644091621012502,0.1176470588235294,2,0.0145793168403024,0.3644091621012502,0.1764705882352941,3,0.037985068070626,0.4343178728442839,171,19094,0.3851351351351351,0.8955692887818163,7,551,0.4117647058823529,1.2704174228675136,6.0,6.0,27.5,3,Initial
B,hgb_no_observation_features,mask_ambiguous_units,local_patient,three_of_five,0.0111269295042281,False,187,444,17,0.1103603603603603,49,0.0827683298075482,0.1432689796661664,0.0588235294117647,1,0.0014881743912666,0.2868893966672207,0.0588235294117647,1,0.0014881743912666,0.2868893966672207,0.0588235294117647,1,0.0014881743912666,0.2868893966672207,0.1176470588235294,2,0.0145793168403024,0.3644091621012502,0.0588235294117647,1,0.0014881743912666,0.2868893966672207,0.1176470588235294,2,0.0145793168403024,0.3644091621012502,1274,19094,2.869369369369369,6.672253063789672,32,551,1.8823529411764703,5.807622504537205,27.0,16.0,38.0,2,Initial
A,logistic,native_numeric,source_hourly,hourly,0.0175243187331984,False,187,444,17,0.3603603603603603,160,0.3156374698236913,0.4069576957076965,0.5294117647058824,9,0.2781183003311065,0.7701673127340096,0.1764705882352941,3,0.037985068070626,0.4343178728442839,0.4117647058823529,7,0.1844369617839466,0.6707528460532426,0.5882352941176471,10,0.3292471539467573,0.8155630382160532,0.3529411764705882,6,0.1420974831102209,0.6167163365565971,0.5882352941176471,10,0.3292471539467573,0.8155630382160532,5179,19094,11.664414414414416,27.12370378129255,148,551,8.705882352941176,26.860254083484573,10.0,6.5,14.5,10,Amended exploratory
A,logistic,native_numeric,source_hourly,single,0.0175243187331984,False,187,444,17,0.3603603603603603,160,0.3156374698236913,0.4069576957076965,0.1764705882352941,3,0.037985068070626,0.4343178728442839,0.1764705882352941,3,0.037985068070626,0.4343178728442839,0.4117647058823529,7,0.1844369617839466,0.6707528460532426,0.3529411764705882,6,0.1420974831102209,0.6167163365565971,0.3529411764705882,6,0.1420974831102209,0.6167163365565971,0.5882352941176471,10,0.3292471539467573,0.8155630382160532,160,19094,0.3603603603603603,0.8379595684508222,10,551,0.5882352941176471,1.8148820326678765,10.0,6.5,14.5,10,Amended exploratory
A,logistic,native_numeric,source_hourly,silence4,0.0175243187331984,False,187,444,17,0.3603603603603603,160,0.3156374698236913,0.4069576957076965,0.5294117647058824,9,0.2781183003311065,0.7701673127340096,0.1764705882352941,3,0.037985068070626,0.4343178728442839,0.4117647058823529,7,0.1844369617839466,0.6707528460532426,0.5882352941176471,10,0.3292471539467573,0.8155630382160532,0.3529411764705882,6,0.1420974831102209,0.6167163365565971,0.5882352941176471,10,0.3292471539467573,0.8155630382160532,1573,19094,3.5427927927927927,8.238190007332147,47,551,2.764705882352941,8.52994555353902,10.0,6.5,14.5,10,Amended exploratory
A,logistic,native_numeric,source_hourly,silence6,0.0175243187331984,False,187,444,17,0.3603603603603603,160,0.3156374698236913,0.4069576957076965,0.4705882352941176,8,0.2298326872659903,0.7218816996688935,0.1764705882352941,3,0.037985068070626,0.4343178728442839,0.4117647058823529,7,0.1844369617839466,0.6707528460532426,0.5882352941176471,10,0.3292471539467573,0.8155630382160532,0.3529411764705882,6,0.1420974831102209,0.6167163365565971,0.5882352941176471,10,0.3292471539467573,0.8155630382160532,1123,19094,2.529279279279279,5.881428721064209,33,551,1.9411764705882355,5.9891107078039925,10.0,6.5,14.5,10,Amended exploratory
A,logistic,native_numeric,source_hourly,three_of_five,0.0175243187331984,False,187,444,17,0.2702702702702703,120,0.2294853496434268,0.314146775087109,0.2941176470588235,5,0.10313551437032,0.5595827187543372,0.1764705882352941,3,0.037985068070626,0.4343178728442839,0.1764705882352941,3,0.037985068070626,0.4343178728442839,0.3529411764705882,6,0.1420974831102209,0.6167163365565971,0.1764705882352941,3,0.037985068070626,0.4343178728442839,0.3529411764705882,6,0.1420974831102209,0.6167163365565971,4933,19094,11.11036036036036,25.83534094479941,133,551,7.823529411764706,24.13793103448276,9.5,6.0,49.0,6,Amended exploratory
A,logistic,native_numeric,source_patient,hourly,0.033675748624532,False,187,444,17,0.2094594594594594,93,0.1725263451711724,0.250314524605255,0.1764705882352941,3,0.037985068070626,0.4343178728442839,0.0588235294117647,1,0.0014881743912666,0.2868893966672207,0.1764705882352941,3,0.037985068070626,0.4343178728442839,0.2352941176470588,4,0.0681077404373566,0.4989932732045801,0.1176470588235294,2,0.0145793168403024,0.3644091621012502,0.2352941176470588,4,0.0681077404373566,0.4989932732045801,2421,19094,5.452702702702703,12.679375720121504,67,551,3.941176470588236,12.159709618874771,31.0,8.75,57.0,4,Amended exploratory
A,logistic,native_numeric,source_patient,single,0.033675748624532,False,187,444,17,0.2094594594594594,93,0.1725263451711724,0.250314524605255,0.0588235294117647,1,0.0014881743912666,0.2868893966672207,0.0588235294117647,1,0.0014881743912666,0.2868893966672207,0.1764705882352941,3,0.037985068070626,0.4343178728442839,0.1176470588235294,2,0.0145793168403024,0.3644091621012502,0.1176470588235294,2,0.0145793168403024,0.3644091621012502,0.2352941176470588,4,0.0681077404373566,0.4989932732045801,93,19094,0.2094594594594594,0.4870639991620404,4,551,0.2352941176470588,0.7259528130671506,31.0,8.75,57.0,4,Amended exploratory
A,logistic,native_numeric,source_patient,silence4,0.033675748624532,False,187,444,17,0.2094594594594594,93,0.1725263451711724,0.250314524605255,0.1764705882352941,3,0.037985068070626,0.4343178728442839,0.0588235294117647,1,0.0014881743912666,0.2868893966672207,0.1764705882352941,3,0.037985068070626,0.4343178728442839,0.2352941176470588,4,0.0681077404373566,0.4989932732045801,0.1176470588235294,2,0.0145793168403024,0.3644091621012502,0.2352941176470588,4,0.0681077404373566,0.4989932732045801,790,19094,1.779279279279279,4.137425369225935,23,551,1.3529411764705883,4.174228675136116,31.0,8.75,57.0,4,Amended exploratory
A,logistic,native_numeric,source_patient,silence6,0.033675748624532,False,187,444,17,0.2094594594594594,93,0.1725263451711724,0.250314524605255,0.1764705882352941,3,0.037985068070626,0.4343178728442839,0.0588235294117647,1,0.0014881743912666,0.2868893966672207,0.1764705882352941,3,0.037985068070626,0.4343178728442839,0.2352941176470588,4,0.0681077404373566,0.4989932732045801,0.1176470588235294,2,0.0145793168403024,0.3644091621012502,0.2352941176470588,4,0.0681077404373566,0.4989932732045801,572,19094,1.2882882882882882,2.995705457211689,17,551,1.0,3.0852994555353903,31.0,8.75,57.0,4,Amended exploratory
A,logistic,native_numeric,source_patient,three_of_five,0.033675748624532,False,187,444,17,0.1463963963963964,65,0.114837643134617,0.1827546071993926,0.0588235294117647,1,0.0014881743912666,0.2868893966672207,0.0,0,0.0,0.1950643229690931,0.1176470588235294,2,0.0145793168403024,0.3644091621012502,0.0588235294117647,1,0.0014881743912666,0.2868893966672207,0.0,0,0.0,0.1950643229690931,0.1176470588235294,2,0.0145793168403024,0.3644091621012502,2234,19094,5.031531531531532,11.700010474494606,65,551,3.823529411764706,11.7967332123412,60.0,53.5,66.5,2,Amended exploratory
A,logistic,native_numeric,local_patient,hourly,0.0758551993107561,False,187,444,17,0.0968468468468468,43,0.0709774258457675,0.1282323320914093,0.0,0,0.0,0.1950643229690931,0.0,0,0.0,0.1950643229690931,0.0588235294117647,1,0.0014881743912666,0.2868893966672207,0.0,0,0.0,0.1950643229690931,0.0,0,0.0,0.1950643229690931,0.0588235294117647,1,0.0014881743912666,0.2868893966672207,670,19094,1.509009009009009,3.508955692887818,3,551,0.1764705882352941,0.5444646098003629,22.0,22.0,22.0,1,Amended exploratory
A,logistic,native_numeric,local_patient,single,0.0758551993107561,False,187,444,17,0.0968468468468468,43,0.0709774258457675,0.1282323320914093,0.0,0,0.0,0.1950643229690931,0.0,0,0.0,0.1950643229690931,0.0588235294117647,1,0.0014881743912666,0.2868893966672207,0.0,0,0.0,0.1950643229690931,0.0,0,0.0,0.1950643229690931,0.0588235294117647,1,0.0014881743912666,0.2868893966672207,43,19094,0.0968468468468468,0.2252016340211584,1,551,0.0588235294117647,0.1814882032667876,22.0,22.0,22.0,1,Amended exploratory
A,logistic,native_numeric,local_patient,silence4,0.0758551993107561,False,187,444,17,0.0968468468468468,43,0.0709774258457675,0.1282323320914093,0.0,0,0.0,0.1950643229690931,0.0,0,0.0,0.1950643229690931,0.0588235294117647,1,0.0014881743912666,0.2868893966672207,0.0,0,0.0,0.1950643229690931,0.0,0,0.0,0.1950643229690931,0.0588235294117647,1,0.0014881743912666,0.2868893966672207,240,19094,0.5405405405405406,1.2569393526762334,1,551,0.0588235294117647,0.1814882032667876,22.0,22.0,22.0,1,Amended exploratory
A,logistic,native_numeric,local_patient,silence6,0.0758551993107561,False,187,444,17,0.0968468468468468,43,0.0709774258457675,0.1282323320914093,0.0,0,0.0,0.1950643229690931,0.0,0,0.0,0.1950643229690931,0.0588235294117647,1,0.0014881743912666,0.2868893966672207,0.0,0,0.0,0.1950643229690931,0.0,0,0.0,0.1950643229690931,0.0588235294117647,1,0.0014881743912666,0.2868893966672207,172,19094,0.3873873873873873,0.900806536084634,1,551,0.0588235294117647,0.1814882032667876,22.0,22.0,22.0,1,Amended exploratory
A,logistic,native_numeric,local_patient,three_of_five,0.0563023899358581,False,187,444,17,0.0923423423423423,41,0.067082251430472,0.1231859702903978,0.0,0,0.0,0.1950643229690931,0.0,0,0.0,0.1950643229690931,0.0588235294117647,1,0.0014881743912666,0.2868893966672207,0.0,0,0.0,0.1950643229690931,0.0,0,0.0,0.1950643229690931,0.0588235294117647,1,0.0014881743912666,0.2868893966672207,1078,19094,2.427927927927928,5.645752592437415,9,551,0.5294117647058824,1.633393829401089,55.0,55.0,55.0,1,Amended exploratory
A,logistic,mask_ambiguous_units,source_hourly,hourly,0.0175243187331984,False,187,444,17,0.3018018018018018,134,0.2594218390930089,0.3468460881819009,0.3529411764705882,6,0.1420974831102209,0.6167163365565971,0.1176470588235294,2,0.0145793168403024,0.3644091621012502,0.3529411764705882,6,0.1420974831102209,0.6167163365565971,0.4705882352941176,8,0.2298326872659903,0.7218816996688935,0.2352941176470588,4,0.0681077404373566,0.4989932732045801,0.4705882352941176,8,0.2298326872659903,0.7218816996688935,3800,19094,8.558558558558559,19.901539750707027,124,551,7.294117647058823,22.504537205081668,12.0,6.25,26.5,8,Amended exploratory
A,logistic,mask_ambiguous_units,source_hourly,single,0.0175243187331984,False,187,444,17,0.3018018018018018,134,0.2594218390930089,0.3468460881819009,0.1176470588235294,2,0.0145793168403024,0.3644091621012502,0.1176470588235294,2,0.0145793168403024,0.3644091621012502,0.3529411764705882,6,0.1420974831102209,0.6167163365565971,0.2352941176470588,4,0.0681077404373566,0.4989932732045801,0.2352941176470588,4,0.0681077404373566,0.4989932732045801,0.4705882352941176,8,0.2298326872659903,0.7218816996688935,134,19094,0.3018018018018018,0.7017911385775636,8,551,0.4705882352941176,1.4519056261343013,12.0,6.25,26.5,8,Amended exploratory
A,logistic,mask_ambiguous_units,source_hourly,silence4,0.0175243187331984,False,187,444,17,0.3018018018018018,134,0.2594218390930089,0.3468460881819009,0.3529411764705882,6,0.1420974831102209,0.6167163365565971,0.1176470588235294,2,0.0145793168403024,0.3644091621012502,0.3529411764705882,6,0.1420974831102209,0.6167163365565971,0.4705882352941176,8,0.2298326872659903,0.7218816996688935,0.2352941176470588,4,0.0681077404373566,0.4989932732045801,0.4705882352941176,8,0.2298326872659903,0.7218816996688935,1203,19094,2.70945945945946,6.30040850528962,38,551,2.235294117647059,6.896551724137931,12.0,6.25,26.5,8,Amended exploratory
A,logistic,mask_ambiguous_units,source_hourly,silence6,0.0175243187331984,False,187,444,17,0.3018018018018018,134,0.2594218390930089,0.3468460881819009,0.3529411764705882,6,0.1420974831102209,0.6167163365565971,0.1176470588235294,2,0.0145793168403024,0.3644091621012502,0.3529411764705882,6,0.1420974831102209,0.6167163365565971,0.4705882352941176,8,0.2298326872659903,0.7218816996688935,0.2352941176470588,4,0.0681077404373566,0.4989932732045801,0.4705882352941176,8,0.2298326872659903,0.7218816996688935,873,19094,1.966216216216216,4.572116895359799,30,551,1.7647058823529411,5.44464609800363,12.0,6.25,26.5,8,Amended exploratory
A,logistic,mask_ambiguous_units,source_hourly,three_of_five,0.0175243187331984,False,187,444,17,0.2139639639639639,95,0.1767060954351196,0.2550818853778713,0.2352941176470588,4,0.0681077404373566,0.4989932732045801,0.1176470588235294,2,0.0145793168403024,0.3644091621012502,0.1764705882352941,3,0.037985068070626,0.4343178728442839,0.2941176470588235,5,0.10313551437032,0.5595827187543372,0.1176470588235294,2,0.0145793168403024,0.3644091621012502,0.2941176470588235,5,0.10313551437032,0.5595827187543372,3569,19094,8.038288288288289,18.691735623756152,109,551,6.411764705882353,19.782214156079856,13.0,5.0,52.0,5,Amended exploratory
A,logistic,mask_ambiguous_units,source_patient,hourly,0.033675748624532,False,187,444,17,0.1734234234234234,77,0.1393556136900841,0.211911636680008,0.1176470588235294,2,0.0145793168403024,0.3644091621012502,0.0588235294117647,1,0.0014881743912666,0.2868893966672207,0.1176470588235294,2,0.0145793168403024,0.3644091621012502,0.1176470588235294,2,0.0145793168403024,0.3644091621012502,0.0588235294117647,1,0.0014881743912666,0.2868893966672207,0.1764705882352941,3,0.037985068070626,0.4343178728442839,1614,19094,3.635135135135135,8.45291714674767,44,551,2.588235294117647,7.985480943738657,51.0,26.5,62.5,3,Amended exploratory
A,logistic,mask_ambiguous_units,source_patient,single,0.033675748624532,False,187,444,17,0.1734234234234234,77,0.1393556136900841,0.211911636680008,0.0588235294117647,1,0.0014881743912666,0.2868893966672207,0.0588235294117647,1,0.0014881743912666,0.2868893966672207,0.1176470588235294,2,0.0145793168403024,0.3644091621012502,0.0588235294117647,1,0.0014881743912666,0.2868893966672207,0.0588235294117647,1,0.0014881743912666,0.2868893966672207,0.1764705882352941,3,0.037985068070626,0.4343178728442839,77,19094,0.1734234234234234,0.4032680423169582,3,551,0.1764705882352941,0.5444646098003629,51.0,26.5,62.5,3,Amended exploratory
A,logistic,mask_ambiguous_units,source_patient,silence4,0.033675748624532,False,187,444,17,0.1734234234234234,77,0.1393556136900841,0.211911636680008,0.1176470588235294,2,0.0145793168403024,0.3644091621012502,0.0588235294117647,1,0.0014881743912666,0.2868893966672207,0.1176470588235294,2,0.0145793168403024,0.3644091621012502,0.1176470588235294,2,0.0145793168403024,0.3644091621012502,0.0588235294117647,1,0.0014881743912666,0.2868893966672207,0.1764705882352941,3,0.037985068070626,0.4343178728442839,530,19094,1.1936936936936935,2.7757410704933485,16,551,0.9411764705882352,2.9038112522686026,51.0,26.5,62.5,3,Amended exploratory
A,logistic,mask_ambiguous_units,source_patient,silence6,0.033675748624532,False,187,444,17,0.1734234234234234,77,0.1393556136900841,0.211911636680008,0.1176470588235294,2,0.0145793168403024,0.3644091621012502,0.0588235294117647,1,0.0014881743912666,0.2868893966672207,0.1176470588235294,2,0.0145793168403024,0.3644091621012502,0.1176470588235294,2,0.0145793168403024,0.3644091621012502,0.0588235294117647,1,0.0014881743912666,0.2868893966672207,0.1764705882352941,3,0.037985068070626,0.4343178728442839,393,19094,0.8851351351351351,2.0582381900073323,12,551,0.7058823529411765,2.177858439201452,51.0,26.5,62.5,3,Amended exploratory
A,logistic,mask_ambiguous_units,source_patient,three_of_five,0.033675748624532,False,187,444,17,0.1171171171171171,52,0.0887171182936875,0.1507353328701418,0.0588235294117647,1,0.0014881743912666,0.2868893966672207,0.0,0,0.0,0.1950643229690931,0.0588235294117647,1,0.0014881743912666,0.2868893966672207,0.0588235294117647,1,0.0014881743912666,0.2868893966672207,0.0,0,0.0,0.1950643229690931,0.0588235294117647,1,0.0014881743912666,0.2868893966672207,1471,19094,3.313063063063063,7.703990782444747,40,551,2.3529411764705883,7.259528130671506,72.0,72.0,72.0,1,Amended exploratory
A,logistic,mask_ambiguous_units,local_patient,hourly,0.0575741147226096,False,187,444,17,0.1036036036036036,46,0.0768540917026358,0.1357689389403721,0.0,0,0.0,0.1950643229690931,0.0,0,0.0,0.1950643229690931,0.0588235294117647,1,0.0014881743912666,0.2868893966672207,0.0,0,0.0,0.1950643229690931,0.0,0,0.0,0.1950643229690931,0.0588235294117647,1,0.0014881743912666,0.2868893966672207,740,19094,1.6666666666666667,3.875563004085053,4,551,0.2352941176470588,0.7259528130671506,22.0,22.0,22.0,1,Amended exploratory
A,logistic,mask_ambiguous_units,local_patient,single,0.0575741147226096,False,187,444,17,0.1036036036036036,46,0.0768540917026358,0.1357689389403721,0.0,0,0.0,0.1950643229690931,0.0,0,0.0,0.1950643229690931,0.0588235294117647,1,0.0014881743912666,0.2868893966672207,0.0,0,0.0,0.1950643229690931,0.0,0,0.0,0.1950643229690931,0.0588235294117647,1,0.0014881743912666,0.2868893966672207,46,19094,0.1036036036036036,0.2409133759296114,1,551,0.0588235294117647,0.1814882032667876,22.0,22.0,22.0,1,Amended exploratory
A,logistic,mask_ambiguous_units,local_patient,silence4,0.0575741147226096,False,187,444,17,0.1036036036036036,46,0.0768540917026358,0.1357689389403721,0.0,0,0.0,0.1950643229690931,0.0,0,0.0,0.1950643229690931,0.0588235294117647,1,0.0014881743912666,0.2868893966672207,0.0,0,0.0,0.1950643229690931,0.0,0,0.0,0.1950643229690931,0.0588235294117647,1,0.0014881743912666,0.2868893966672207,251,19094,0.5653153153153153,1.3145490730072271,1,551,0.0588235294117647,0.1814882032667876,22.0,22.0,22.0,1,Amended exploratory
A,logistic,mask_ambiguous_units,local_patient,silence6,0.0575741147226096,False,187,444,17,0.1036036036036036,46,0.0768540917026358,0.1357689389403721,0.0,0,0.0,0.1950643229690931,0.0,0,0.0,0.1950643229690931,0.0588235294117647,1,0.0014881743912666,0.2868893966672207,0.0,0,0.0,0.1950643229690931,0.0,0,0.0,0.1950643229690931,0.0588235294117647,1,0.0014881743912666,0.2868893966672207,184,19094,0.4144144144144144,0.9636535037184456,1,551,0.0588235294117647,0.1814882032667876,22.0,22.0,22.0,1,Amended exploratory
A,logistic,mask_ambiguous_units,local_patient,three_of_five,0.0482075780623285,False,187,444,17,0.081081081081081,36,0.0574325717116613,0.1104845614316966,0.0,0,0.0,0.1950643229690931,0.0,0,0.0,0.1950643229690931,0.0588235294117647,1,0.0014881743912666,0.2868893966672207,0.0,0,0.0,0.1950643229690931,0.0,0,0.0,0.1950643229690931,0.0588235294117647,1,0.0014881743912666,0.2868893966672207,920,19094,2.072072072072072,4.818267518592228,8,551,0.4705882352941176,1.4519056261343013,55.0,55.0,55.0,1,Amended exploratory
A,hgb,native_numeric,source_hourly,hourly,0.0139771849320761,False,187,444,17,0.4166666666666667,185,0.3703721970015862,0.4640788391097822,0.4705882352941176,8,0.2298326872659903,0.7218816996688935,0.2352941176470588,4,0.0681077404373566,0.4989932732045801,0.2941176470588235,5,0.10313551437032,0.5595827187543372,0.5294117647058824,9,0.2781183003311065,0.7701673127340096,0.3529411764705882,6,0.1420974831102209,0.6167163365565971,0.5294117647058824,9,0.2781183003311065,0.7701673127340096,6062,19094,13.653153153153154,31.748193149680528,153,551,9.0,27.76769509981851,7.0,4.0,58.0,9,Amended exploratory
A,hgb,native_numeric,source_hourly,single,0.0139771849320761,False,187,444,17,0.4166666666666667,185,0.3703721970015862,0.4640788391097822,0.2352941176470588,4,0.0681077404373566,0.4989932732045801,0.2352941176470588,4,0.0681077404373566,0.4989932732045801,0.2941176470588235,5,0.10313551437032,0.5595827187543372,0.3529411764705882,6,0.1420974831102209,0.6167163365565971,0.3529411764705882,6,0.1420974831102209,0.6167163365565971,0.5294117647058824,9,0.2781183003311065,0.7701673127340096,185,19094,0.4166666666666667,0.9688907510212632,9,551,0.5294117647058824,1.633393829401089,7.0,4.0,58.0,9,Amended exploratory
A,hgb,native_numeric,source_hourly,silence4,0.0139771849320761,False,187,444,17,0.4166666666666667,185,0.3703721970015862,0.4640788391097822,0.4705882352941176,8,0.2298326872659903,0.7218816996688935,0.2352941176470588,4,0.0681077404373566,0.4989932732045801,0.2941176470588235,5,0.10313551437032,0.5595827187543372,0.5294117647058824,9,0.2781183003311065,0.7701673127340096,0.3529411764705882,6,0.1420974831102209,0.6167163365565971,0.5294117647058824,9,0.2781183003311065,0.7701673127340096,1675,19094,3.7725225225225225,8.772389232219545,46,551,2.7058823529411766,8.348457350272232,7.0,4.0,58.0,9,Amended exploratory
A,hgb,native_numeric,source_hourly,silence6,0.0139771849320761,False,187,444,17,0.4166666666666667,185,0.3703721970015862,0.4640788391097822,0.4117647058823529,7,0.1844369617839466,0.6707528460532426,0.2352941176470588,4,0.0681077404373566,0.4989932732045801,0.2941176470588235,5,0.10313551437032,0.5595827187543372,0.5294117647058824,9,0.2781183003311065,0.7701673127340096,0.3529411764705882,6,0.1420974831102209,0.6167163365565971,0.5294117647058824,9,0.2781183003311065,0.7701673127340096,1174,19094,2.644144144144144,6.148528333507908,33,551,1.9411764705882355,5.9891107078039925,7.0,4.0,58.0,9,Amended exploratory
A,hgb,native_numeric,source_hourly,three_of_five,0.0139771849320761,False,187,444,17,0.3468468468468468,154,0.3025976576995476,0.3931524385752872,0.4117647058823529,7,0.1844369617839466,0.6707528460532426,0.2352941176470588,4,0.0681077404373566,0.4989932732045801,0.1764705882352941,3,0.037985068070626,0.4343178728442839,0.4117647058823529,7,0.1844369617839466,0.6707528460532426,0.2352941176470588,4,0.0681077404373566,0.4989932732045801,0.4117647058823529,7,0.1844369617839466,0.6707528460532426,5704,19094,12.846846846846846,29.87325861527181,134,551,7.882352941176471,24.319419237749543,6.0,2.0,40.0,7,Amended exploratory
A,hgb,native_numeric,source_patient,hourly,0.0357463317979515,False,187,444,17,0.2882882882882883,128,0.2465613898746448,0.3328624148288515,0.2941176470588235,5,0.10313551437032,0.5595827187543372,0.1176470588235294,2,0.0145793168403024,0.3644091621012502,0.1764705882352941,3,0.037985068070626,0.4343178728442839,0.2941176470588235,5,0.10313551437032,0.5595827187543372,0.1176470588235294,2,0.0145793168403024,0.3644091621012502,0.2941176470588235,5,0.10313551437032,0.5595827187543372,4203,19094,9.466216216216216,22.012150413742532,100,551,5.882352941176471,18.148820326678766,30.0,6.0,39.0,5,Amended exploratory
A,hgb,native_numeric,source_patient,single,0.0357463317979515,False,187,444,17,0.2882882882882883,128,0.2465613898746448,0.3328624148288515,0.1176470588235294,2,0.0145793168403024,0.3644091621012502,0.1176470588235294,2,0.0145793168403024,0.3644091621012502,0.1764705882352941,3,0.037985068070626,0.4343178728442839,0.1176470588235294,2,0.0145793168403024,0.3644091621012502,0.1176470588235294,2,0.0145793168403024,0.3644091621012502,0.2941176470588235,5,0.10313551437032,0.5595827187543372,128,19094,0.2882882882882883,0.6703676547606578,5,551,0.2941176470588235,0.9074410163339384,30.0,6.0,39.0,5,Amended exploratory
A,hgb,native_numeric,source_patient,silence4,0.0357463317979515,False,187,444,17,0.2882882882882883,128,0.2465613898746448,0.3328624148288515,0.2941176470588235,5,0.10313551437032,0.5595827187543372,0.1176470588235294,2,0.0145793168403024,0.3644091621012502,0.1764705882352941,3,0.037985068070626,0.4343178728442839,0.2941176470588235,5,0.10313551437032,0.5595827187543372,0.1176470588235294,2,0.0145793168403024,0.3644091621012502,0.2941176470588235,5,0.10313551437032,0.5595827187543372,1152,19094,2.5945945945945947,6.03330889284592,30,551,1.7647058823529411,5.44464609800363,30.0,6.0,39.0,5,Amended exploratory
A,hgb,native_numeric,source_patient,silence6,0.0357463317979515,False,187,444,17,0.2882882882882883,128,0.2465613898746448,0.3328624148288515,0.2941176470588235,5,0.10313551437032,0.5595827187543372,0.1176470588235294,2,0.0145793168403024,0.3644091621012502,0.1764705882352941,3,0.037985068070626,0.4343178728442839,0.2941176470588235,5,0.10313551437032,0.5595827187543372,0.1176470588235294,2,0.0145793168403024,0.3644091621012502,0.2941176470588235,5,0.10313551437032,0.5595827187543372,804,19094,1.8108108108108107,4.210746831465382,21,551,1.2352941176470589,3.8112522686025407,30.0,6.0,39.0,5,Amended exploratory
A,hgb,native_numeric,source_patient,three_of_five,0.0357463317979515,False,187,444,17,0.2545045045045045,113,0.2146141803166157,0.2977007549586278,0.1764705882352941,3,0.037985068070626,0.4343178728442839,0.0,0,0.0,0.1950643229690931,0.1764705882352941,3,0.037985068070626,0.4343178728442839,0.1764705882352941,3,0.037985068070626,0.4343178728442839,0.0,0,0.0,0.1950643229690931,0.1764705882352941,3,0.037985068070626,0.4343178728442839,3994,19094,8.995495495495495,20.91756572745365,95,551,5.588235294117647,17.24137931034483,37.0,32.5,52.5,3,Amended exploratory
A,hgb,native_numeric,local_patient,hourly,0.1528052902529701,False,187,444,17,0.1058558558558558,47,0.078821488752087,0.1382728640915279,0.0,0,0.0,0.1950643229690931,0.0,0,0.0,0.1950643229690931,0.0,0,0.0,0.1950643229690931,0.0,0,0.0,0.1950643229690931,0.0,0,0.0,0.1950643229690931,0.0,0,0.0,0.1950643229690931,605,19094,1.3626126126126126,3.168534618204672,0,551,0.0,0.0,,,,0,Amended exploratory
A,hgb,native_numeric,local_patient,single,0.1528052902529701,False,187,444,17,0.1058558558558558,47,0.078821488752087,0.1382728640915279,0.0,0,0.0,0.1950643229690931,0.0,0,0.0,0.1950643229690931,0.0,0,0.0,0.1950643229690931,0.0,0,0.0,0.1950643229690931,0.0,0,0.0,0.1950643229690931,0.0,0,0.0,0.1950643229690931,47,19094,0.1058558558558558,0.246150623232429,0,551,0.0,0.0,,,,0,Amended exploratory
A,hgb,native_numeric,local_patient,silence4,0.1528052902529701,False,187,444,17,0.1058558558558558,47,0.078821488752087,0.1382728640915279,0.0,0,0.0,0.1950643229690931,0.0,0,0.0,0.1950643229690931,0.0,0,0.0,0.1950643229690931,0.0,0,0.0,0.1950643229690931,0.0,0,0.0,0.1950643229690931,0.0,0,0.0,0.1950643229690931,209,19094,0.4707207207207207,1.0945846862888866,0,551,0.0,0.0,,,,0,Amended exploratory
A,hgb,native_numeric,local_patient,silence6,0.1528052902529701,False,187,444,17,0.1058558558558558,47,0.078821488752087,0.1382728640915279,0.0,0,0.0,0.1950643229690931,0.0,0,0.0,0.1950643229690931,0.0,0,0.0,0.1950643229690931,0.0,0,0.0,0.1950643229690931,0.0,0,0.0,0.1950643229690931,0.0,0,0.0,0.1950643229690931,164,19094,0.3693693693693693,0.8589085576620928,0,551,0.0,0.0,,,,0,Amended exploratory
A,hgb,native_numeric,local_patient,three_of_five,0.1374522757457579,False,187,444,17,0.0855855855855855,38,0.0612764303001505,0.1155806168157531,0.0,0,0.0,0.1950643229690931,0.0,0,0.0,0.1950643229690931,0.0,0,0.0,0.1950643229690931,0.0,0,0.0,0.1950643229690931,0.0,0,0.0,0.1950643229690931,0.0,0,0.0,0.1950643229690931,669,19094,1.5067567567567568,3.503718445585001,0,551,0.0,0.0,,,,0,Amended exploratory
A,hgb,mask_ambiguous_units,source_hourly,hourly,0.0139771849320761,False,187,444,17,0.4054054054054054,180,0.3593748714061325,0.4527048439120221,0.4117647058823529,7,0.1844369617839466,0.6707528460532426,0.1764705882352941,3,0.037985068070626,0.4343178728442839,0.2352941176470588,4,0.0681077404373566,0.4989932732045801,0.4117647058823529,7,0.1844369617839466,0.6707528460532426,0.2352941176470588,4,0.0681077404373566,0.4989932732045801,0.4117647058823529,7,0.1844369617839466,0.6707528460532426,5847,19094,13.16891891891892,30.622184979574737,147,551,8.647058823529411,26.678765880217785,10.0,3.5,64.0,7,Amended exploratory
A,hgb,mask_ambiguous_units,source_hourly,single,0.0139771849320761,False,187,444,17,0.4054054054054054,180,0.3593748714061325,0.4527048439120221,0.1764705882352941,3,0.037985068070626,0.4343178728442839,0.1764705882352941,3,0.037985068070626,0.4343178728442839,0.2352941176470588,4,0.0681077404373566,0.4989932732045801,0.2352941176470588,4,0.0681077404373566,0.4989932732045801,0.2352941176470588,4,0.0681077404373566,0.4989932732045801,0.4117647058823529,7,0.1844369617839466,0.6707528460532426,180,19094,0.4054054054054054,0.9427045145071752,7,551,0.4117647058823529,1.2704174228675136,10.0,3.5,64.0,7,Amended exploratory
A,hgb,mask_ambiguous_units,source_hourly,silence4,0.0139771849320761,False,187,444,17,0.4054054054054054,180,0.3593748714061325,0.4527048439120221,0.4117647058823529,7,0.1844369617839466,0.6707528460532426,0.1764705882352941,3,0.037985068070626,0.4343178728442839,0.2352941176470588,4,0.0681077404373566,0.4989932732045801,0.4117647058823529,7,0.1844369617839466,0.6707528460532426,0.2352941176470588,4,0.0681077404373566,0.4989932732045801,0.4117647058823529,7,0.1844369617839466,0.6707528460532426,1622,19094,3.653153153153154,8.494815125170211,44,551,2.588235294117647,7.985480943738657,10.0,3.5,64.0,7,Amended exploratory
A,hgb,mask_ambiguous_units,source_hourly,silence6,0.0139771849320761,False,187,444,17,0.4054054054054054,180,0.3593748714061325,0.4527048439120221,0.3529411764705882,6,0.1420974831102209,0.6167163365565971,0.1764705882352941,3,0.037985068070626,0.4343178728442839,0.2352941176470588,4,0.0681077404373566,0.4989932732045801,0.4117647058823529,7,0.1844369617839466,0.6707528460532426,0.2352941176470588,4,0.0681077404373566,0.4989932732045801,0.4117647058823529,7,0.1844369617839466,0.6707528460532426,1140,19094,2.5675675675675675,5.970461925212109,31,551,1.8235294117647056,5.626134301270417,10.0,3.5,64.0,7,Amended exploratory
A,hgb,mask_ambiguous_units,source_hourly,three_of_five,0.0139771849320761,False,187,444,17,0.3310810810810811,147,0.2874342197912667,0.3769968497424445,0.3529411764705882,6,0.1420974831102209,0.6167163365565971,0.1764705882352941,3,0.037985068070626,0.4343178728442839,0.1764705882352941,3,0.037985068070626,0.4343178728442839,0.3529411764705882,6,0.1420974831102209,0.6167163365565971,0.1764705882352941,3,0.037985068070626,0.4343178728442839,0.3529411764705882,6,0.1420974831102209,0.6167163365565971,5495,19094,12.376126126126126,28.77867392898293,129,551,7.588235294117647,23.41197822141561,19.0,2.25,42.5,6,Amended exploratory
A,hgb,mask_ambiguous_units,source_patient,hourly,0.0357463317979515,False,187,444,17,0.2815315315315315,125,0.2401481305461788,0.3258537250537303,0.2352941176470588,4,0.0681077404373566,0.4989932732045801,0.0588235294117647,1,0.0014881743912666,0.2868893966672207,0.1764705882352941,3,0.037985068070626,0.4343178728442839,0.2352941176470588,4,0.0681077404373566,0.4989932732045801,0.0588235294117647,1,0.0014881743912666,0.2868893966672207,0.2352941176470588,4,0.0681077404373566,0.4989932732045801,3988,19094,8.981981981981981,20.886142243636744,101,551,5.941176470588236,18.330308529945555,34.5,24.0,46.75,4,Amended exploratory
A,hgb,mask_ambiguous_units,source_patient,single,0.0357463317979515,False,187,444,17,0.2815315315315315,125,0.2401481305461788,0.3258537250537303,0.0588235294117647,1,0.0014881743912666,0.2868893966672207,0.0588235294117647,1,0.0014881743912666,0.2868893966672207,0.1764705882352941,3,0.037985068070626,0.4343178728442839,0.0588235294117647,1,0.0014881743912666,0.2868893966672207,0.0588235294117647,1,0.0014881743912666,0.2868893966672207,0.2352941176470588,4,0.0681077404373566,0.4989932732045801,125,19094,0.2815315315315315,0.6546559128522049,4,551,0.2352941176470588,0.7259528130671506,34.5,24.0,46.75,4,Amended exploratory
A,hgb,mask_ambiguous_units,source_patient,silence4,0.0357463317979515,False,187,444,17,0.2815315315315315,125,0.2401481305461788,0.3258537250537303,0.2352941176470588,4,0.0681077404373566,0.4989932732045801,0.0588235294117647,1,0.0014881743912666,0.2868893966672207,0.1764705882352941,3,0.037985068070626,0.4343178728442839,0.2352941176470588,4,0.0681077404373566,0.4989932732045801,0.0588235294117647,1,0.0014881743912666,0.2868893966672207,0.2352941176470588,4,0.0681077404373566,0.4989932732045801,1103,19094,2.484234234234234,5.776683775007856,30,551,1.7647058823529411,5.44464609800363,34.5,24.0,46.75,4,Amended exploratory
A,hgb,mask_ambiguous_units,source_patient,silence6,0.0357463317979515,False,187,444,17,0.2815315315315315,125,0.2401481305461788,0.3258537250537303,0.2352941176470588,4,0.0681077404373566,0.4989932732045801,0.0588235294117647,1,0.0014881743912666,0.2868893966672207,0.1764705882352941,3,0.037985068070626,0.4343178728442839,0.2352941176470588,4,0.0681077404373566,0.4989932732045801,0.0588235294117647,1,0.0014881743912666,0.2868893966672207,0.2352941176470588,4,0.0681077404373566,0.4989932732045801,766,19094,1.7252252252252251,4.011731433958311,21,551,1.2352941176470589,3.8112522686025407,34.5,24.0,46.75,4,Amended exploratory
A,hgb,mask_ambiguous_units,source_patient,three_of_five,0.0357463317979515,False,187,444,17,0.2454954954954954,109,0.2061474263929754,0.2882722290073039,0.1764705882352941,3,0.037985068070626,0.4343178728442839,0.0,0,0.0,0.1950643229690931,0.1764705882352941,3,0.037985068070626,0.4343178728442839,0.1764705882352941,3,0.037985068070626,0.4343178728442839,0.0,0,0.0,0.1950643229690931,0.1764705882352941,3,0.037985068070626,0.4343178728442839,3791,19094,8.538288288288289,19.85440452498167,96,551,5.647058823529412,17.422867513611614,37.0,32.5,52.5,3,Amended exploratory
A,hgb,mask_ambiguous_units,local_patient,hourly,0.1443853688163349,False,187,444,17,0.1013513513513513,45,0.0748908650025786,0.1332609549403348,0.0,0,0.0,0.1950643229690931,0.0,0,0.0,0.1950643229690931,0.0,0,0.0,0.1950643229690931,0.0,0,0.0,0.1950643229690931,0.0,0,0.0,0.1950643229690931,0.0,0,0.0,0.1950643229690931,582,19094,1.3108108108108107,3.0480779302398657,0,551,0.0,0.0,,,,0,Amended exploratory
A,hgb,mask_ambiguous_units,local_patient,single,0.1443853688163349,False,187,444,17,0.1013513513513513,45,0.0748908650025786,0.1332609549403348,0.0,0,0.0,0.1950643229690931,0.0,0,0.0,0.1950643229690931,0.0,0,0.0,0.1950643229690931,0.0,0,0.0,0.1950643229690931,0.0,0,0.0,0.1950643229690931,0.0,0,0.0,0.1950643229690931,45,19094,0.1013513513513513,0.2356761286267937,0,551,0.0,0.0,,,,0,Amended exploratory
A,hgb,mask_ambiguous_units,local_patient,silence4,0.1443853688163349,False,187,444,17,0.1013513513513513,45,0.0748908650025786,0.1332609549403348,0.0,0,0.0,0.1950643229690931,0.0,0,0.0,0.1950643229690931,0.0,0,0.0,0.1950643229690931,0.0,0,0.0,0.1950643229690931,0.0,0,0.0,0.1950643229690931,0.0,0,0.0,0.1950643229690931,204,19094,0.4594594594594595,1.0683984497747985,0,551,0.0,0.0,,,,0,Amended exploratory
A,hgb,mask_ambiguous_units,local_patient,silence6,0.1443853688163349,False,187,444,17,0.1013513513513513,45,0.0748908650025786,0.1332609549403348,0.0,0,0.0,0.1950643229690931,0.0,0,0.0,0.1950643229690931,0.0,0,0.0,0.1950643229690931,0.0,0,0.0,0.1950643229690931,0.0,0,0.0,0.1950643229690931,0.0,0,0.0,0.1950643229690931,159,19094,0.3581081081081081,0.8327223211480046,0,551,0.0,0.0,,,,0,Amended exploratory
A,hgb,mask_ambiguous_units,local_patient,three_of_five,0.1125490638842414,False,187,444,17,0.0945945945945946,42,0.0690274831249607,0.1257114372035679,0.0,0,0.0,0.1950643229690931,0.0,0,0.0,0.1950643229690931,0.0,0,0.0,0.1950643229690931,0.0,0,0.0,0.1950643229690931,0.0,0,0.0,0.1950643229690931,0.0,0,0.0,0.1950643229690931,793,19094,1.786036036036036,4.153137111134388,0,551,0.0,0.0,,,,0,Amended exploratory
A,hgb_no_observation_features,native_numeric,source_hourly,hourly,0.0197045330648678,False,187,444,17,0.1981981981981982,88,0.1621079182117693,0.2383655296722464,0.1764705882352941,3,0.037985068070626,0.4343178728442839,0.1176470588235294,2,0.0145793168403024,0.3644091621012502,0.1176470588235294,2,0.0145793168403024,0.3644091621012502,0.2352941176470588,4,0.0681077404373566,0.4989932732045801,0.1764705882352941,3,0.037985068070626,0.4343178728442839,0.2352941176470588,4,0.0681077404373566,0.4989932732045801,1510,19094,3.400900900900901,7.908243427254635,25,551,1.4705882352941178,4.537205081669692,7.5,5.0,24.75,4,Amended exploratory
A,hgb_no_observation_features,native_numeric,source_hourly,single,0.0197045330648678,False,187,444,17,0.1981981981981982,88,0.1621079182117693,0.2383655296722464,0.1176470588235294,2,0.0145793168403024,0.3644091621012502,0.1176470588235294,2,0.0145793168403024,0.3644091621012502,0.1176470588235294,2,0.0145793168403024,0.3644091621012502,0.1764705882352941,3,0.037985068070626,0.4343178728442839,0.1764705882352941,3,0.037985068070626,0.4343178728442839,0.2352941176470588,4,0.0681077404373566,0.4989932732045801,88,19094,0.1981981981981982,0.4608777626479522,4,551,0.2352941176470588,0.7259528130671506,7.5,5.0,24.75,4,Amended exploratory
A,hgb_no_observation_features,native_numeric,source_hourly,silence4,0.0197045330648678,False,187,444,17,0.1981981981981982,88,0.1621079182117693,0.2383655296722464,0.1764705882352941,3,0.037985068070626,0.4343178728442839,0.1176470588235294,2,0.0145793168403024,0.3644091621012502,0.1176470588235294,2,0.0145793168403024,0.3644091621012502,0.2352941176470588,4,0.0681077404373566,0.4989932732045801,0.1764705882352941,3,0.037985068070626,0.4343178728442839,0.2352941176470588,4,0.0681077404373566,0.4989932732045801,484,19094,1.09009009009009,2.534827694563737,10,551,0.5882352941176471,1.8148820326678765,7.5,5.0,24.75,4,Amended exploratory
A,hgb_no_observation_features,native_numeric,source_hourly,silence6,0.0197045330648678,False,187,444,17,0.1981981981981982,88,0.1621079182117693,0.2383655296722464,0.1764705882352941,3,0.037985068070626,0.4343178728442839,0.1176470588235294,2,0.0145793168403024,0.3644091621012502,0.1176470588235294,2,0.0145793168403024,0.3644091621012502,0.2352941176470588,4,0.0681077404373566,0.4989932732045801,0.1764705882352941,3,0.037985068070626,0.4343178728442839,0.2352941176470588,4,0.0681077404373566,0.4989932732045801,367,19094,0.8265765765765766,1.9220697601340733,8,551,0.4705882352941176,1.4519056261343013,7.5,5.0,24.75,4,Amended exploratory
A,hgb_no_observation_features,native_numeric,source_hourly,three_of_five,0.0197045330648678,False,187,444,17,0.1171171171171171,52,0.0887171182936875,0.1507353328701418,0.1176470588235294,2,0.0145793168403024,0.3644091621012502,0.0588235294117647,1,0.0014881743912666,0.2868893966672207,0.1176470588235294,2,0.0145793168403024,0.3644091621012502,0.1176470588235294,2,0.0145793168403024,0.3644091621012502,0.1176470588235294,2,0.0145793168403024,0.3644091621012502,0.1764705882352941,3,0.037985068070626,0.4343178728442839,1381,19094,3.11036036036036,7.23263852519116,18,551,1.0588235294117647,3.266787658802178,7.0,5.5,15.5,3,Amended exploratory
A,hgb_no_observation_features,native_numeric,source_patient,hourly,0.0407457893577934,False,187,444,17,0.0653153153153153,29,0.044175504993635,0.0924591508288353,0.0588235294117647,1,0.0014881743912666,0.2868893966672207,0.0,0,0.0,0.1950643229690931,0.0588235294117647,1,0.0014881743912666,0.2868893966672207,0.0588235294117647,1,0.0014881743912666,0.2868893966672207,0.0588235294117647,1,0.0014881743912666,0.2868893966672207,0.0588235294117647,1,0.0014881743912666,0.2868893966672207,407,19094,0.9166666666666666,2.131559652246779,7,551,0.4117647058823529,1.2704174228675136,9.0,9.0,9.0,1,Amended exploratory
A,hgb_no_observation_features,native_numeric,source_patient,single,0.0407457893577934,False,187,444,17,0.0653153153153153,29,0.044175504993635,0.0924591508288353,0.0,0,0.0,0.1950643229690931,0.0,0,0.0,0.1950643229690931,0.0588235294117647,1,0.0014881743912666,0.2868893966672207,0.0588235294117647,1,0.0014881743912666,0.2868893966672207,0.0588235294117647,1,0.0014881743912666,0.2868893966672207,0.0588235294117647,1,0.0014881743912666,0.2868893966672207,29,19094,0.0653153153153153,0.1518801717817115,1,551,0.0588235294117647,0.1814882032667876,9.0,9.0,9.0,1,Amended exploratory
A,hgb_no_observation_features,native_numeric,source_patient,silence4,0.0407457893577934,False,187,444,17,0.0653153153153153,29,0.044175504993635,0.0924591508288353,0.0588235294117647,1,0.0014881743912666,0.2868893966672207,0.0,0,0.0,0.1950643229690931,0.0588235294117647,1,0.0014881743912666,0.2868893966672207,0.0588235294117647,1,0.0014881743912666,0.2868893966672207,0.0588235294117647,1,0.0014881743912666,0.2868893966672207,0.0588235294117647,1,0.0014881743912666,0.2868893966672207,145,19094,0.3265765765765765,0.7594008589085577,2,551,0.1176470588235294,0.3629764065335753,9.0,9.0,9.0,1,Amended exploratory
A,hgb_no_observation_features,native_numeric,source_patient,silence6,0.0407457893577934,False,187,444,17,0.0653153153153153,29,0.044175504993635,0.0924591508288353,0.0588235294117647,1,0.0014881743912666,0.2868893966672207,0.0,0,0.0,0.1950643229690931,0.0588235294117647,1,0.0014881743912666,0.2868893966672207,0.0588235294117647,1,0.0014881743912666,0.2868893966672207,0.0588235294117647,1,0.0014881743912666,0.2868893966672207,0.0588235294117647,1,0.0014881743912666,0.2868893966672207,106,19094,0.2387387387387387,0.5551482140986698,2,551,0.1176470588235294,0.3629764065335753,9.0,9.0,9.0,1,Amended exploratory
A,hgb_no_observation_features,native_numeric,source_patient,three_of_five,0.0407457893577934,False,187,444,17,0.0427927927927927,19,0.0259575409152696,0.0660215043958583,0.0588235294117647,1,0.0014881743912666,0.2868893966672207,0.0,0,0.0,0.1950643229690931,0.0588235294117647,1,0.0014881743912666,0.2868893966672207,0.0588235294117647,1,0.0014881743912666,0.2868893966672207,0.0588235294117647,1,0.0014881743912666,0.2868893966672207,0.0588235294117647,1,0.0014881743912666,0.2868893966672207,383,19094,0.8626126126126126,2.005865716979156,7,551,0.4117647058823529,1.2704174228675136,7.0,7.0,7.0,1,Amended exploratory
A,hgb_no_observation_features,native_numeric,local_patient,hourly,0.0250758175617389,False,187,444,17,0.1509009009009009,67,0.1188994327925078,0.1876382432639205,0.1176470588235294,2,0.0145793168403024,0.3644091621012502,0.0588235294117647,1,0.0014881743912666,0.2868893966672207,0.1176470588235294,2,0.0145793168403024,0.3644091621012502,0.1176470588235294,2,0.0145793168403024,0.3644091621012502,0.1176470588235294,2,0.0145793168403024,0.3644091621012502,0.1764705882352941,3,0.037985068070626,0.4343178728442839,990,19094,2.22972972972973,5.184874829789463,13,551,0.7647058823529411,2.3593466424682394,9.0,7.0,40.0,3,Amended exploratory
A,hgb_no_observation_features,native_numeric,local_patient,single,0.0250758175617389,False,187,444,17,0.1509009009009009,67,0.1188994327925078,0.1876382432639205,0.0588235294117647,1,0.0014881743912666,0.2868893966672207,0.0588235294117647,1,0.0014881743912666,0.2868893966672207,0.1176470588235294,2,0.0145793168403024,0.3644091621012502,0.1176470588235294,2,0.0145793168403024,0.3644091621012502,0.1176470588235294,2,0.0145793168403024,0.3644091621012502,0.1764705882352941,3,0.037985068070626,0.4343178728442839,67,19094,0.1509009009009009,0.3508955692887818,3,551,0.1764705882352941,0.5444646098003629,9.0,7.0,40.0,3,Amended exploratory
A,hgb_no_observation_features,native_numeric,local_patient,silence4,0.0250758175617389,False,187,444,17,0.1509009009009009,67,0.1188994327925078,0.1876382432639205,0.1176470588235294,2,0.0145793168403024,0.3644091621012502,0.0588235294117647,1,0.0014881743912666,0.2868893966672207,0.1176470588235294,2,0.0145793168403024,0.3644091621012502,0.1176470588235294,2,0.0145793168403024,0.3644091621012502,0.1176470588235294,2,0.0145793168403024,0.3644091621012502,0.1764705882352941,3,0.037985068070626,0.4343178728442839,328,19094,0.7387387387387387,1.7178171153241857,5,551,0.2941176470588235,0.9074410163339384,9.0,7.0,40.0,3,Amended exploratory
A,hgb_no_observation_features,native_numeric,local_patient,silence6,0.0250758175617389,False,187,444,17,0.1509009009009009,67,0.1188994327925078,0.1876382432639205,0.1176470588235294,2,0.0145793168403024,0.3644091621012502,0.0588235294117647,1,0.0014881743912666,0.2868893966672207,0.1176470588235294,2,0.0145793168403024,0.3644091621012502,0.1176470588235294,2,0.0145793168403024,0.3644091621012502,0.1176470588235294,2,0.0145793168403024,0.3644091621012502,0.1764705882352941,3,0.037985068070626,0.4343178728442839,243,19094,0.5472972972972973,1.2726510945846865,5,551,0.2941176470588235,0.9074410163339384,9.0,7.0,40.0,3,Amended exploratory
A,hgb_no_observation_features,native_numeric,local_patient,three_of_five,0.0192743472705456,False,187,444,17,0.1261261261261261,56,0.0966981474742691,0.1606423037837584,0.1764705882352941,3,0.037985068070626,0.4343178728442839,0.1176470588235294,2,0.0145793168403024,0.3644091621012502,0.1176470588235294,2,0.0145793168403024,0.3644091621012502,0.1764705882352941,3,0.037985068070626,0.4343178728442839,0.1764705882352941,3,0.037985068070626,0.4343178728442839,0.2352941176470588,4,0.0681077404373566,0.4989932732045801,1453,19094,3.2725225225225225,7.60972033099403,21,551,1.2352941176470589,3.8112522686025407,6.0,4.25,11.25,4,Amended exploratory
A,hgb_no_observation_features,mask_ambiguous_units,source_hourly,hourly,0.0197045330648678,False,187,444,17,0.1554054054054054,69,0.1229715014409363,0.1925117788516516,0.0588235294117647,1,0.0014881743912666,0.2868893966672207,0.0,0,0.0,0.1950643229690931,0.1176470588235294,2,0.0145793168403024,0.3644091621012502,0.0588235294117647,1,0.0014881743912666,0.2868893966672207,0.0588235294117647,1,0.0014881743912666,0.2868893966672207,0.1176470588235294,2,0.0145793168403024,0.3644091621012502,938,19094,2.112612612612613,4.912537970042945,17,551,1.0,3.0852994555353903,41.5,25.25,57.75,2,Amended exploratory
A,hgb_no_observation_features,mask_ambiguous_units,source_hourly,single,0.0197045330648678,False,187,444,17,0.1554054054054054,69,0.1229715014409363,0.1925117788516516,0.0,0,0.0,0.1950643229690931,0.0,0,0.0,0.1950643229690931,0.1176470588235294,2,0.0145793168403024,0.3644091621012502,0.0588235294117647,1,0.0014881743912666,0.2868893966672207,0.0588235294117647,1,0.0014881743912666,0.2868893966672207,0.1176470588235294,2,0.0145793168403024,0.3644091621012502,69,19094,0.1554054054054054,0.3613700638944171,2,551,0.1176470588235294,0.3629764065335753,41.5,25.25,57.75,2,Amended exploratory
A,hgb_no_observation_features,mask_ambiguous_units,source_hourly,silence4,0.0197045330648678,False,187,444,17,0.1554054054054054,69,0.1229715014409363,0.1925117788516516,0.0588235294117647,1,0.0014881743912666,0.2868893966672207,0.0,0,0.0,0.1950643229690931,0.1176470588235294,2,0.0145793168403024,0.3644091621012502,0.0588235294117647,1,0.0014881743912666,0.2868893966672207,0.0588235294117647,1,0.0014881743912666,0.2868893966672207,0.1176470588235294,2,0.0145793168403024,0.3644091621012502,315,19094,0.7094594594594594,1.6497329003875565,5,551,0.2941176470588235,0.9074410163339384,41.5,25.25,57.75,2,Amended exploratory
A,hgb_no_observation_features,mask_ambiguous_units,source_hourly,silence6,0.0197045330648678,False,187,444,17,0.1554054054054054,69,0.1229715014409363,0.1925117788516516,0.0588235294117647,1,0.0014881743912666,0.2868893966672207,0.0,0,0.0,0.1950643229690931,0.1176470588235294,2,0.0145793168403024,0.3644091621012502,0.0588235294117647,1,0.0014881743912666,0.2868893966672207,0.0588235294117647,1,0.0014881743912666,0.2868893966672207,0.1176470588235294,2,0.0145793168403024,0.3644091621012502,238,19094,0.536036036036036,1.246464858070598,5,551,0.2941176470588235,0.9074410163339384,41.5,25.25,57.75,2,Amended exploratory
A,hgb_no_observation_features,mask_ambiguous_units,source_hourly,three_of_five,0.0197045330648678,False,187,444,17,0.0765765765765765,34,0.0536119720369401,0.1053660556835036,0.0588235294117647,1,0.0014881743912666,0.2868893966672207,0.0,0,0.0,0.1950643229690931,0.1176470588235294,2,0.0145793168403024,0.3644091621012502,0.0588235294117647,1,0.0014881743912666,0.2868893966672207,0.0588235294117647,1,0.0014881743912666,0.2868893966672207,0.1176470588235294,2,0.0145793168403024,0.3644091621012502,816,19094,1.837837837837838,4.273593799099194,17,551,1.0,3.0852994555353903,39.5,23.25,55.75,2,Amended exploratory
A,hgb_no_observation_features,mask_ambiguous_units,source_patient,hourly,0.0407457893577934,False,187,444,17,0.0382882882882882,17,0.0224597543048518,0.0605968522612082,0.0,0,0.0,0.1950643229690931,0.0,0,0.0,0.1950643229690931,0.0,0,0.0,0.1950643229690931,0.0,0,0.0,0.1950643229690931,0.0,0,0.0,0.1950643229690931,0.0,0,0.0,0.1950643229690931,157,19094,0.3536036036036036,0.8222478265423693,0,551,0.0,0.0,,,,0,Amended exploratory
A,hgb_no_observation_features,mask_ambiguous_units,source_patient,single,0.0407457893577934,False,187,444,17,0.0382882882882882,17,0.0224597543048518,0.0605968522612082,0.0,0,0.0,0.1950643229690931,0.0,0,0.0,0.1950643229690931,0.0,0,0.0,0.1950643229690931,0.0,0,0.0,0.1950643229690931,0.0,0,0.0,0.1950643229690931,0.0,0,0.0,0.1950643229690931,17,19094,0.0382882882882882,0.0890332041478998,0,551,0.0,0.0,,,,0,Amended exploratory
A,hgb_no_observation_features,mask_ambiguous_units,source_patient,silence4,0.0407457893577934,False,187,444,17,0.0382882882882882,17,0.0224597543048518,0.0605968522612082,0.0,0,0.0,0.1950643229690931,0.0,0,0.0,0.1950643229690931,0.0,0,0.0,0.1950643229690931,0.0,0,0.0,0.1950643229690931,0.0,0,0.0,0.1950643229690931,0.0,0,0.0,0.1950643229690931,59,19094,0.1328828828828828,0.3089975908662407,0,551,0.0,0.0,,,,0,Amended exploratory
A,hgb_no_observation_features,mask_ambiguous_units,source_patient,silence6,0.0407457893577934,False,187,444,17,0.0382882882882882,17,0.0224597543048518,0.0605968522612082,0.0,0,0.0,0.1950643229690931,0.0,0,0.0,0.1950643229690931,0.0,0,0.0,0.1950643229690931,0.0,0,0.0,0.1950643229690931,0.0,0,0.0,0.1950643229690931,0.0,0,0.0,0.1950643229690931,44,19094,0.0990990990990991,0.2304388813239761,0,551,0.0,0.0,,,,0,Amended exploratory
A,hgb_no_observation_features,mask_ambiguous_units,source_patient,three_of_five,0.0407457893577934,False,187,444,17,0.0247747747747747,11,0.0124309010348933,0.0438958416234446,0.0,0,0.0,0.1950643229690931,0.0,0,0.0,0.1950643229690931,0.0,0,0.0,0.1950643229690931,0.0,0,0.0,0.1950643229690931,0.0,0,0.0,0.1950643229690931,0.0,0,0.0,0.1950643229690931,142,19094,0.3198198198198198,0.7436891170001048,0,551,0.0,0.0,,,,0,Amended exploratory
A,hgb_no_observation_features,mask_ambiguous_units,local_patient,hourly,0.020186516692655,False,187,444,17,0.1509009009009009,67,0.1188994327925078,0.1876382432639205,0.0588235294117647,1,0.0014881743912666,0.2868893966672207,0.0,0,0.0,0.1950643229690931,0.1176470588235294,2,0.0145793168403024,0.3644091621012502,0.0588235294117647,1,0.0014881743912666,0.2868893966672207,0.0588235294117647,1,0.0014881743912666,0.2868893966672207,0.1176470588235294,2,0.0145793168403024,0.3644091621012502,895,19094,2.015765765765766,4.687336336021787,17,551,1.0,3.0852994555353903,41.5,25.25,57.75,2,Amended exploratory
A,hgb_no_observation_features,mask_ambiguous_units,local_patient,single,0.020186516692655,False,187,444,17,0.1509009009009009,67,0.1188994327925078,0.1876382432639205,0.0,0,0.0,0.1950643229690931,0.0,0,0.0,0.1950643229690931,0.1176470588235294,2,0.0145793168403024,0.3644091621012502,0.0588235294117647,1,0.0014881743912666,0.2868893966672207,0.0588235294117647,1,0.0014881743912666,0.2868893966672207,0.1176470588235294,2,0.0145793168403024,0.3644091621012502,67,19094,0.1509009009009009,0.3508955692887818,2,551,0.1176470588235294,0.3629764065335753,41.5,25.25,57.75,2,Amended exploratory
A,hgb_no_observation_features,mask_ambiguous_units,local_patient,silence4,0.020186516692655,False,187,444,17,0.1509009009009009,67,0.1188994327925078,0.1876382432639205,0.0588235294117647,1,0.0014881743912666,0.2868893966672207,0.0,0,0.0,0.1950643229690931,0.1176470588235294,2,0.0145793168403024,0.3644091621012502,0.0588235294117647,1,0.0014881743912666,0.2868893966672207,0.0588235294117647,1,0.0014881743912666,0.2868893966672207,0.1176470588235294,2,0.0145793168403024,0.3644091621012502,301,19094,0.6779279279279279,1.5764114381481094,5,551,0.2941176470588235,0.9074410163339384,41.5,25.25,57.75,2,Amended exploratory
A,hgb_no_observation_features,mask_ambiguous_units,local_patient,silence6,0.020186516692655,False,187,444,17,0.1509009009009009,67,0.1188994327925078,0.1876382432639205,0.0588235294117647,1,0.0014881743912666,0.2868893966672207,0.0,0,0.0,0.1950643229690931,0.1176470588235294,2,0.0145793168403024,0.3644091621012502,0.0588235294117647,1,0.0014881743912666,0.2868893966672207,0.0588235294117647,1,0.0014881743912666,0.2868893966672207,0.1176470588235294,2,0.0145793168403024,0.3644091621012502,226,19094,0.509009009009009,1.1836178904367864,5,551,0.2941176470588235,0.9074410163339384,41.5,25.25,57.75,2,Amended exploratory
A,hgb_no_observation_features,mask_ambiguous_units,local_patient,three_of_five,0.0137304439856719,False,187,444,17,0.1373873873873874,61,0.1067465097157935,0.1729554813005779,0.1764705882352941,3,0.037985068070626,0.4343178728442839,0.0588235294117647,1,0.0014881743912666,0.2868893966672207,0.1176470588235294,2,0.0145793168403024,0.3644091621012502,0.1764705882352941,3,0.037985068070626,0.4343178728442839,0.1176470588235294,2,0.0145793168403024,0.3644091621012502,0.1764705882352941,3,0.037985068070626,0.4343178728442839,1442,19094,3.247747747747748,7.552110610663036,42,551,2.4705882352941178,7.6225045372050815,7.0,5.5,40.0,3,Amended exploratory
B,logistic,native_numeric,source_hourly,hourly,0.0109817525734817,False,187,444,17,0.3333333333333333,148,0.2895970873515019,0.3793081129792053,0.2941176470588235,5,0.10313551437032,0.5595827187543372,0.0588235294117647,1,0.0014881743912666,0.2868893966672207,0.2352941176470588,4,0.0681077404373566,0.4989932732045801,0.2941176470588235,5,0.10313551437032,0.5595827187543372,0.0588235294117647,1,0.0014881743912666,0.2868893966672207,0.2941176470588235,5,0.10313551437032,0.5595827187543372,4786,19094,10.77927927927928,25.06546559128522,109,551,6.411764705882353,19.782214156079856,25.0,14.0,73.0,5,Amended exploratory
B,logistic,native_numeric,source_hourly,single,0.0109817525734817,False,187,444,17,0.3333333333333333,148,0.2895970873515019,0.3793081129792053,0.0588235294117647,1,0.0014881743912666,0.2868893966672207,0.0588235294117647,1,0.0014881743912666,0.2868893966672207,0.2352941176470588,4,0.0681077404373566,0.4989932732045801,0.0588235294117647,1,0.0014881743912666,0.2868893966672207,0.0588235294117647,1,0.0014881743912666,0.2868893966672207,0.2941176470588235,5,0.10313551437032,0.5595827187543372,148,19094,0.3333333333333333,0.7751126008170106,5,551,0.2941176470588235,0.9074410163339384,25.0,14.0,73.0,5,Amended exploratory
B,logistic,native_numeric,source_hourly,silence4,0.0109817525734817,False,187,444,17,0.3333333333333333,148,0.2895970873515019,0.3793081129792053,0.2941176470588235,5,0.10313551437032,0.5595827187543372,0.0588235294117647,1,0.0014881743912666,0.2868893966672207,0.2352941176470588,4,0.0681077404373566,0.4989932732045801,0.2941176470588235,5,0.10313551437032,0.5595827187543372,0.0588235294117647,1,0.0014881743912666,0.2868893966672207,0.2941176470588235,5,0.10313551437032,0.5595827187543372,1429,19094,3.218468468468469,7.484026395726406,36,551,2.117647058823529,6.533575317604356,25.0,14.0,73.0,5,Amended exploratory
B,logistic,native_numeric,source_hourly,silence6,0.0109817525734817,False,187,444,17,0.3333333333333333,148,0.2895970873515019,0.3793081129792053,0.2941176470588235,5,0.10313551437032,0.5595827187543372,0.0588235294117647,1,0.0014881743912666,0.2868893966672207,0.2352941176470588,4,0.0681077404373566,0.4989932732045801,0.2941176470588235,5,0.10313551437032,0.5595827187543372,0.0588235294117647,1,0.0014881743912666,0.2868893966672207,0.2941176470588235,5,0.10313551437032,0.5595827187543372,1023,19094,2.304054054054054,5.357703990782444,27,551,1.588235294117647,4.900181488203267,25.0,14.0,73.0,5,Amended exploratory
B,logistic,native_numeric,source_hourly,three_of_five,0.0109817525734817,False,187,444,17,0.2319819819819819,103,0.1934918650478716,0.2740852714555107,0.2352941176470588,4,0.0681077404373566,0.4989932732045801,0.0,0,0.0,0.1950643229690931,0.2352941176470588,4,0.0681077404373566,0.4989932732045801,0.2352941176470588,4,0.0681077404373566,0.4989932732045801,0.0588235294117647,1,0.0014881743912666,0.2868893966672207,0.2352941176470588,4,0.0681077404373566,0.4989932732045801,4499,19094,10.132882882882884,23.56237561537656,99,551,5.823529411764706,17.96733212341198,18.5,13.5,32.5,4,Amended exploratory
B,logistic,native_numeric,source_patient,hourly,0.0238446492374886,False,187,444,17,0.2319819819819819,103,0.1934918650478716,0.2740852714555107,0.2352941176470588,4,0.0681077404373566,0.4989932732045801,0.0,0,0.0,0.1950643229690931,0.2352941176470588,4,0.0681077404373566,0.4989932732045801,0.2352941176470588,4,0.0681077404373566,0.4989932732045801,0.0,0,0.0,0.1950643229690931,0.2352941176470588,4,0.0681077404373566,0.4989932732045801,2253,19094,5.074324324324325,11.79951817324814,27,551,1.588235294117647,4.900181488203267,27.0,14.75,42.0,4,Amended exploratory
B,logistic,native_numeric,source_patient,single,0.0238446492374886,False,187,444,17,0.2319819819819819,103,0.1934918650478716,0.2740852714555107,0.0,0,0.0,0.1950643229690931,0.0,0,0.0,0.1950643229690931,0.2352941176470588,4,0.0681077404373566,0.4989932732045801,0.0,0,0.0,0.1950643229690931,0.0,0,0.0,0.1950643229690931,0.2352941176470588,4,0.0681077404373566,0.4989932732045801,103,19094,0.2319819819819819,0.5394364721902168,4,551,0.2352941176470588,0.7259528130671506,27.0,14.75,42.0,4,Amended exploratory
B,logistic,native_numeric,source_patient,silence4,0.0238446492374886,False,187,444,17,0.2319819819819819,103,0.1934918650478716,0.2740852714555107,0.2352941176470588,4,0.0681077404373566,0.4989932732045801,0.0,0,0.0,0.1950643229690931,0.2352941176470588,4,0.0681077404373566,0.4989932732045801,0.2352941176470588,4,0.0681077404373566,0.4989932732045801,0.0,0,0.0,0.1950643229690931,0.2352941176470588,4,0.0681077404373566,0.4989932732045801,762,19094,1.7162162162162162,3.990782444747041,14,551,0.8235294117647058,2.540834845735027,27.0,14.75,42.0,4,Amended exploratory
B,logistic,native_numeric,source_patient,silence6,0.0238446492374886,False,187,444,17,0.2319819819819819,103,0.1934918650478716,0.2740852714555107,0.1764705882352941,3,0.037985068070626,0.4343178728442839,0.0,0,0.0,0.1950643229690931,0.2352941176470588,4,0.0681077404373566,0.4989932732045801,0.2352941176470588,4,0.0681077404373566,0.4989932732045801,0.0,0,0.0,0.1950643229690931,0.2352941176470588,4,0.0681077404373566,0.4989932732045801,565,19094,1.2725225225225223,2.959044726091966,10,551,0.5882352941176471,1.8148820326678765,27.0,14.75,42.0,4,Amended exploratory
B,logistic,native_numeric,source_patient,three_of_five,0.0238446492374886,False,187,444,17,0.1396396396396396,62,0.1087651029476916,0.175409374039537,0.0588235294117647,1,0.0014881743912666,0.2868893966672207,0.0,0,0.0,0.1950643229690931,0.1176470588235294,2,0.0145793168403024,0.3644091621012502,0.1176470588235294,2,0.0145793168403024,0.3644091621012502,0.0588235294117647,1,0.0014881743912666,0.2868893966672207,0.1176470588235294,2,0.0145793168403024,0.3644091621012502,1983,19094,4.466216216216216,10.385461401487378,18,551,1.0588235294117647,3.266787658802178,12.5,12.25,12.75,2,Amended exploratory
B,logistic,native_numeric,local_patient,hourly,0.0532460059961127,False,187,444,17,0.1238738738738738,55,0.094697862226994,0.1581704773031516,0.0588235294117647,1,0.0014881743912666,0.2868893966672207,0.0,0,0.0,0.1950643229690931,0.1176470588235294,2,0.0145793168403024,0.3644091621012502,0.1176470588235294,2,0.0145793168403024,0.3644091621012502,0.0588235294117647,1,0.0014881743912666,0.2868893966672207,0.1176470588235294,2,0.0145793168403024,0.3644091621012502,822,19094,1.8513513513513515,4.305017282916099,3,551,0.1764705882352941,0.5444646098003629,12.0,11.0,13.0,2,Amended exploratory
B,logistic,native_numeric,local_patient,single,0.0532460059961127,False,187,444,17,0.1238738738738738,55,0.094697862226994,0.1581704773031516,0.0,0,0.0,0.1950643229690931,0.0,0,0.0,0.1950643229690931,0.1176470588235294,2,0.0145793168403024,0.3644091621012502,0.0588235294117647,1,0.0014881743912666,0.2868893966672207,0.0588235294117647,1,0.0014881743912666,0.2868893966672207,0.1176470588235294,2,0.0145793168403024,0.3644091621012502,55,19094,0.1238738738738738,0.2880486016549701,2,551,0.1176470588235294,0.3629764065335753,12.0,11.0,13.0,2,Amended exploratory
B,logistic,native_numeric,local_patient,silence4,0.0532460059961127,False,187,444,17,0.1238738738738738,55,0.094697862226994,0.1581704773031516,0.0588235294117647,1,0.0014881743912666,0.2868893966672207,0.0,0,0.0,0.1950643229690931,0.1176470588235294,2,0.0145793168403024,0.3644091621012502,0.1176470588235294,2,0.0145793168403024,0.3644091621012502,0.0588235294117647,1,0.0014881743912666,0.2868893966672207,0.1176470588235294,2,0.0145793168403024,0.3644091621012502,299,19094,0.6734234234234234,1.565936943542474,3,551,0.1764705882352941,0.5444646098003629,12.0,11.0,13.0,2,Amended exploratory
B,logistic,native_numeric,local_patient,silence6,0.0532460059961127,False,187,444,17,0.1238738738738738,55,0.094697862226994,0.1581704773031516,0.0588235294117647,1,0.0014881743912666,0.2868893966672207,0.0,0,0.0,0.1950643229690931,0.1176470588235294,2,0.0145793168403024,0.3644091621012502,0.1176470588235294,2,0.0145793168403024,0.3644091621012502,0.0588235294117647,1,0.0014881743912666,0.2868893966672207,0.1176470588235294,2,0.0145793168403024,0.3644091621012502,234,19094,0.527027027027027,1.2255158688593275,3,551,0.1764705882352941,0.5444646098003629,12.0,11.0,13.0,2,Amended exploratory
B,logistic,native_numeric,local_patient,three_of_five,0.0339181046068827,False,187,444,17,0.0990990990990991,44,0.0729319326940338,0.130748794152471,0.0588235294117647,1,0.0014881743912666,0.2868893966672207,0.0588235294117647,1,0.0014881743912666,0.2868893966672207,0.0588235294117647,1,0.0014881743912666,0.2868893966672207,0.1176470588235294,2,0.0145793168403024,0.3644091621012502,0.1176470588235294,2,0.0145793168403024,0.3644091621012502,0.1176470588235294,2,0.0145793168403024,0.3644091621012502,1194,19094,2.689189189189189,6.253273279564261,5,551,0.2941176470588235,0.9074410163339384,6.5,4.75,8.25,2,Amended exploratory
B,logistic,mask_ambiguous_units,source_hourly,hourly,0.0109817525734817,False,187,444,17,0.3355855855855856,149,0.2917610767454672,0.3816182598697683,0.2941176470588235,5,0.10313551437032,0.5595827187543372,0.0588235294117647,1,0.0014881743912666,0.2868893966672207,0.2352941176470588,4,0.0681077404373566,0.4989932732045801,0.2941176470588235,5,0.10313551437032,0.5595827187543372,0.0588235294117647,1,0.0014881743912666,0.2868893966672207,0.2941176470588235,5,0.10313551437032,0.5595827187543372,4353,19094,9.804054054054054,22.797737509165184,68,551,4.0,12.34119782214156,25.0,14.0,73.0,5,Amended exploratory
B,logistic,mask_ambiguous_units,source_hourly,single,0.0109817525734817,False,187,444,17,0.3355855855855856,149,0.2917610767454672,0.3816182598697683,0.0588235294117647,1,0.0014881743912666,0.2868893966672207,0.0588235294117647,1,0.0014881743912666,0.2868893966672207,0.2352941176470588,4,0.0681077404373566,0.4989932732045801,0.0588235294117647,1,0.0014881743912666,0.2868893966672207,0.0588235294117647,1,0.0014881743912666,0.2868893966672207,0.2941176470588235,5,0.10313551437032,0.5595827187543372,149,19094,0.3355855855855856,0.7803498481198282,5,551,0.2941176470588235,0.9074410163339384,25.0,14.0,73.0,5,Amended exploratory
B,logistic,mask_ambiguous_units,source_hourly,silence4,0.0109817525734817,False,187,444,17,0.3355855855855856,149,0.2917610767454672,0.3816182598697683,0.2941176470588235,5,0.10313551437032,0.5595827187543372,0.0588235294117647,1,0.0014881743912666,0.2868893966672207,0.2352941176470588,4,0.0681077404373566,0.4989932732045801,0.2941176470588235,5,0.10313551437032,0.5595827187543372,0.0588235294117647,1,0.0014881743912666,0.2868893966672207,0.2941176470588235,5,0.10313551437032,0.5595827187543372,1324,19094,2.981981981981982,6.934115428930554,31,551,1.8235294117647056,5.626134301270417,25.0,14.0,73.0,5,Amended exploratory
B,logistic,mask_ambiguous_units,source_hourly,silence6,0.0109817525734817,False,187,444,17,0.3355855855855856,149,0.2917610767454672,0.3816182598697683,0.2941176470588235,5,0.10313551437032,0.5595827187543372,0.0588235294117647,1,0.0014881743912666,0.2868893966672207,0.2352941176470588,4,0.0681077404373566,0.4989932732045801,0.2941176470588235,5,0.10313551437032,0.5595827187543372,0.0588235294117647,1,0.0014881743912666,0.2868893966672207,0.2941176470588235,5,0.10313551437032,0.5595827187543372,961,19094,2.164414414414414,5.032994658007751,25,551,1.4705882352941178,4.537205081669692,25.0,14.0,73.0,5,Amended exploratory
B,logistic,mask_ambiguous_units,source_hourly,three_of_five,0.0109817525734817,False,187,444,17,0.2117117117117117,94,0.1746153571295442,0.2526990585505036,0.2352941176470588,4,0.0681077404373566,0.4989932732045801,0.0588235294117647,1,0.0014881743912666,0.2868893966672207,0.1764705882352941,3,0.037985068070626,0.4343178728442839,0.2352941176470588,4,0.0681077404373566,0.4989932732045801,0.1176470588235294,2,0.0145793168403024,0.3644091621012502,0.2352941176470588,4,0.0681077404373566,0.4989932732045801,4040,19094,9.0990990990991,21.15847910338326,46,551,2.7058823529411766,8.348457350272232,12.5,8.25,17.0,4,Amended exploratory
B,logistic,mask_ambiguous_units,source_patient,hourly,0.0238446492374886,False,187,444,17,0.2207207207207207,98,0.1829884716966121,0.2622203148828787,0.1764705882352941,3,0.037985068070626,0.4343178728442839,0.0,0,0.0,0.1950643229690931,0.2352941176470588,4,0.0681077404373566,0.4989932732045801,0.1764705882352941,3,0.037985068070626,0.4343178728442839,0.0,0,0.0,0.1950643229690931,0.2352941176470588,4,0.0681077404373566,0.4989932732045801,1949,19094,4.38963963963964,10.207394993191578,16,551,0.9411764705882352,2.9038112522686026,26.5,14.0,42.0,4,Amended exploratory
B,logistic,mask_ambiguous_units,source_patient,single,0.0238446492374886,False,187,444,17,0.2207207207207207,98,0.1829884716966121,0.2622203148828787,0.0,0,0.0,0.1950643229690931,0.0,0,0.0,0.1950643229690931,0.2352941176470588,4,0.0681077404373566,0.4989932732045801,0.0,0,0.0,0.1950643229690931,0.0,0,0.0,0.1950643229690931,0.2352941176470588,4,0.0681077404373566,0.4989932732045801,98,19094,0.2207207207207207,0.5132502356761286,4,551,0.2352941176470588,0.7259528130671506,26.5,14.0,42.0,4,Amended exploratory
B,logistic,mask_ambiguous_units,source_patient,silence4,0.0238446492374886,False,187,444,17,0.2207207207207207,98,0.1829884716966121,0.2622203148828787,0.1764705882352941,3,0.037985068070626,0.4343178728442839,0.0,0,0.0,0.1950643229690931,0.2352941176470588,4,0.0681077404373566,0.4989932732045801,0.1764705882352941,3,0.037985068070626,0.4343178728442839,0.0,0,0.0,0.1950643229690931,0.2352941176470588,4,0.0681077404373566,0.4989932732045801,675,19094,1.5202702702702702,3.5351419294019064,10,551,0.5882352941176471,1.8148820326678765,26.5,14.0,42.0,4,Amended exploratory
B,logistic,mask_ambiguous_units,source_patient,silence6,0.0238446492374886,False,187,444,17,0.2207207207207207,98,0.1829884716966121,0.2622203148828787,0.1176470588235294,2,0.0145793168403024,0.3644091621012502,0.0,0,0.0,0.1950643229690931,0.2352941176470588,4,0.0681077404373566,0.4989932732045801,0.1764705882352941,3,0.037985068070626,0.4343178728442839,0.0,0,0.0,0.1950643229690931,0.2352941176470588,4,0.0681077404373566,0.4989932732045801,508,19094,1.1441441441441442,2.6605216298313605,7,551,0.4117647058823529,1.2704174228675136,26.5,14.0,42.0,4,Amended exploratory
B,logistic,mask_ambiguous_units,source_patient,three_of_five,0.0238446492374886,False,187,444,17,0.1171171171171171,52,0.0887171182936875,0.1507353328701418,0.0588235294117647,1,0.0014881743912666,0.2868893966672207,0.0588235294117647,1,0.0014881743912666,0.2868893966672207,0.0588235294117647,1,0.0014881743912666,0.2868893966672207,0.1176470588235294,2,0.0145793168403024,0.3644091621012502,0.1176470588235294,2,0.0145793168403024,0.3644091621012502,0.1176470588235294,2,0.0145793168403024,0.3644091621012502,1700,19094,3.828828828828829,8.903320414789986,7,551,0.4117647058823529,1.2704174228675136,7.0,5.0,9.0,2,Amended exploratory
B,logistic,mask_ambiguous_units,local_patient,hourly,0.0697407937979558,False,187,444,17,0.0765765765765765,34,0.0536119720369401,0.1053660556835036,0.0,0,0.0,0.1950643229690931,0.0,0,0.0,0.1950643229690931,0.0588235294117647,1,0.0014881743912666,0.2868893966672207,0.0,0,0.0,0.1950643229690931,0.0,0,0.0,0.1950643229690931,0.0588235294117647,1,0.0014881743912666,0.2868893966672207,519,19094,1.1689189189189189,2.7181313501623547,1,551,0.0588235294117647,0.1814882032667876,14.0,14.0,14.0,1,Amended exploratory
B,logistic,mask_ambiguous_units,local_patient,single,0.0697407937979558,False,187,444,17,0.0765765765765765,34,0.0536119720369401,0.1053660556835036,0.0,0,0.0,0.1950643229690931,0.0,0,0.0,0.1950643229690931,0.0588235294117647,1,0.0014881743912666,0.2868893966672207,0.0,0,0.0,0.1950643229690931,0.0,0,0.0,0.1950643229690931,0.0588235294117647,1,0.0014881743912666,0.2868893966672207,34,19094,0.0765765765765765,0.1780664082957997,1,551,0.0588235294117647,0.1814882032667876,14.0,14.0,14.0,1,Amended exploratory
B,logistic,mask_ambiguous_units,local_patient,silence4,0.0697407937979558,False,187,444,17,0.0765765765765765,34,0.0536119720369401,0.1053660556835036,0.0,0,0.0,0.1950643229690931,0.0,0,0.0,0.1950643229690931,0.0588235294117647,1,0.0014881743912666,0.2868893966672207,0.0,0,0.0,0.1950643229690931,0.0,0,0.0,0.1950643229690931,0.0588235294117647,1,0.0014881743912666,0.2868893966672207,183,19094,0.4121621621621621,0.958416256415628,1,551,0.0588235294117647,0.1814882032667876,14.0,14.0,14.0,1,Amended exploratory
B,logistic,mask_ambiguous_units,local_patient,silence6,0.0697407937979558,False,187,444,17,0.0765765765765765,34,0.0536119720369401,0.1053660556835036,0.0,0,0.0,0.1950643229690931,0.0,0,0.0,0.1950643229690931,0.0588235294117647,1,0.0014881743912666,0.2868893966672207,0.0,0,0.0,0.1950643229690931,0.0,0,0.0,0.1950643229690931,0.0588235294117647,1,0.0014881743912666,0.2868893966672207,139,19094,0.3130630630630631,0.7279773750916518,1,551,0.0588235294117647,0.1814882032667876,14.0,14.0,14.0,1,Amended exploratory
B,logistic,mask_ambiguous_units,local_patient,three_of_five,0.0269848821044724,False,187,444,17,0.1058558558558558,47,0.078821488752087,0.1382728640915279,0.0588235294117647,1,0.0014881743912666,0.2868893966672207,0.0588235294117647,1,0.0014881743912666,0.2868893966672207,0.0588235294117647,1,0.0014881743912666,0.2868893966672207,0.1176470588235294,2,0.0145793168403024,0.3644091621012502,0.1176470588235294,2,0.0145793168403024,0.3644091621012502,0.1176470588235294,2,0.0145793168403024,0.3644091621012502,1436,19094,3.234234234234234,7.52068712684613,5,551,0.2941176470588235,0.9074410163339384,6.5,4.75,8.25,2,Amended exploratory
B,hgb,native_numeric,source_hourly,hourly,0.0076662747879024,False,187,444,17,0.4617117117117117,205,0.4146040478144195,0.5093327407398549,0.5294117647058824,9,0.2781183003311065,0.7701673127340096,0.1764705882352941,3,0.037985068070626,0.4343178728442839,0.4117647058823529,7,0.1844369617839466,0.6707528460532426,0.5882352941176471,10,0.3292471539467573,0.8155630382160532,0.3529411764705882,6,0.1420974831102209,0.6167163365565971,0.5882352941176471,10,0.3292471539467573,0.8155630382160532,7279,19094,16.394144144144143,38.1219231172096,186,551,10.941176470588236,33.756805807622506,9.5,4.75,28.25,10,Amended exploratory
B,hgb,native_numeric,source_hourly,single,0.0076662747879024,False,187,444,17,0.4617117117117117,205,0.4146040478144195,0.5093327407398549,0.1764705882352941,3,0.037985068070626,0.4343178728442839,0.1764705882352941,3,0.037985068070626,0.4343178728442839,0.4117647058823529,7,0.1844369617839466,0.6707528460532426,0.3529411764705882,6,0.1420974831102209,0.6167163365565971,0.3529411764705882,6,0.1420974831102209,0.6167163365565971,0.5882352941176471,10,0.3292471539467573,0.8155630382160532,205,19094,0.4617117117117117,1.073635697077616,10,551,0.5882352941176471,1.8148820326678765,9.5,4.75,28.25,10,Amended exploratory
B,hgb,native_numeric,source_hourly,silence4,0.0076662747879024,False,187,444,17,0.4617117117117117,205,0.4146040478144195,0.5093327407398549,0.5294117647058824,9,0.2781183003311065,0.7701673127340096,0.1764705882352941,3,0.037985068070626,0.4343178728442839,0.4117647058823529,7,0.1844369617839466,0.6707528460532426,0.5882352941176471,10,0.3292471539467573,0.8155630382160532,0.3529411764705882,6,0.1420974831102209,0.6167163365565971,0.5882352941176471,10,0.3292471539467573,0.8155630382160532,2019,19094,4.547297297297297,10.574002304388811,53,551,3.117647058823529,9.618874773139746,9.5,4.75,28.25,10,Amended exploratory
B,hgb,native_numeric,source_hourly,silence6,0.0076662747879024,False,187,444,17,0.4617117117117117,205,0.4146040478144195,0.5093327407398549,0.5294117647058824,9,0.2781183003311065,0.7701673127340096,0.1764705882352941,3,0.037985068070626,0.4343178728442839,0.4117647058823529,7,0.1844369617839466,0.6707528460532426,0.5882352941176471,10,0.3292471539467573,0.8155630382160532,0.3529411764705882,6,0.1420974831102209,0.6167163365565971,0.5882352941176471,10,0.3292471539467573,0.8155630382160532,1415,19094,3.186936936936937,7.41070493348696,40,551,2.3529411764705883,7.259528130671506,9.5,4.75,28.25,10,Amended exploratory
B,hgb,native_numeric,source_hourly,three_of_five,0.0076662747879024,False,187,444,17,0.3626126126126126,161,0.3178145139467118,0.4092548450718948,0.4117647058823529,7,0.1844369617839466,0.6707528460532426,0.1764705882352941,3,0.037985068070626,0.4343178728442839,0.2352941176470588,4,0.0681077404373566,0.4989932732045801,0.4117647058823529,7,0.1844369617839466,0.6707528460532426,0.2352941176470588,4,0.0681077404373566,0.4989932732045801,0.4117647058823529,7,0.1844369617839466,0.6707528460532426,6900,19094,15.54054054054054,36.13700638944171,167,551,9.823529411764708,30.308529945553538,7.0,3.0,51.5,7,Amended exploratory
B,hgb,native_numeric,source_patient,hourly,0.0203461802777819,False,187,444,17,0.295045045045045,131,0.2529860365082304,0.3398597937154409,0.3529411764705882,6,0.1420974831102209,0.6167163365565971,0.1764705882352941,3,0.037985068070626,0.4343178728442839,0.1764705882352941,3,0.037985068070626,0.4343178728442839,0.3529411764705882,6,0.1420974831102209,0.6167163365565971,0.1764705882352941,3,0.037985068070626,0.4343178728442839,0.3529411764705882,6,0.1420974831102209,0.6167163365565971,4185,19094,9.425675675675675,21.91787996229182,117,551,6.882352941176471,21.234119782214155,12.5,3.5,50.75,6,Amended exploratory
B,hgb,native_numeric,source_patient,single,0.0203461802777819,False,187,444,17,0.295045045045045,131,0.2529860365082304,0.3398597937154409,0.1764705882352941,3,0.037985068070626,0.4343178728442839,0.1764705882352941,3,0.037985068070626,0.4343178728442839,0.1764705882352941,3,0.037985068070626,0.4343178728442839,0.1764705882352941,3,0.037985068070626,0.4343178728442839,0.1764705882352941,3,0.037985068070626,0.4343178728442839,0.3529411764705882,6,0.1420974831102209,0.6167163365565971,131,19094,0.295045045045045,0.6860793966691107,6,551,0.3529411764705882,1.088929219600726,12.5,3.5,50.75,6,Amended exploratory
B,hgb,native_numeric,source_patient,silence4,0.0203461802777819,False,187,444,17,0.295045045045045,131,0.2529860365082304,0.3398597937154409,0.3529411764705882,6,0.1420974831102209,0.6167163365565971,0.1764705882352941,3,0.037985068070626,0.4343178728442839,0.1764705882352941,3,0.037985068070626,0.4343178728442839,0.3529411764705882,6,0.1420974831102209,0.6167163365565971,0.1764705882352941,3,0.037985068070626,0.4343178728442839,0.3529411764705882,6,0.1420974831102209,0.6167163365565971,1220,19094,2.747747747747748,6.38944170943752,34,551,2.0,6.170598911070781,12.5,3.5,50.75,6,Amended exploratory
B,hgb,native_numeric,source_patient,silence6,0.0203461802777819,False,187,444,17,0.295045045045045,131,0.2529860365082304,0.3398597937154409,0.3529411764705882,6,0.1420974831102209,0.6167163365565971,0.1764705882352941,3,0.037985068070626,0.4343178728442839,0.1764705882352941,3,0.037985068070626,0.4343178728442839,0.3529411764705882,6,0.1420974831102209,0.6167163365565971,0.1764705882352941,3,0.037985068070626,0.4343178728442839,0.3529411764705882,6,0.1420974831102209,0.6167163365565971,877,19094,1.9752252252252247,4.593065884571069,25,551,1.4705882352941178,4.537205081669692,12.5,3.5,50.75,6,Amended exploratory
B,hgb,native_numeric,source_patient,three_of_five,0.0203461802777819,False,187,444,17,0.2364864864864864,105,0.1977042906412892,0.2788202951647621,0.2352941176470588,4,0.0681077404373566,0.4989932732045801,0.0588235294117647,1,0.0014881743912666,0.2868893966672207,0.1764705882352941,3,0.037985068070626,0.4343178728442839,0.2352941176470588,4,0.0681077404373566,0.4989932732045801,0.0588235294117647,1,0.0014881743912666,0.2868893966672207,0.2352941176470588,4,0.0681077404373566,0.4989932732045801,3952,19094,8.9009009009009,20.69760134073531,108,551,6.352941176470588,19.600725952813068,38.5,14.25,62.0,4,Amended exploratory
B,hgb,native_numeric,local_patient,hourly,0.1531988833861057,False,187,444,17,0.0855855855855855,38,0.0612764303001505,0.1155806168157531,0.0588235294117647,1,0.0014881743912666,0.2868893966672207,0.0588235294117647,1,0.0014881743912666,0.2868893966672207,0.0588235294117647,1,0.0014881743912666,0.2868893966672207,0.0588235294117647,1,0.0014881743912666,0.2868893966672207,0.0588235294117647,1,0.0014881743912666,0.2868893966672207,0.1176470588235294,2,0.0145793168403024,0.3644091621012502,513,19094,1.1554054054054057,2.686707866345449,9,551,0.5294117647058824,1.633393829401089,24.5,15.25,33.75,2,Amended exploratory
B,hgb,native_numeric,local_patient,single,0.1531988833861057,False,187,444,17,0.0855855855855855,38,0.0612764303001505,0.1155806168157531,0.0588235294117647,1,0.0014881743912666,0.2868893966672207,0.0588235294117647,1,0.0014881743912666,0.2868893966672207,0.0588235294117647,1,0.0014881743912666,0.2868893966672207,0.0588235294117647,1,0.0014881743912666,0.2868893966672207,0.0588235294117647,1,0.0014881743912666,0.2868893966672207,0.1176470588235294,2,0.0145793168403024,0.3644091621012502,38,19094,0.0855855855855855,0.1990153975070702,2,551,0.1176470588235294,0.3629764065335753,24.5,15.25,33.75,2,Amended exploratory
B,hgb,native_numeric,local_patient,silence4,0.1531988833861057,False,187,444,17,0.0855855855855855,38,0.0612764303001505,0.1155806168157531,0.0588235294117647,1,0.0014881743912666,0.2868893966672207,0.0588235294117647,1,0.0014881743912666,0.2868893966672207,0.0588235294117647,1,0.0014881743912666,0.2868893966672207,0.0588235294117647,1,0.0014881743912666,0.2868893966672207,0.0588235294117647,1,0.0014881743912666,0.2868893966672207,0.1176470588235294,2,0.0145793168403024,0.3644091621012502,177,19094,0.3986486486486486,0.926992772598722,5,551,0.2941176470588235,0.9074410163339384,24.5,15.25,33.75,2,Amended exploratory
B,hgb,native_numeric,local_patient,silence6,0.1531988833861057,False,187,444,17,0.0855855855855855,38,0.0612764303001505,0.1155806168157531,0.0588235294117647,1,0.0014881743912666,0.2868893966672207,0.0588235294117647,1,0.0014881743912666,0.2868893966672207,0.0588235294117647,1,0.0014881743912666,0.2868893966672207,0.0588235294117647,1,0.0014881743912666,0.2868893966672207,0.0588235294117647,1,0.0014881743912666,0.2868893966672207,0.1176470588235294,2,0.0145793168403024,0.3644091621012502,133,19094,0.2995495495495495,0.696553891274746,4,551,0.2352941176470588,0.7259528130671506,24.5,15.25,33.75,2,Amended exploratory
B,hgb,native_numeric,local_patient,three_of_five,0.1255494866407376,False,187,444,17,0.0788288288288288,35,0.0555192516395538,0.1079282207771868,0.0588235294117647,1,0.0014881743912666,0.2868893966672207,0.0588235294117647,1,0.0014881743912666,0.2868893966672207,0.0588235294117647,1,0.0014881743912666,0.2868893966672207,0.0588235294117647,1,0.0014881743912666,0.2868893966672207,0.0588235294117647,1,0.0014881743912666,0.2868893966672207,0.1176470588235294,2,0.0145793168403024,0.3644091621012502,585,19094,1.3175675675675675,3.0637896721483187,18,551,1.0588235294117647,3.266787658802178,23.5,13.75,33.25,2,Amended exploratory
B,hgb,mask_ambiguous_units,source_hourly,hourly,0.0076662747879024,False,187,444,17,0.4684684684684684,208,0.4212717604432136,0.5160879356588428,0.4705882352941176,8,0.2298326872659903,0.7218816996688935,0.1764705882352941,3,0.037985068070626,0.4343178728442839,0.4117647058823529,7,0.1844369617839466,0.6707528460532426,0.5294117647058824,9,0.2781183003311065,0.7701673127340096,0.3529411764705882,6,0.1420974831102209,0.6167163365565971,0.5882352941176471,10,0.3292471539467573,0.8155630382160532,7217,19094,16.254504504504503,37.7972137844349,184,551,10.823529411764708,33.39382940108893,9.5,4.75,28.25,10,Amended exploratory
B,hgb,mask_ambiguous_units,source_hourly,single,0.0076662747879024,False,187,444,17,0.4684684684684684,208,0.4212717604432136,0.5160879356588428,0.1764705882352941,3,0.037985068070626,0.4343178728442839,0.1764705882352941,3,0.037985068070626,0.4343178728442839,0.4117647058823529,7,0.1844369617839466,0.6707528460532426,0.3529411764705882,6,0.1420974831102209,0.6167163365565971,0.3529411764705882,6,0.1420974831102209,0.6167163365565971,0.5882352941176471,10,0.3292471539467573,0.8155630382160532,208,19094,0.4684684684684684,1.089347438986069,10,551,0.5882352941176471,1.8148820326678765,9.5,4.75,28.25,10,Amended exploratory
B,hgb,mask_ambiguous_units,source_hourly,silence4,0.0076662747879024,False,187,444,17,0.4684684684684684,208,0.4212717604432136,0.5160879356588428,0.4705882352941176,8,0.2298326872659903,0.7218816996688935,0.1764705882352941,3,0.037985068070626,0.4343178728442839,0.4117647058823529,7,0.1844369617839466,0.6707528460532426,0.5294117647058824,9,0.2781183003311065,0.7701673127340096,0.3529411764705882,6,0.1420974831102209,0.6167163365565971,0.5882352941176471,10,0.3292471539467573,0.8155630382160532,2001,19094,4.506756756756757,10.479731852938096,52,551,3.0588235294117645,9.437386569872958,9.5,4.75,28.25,10,Amended exploratory
B,hgb,mask_ambiguous_units,source_hourly,silence6,0.0076662747879024,False,187,444,17,0.4684684684684684,208,0.4212717604432136,0.5160879356588428,0.4705882352941176,8,0.2298326872659903,0.7218816996688935,0.1764705882352941,3,0.037985068070626,0.4343178728442839,0.4117647058823529,7,0.1844369617839466,0.6707528460532426,0.5294117647058824,9,0.2781183003311065,0.7701673127340096,0.3529411764705882,6,0.1420974831102209,0.6167163365565971,0.5882352941176471,10,0.3292471539467573,0.8155630382160532,1407,19094,3.168918918918919,7.368806955064418,39,551,2.294117647058824,7.078039927404719,9.5,4.75,28.25,10,Amended exploratory
B,hgb,mask_ambiguous_units,source_hourly,three_of_five,0.0076662747879024,False,187,444,17,0.3558558558558558,158,0.3112865708930509,0.4023602203630215,0.4117647058823529,7,0.1844369617839466,0.6707528460532426,0.1764705882352941,3,0.037985068070626,0.4343178728442839,0.2352941176470588,4,0.0681077404373566,0.4989932732045801,0.4117647058823529,7,0.1844369617839466,0.6707528460532426,0.2352941176470588,4,0.0681077404373566,0.4989932732045801,0.4117647058823529,7,0.1844369617839466,0.6707528460532426,6845,19094,15.416666666666666,35.84895778778674,165,551,9.705882352941176,29.945553539019965,8.0,3.0,46.0,7,Amended exploratory
B,hgb,mask_ambiguous_units,source_patient,hourly,0.0203461802777819,False,187,444,17,0.286036036036036,127,0.2444223596356568,0.3305274532907862,0.2941176470588235,5,0.10313551437032,0.5595827187543372,0.1176470588235294,2,0.0145793168403024,0.3644091621012502,0.1764705882352941,3,0.037985068070626,0.4343178728442839,0.2941176470588235,5,0.10313551437032,0.5595827187543372,0.1176470588235294,2,0.0145793168403024,0.3644091621012502,0.2941176470588235,5,0.10313551437032,0.5595827187543372,4159,19094,9.367117117117116,21.78171153241856,113,551,6.647058823529412,20.508166969147005,20.0,5.0,61.0,5,Amended exploratory
B,hgb,mask_ambiguous_units,source_patient,single,0.0203461802777819,False,187,444,17,0.286036036036036,127,0.2444223596356568,0.3305274532907862,0.1176470588235294,2,0.0145793168403024,0.3644091621012502,0.1176470588235294,2,0.0145793168403024,0.3644091621012502,0.1764705882352941,3,0.037985068070626,0.4343178728442839,0.1176470588235294,2,0.0145793168403024,0.3644091621012502,0.1176470588235294,2,0.0145793168403024,0.3644091621012502,0.2941176470588235,5,0.10313551437032,0.5595827187543372,127,19094,0.286036036036036,0.6651304074578401,5,551,0.2941176470588235,0.9074410163339384,20.0,5.0,61.0,5,Amended exploratory
B,hgb,mask_ambiguous_units,source_patient,silence4,0.0203461802777819,False,187,444,17,0.286036036036036,127,0.2444223596356568,0.3305274532907862,0.2941176470588235,5,0.10313551437032,0.5595827187543372,0.1176470588235294,2,0.0145793168403024,0.3644091621012502,0.1764705882352941,3,0.037985068070626,0.4343178728442839,0.2941176470588235,5,0.10313551437032,0.5595827187543372,0.1176470588235294,2,0.0145793168403024,0.3644091621012502,0.2941176470588235,5,0.10313551437032,0.5595827187543372,1207,19094,2.718468468468469,6.32135749450089,33,551,1.9411764705882355,5.9891107078039925,20.0,5.0,61.0,5,Amended exploratory
B,hgb,mask_ambiguous_units,source_patient,silence6,0.0203461802777819,False,187,444,17,0.286036036036036,127,0.2444223596356568,0.3305274532907862,0.2941176470588235,5,0.10313551437032,0.5595827187543372,0.1176470588235294,2,0.0145793168403024,0.3644091621012502,0.1764705882352941,3,0.037985068070626,0.4343178728442839,0.2941176470588235,5,0.10313551437032,0.5595827187543372,0.1176470588235294,2,0.0145793168403024,0.3644091621012502,0.2941176470588235,5,0.10313551437032,0.5595827187543372,864,19094,1.945945945945946,4.52498166963444,24,551,1.411764705882353,4.355716878402904,20.0,5.0,61.0,5,Amended exploratory
B,hgb,mask_ambiguous_units,source_patient,three_of_five,0.0203461802777819,False,187,444,17,0.2364864864864864,105,0.1977042906412892,0.2788202951647621,0.2352941176470588,4,0.0681077404373566,0.4989932732045801,0.0588235294117647,1,0.0014881743912666,0.2868893966672207,0.1764705882352941,3,0.037985068070626,0.4343178728442839,0.2352941176470588,4,0.0681077404373566,0.4989932732045801,0.0588235294117647,1,0.0014881743912666,0.2868893966672207,0.2352941176470588,4,0.0681077404373566,0.4989932732045801,3926,19094,8.842342342342342,20.56143291086205,105,551,6.176470588235294,19.056261343012704,38.5,14.25,62.0,4,Amended exploratory
B,hgb,mask_ambiguous_units,local_patient,hourly,0.149703513467292,False,187,444,17,0.0878378378378378,39,0.0632065541720353,0.1181207214644518,0.0588235294117647,1,0.0014881743912666,0.2868893966672207,0.0588235294117647,1,0.0014881743912666,0.2868893966672207,0.0588235294117647,1,0.0014881743912666,0.2868893966672207,0.0588235294117647,1,0.0014881743912666,0.2868893966672207,0.0588235294117647,1,0.0014881743912666,0.2868893966672207,0.1176470588235294,2,0.0145793168403024,0.3644091621012502,433,19094,0.9752252252252251,2.267728082120038,9,551,0.5294117647058824,1.633393829401089,24.5,15.25,33.75,2,Amended exploratory
B,hgb,mask_ambiguous_units,local_patient,single,0.149703513467292,False,187,444,17,0.0878378378378378,39,0.0632065541720353,0.1181207214644518,0.0588235294117647,1,0.0014881743912666,0.2868893966672207,0.0588235294117647,1,0.0014881743912666,0.2868893966672207,0.0588235294117647,1,0.0014881743912666,0.2868893966672207,0.0588235294117647,1,0.0014881743912666,0.2868893966672207,0.0588235294117647,1,0.0014881743912666,0.2868893966672207,0.1176470588235294,2,0.0145793168403024,0.3644091621012502,39,19094,0.0878378378378378,0.2042526448098879,2,551,0.1176470588235294,0.3629764065335753,24.5,15.25,33.75,2,Amended exploratory
B,hgb,mask_ambiguous_units,local_patient,silence4,0.149703513467292,False,187,444,17,0.0878378378378378,39,0.0632065541720353,0.1181207214644518,0.0588235294117647,1,0.0014881743912666,0.2868893966672207,0.0588235294117647,1,0.0014881743912666,0.2868893966672207,0.0588235294117647,1,0.0014881743912666,0.2868893966672207,0.0588235294117647,1,0.0014881743912666,0.2868893966672207,0.0588235294117647,1,0.0014881743912666,0.2868893966672207,0.1176470588235294,2,0.0145793168403024,0.3644091621012502,158,19094,0.3558558558558558,0.827485073845187,5,551,0.2941176470588235,0.9074410163339384,24.5,15.25,33.75,2,Amended exploratory
B,hgb,mask_ambiguous_units,local_patient,silence6,0.149703513467292,False,187,444,17,0.0878378378378378,39,0.0632065541720353,0.1181207214644518,0.0588235294117647,1,0.0014881743912666,0.2868893966672207,0.0588235294117647,1,0.0014881743912666,0.2868893966672207,0.0588235294117647,1,0.0014881743912666,0.2868893966672207,0.0588235294117647,1,0.0014881743912666,0.2868893966672207,0.0588235294117647,1,0.0014881743912666,0.2868893966672207,0.1176470588235294,2,0.0145793168403024,0.3644091621012502,121,19094,0.2725225225225225,0.6337069236409343,4,551,0.2352941176470588,0.7259528130671506,24.5,15.25,33.75,2,Amended exploratory
B,hgb,mask_ambiguous_units,local_patient,three_of_five,0.1074211412850536,False,187,444,17,0.0855855855855855,38,0.0612764303001505,0.1155806168157531,0.0588235294117647,1,0.0014881743912666,0.2868893966672207,0.0588235294117647,1,0.0014881743912666,0.2868893966672207,0.0588235294117647,1,0.0014881743912666,0.2868893966672207,0.0588235294117647,1,0.0014881743912666,0.2868893966672207,0.0588235294117647,1,0.0014881743912666,0.2868893966672207,0.1176470588235294,2,0.0145793168403024,0.3644091621012502,679,19094,1.529279279279279,3.556090918613177,22,551,1.2941176470588236,3.992740471869329,24.5,14.25,34.75,2,Amended exploratory
B,hgb_no_observation_features,native_numeric,source_hourly,hourly,0.0110760222106053,False,187,444,17,0.3378378378378378,150,0.293926182322713,0.3839272959458526,0.5294117647058824,9,0.2781183003311065,0.7701673127340096,0.2352941176470588,4,0.0681077404373566,0.4989932732045801,0.2941176470588235,5,0.10313551437032,0.5595827187543372,0.5294117647058824,9,0.2781183003311065,0.7701673127340096,0.2941176470588235,5,0.10313551437032,0.5595827187543372,0.5294117647058824,9,0.2781183003311065,0.7701673127340096,4668,19094,10.513513513513514,24.44747040955274,122,551,7.176470588235294,22.141560798548092,10.0,5.0,16.0,9,Amended exploratory
B,hgb_no_observation_features,native_numeric,source_hourly,single,0.0110760222106053,False,187,444,17,0.3378378378378378,150,0.293926182322713,0.3839272959458526,0.2352941176470588,4,0.0681077404373566,0.4989932732045801,0.2352941176470588,4,0.0681077404373566,0.4989932732045801,0.2941176470588235,5,0.10313551437032,0.5595827187543372,0.2941176470588235,5,0.10313551437032,0.5595827187543372,0.2941176470588235,5,0.10313551437032,0.5595827187543372,0.5294117647058824,9,0.2781183003311065,0.7701673127340096,150,19094,0.3378378378378378,0.7855870954226458,9,551,0.5294117647058824,1.633393829401089,10.0,5.0,16.0,9,Amended exploratory
B,hgb_no_observation_features,native_numeric,source_hourly,silence4,0.0110760222106053,False,187,444,17,0.3378378378378378,150,0.293926182322713,0.3839272959458526,0.5294117647058824,9,0.2781183003311065,0.7701673127340096,0.2352941176470588,4,0.0681077404373566,0.4989932732045801,0.2941176470588235,5,0.10313551437032,0.5595827187543372,0.5294117647058824,9,0.2781183003311065,0.7701673127340096,0.2941176470588235,5,0.10313551437032,0.5595827187543372,0.5294117647058824,9,0.2781183003311065,0.7701673127340096,1337,19094,3.0112612612612613,7.002199643867184,40,551,2.3529411764705883,7.259528130671506,10.0,5.0,16.0,9,Amended exploratory
B,hgb_no_observation_features,native_numeric,source_hourly,silence6,0.0110760222106053,False,187,444,17,0.3378378378378378,150,0.293926182322713,0.3839272959458526,0.5294117647058824,9,0.2781183003311065,0.7701673127340096,0.2352941176470588,4,0.0681077404373566,0.4989932732045801,0.2941176470588235,5,0.10313551437032,0.5595827187543372,0.5294117647058824,9,0.2781183003311065,0.7701673127340096,0.2941176470588235,5,0.10313551437032,0.5595827187543372,0.5294117647058824,9,0.2781183003311065,0.7701673127340096,955,19094,2.150900900900901,5.001571174190845,30,551,1.7647058823529411,5.44464609800363,10.0,5.0,16.0,9,Amended exploratory
B,hgb_no_observation_features,native_numeric,source_hourly,three_of_five,0.0110760222106053,False,187,444,17,0.2837837837837837,126,0.2422846034744832,0.3281912263524942,0.2941176470588235,5,0.10313551437032,0.5595827187543372,0.0588235294117647,1,0.0014881743912666,0.2868893966672207,0.2352941176470588,4,0.0681077404373566,0.4989932732045801,0.2941176470588235,5,0.10313551437032,0.5595827187543372,0.1764705882352941,3,0.037985068070626,0.4343178728442839,0.2941176470588235,5,0.10313551437032,0.5595827187543372,4454,19094,10.031531531531533,23.326699486749764,98,551,5.764705882352941,17.78584392014519,11.0,8.0,71.0,5,Amended exploratory
B,hgb_no_observation_features,native_numeric,source_patient,hourly,0.0267247098859803,False,187,444,17,0.1914414414414414,85,0.1558789825672331,0.2311742799490008,0.1176470588235294,2,0.0145793168403024,0.3644091621012502,0.1176470588235294,2,0.0145793168403024,0.3644091621012502,0.0588235294117647,1,0.0014881743912666,0.2868893966672207,0.1764705882352941,3,0.037985068070626,0.4343178728442839,0.1176470588235294,2,0.0145793168403024,0.3644091621012502,0.1764705882352941,3,0.037985068070626,0.4343178728442839,2158,19094,4.86036036036036,11.301979679480466,36,551,2.117647058823529,6.533575317604356,6.0,6.0,32.0,3,Amended exploratory
B,hgb_no_observation_features,native_numeric,source_patient,single,0.0267247098859803,False,187,444,17,0.1914414414414414,85,0.1558789825672331,0.2311742799490008,0.1176470588235294,2,0.0145793168403024,0.3644091621012502,0.1176470588235294,2,0.0145793168403024,0.3644091621012502,0.0588235294117647,1,0.0014881743912666,0.2868893966672207,0.1176470588235294,2,0.0145793168403024,0.3644091621012502,0.1176470588235294,2,0.0145793168403024,0.3644091621012502,0.1764705882352941,3,0.037985068070626,0.4343178728442839,85,19094,0.1914414414414414,0.4451660207394993,3,551,0.1764705882352941,0.5444646098003629,6.0,6.0,32.0,3,Amended exploratory
B,hgb_no_observation_features,native_numeric,source_patient,silence4,0.0267247098859803,False,187,444,17,0.1914414414414414,85,0.1558789825672331,0.2311742799490008,0.1176470588235294,2,0.0145793168403024,0.3644091621012502,0.1176470588235294,2,0.0145793168403024,0.3644091621012502,0.0588235294117647,1,0.0014881743912666,0.2868893966672207,0.1764705882352941,3,0.037985068070626,0.4343178728442839,0.1176470588235294,2,0.0145793168403024,0.3644091621012502,0.1764705882352941,3,0.037985068070626,0.4343178728442839,647,19094,1.457207207207207,3.3884990049230126,14,551,0.8235294117647058,2.540834845735027,6.0,6.0,32.0,3,Amended exploratory
B,hgb_no_observation_features,native_numeric,source_patient,silence6,0.0267247098859803,False,187,444,17,0.1914414414414414,85,0.1558789825672331,0.2311742799490008,0.1176470588235294,2,0.0145793168403024,0.3644091621012502,0.1176470588235294,2,0.0145793168403024,0.3644091621012502,0.0588235294117647,1,0.0014881743912666,0.2868893966672207,0.1176470588235294,2,0.0145793168403024,0.3644091621012502,0.1176470588235294,2,0.0145793168403024,0.3644091621012502,0.1764705882352941,3,0.037985068070626,0.4343178728442839,481,19094,1.0833333333333333,2.519115952655284,10,551,0.5882352941176471,1.8148820326678765,6.0,6.0,32.0,3,Amended exploratory
B,hgb_no_observation_features,native_numeric,source_patient,three_of_five,0.0267247098859803,False,187,444,17,0.1418918918918918,63,0.1107865268415472,0.1778604900499578,0.0,0,0.0,0.1950643229690931,0.0,0,0.0,0.1950643229690931,0.0588235294117647,1,0.0014881743912666,0.2868893966672207,0.0588235294117647,1,0.0014881743912666,0.2868893966672207,0.0,0,0.0,0.1950643229690931,0.0588235294117647,1,0.0014881743912666,0.2868893966672207,2038,19094,4.59009009009009,10.673510003142349,36,551,2.117647058823529,6.533575317604356,54.0,54.0,54.0,1,Amended exploratory
B,hgb_no_observation_features,native_numeric,local_patient,hourly,0.0551796148302918,False,187,444,17,0.1171171171171171,52,0.0887171182936875,0.1507353328701418,0.0588235294117647,1,0.0014881743912666,0.2868893966672207,0.0588235294117647,1,0.0014881743912666,0.2868893966672207,0.0588235294117647,1,0.0014881743912666,0.2868893966672207,0.0588235294117647,1,0.0014881743912666,0.2868893966672207,0.0588235294117647,1,0.0014881743912666,0.2868893966672207,0.1176470588235294,2,0.0145793168403024,0.3644091621012502,882,19094,1.9864864864864864,4.619252121085157,9,551,0.5294117647058824,1.633393829401089,26.0,16.0,36.0,2,Amended exploratory
B,hgb_no_observation_features,native_numeric,local_patient,single,0.0551796148302918,False,187,444,17,0.1171171171171171,52,0.0887171182936875,0.1507353328701418,0.0588235294117647,1,0.0014881743912666,0.2868893966672207,0.0588235294117647,1,0.0014881743912666,0.2868893966672207,0.0588235294117647,1,0.0014881743912666,0.2868893966672207,0.0588235294117647,1,0.0014881743912666,0.2868893966672207,0.0588235294117647,1,0.0014881743912666,0.2868893966672207,0.1176470588235294,2,0.0145793168403024,0.3644091621012502,52,19094,0.1171171171171171,0.2723368597465172,2,551,0.1176470588235294,0.3629764065335753,26.0,16.0,36.0,2,Amended exploratory
B,hgb_no_observation_features,native_numeric,local_patient,silence4,0.0551796148302918,False,187,444,17,0.1171171171171171,52,0.0887171182936875,0.1507353328701418,0.0588235294117647,1,0.0014881743912666,0.2868893966672207,0.0588235294117647,1,0.0014881743912666,0.2868893966672207,0.0588235294117647,1,0.0014881743912666,0.2868893966672207,0.0588235294117647,1,0.0014881743912666,0.2868893966672207,0.0588235294117647,1,0.0014881743912666,0.2868893966672207,0.1176470588235294,2,0.0145793168403024,0.3644091621012502,292,19094,0.6576576576576577,1.5292762124227506,6,551,0.3529411764705882,1.088929219600726,26.0,16.0,36.0,2,Amended exploratory
B,hgb_no_observation_features,native_numeric,local_patient,silence6,0.0551796148302918,False,187,444,17,0.1171171171171171,52,0.0887171182936875,0.1507353328701418,0.0588235294117647,1,0.0014881743912666,0.2868893966672207,0.0588235294117647,1,0.0014881743912666,0.2868893966672207,0.0588235294117647,1,0.0014881743912666,0.2868893966672207,0.0588235294117647,1,0.0014881743912666,0.2868893966672207,0.0588235294117647,1,0.0014881743912666,0.2868893966672207,0.1176470588235294,2,0.0145793168403024,0.3644091621012502,220,19094,0.4954954954954955,1.1521944066198806,5,551,0.2941176470588235,0.9074410163339384,26.0,16.0,36.0,2,Amended exploratory
B,hgb_no_observation_features,native_numeric,local_patient,three_of_five,0.0377425575931233,False,187,444,17,0.1171171171171171,52,0.0887171182936875,0.1507353328701418,0.0,0,0.0,0.1950643229690931,0.0,0,0.0,0.1950643229690931,0.0588235294117647,1,0.0014881743912666,0.2868893966672207,0.0588235294117647,1,0.0014881743912666,0.2868893966672207,0.0,0,0.0,0.1950643229690931,0.0588235294117647,1,0.0014881743912666,0.2868893966672207,1347,19094,3.033783783783784,7.05457211689536,27,551,1.588235294117647,4.900181488203267,49.0,49.0,49.0,1,Amended exploratory
B,hgb_no_observation_features,mask_ambiguous_units,source_hourly,hourly,0.0110760222106053,False,187,444,17,0.3400900900900901,151,0.296092398555479,0.3862352266188043,0.5294117647058824,9,0.2781183003311065,0.7701673127340096,0.2941176470588235,5,0.10313551437032,0.5595827187543372,0.2352941176470588,4,0.0681077404373566,0.4989932732045801,0.5294117647058824,9,0.2781183003311065,0.7701673127340096,0.3529411764705882,6,0.1420974831102209,0.6167163365565971,0.5294117647058824,9,0.2781183003311065,0.7701673127340096,4381,19094,9.867117117117116,22.94438043364408,119,551,7.0,21.59709618874773,6.0,5.0,14.0,9,Amended exploratory
B,hgb_no_observation_features,mask_ambiguous_units,source_hourly,single,0.0110760222106053,False,187,444,17,0.3400900900900901,151,0.296092398555479,0.3862352266188043,0.2941176470588235,5,0.10313551437032,0.5595827187543372,0.2941176470588235,5,0.10313551437032,0.5595827187543372,0.2352941176470588,4,0.0681077404373566,0.4989932732045801,0.3529411764705882,6,0.1420974831102209,0.6167163365565971,0.3529411764705882,6,0.1420974831102209,0.6167163365565971,0.5294117647058824,9,0.2781183003311065,0.7701673127340096,151,19094,0.3400900900900901,0.7908243427254635,9,551,0.5294117647058824,1.633393829401089,6.0,5.0,14.0,9,Amended exploratory
B,hgb_no_observation_features,mask_ambiguous_units,source_hourly,silence4,0.0110760222106053,False,187,444,17,0.3400900900900901,151,0.296092398555479,0.3862352266188043,0.5294117647058824,9,0.2781183003311065,0.7701673127340096,0.2941176470588235,5,0.10313551437032,0.5595827187543372,0.2352941176470588,4,0.0681077404373566,0.4989932732045801,0.5294117647058824,9,0.2781183003311065,0.7701673127340096,0.3529411764705882,6,0.1420974831102209,0.6167163365565971,0.5294117647058824,9,0.2781183003311065,0.7701673127340096,1272,19094,2.864864864864865,6.661778569184037,37,551,2.176470588235294,6.715063520871143,6.0,5.0,14.0,9,Amended exploratory
B,hgb_no_observation_features,mask_ambiguous_units,source_hourly,silence6,0.0110760222106053,False,187,444,17,0.3400900900900901,151,0.296092398555479,0.3862352266188043,0.5294117647058824,9,0.2781183003311065,0.7701673127340096,0.2941176470588235,5,0.10313551437032,0.5595827187543372,0.2352941176470588,4,0.0681077404373566,0.4989932732045801,0.5294117647058824,9,0.2781183003311065,0.7701673127340096,0.3529411764705882,6,0.1420974831102209,0.6167163365565971,0.5294117647058824,9,0.2781183003311065,0.7701673127340096,903,19094,2.033783783783784,4.729234314444328,28,551,1.6470588235294117,5.081669691470054,6.0,5.0,14.0,9,Amended exploratory
B,hgb_no_observation_features,mask_ambiguous_units,source_hourly,three_of_five,0.0110760222106053,False,187,444,17,0.268018018018018,119,0.2273567803674024,0.3118014277556952,0.2941176470588235,5,0.10313551437032,0.5595827187543372,0.0588235294117647,1,0.0014881743912666,0.2868893966672207,0.2352941176470588,4,0.0681077404373566,0.4989932732045801,0.2941176470588235,5,0.10313551437032,0.5595827187543372,0.1764705882352941,3,0.037985068070626,0.4343178728442839,0.2941176470588235,5,0.10313551437032,0.5595827187543372,4177,19094,9.407657657657658,21.87598198386928,97,551,5.705882352941177,17.604355716878402,12.0,8.0,62.0,5,Amended exploratory
B,hgb_no_observation_features,mask_ambiguous_units,source_patient,hourly,0.0267247098859803,False,187,444,17,0.1914414414414414,85,0.1558789825672331,0.2311742799490008,0.1176470588235294,2,0.0145793168403024,0.3644091621012502,0.1176470588235294,2,0.0145793168403024,0.3644091621012502,0.0588235294117647,1,0.0014881743912666,0.2868893966672207,0.1764705882352941,3,0.037985068070626,0.4343178728442839,0.1176470588235294,2,0.0145793168403024,0.3644091621012502,0.1764705882352941,3,0.037985068070626,0.4343178728442839,1901,19094,4.281531531531532,9.956007122656333,37,551,2.176470588235294,6.715063520871143,6.0,6.0,32.5,3,Amended exploratory
B,hgb_no_observation_features,mask_ambiguous_units,source_patient,single,0.0267247098859803,False,187,444,17,0.1914414414414414,85,0.1558789825672331,0.2311742799490008,0.1176470588235294,2,0.0145793168403024,0.3644091621012502,0.1176470588235294,2,0.0145793168403024,0.3644091621012502,0.0588235294117647,1,0.0014881743912666,0.2868893966672207,0.1176470588235294,2,0.0145793168403024,0.3644091621012502,0.1176470588235294,2,0.0145793168403024,0.3644091621012502,0.1764705882352941,3,0.037985068070626,0.4343178728442839,85,19094,0.1914414414414414,0.4451660207394993,3,551,0.1764705882352941,0.5444646098003629,6.0,6.0,32.5,3,Amended exploratory
B,hgb_no_observation_features,mask_ambiguous_units,source_patient,silence4,0.0267247098859803,False,187,444,17,0.1914414414414414,85,0.1558789825672331,0.2311742799490008,0.1176470588235294,2,0.0145793168403024,0.3644091621012502,0.1176470588235294,2,0.0145793168403024,0.3644091621012502,0.0588235294117647,1,0.0014881743912666,0.2868893966672207,0.1176470588235294,2,0.0145793168403024,0.3644091621012502,0.1176470588235294,2,0.0145793168403024,0.3644091621012502,0.1764705882352941,3,0.037985068070626,0.4343178728442839,590,19094,1.3288288288288288,3.089975908662407,13,551,0.7647058823529411,2.3593466424682394,6.0,6.0,32.5,3,Amended exploratory
B,hgb_no_observation_features,mask_ambiguous_units,source_patient,silence6,0.0267247098859803,False,187,444,17,0.1914414414414414,85,0.1558789825672331,0.2311742799490008,0.1176470588235294,2,0.0145793168403024,0.3644091621012502,0.1176470588235294,2,0.0145793168403024,0.3644091621012502,0.0588235294117647,1,0.0014881743912666,0.2868893966672207,0.1176470588235294,2,0.0145793168403024,0.3644091621012502,0.1176470588235294,2,0.0145793168403024,0.3644091621012502,0.1764705882352941,3,0.037985068070626,0.4343178728442839,438,19094,0.9864864864864864,2.2939143186341258,10,551,0.5882352941176471,1.8148820326678765,6.0,6.0,32.5,3,Amended exploratory
B,hgb_no_observation_features,mask_ambiguous_units,source_patient,three_of_five,0.0267247098859803,False,187,444,17,0.1441441441441441,64,0.1128107249810804,0.1803088836793328,0.0588235294117647,1,0.0014881743912666,0.2868893966672207,0.0588235294117647,1,0.0014881743912666,0.2868893966672207,0.0588235294117647,1,0.0014881743912666,0.2868893966672207,0.1176470588235294,2,0.0145793168403024,0.3644091621012502,0.0588235294117647,1,0.0014881743912666,0.2868893966672207,0.1176470588235294,2,0.0145793168403024,0.3644091621012502,1751,19094,3.9436936936936937,9.170420027233686,40,551,2.3529411764705883,7.259528130671506,30.5,17.25,43.75,2,Amended exploratory
B,hgb_no_observation_features,mask_ambiguous_units,local_patient,hourly,0.0489325552799287,False,187,444,17,0.1148648648648648,51,0.0867305178644184,0.1482501311811185,0.1176470588235294,2,0.0145793168403024,0.3644091621012502,0.1176470588235294,2,0.0145793168403024,0.3644091621012502,0.0588235294117647,1,0.0014881743912666,0.2868893966672207,0.1176470588235294,2,0.0145793168403024,0.3644091621012502,0.1176470588235294,2,0.0145793168403024,0.3644091621012502,0.1764705882352941,3,0.037985068070626,0.4343178728442839,888,19094,2.0,4.650675604902063,13,551,0.7647058823529411,2.3593466424682394,6.0,6.0,27.5,3,Amended exploratory
B,hgb_no_observation_features,mask_ambiguous_units,local_patient,single,0.0489325552799287,False,187,444,17,0.1148648648648648,51,0.0867305178644184,0.1482501311811185,0.1176470588235294,2,0.0145793168403024,0.3644091621012502,0.1176470588235294,2,0.0145793168403024,0.3644091621012502,0.0588235294117647,1,0.0014881743912666,0.2868893966672207,0.1176470588235294,2,0.0145793168403024,0.3644091621012502,0.1176470588235294,2,0.0145793168403024,0.3644091621012502,0.1764705882352941,3,0.037985068070626,0.4343178728442839,51,19094,0.1148648648648648,0.2670996124436996,3,551,0.1764705882352941,0.5444646098003629,6.0,6.0,27.5,3,Amended exploratory
B,hgb_no_observation_features,mask_ambiguous_units,local_patient,silence4,0.0489325552799287,False,187,444,17,0.1148648648648648,51,0.0867305178644184,0.1482501311811185,0.1176470588235294,2,0.0145793168403024,0.3644091621012502,0.1176470588235294,2,0.0145793168403024,0.3644091621012502,0.0588235294117647,1,0.0014881743912666,0.2868893966672207,0.1176470588235294,2,0.0145793168403024,0.3644091621012502,0.1176470588235294,2,0.0145793168403024,0.3644091621012502,0.1764705882352941,3,0.037985068070626,0.4343178728442839,289,19094,0.6509009009009009,1.5135644705142977,7,551,0.4117647058823529,1.2704174228675136,6.0,6.0,27.5,3,Amended exploratory
B,hgb_no_observation_features,mask_ambiguous_units,local_patient,silence6,0.0489325552799287,False,187,444,17,0.1148648648648648,51,0.0867305178644184,0.1482501311811185,0.1176470588235294,2,0.0145793168403024,0.3644091621012502,0.1176470588235294,2,0.0145793168403024,0.3644091621012502,0.0588235294117647,1,0.0014881743912666,0.2868893966672207,0.1176470588235294,2,0.0145793168403024,0.3644091621012502,0.1176470588235294,2,0.0145793168403024,0.3644091621012502,0.1764705882352941,3,0.037985068070626,0.4343178728442839,215,19094,0.4842342342342342,1.1260081701057925,7,551,0.4117647058823529,1.2704174228675136,6.0,6.0,27.5,3,Amended exploratory
B,hgb_no_observation_features,mask_ambiguous_units,local_patient,three_of_five,0.0292681614508729,False,187,444,17,0.1396396396396396,62,0.1087651029476916,0.175409374039537,0.0588235294117647,1,0.0014881743912666,0.2868893966672207,0.0588235294117647,1,0.0014881743912666,0.2868893966672207,0.0588235294117647,1,0.0014881743912666,0.2868893966672207,0.1176470588235294,2,0.0145793168403024,0.3644091621012502,0.0588235294117647,1,0.0014881743912666,0.2868893966672207,0.1176470588235294,2,0.0145793168403024,0.3644091621012502,1581,19094,3.560810810810811,8.280087985754687,31,551,1.8235294117647056,5.626134301270417,26.5,15.25,37.75,2,Amended exploratory
